ISO-10303-21;
HEADER;
FILE_DESCRIPTION (( 'STEP AP214' ),
    '1' );
FILE_NAME ('1_Sports.STEP',
    '2026-09-01T21:48:44',
    ( '' ),
    ( '' ),
    'SwSTEP 2.0',
    'SolidWorks 2026',
    '' );
FILE_SCHEMA (( 'AUTOMOTIVE_DESIGN' ));
ENDSEC;

DATA;
#1 = FILL_AREA_STYLE ('',( #6087 ) ) ;
#2 = CARTESIAN_POINT ( 'NONE',  ( 107.1235726575737317, 13.00000000000000178, 35.85059838488267303 ) ) ;
#3 = CARTESIAN_POINT ( 'NONE',  ( 75.45288849755934280, 9.999999999999998224, 28.78483346611379545 ) ) ;
#4 = ORIENTED_EDGE ( 'NONE', *, *, #3592, .T. ) ;
#5 = EDGE_CURVE ( 'NONE', #1385, #1876, #5897, .T. ) ;
#6 = CARTESIAN_POINT ( 'NONE',  ( 105.0060470861504882, 13.00000000000000178, 43.79262843456552190 ) ) ;
#7 = CARTESIAN_POINT ( 'NONE',  ( 120.0090123183764774, 13.00000000000000178, 56.04513576709344136 ) ) ;
#8 = CARTESIAN_POINT ( 'NONE',  ( 165.5772129150406897, 10.00000000000000000, 31.62486011867594726 ) ) ;
#9 = CARTESIAN_POINT ( 'NONE',  ( 222.6847691398887434, 9.999999999999992895, 34.42791145911768069 ) ) ;
#10 = ORIENTED_EDGE ( 'NONE', *, *, #1638, .T. ) ;
#11 = CARTESIAN_POINT ( 'NONE',  ( 3.535533905932737309, 0.000000000000000000, 3.535533905932737309 ) ) ;
#12 = CARTESIAN_POINT ( 'NONE',  ( 82.26924706816106436, 10.00000000000000000, 34.01952715252078718 ) ) ;
#13 = ORIENTED_EDGE ( 'NONE', *, *, #990, .F. ) ;
#14 = EDGE_CURVE ( 'NONE', #3084, #3149, #5002, .T. ) ;
#15 = CARTESIAN_POINT ( 'NONE',  ( 107.6843844399388814, 10.00000000000000000, 29.75320977652484444 ) ) ;
#16 = CARTESIAN_POINT ( 'NONE',  ( 235.2530135398697553, 13.00000000000000178, 32.09621362093136554 ) ) ;
#17 = CARTESIAN_POINT ( 'NONE',  ( 74.33556083709041218, 13.00000000000000178, 33.27135606283982838 ) ) ;
#18 = CARTESIAN_POINT ( 'NONE',  ( 123.3398020665662784, 10.00000000000000178, 31.06795327730089085 ) ) ;
#19 = DIRECTION ( 'NONE',  ( -0.000000000000000000, -1.000000000000000000, -0.000000000000000000 ) ) ;
#20 = ORIENTED_EDGE ( 'NONE', *, *, #4306, .F. ) ;
#21 = CARTESIAN_POINT ( 'NONE',  ( 123.4398610837451713, 13.00000000000000178, 59.46775093999144701 ) ) ;
#22 = CARTESIAN_POINT ( 'NONE',  ( 151.1873790801220139, 12.99999999999999822, 58.18890744036980323 ) ) ;
#23 = CARTESIAN_POINT ( 'NONE',  ( 152.5963581442811119, 10.00000000000000000, 27.43892231544241511 ) ) ;
#24 = CARTESIAN_POINT ( 'NONE',  ( 187.4855932220071963, 10.00000000000000000, 26.68178676790540393 ) ) ;
#25 = CARTESIAN_POINT ( 'NONE',  ( 76.55309397769059387, 10.00000000000000000, 29.83610475086959113 ) ) ;
#26 = VERTEX_POINT ( 'NONE', #4629 ) ;
#27 = DIRECTION ( 'NONE',  ( 0.000000000000000000, 0.000000000000000000, 1.000000000000000000 ) ) ;
#28 = CARTESIAN_POINT ( 'NONE',  ( 74.24765569782037744, 10.00000000000000355, 59.46018568414470451 ) ) ;
#29 = CIRCLE ( 'NONE', #419, 1.500000000000001332 ) ;
#30 = VECTOR ( 'NONE', #4774, 1000.000000000000000 ) ;
#31 = CARTESIAN_POINT ( 'NONE',  ( 235.6890334236595663, 10.00000000000000000, 49.14058900455665935 ) ) ;
#32 = VERTEX_POINT ( 'NONE', #393 ) ;
#33 = CARTESIAN_POINT ( 'NONE',  ( 107.9073817314687034, 12.99999999999999822, 34.82732655324060289 ) ) ;
#34 = DIRECTION ( 'NONE',  ( 0.000000000000000000, 0.000000000000000000, 1.000000000000000000 ) ) ;
#35 = DIRECTION ( 'NONE',  ( 0.000000000000000000, 0.000000000000000000, -1.000000000000000000 ) ) ;
#36 = AXIS2_PLACEMENT_3D ( 'NONE', #4167, #1390, #5095 ) ;
#37 = CARTESIAN_POINT ( 'NONE',  ( 105.0060470861504882, 10.00000000000000000, 43.79262843456552190 ) ) ;
#38 = CARTESIAN_POINT ( 'NONE',  ( 131.1107304725655922, 10.00000000000000000, 46.41837476286637809 ) ) ;
#39 = CARTESIAN_POINT ( 'NONE',  ( 164.4537739951128117, 10.00000000000000178, 31.07603702560156833 ) ) ;
#40 = CARTESIAN_POINT ( 'NONE',  ( 229.2724960166427195, 9.999999999999996447, 26.24576793669089270 ) ) ;
#41 = ORIENTED_EDGE ( 'NONE', *, *, #5064, .T. ) ;
#42 = CARTESIAN_POINT ( 'NONE',  ( 146.5447139214968786, 13.00000000000000178, 43.81666516655437249 ) ) ;
#43 = EDGE_CURVE ( 'NONE', #138, #5097, #5594, .T. ) ;
#44 = LINE ( 'NONE', #1374, #3174 ) ;
#45 = CARTESIAN_POINT ( 'NONE',  ( 167.8316809961842182, 10.00000000000000355, 58.18893022170470175 ) ) ;
#46 = CARTESIAN_POINT ( 'NONE',  ( 73.67732284541293097, 12.99999999999999467, 21.48734802198967486 ) ) ;
#47 = FACE_OUTER_BOUND ( 'NONE', #2919, .T. ) ;
#48 = DIRECTION ( 'NONE',  ( -0.000000000000000000, 1.000000000000000000, -0.000000000000000000 ) ) ;
#49 = LINE ( 'NONE', #5230, #5765 ) ;
#50 = EDGE_LOOP ( 'NONE', ( #5173, #4750, #1774, #323 ) ) ;
#51 = CARTESIAN_POINT ( 'NONE',  ( 71.87371182204945796, 10.00000000000000000, 30.93527175088257053 ) ) ;
#52 = ADVANCED_FACE ( 'NONE', ( #6015 ), #3672, .F. ) ;
#53 = CARTESIAN_POINT ( 'NONE',  ( 74.69132145765084374, 13.00000000000000178, 54.23396220848658800 ) ) ;
#54 = CARTESIAN_POINT ( 'NONE',  ( 127.9142333418047173, 13.00000000000000178, 57.35896712517620699 ) ) ;
#55 = VECTOR ( 'NONE', #2153, 1000.000000000000000 ) ;
#56 = CARTESIAN_POINT ( 'NONE',  ( 91.42764200789909523, 12.99999999999999822, 54.21263149087095456 ) ) ;
#57 = CARTESIAN_POINT ( 'NONE',  ( 88.22253416289635197, 10.00000000000000000, 51.35217458101564603 ) ) ;
#58 = CARTESIAN_POINT ( 'NONE',  ( 77.54590614301413609, 9.999999999999998224, 30.59975543151405475 ) ) ;
#59 = VERTEX_POINT ( 'NONE', #3302 ) ;
#60 = CARTESIAN_POINT ( 'NONE',  ( 81.09538595294414165, 10.00000000000000000, 33.18697064274930852 ) ) ;
#61 = CARTESIAN_POINT ( 'NONE',  ( 68.50704420007897966, 10.00000000000000000, 54.42613059186302849 ) ) ;
#62 = VECTOR ( 'NONE', #2311, 1000.000000000000000 ) ;
#63 = CARTESIAN_POINT ( 'NONE',  ( 235.9055897780033035, 10.00000000000000000, 49.96023624655256157 ) ) ;
#64 = EDGE_LOOP ( 'NONE', ( #3991, #5842 ) ) ;
#65 = CARTESIAN_POINT ( 'NONE',  ( 114.2871554695048815, 13.00000000000000178, 30.63977103548968017 ) ) ;
#66 = DIRECTION ( 'NONE',  ( 0.000000000000000000, 1.000000000000000000, 0.000000000000000000 ) ) ;
#67 = CARTESIAN_POINT ( 'NONE',  ( 234.7352125738748327, 10.00000000000000000, 47.56020917210800292 ) ) ;
#68 = CARTESIAN_POINT ( 'NONE',  ( 146.6336520370211645, 10.00000000000000000, 31.96416127125107565 ) ) ;
#69 = CARTESIAN_POINT ( 'NONE',  ( 223.2458057566078935, 10.00000000000000178, 31.33124175439118986 ) ) ;
#70 = CARTESIAN_POINT ( 'NONE',  ( 124.8539557345317519, 12.99999999999999822, 54.41044302797671861 ) ) ;
#71 = CARTESIAN_POINT ( 'NONE',  ( 142.4855932220072532, 10.00000000000000000, 43.21423869098233439 ) ) ;
#72 = B_SPLINE_CURVE_WITH_KNOTS ( 'NONE', 3,
 ( #4292, #1951, #4357, #3842, #5709, #3366, #3398, #2936, #5281, #1054, #4821, #3238, #2620, #4504, #5239 ),
 .UNSPECIFIED., .F., .F.,
 ( 4, 1, 1, 1, 1, 1, 1, 1, 1, 1, 1, 1, 4 ),
 ( 0.000000000000000000, 0.1072327993600886709, 0.2132518127818491260, 0.3188304473075869727, 0.4267935306342755530, 0.4836459507827186588, 0.5436038220211423244, 0.6083076495640835635, 0.6771267602600407054, 0.7506856360204962053, 0.8287134184432877193, 0.9121903482234531291, 1.000000000000000000 ),
 .UNSPECIFIED. ) ;
#73 = CARTESIAN_POINT ( 'NONE',  ( 222.7199178619933946, 10.00000000000000000, 36.10516794586327904 ) ) ;
#74 = VERTEX_POINT ( 'NONE', #4105 ) ;
#75 = CARTESIAN_POINT ( 'NONE',  ( 220.9471316835456491, 10.00000000000000000, 55.69020022944386028 ) ) ;
#76 = DIRECTION ( 'NONE',  ( 0.000000000000000000, 1.000000000000000000, 0.000000000000000000 ) ) ;
#77 = ADVANCED_FACE ( 'NONE', ( #1353 ), #5145, .T. ) ;
#78 = CARTESIAN_POINT ( 'NONE',  ( 228.5967030310023347, 13.00000000000000178, 30.87248259664718120 ) ) ;
#79 = DIRECTION ( 'NONE',  ( -0.000000000000000000, -1.000000000000000000, -0.000000000000000000 ) ) ;
#80 = CARTESIAN_POINT ( 'NONE',  ( 229.8533816835456491, 13.00000000000000178, 44.28695503713617398 ) ) ;
#81 = CARTESIAN_POINT ( 'NONE',  ( 176.4813861678022704, 9.999999999999996447, 41.56782535929008304 ) ) ;
#82 = EDGE_LOOP ( 'NONE', ( #2699, #3028, #3424, #1971 ) ) ;
#83 = CARTESIAN_POINT ( 'NONE',  ( 231.6944091315541243, 13.00000000000000533, 30.17619203732206046 ) ) ;
#84 = CARTESIAN_POINT ( 'NONE',  ( 152.5963581442811119, 13.00000000000000178, 27.43892231544241511 ) ) ;
#85 = EDGE_CURVE ( 'NONE', #5423, #651, #2743, .T. ) ;
#86 = CARTESIAN_POINT ( 'NONE',  ( 84.52433679699876734, 12.99999999999999822, 55.08062608066826726 ) ) ;
#87 = CARTESIAN_POINT ( 'NONE',  ( 131.5240547604687436, 13.00000000000000178, 43.07902234482848058 ) ) ;
#88 = CARTESIAN_POINT ( 'NONE',  ( 80.01330910220922021, 10.00000000000000178, 32.40801474123223613 ) ) ;
#89 = VERTEX_POINT ( 'NONE', #1412 ) ;
#90 = DIRECTION ( 'NONE',  ( 0.000000000000000000, 1.000000000000000000, 0.000000000000000000 ) ) ;
#91 = CARTESIAN_POINT ( 'NONE',  ( 124.9060734392853362, 10.00000000000000178, 27.32629751226458126 ) ) ;
#92 = EDGE_CURVE ( 'NONE', #3006, #2970, #3762, .T. ) ;
#93 = CARTESIAN_POINT ( 'NONE',  ( 0.000000000000000000, 0.000000000000000000, 0.000000000000000000 ) ) ;
#94 = VERTEX_POINT ( 'NONE', #5176 ) ;
#95 = DIRECTION ( 'NONE',  ( 0.000000000000000000, 1.000000000000000000, 0.000000000000000000 ) ) ;
#96 = CARTESIAN_POINT ( 'NONE',  ( 233.2507180194606349, 10.00000000000000000, 59.77400098194241451 ) ) ;
#97 = CARTESIAN_POINT ( 'NONE',  ( 172.4855932220072248, 13.00000000000000178, 43.24128196021309378 ) ) ;
#98 = ORIENTED_EDGE ( 'NONE', *, *, #4020, .F. ) ;
#99 = CARTESIAN_POINT ( 'NONE',  ( 105.0461179383047892, 13.00000000000000178, 44.96106296429611149 ) ) ;
#100 = CARTESIAN_POINT ( 'NONE',  ( 130.5201988163315150, 10.00000000000000000, 48.03042118759576340 ) ) ;
#101 = CARTESIAN_POINT ( 'NONE',  ( 105.0222181925372382, 12.99999999999999822, 41.84757497273758986 ) ) ;
#102 = CARTESIAN_POINT ( 'NONE',  ( 222.7199178619933946, 13.00000000000000178, 36.10516794586327904 ) ) ;
#103 = VERTEX_POINT ( 'NONE', #3232 ) ;
#104 = CARTESIAN_POINT ( 'NONE',  ( 223.8891005106781051, 9.999999999999998224, 58.34162281984364284 ) ) ;
#105 = AXIS2_PLACEMENT_3D ( 'NONE', #1279, #3159, #5596 ) ;
#106 = ORIENTED_EDGE ( 'NONE', *, *, #469, .F. ) ;
#107 = CARTESIAN_POINT ( 'NONE',  ( 159.5228528373918095, 10.00000000000000000, 60.14332522944386739 ) ) ;
#108 = CARTESIAN_POINT ( 'NONE',  ( 69.55203519027782022, 13.00000000000000178, 26.61253197144581151 ) ) ;
#109 = CARTESIAN_POINT ( 'NONE',  ( 148.0056551857899763, 9.999999999999996447, 37.06099428039627952 ) ) ;
#110 = CARTESIAN_POINT ( 'NONE',  ( 105.4415567151510515, 10.00000000000000000, 54.12507749834849591 ) ) ;
#111 = CARTESIAN_POINT ( 'NONE',  ( 176.5240547604687436, 13.00000000000000178, 43.21423869098233439 ) ) ;
#112 = ORIENTED_EDGE ( 'NONE', *, *, #1140, .F. ) ;
#113 = CARTESIAN_POINT ( 'NONE',  ( 117.6047173227579776, 13.00000000000000178, 26.12336533653609294 ) ) ;
#114 = CARTESIAN_POINT ( 'NONE',  ( 3.535533905932737309, 10.00000000000000000, 3.535533905932737309 ) ) ;
#115 = CARTESIAN_POINT ( 'NONE',  ( 120.1279199154748198, 10.00000000000000000, 60.09585189317859033 ) ) ;
#116 = CARTESIAN_POINT ( 'NONE',  ( 82.34388828275680794, 9.999999999999998224, 55.86276542895046759 ) ) ;
#117 = CARTESIAN_POINT ( 'NONE',  ( 230.3491749527764227, 13.00000000000000178, 60.14332522944386739 ) ) ;
#118 = ORIENTED_EDGE ( 'NONE', *, *, #5177, .T. ) ;
#119 = CARTESIAN_POINT ( 'NONE',  ( 88.83174706816106436, 13.00000000000000178, 48.47866176790540038 ) ) ;
#120 = CARTESIAN_POINT ( 'NONE',  ( 66.56850083524243189, 13.00000000000000178, 51.31429544059730574 ) ) ;
#121 = ORIENTED_EDGE ( 'NONE', *, *, #578, .F. ) ;
#122 = EDGE_CURVE ( 'NONE', #89, #3243, #5602, .T. ) ;
#123 = CARTESIAN_POINT ( 'NONE',  ( 124.9060734392853362, 10.00000000000000178, 27.32629751226458126 ) ) ;
#124 = EDGE_LOOP ( 'NONE', ( #4576, #769, #20, #2171 ) ) ;
#125 = CARTESIAN_POINT ( 'NONE',  ( 235.5494306540175558, 9.999999999999996447, 52.83335571183378221 ) ) ;
#126 = FACE_BOUND ( 'NONE', #5733, .T. ) ;
#127 = CARTESIAN_POINT ( 'NONE',  ( 296.4644660940673475, 10.00000000000000000, 3.535533905932737309 ) ) ;
#128 = EDGE_CURVE ( 'NONE', #2843, #1670, #3033, .T. ) ;
#129 = ADVANCED_FACE ( 'NONE', ( #5118 ), #2327, .T. ) ;
#130 = DIRECTION ( 'NONE',  ( -0.000000000000000000, -1.000000000000000000, -0.000000000000000000 ) ) ;
#131 = CARTESIAN_POINT ( 'NONE',  ( 170.3318041558571565, 9.999999999999996447, 35.97767422549586058 ) ) ;
#132 = CYLINDRICAL_SURFACE ( 'NONE', #5952, 1.500000000000001332 ) ;
#133 = AXIS2_PLACEMENT_3D ( 'NONE', #2516, #3348, #639 ) ;
#134 = CARTESIAN_POINT ( 'NONE',  ( 129.7451541670604627, 10.00000000000000178, 36.58109020984875315 ) ) ;
#135 = ORIENTED_EDGE ( 'NONE', *, *, #4885, .T. ) ;
#136 = CARTESIAN_POINT ( 'NONE',  ( 157.7754135430708402, 10.00000000000000000, 56.05505300328702845 ) ) ;
#137 = CARTESIAN_POINT ( 'NONE',  ( 161.2341349686405749, 13.00000000000000178, 56.05476278518530364 ) ) ;
#138 = VERTEX_POINT ( 'NONE', #4808 ) ;
#139 = VECTOR ( 'NONE', #3737, 1000.000000000000000 ) ;
#140 = CARTESIAN_POINT ( 'NONE',  ( 164.7496844805300498, 10.00000000000000000, 59.46366599789992335 ) ) ;
#141 = CARTESIAN_POINT ( 'NONE',  ( 266.6666666666666856, 20.00000000000000000, 94.93724644492831999 ) ) ;
#142 = CARTESIAN_POINT ( 'NONE',  ( 3.505202749622875924, 10.00000000000000000, 85.13552925583975650 ) ) ;
#143 = CARTESIAN_POINT ( 'NONE',  ( 191.0969274896364425, 10.00000000000000355, 31.73557933950692345 ) ) ;
#144 = CARTESIAN_POINT ( 'NONE',  ( 73.25987847654393192, 12.99999999999999822, 23.96614643705199299 ) ) ;
#145 = ORIENTED_EDGE ( 'NONE', *, *, #1222, .T. ) ;
#146 = CARTESIAN_POINT ( 'NONE',  ( 234.7352125738748327, 13.00000000000000178, 47.56020917210800292 ) ) ;
#147 = CARTESIAN_POINT ( 'NONE',  ( 201.3317470681610644, 10.00000000000000000, 30.72024830636694048 ) ) ;
#148 = CARTESIAN_POINT ( 'NONE',  ( 155.9122422933567123, 10.00000000000000000, 26.41801332176901340 ) ) ;
#149 = CARTESIAN_POINT ( 'NONE',  ( 88.78615456093409364, 10.00000000000000000, 49.45774504307920694 ) ) ;
#150 = CARTESIAN_POINT ( 'NONE',  ( 234.9798810186810840, 12.99999999999999822, 59.07542608379440452 ) ) ;
#151 = VERTEX_POINT ( 'NONE', #4375 ) ;
#152 = CARTESIAN_POINT ( 'NONE',  ( 84.53023426706349142, 12.99999999999999822, 19.47824170947943045 ) ) ;
#153 = CARTESIAN_POINT ( 'NONE',  ( 238.4531412989302908, 10.00000000000000355, 45.55798869098232018 ) ) ;
#154 = EDGE_LOOP ( 'NONE', ( #3259, #5478, #4036, #4485 ) ) ;
#155 = VECTOR ( 'NONE', #2846, 1000.000000000000000 ) ;
#156 = EDGE_CURVE ( 'NONE', #4404, #5467, #1048, .T. ) ;
#157 = CARTESIAN_POINT ( 'NONE',  ( 121.7079435285519935, 10.00000000000000000, 26.38105826915124652 ) ) ;
#158 = VERTEX_POINT ( 'NONE', #3352 ) ;
#159 = CARTESIAN_POINT ( 'NONE',  ( 188.3539271037342644, 10.00000000000000355, 30.20981989080710051 ) ) ;
#160 = PLANE ( 'NONE',  #4694 ) ;
#161 = FACE_OUTER_BOUND ( 'NONE', #3095, .T. ) ;
#162 = B_SPLINE_CURVE_WITH_KNOTS ( 'NONE', 3,
 ( #3548, #4903, #3600, #2668, #2581, #5851, #1221, #2637, #4523, #4551, #2550 ),
 .UNSPECIFIED., .F., .F.,
 ( 4, 1, 1, 1, 1, 1, 1, 1, 4 ),
 ( 0.000000000000000000, 0.1340420464623716390, 0.2618956736507335181, 0.3878360446911197634, 0.5176862058208263617, 0.6445086536782135278, 0.7647182630567264106, 0.8802907821585005399, 1.000000000000000000 ),
 .UNSPECIFIED. ) ;
#163 = CARTESIAN_POINT ( 'NONE',  ( 116.5562146297452273, 9.999999999999996447, 56.04207646892162131 ) ) ;
#164 = CARTESIAN_POINT ( 'NONE',  ( 167.4463353356110815, 9.999999999999996447, 53.57645714846763241 ) ) ;
#165 = EDGE_CURVE ( 'NONE', #4073, #4697, #3328, .T. ) ;
#166 = CARTESIAN_POINT ( 'NONE',  ( 235.9471316835457060, 13.00000000000000178, 50.81339734482848769 ) ) ;
#167 = CARTESIAN_POINT ( 'NONE',  ( 70.62480579594607377, 9.999999999999996447, 29.16536987100222333 ) ) ;
#168 = B_SPLINE_SURFACE_WITH_KNOTS ( 'NONE', 3, 1, ( 
 ( #1879, #2343 ),
 ( #1355, #2806 ),
 ( #2314, #1911 ),
 ( #488, #1448 ),
 ( #5207, #981 ),
 ( #1969, #551 ),
 ( #56, #4192 ),
 ( #1939, #6081 ),
 ( #1384, #5572 ),
 ( #5698, #3353 ),
 ( #5234, #1008 ),
 ( #3233, #5119 ),
 ( #2776, #424 ),
 ( #1852, #5146 ),
 ( #923, #458 ),
 ( #4220, #6111 ),
 ( #3763, #1042 ),
 ( #644, #1779 ),
 ( #3314, #1520 ) ),
 .UNSPECIFIED., .F., .F., .F.,
 ( 4, 1, 1, 1, 1, 1, 1, 1, 1, 1, 1, 1, 1, 1, 1, 1, 4 ),
 ( 2, 2 ),
 ( 0.000000000000000000, 0.06148425519689049851, 0.1217745277022104916, 0.1809195598139318462, 0.2402561150782711041, 0.3001144444023516877, 0.3611459476126115953, 0.4235005824125857576, 0.4886693612807189169, 0.5539541046535622071, 0.6175812610152621174, 0.6802384268167395165, 0.7421873887724534935, 0.8046632117692932296, 0.8682589893126627656, 0.9330202571803756229, 1.000000000000000000 ),
 ( 0.000000000000000000, 1.000000000000000000 ),
 .UNSPECIFIED. ) ;
#169 = CARTESIAN_POINT ( 'NONE',  ( 80.30410283739183797, 10.00000000000000355, 13.41255599867463566 ) ) ;
#170 = CARTESIAN_POINT ( 'NONE',  ( 129.2755153496274261, 13.00000000000000178, 56.34019194442239353 ) ) ;
#171 = ORIENTED_EDGE ( 'NONE', *, *, #6090, .T. ) ;
#172 = CIRCLE ( 'NONE', #4800, 1.500000000000001332 ) ;
#173 = PLANE ( 'NONE',  #226 ) ;
#174 = ORIENTED_EDGE ( 'NONE', *, *, #5509, .T. ) ;
#175 = CARTESIAN_POINT ( 'NONE',  ( 226.7591678083176134, 13.00000000000000533, 35.34828180983134871 ) ) ;
#176 = ADVANCED_FACE ( 'NONE', ( #5791 ), #2921, .T. ) ;
#177 = CARTESIAN_POINT ( 'NONE',  ( 207.1009778373918095, 13.00000000000000178, 59.56640215252078718 ) ) ;
#178 = CARTESIAN_POINT ( 'NONE',  ( 266.6666666666666856, 10.00000000000000000, 96.43724644492834841 ) ) ;
#179 = CARTESIAN_POINT ( 'NONE',  ( 194.7422037989302908, 10.00000000000000000, 30.14332522944386383 ) ) ;
#180 = CARTESIAN_POINT ( 'NONE',  ( 1.224646799147353533E-14, 10.00000000000000000, 100.0000000000000000 ) ) ;
#181 = EDGE_LOOP ( 'NONE', ( #5009, #2144, #4817, #2895, #6022, #730, #5449, #632, #1172, #4315, #3522, #3246, #5187, #4457, #4797, #98, #1559 ) ) ;
#182 = CARTESIAN_POINT ( 'NONE',  ( 233.8249396051154463, 12.99999999999999467, 31.00220964855297368 ) ) ;
#183 = CARTESIAN_POINT ( 'NONE',  ( 171.0057343525704709, 13.00000000000000888, 37.05805643051567699 ) ) ;
#184 = CARTESIAN_POINT ( 'NONE',  ( 33.33333333333334991, 20.00000000000000000, 96.43724644492834841 ) ) ;
#185 = CARTESIAN_POINT ( 'NONE',  ( 236.5323163339243422, 13.00000000000000178, 58.03916234152657694 ) ) ;
#186 = ORIENTED_EDGE ( 'NONE', *, *, #732, .T. ) ;
#187 = CARTESIAN_POINT ( 'NONE',  ( 226.7320437303503411, 10.00000000000000178, 34.28228789349729055 ) ) ;
#188 = CARTESIAN_POINT ( 'NONE',  ( 80.45491918369140194, 13.00000000000000178, 60.71091527747433503 ) ) ;
#189 = ORIENTED_EDGE ( 'NONE', *, *, #2127, .T. ) ;
#190 = CARTESIAN_POINT ( 'NONE',  ( 130.5029794218297354, 10.00000000000000000, 31.05500840386931571 ) ) ;
#191 = CARTESIAN_POINT ( 'NONE',  ( 187.4855932220071963, 10.00000000000000000, 31.52253196021309734 ) ) ;
#192 = CARTESIAN_POINT ( 'NONE',  ( 239.8313650982139507, 10.00000000000000000, 52.55011802284695221 ) ) ;
#193 = CARTESIAN_POINT ( 'NONE',  ( 230.9891989912379984, 13.00000000000000178, 30.14332522944386383 ) ) ;
#194 = EDGE_CURVE ( 'NONE', #2186, #3006, #5751, .T. ) ;
#195 = DIRECTION ( 'NONE',  ( 0.000000000000000000, 0.000000000000000000, 1.000000000000000000 ) ) ;
#196 = ORIENTED_EDGE ( 'NONE', *, *, #3093, .F. ) ;
#197 = CARTESIAN_POINT ( 'NONE',  ( 187.4855932220071963, 10.00000000000000000, 48.51471946021309378 ) ) ;
#198 = FACE_OUTER_BOUND ( 'NONE', #748, .T. ) ;
#199 = CARTESIAN_POINT ( 'NONE',  ( 85.04893499155650716, 13.00000000000000178, 36.09699331247904297 ) ) ;
#200 = CARTESIAN_POINT ( 'NONE',  ( 207.1009778373918095, 13.00000000000000178, 13.41255599867463566 ) ) ;
#201 = ORIENTED_EDGE ( 'NONE', *, *, #122, .F. ) ;
#202 = ADVANCED_FACE ( 'NONE', ( #5360 ), #5775, .T. ) ;
#203 = ORIENTED_EDGE ( 'NONE', *, *, #5359, .F. ) ;
#204 = FACE_OUTER_BOUND ( 'NONE', #1797, .T. ) ;
#205 = CARTESIAN_POINT ( 'NONE',  ( 151.1873790801220139, 9.999999999999994671, 58.18890744036980323 ) ) ;
#206 = CARTESIAN_POINT ( 'NONE',  ( 74.27010731524740095, 10.00000000000000533, 20.50019131388360094 ) ) ;
#207 = DIRECTION ( 'NONE',  ( 0.000000000000000000, -0.000000000000000000, 1.000000000000000000 ) ) ;
#208 = PLANE ( 'NONE',  #2320 ) ;
#209 = VERTEX_POINT ( 'NONE', #2583 ) ;
#210 = CARTESIAN_POINT ( 'NONE',  ( 80.01330910220922021, 13.00000000000000178, 32.40801474123223613 ) ) ;
#211 = EDGE_CURVE ( 'NONE', #4121, #3847, #4468, .T. ) ;
#212 = CARTESIAN_POINT ( 'NONE',  ( 196.8065066835456491, 13.00000000000000178, 30.72926272944386383 ) ) ;
#213 = CARTESIAN_POINT ( 'NONE',  ( 69.26634754063431387, 13.00000000000000178, 22.49624381943636919 ) ) ;
#214 = ORIENTED_EDGE ( 'NONE', *, *, #3102, .T. ) ;
#215 = CARTESIAN_POINT ( 'NONE',  ( 230.1444001598086402, 13.00000000000000178, 30.18434042642948967 ) ) ;
#216 = FACE_OUTER_BOUND ( 'NONE', #1415, .T. ) ;
#217 = ORIENTED_EDGE ( 'NONE', *, *, #2383, .F. ) ;
#218 = CARTESIAN_POINT ( 'NONE',  ( 135.5464106026345235, 10.00000000000000000, 42.46227158725938722 ) ) ;
#219 = CARTESIAN_POINT ( 'NONE',  ( 105.9187384745024474, 10.00000000000000178, 38.07649769796326922 ) ) ;
#220 = FACE_OUTER_BOUND ( 'NONE', #4398, .T. ) ;
#221 = CARTESIAN_POINT ( 'NONE',  ( 234.0983865402657784, 10.00000000000000000, 46.94168596089716772 ) ) ;
#222 = CARTESIAN_POINT ( 'NONE',  ( 69.84178657535807133, 12.99999999999999822, 27.47698105705316607 ) ) ;
#223 = CARTESIAN_POINT ( 'NONE',  ( 92.29328552969951716, 10.00000000000000000, 21.02974349867463388 ) ) ;
#224 = LINE ( 'NONE', #1703, #4689 ) ;
#225 = EDGE_LOOP ( 'NONE', ( #3181, #4228, #888, #3876 ) ) ;
#226 = AXIS2_PLACEMENT_3D ( 'NONE', #2541, #3878, #2511 ) ;
#227 = CARTESIAN_POINT ( 'NONE',  ( 83.70333753555127032, 13.00000000000000178, 35.06307742641186564 ) ) ;
#228 = ORIENTED_EDGE ( 'NONE', *, *, #156, .F. ) ;
#229 = CARTESIAN_POINT ( 'NONE',  ( 87.21816533739183797, 10.00000000000000000, 44.06159446021309378 ) ) ;
#230 = AXIS2_PLACEMENT_3D ( 'NONE', #3071, #207, #3126 ) ;
#231 = CARTESIAN_POINT ( 'NONE',  ( 235.9055897780033035, 13.00000000000000178, 49.96023624655256157 ) ) ;
#232 = DIRECTION ( 'NONE',  ( -0.000000000000000000, -1.000000000000000000, -0.000000000000000000 ) ) ;
#233 = CARTESIAN_POINT ( 'NONE',  ( 172.0168432220072248, 10.00000000000000000, 31.52253196021309734 ) ) ;
#234 = EDGE_CURVE ( 'NONE', #4810, #2667, #4038, .T. ) ;
#235 = CARTESIAN_POINT ( 'NONE',  ( 160.0863058775224488, 13.00000000000000178, 56.08801723040462406 ) ) ;
#236 = ORIENTED_EDGE ( 'NONE', *, *, #4232, .T. ) ;
#237 = CARTESIAN_POINT ( 'NONE',  ( 227.9491529603588162, 10.00000000000000000, 43.17286781740748580 ) ) ;
#238 = AXIS2_PLACEMENT_3D ( 'NONE', #3712, #780, #3619 ) ;
#239 = DIRECTION ( 'NONE',  ( 0.000000000000000000, 0.000000000000000000, -1.000000000000000000 ) ) ;
#240 = CARTESIAN_POINT ( 'NONE',  ( 80.30410283739183797, 10.00000000000000355, 13.41255599867463566 ) ) ;
#241 = CARTESIAN_POINT ( 'NONE',  ( 238.4456106653309178, 10.00000000000000178, 55.93958270511452469 ) ) ;
#242 = ADVANCED_FACE ( 'NONE', ( #3980 ), #4350, .T. ) ;
#243 = ADVANCED_FACE ( 'NONE', ( #856 ), #3419, .T. ) ;
#244 = VERTEX_POINT ( 'NONE', #446 ) ;
#245 = CARTESIAN_POINT ( 'NONE',  ( 230.7045496932725541, 13.00000000000000178, 30.15714502487151449 ) ) ;
#246 = CARTESIAN_POINT ( 'NONE',  ( 194.8899142931276742, 13.00000000000000178, 30.15142126571570103 ) ) ;
#247 = ORIENTED_EDGE ( 'NONE', *, *, #959, .T. ) ;
#248 = ADVANCED_FACE ( 'NONE', ( #4586 ), #410, .T. ) ;
#249 = CARTESIAN_POINT ( 'NONE',  ( 87.01668601221274457, 13.00000000000000178, 43.80384958531299588 ) ) ;
#250 = CARTESIAN_POINT ( 'NONE',  ( 124.8947503937055643, 12.99999999999999822, 31.80448106976987432 ) ) ;
#251 = AXIS2_PLACEMENT_3D ( 'NONE', #4184, #5081, #1312 ) ;
#252 = CARTESIAN_POINT ( 'NONE',  ( 233.1034392797407691, 10.00000000000000178, 26.37537063503627977 ) ) ;
#253 = VECTOR ( 'NONE', #322, 1000.000000000000000 ) ;
#254 = CARTESIAN_POINT ( 'NONE',  ( 188.2067470681610359, 10.00000000000000000, 37.22866176790540038 ) ) ;
#255 = CARTESIAN_POINT ( 'NONE',  ( 69.54715419125396636, 10.00000000000000355, 21.12013314232363470 ) ) ;
#256 = CARTESIAN_POINT ( 'NONE',  ( 149.6106885368070891, 13.00000000000000533, 29.15396603518753338 ) ) ;
#257 = ORIENTED_EDGE ( 'NONE', *, *, #1292, .T. ) ;
#258 = APPLICATION_PROTOCOL_DEFINITION ( 'draft international standard', 'automotive_design', 1998, #2765 ) ;
#259 = FACE_OUTER_BOUND ( 'NONE', #1304, .T. ) ;
#260 = ORIENTED_EDGE ( 'NONE', *, *, #5588, .F. ) ;
#261 = DIRECTION ( 'NONE',  ( 0.000000000000000000, 0.000000000000000000, -1.000000000000000000 ) ) ;
#262 = CARTESIAN_POINT ( 'NONE',  ( 155.9491899082424879, 13.00000000000000178, 59.85930768528425006 ) ) ;
#263 = FACE_OUTER_BOUND ( 'NONE', #1164, .T. ) ;
#264 = CARTESIAN_POINT ( 'NONE',  ( 236.8719893186190859, 13.00000000000000178, 43.84387370467433698 ) ) ;
#265 = CARTESIAN_POINT ( 'NONE',  ( 74.79700305691676476, 13.00000000000000178, 28.02559721175794039 ) ) ;
#266 = ORIENTED_EDGE ( 'NONE', *, *, #4224, .F. ) ;
#267 = CARTESIAN_POINT ( 'NONE',  ( 220.9471316835456491, 10.00000000000000000, 55.69020022944386028 ) ) ;
#268 = EDGE_CURVE ( 'NONE', #3350, #3496, #1841, .T. ) ;
#269 = CARTESIAN_POINT ( 'NONE',  ( 171.5541431020513699, 12.99999999999999822, 38.19607434322490747 ) ) ;
#270 = AXIS2_PLACEMENT_3D ( 'NONE', #1752, #5047, #1781 ) ;
#271 = CARTESIAN_POINT ( 'NONE',  ( 73.44135898458652889, 13.00000000000000178, 15.52901427189410732 ) ) ;
#272 = CARTESIAN_POINT ( 'NONE',  ( 155.7184406945673345, 10.00000000000000178, 30.66147172544956945 ) ) ;
#273 = EDGE_LOOP ( 'NONE', ( #5347, #2616, #4463, #6066 ) ) ;
#274 = CARTESIAN_POINT ( 'NONE',  ( 199.9999999999999432, 10.00000000000000000, 96.43724644492834841 ) ) ;
#275 = CARTESIAN_POINT ( 'NONE',  ( 134.3178190572418771, 13.00000000000000533, 36.53479017898678904 ) ) ;
#276 = VERTEX_POINT ( 'NONE', #3753 ) ;
#277 = ADVANCED_FACE ( 'NONE', ( #1277 ), #1335, .T. ) ;
#278 = LINE ( 'NONE', #3056, #4871 ) ;
#279 = CARTESIAN_POINT ( 'NONE',  ( 79.85338168354567756, 10.00000000000000000, 18.02794061405924708 ) ) ;
#280 = EDGE_CURVE ( 'NONE', #452, #4378, #5479, .T. ) ;
#281 = CARTESIAN_POINT ( 'NONE',  ( 146.5240547604687720, 13.00000000000000178, 43.24128196021309378 ) ) ;
#282 = EDGE_LOOP ( 'NONE', ( #4057, #4396, #5694, #5422 ) ) ;
#283 = PLANE ( 'NONE',  #1709 ) ;
#284 = CARTESIAN_POINT ( 'NONE',  ( 87.36781085582101980, 13.00000000000000178, 38.09017671395530868 ) ) ;
#285 = CARTESIAN_POINT ( 'NONE',  ( 87.21816533739183797, 10.00000000000000000, 44.06159446021309378 ) ) ;
#286 = ORIENTED_EDGE ( 'NONE', *, *, #2762, .F. ) ;
#287 = FACE_OUTER_BOUND ( 'NONE', #4531, .T. ) ;
#288 = VERTEX_POINT ( 'NONE', #2826 ) ;
#289 = CYLINDRICAL_SURFACE ( 'NONE', #462, 1.500000000000001332 ) ;
#290 = CARTESIAN_POINT ( 'NONE',  ( 189.0333336900361019, 13.00000000000000178, 34.78573541459059726 ) ) ;
#291 = FACE_OUTER_BOUND ( 'NONE', #4542, .T. ) ;
#292 = CARTESIAN_POINT ( 'NONE',  ( 172.4855932220072248, 13.00000000000000178, 43.24128196021309378 ) ) ;
#293 = ORIENTED_EDGE ( 'NONE', *, *, #3298, .T. ) ;
#294 = CARTESIAN_POINT ( 'NONE',  ( 75.95530722779184885, 13.00000000000000178, 29.27864255750544942 ) ) ;
#295 = CARTESIAN_POINT ( 'NONE',  ( 239.9655735339283922, 13.00000000000000178, 50.18100916592627669 ) ) ;
#296 = CARTESIAN_POINT ( 'NONE',  ( 172.4490275187334873, 12.99999999999999822, 41.91958074544099588 ) ) ;
#297 = CARTESIAN_POINT ( 'NONE',  ( 69.54715419125396636, 10.00000000000000711, 21.12013314232363470 ) ) ;
#298 = CARTESIAN_POINT ( 'NONE',  ( 239.9262021310535999, 13.00000000000000533, 49.27416633585452388 ) ) ;
#299 = ORIENTED_EDGE ( 'NONE', *, *, #2359, .T. ) ;
#300 = DIRECTION ( 'NONE',  ( -0.000000000000000000, -1.000000000000000000, -0.000000000000000000 ) ) ;
#301 = CARTESIAN_POINT ( 'NONE',  ( 199.9999999999999432, 20.00000000000000000, 97.93724644492834841 ) ) ;
#302 = VERTEX_POINT ( 'NONE', #5688 ) ;
#303 = DIRECTION ( 'NONE',  ( 0.000000000000000000, 1.000000000000000000, 0.000000000000000000 ) ) ;
#304 = CARTESIAN_POINT ( 'NONE',  ( 86.74546115650703371, 13.00000000000000178, 21.50070388462550497 ) ) ;
#305 = VERTEX_POINT ( 'NONE', #2362 ) ;
#306 = B_SPLINE_SURFACE_WITH_KNOTS ( 'NONE', 3, 1, ( 
 ( #6093, #1861 ),
 ( #845, #2818 ),
 ( #4701, #470 ),
 ( #4606, #3774 ),
 ( #2263, #874 ),
 ( #1424, #4141 ),
 ( #6024, #1799 ),
 ( #4730, #2506 ),
 ( #5678, #532 ),
 ( #4293, #68 ),
 ( #1952, #3843 ) ),
 .UNSPECIFIED., .F., .F., .F.,
 ( 4, 1, 1, 1, 1, 1, 1, 1, 4 ),
 ( 2, 2 ),
 ( 0.000000000000000000, 0.1289191318119615182, 0.2552377249249070945, 0.3786785959785508027, 0.5010878871851330851, 0.6227136794297779554, 0.7462407949383831340, 0.8715890472316694115, 1.000000000000000000 ),
 ( 0.000000000000000000, 1.000000000000000000 ),
 .UNSPECIFIED. ) ;
#307 = CARTESIAN_POINT ( 'NONE',  ( 117.6047173227579776, 13.00000000000000178, 26.12336533653609294 ) ) ;
#308 = ADVANCED_FACE ( 'NONE', ( #3880 ), #397, .T. ) ;
#309 = CARTESIAN_POINT ( 'NONE',  ( 73.44135898458652889, 13.00000000000000178, 15.52901427189410732 ) ) ;
#310 = CARTESIAN_POINT ( 'NONE',  ( 142.5000357836969158, 13.00000000000000178, 42.66374024378770002 ) ) ;
#311 = CARTESIAN_POINT ( 'NONE',  ( 175.3588498824090607, 12.99999999999999822, 49.57769991817743005 ) ) ;
#312 = DIRECTION ( 'NONE',  ( 0.000000000000000000, 1.000000000000000000, 0.000000000000000000 ) ) ;
#313 = EDGE_CURVE ( 'NONE', #5423, #683, #4301, .T. ) ;
#314 = EDGE_CURVE ( 'NONE', #59, #3599, #5656, .T. ) ;
#315 = CARTESIAN_POINT ( 'NONE',  ( 147.4100009308033634, 13.00000000000000178, 31.11275458189858867 ) ) ;
#316 = ORIENTED_EDGE ( 'NONE', *, *, #5962, .T. ) ;
#317 = EDGE_LOOP ( 'NONE', ( #1348, #2585, #2975, #1075 ) ) ;
#318 = CARTESIAN_POINT ( 'NONE',  ( 120.0090123183764774, 13.00000000000000178, 56.04513576709344136 ) ) ;
#319 = DIRECTION ( 'NONE',  ( 1.000000000000000000, 0.000000000000000000, 0.000000000000000000 ) ) ;
#320 = LINE ( 'NONE', #4090, #3491 ) ;
#321 = AXIS2_PLACEMENT_3D ( 'NONE', #6110, #2744, #1413 ) ;
#322 = DIRECTION ( 'NONE',  ( -1.000000000000000000, 0.000000000000000000, 1.420944294689305296E-16 ) ) ;
#323 = ORIENTED_EDGE ( 'NONE', *, *, #2733, .T. ) ;
#324 = CARTESIAN_POINT ( 'NONE',  ( 227.6556058188792235, 10.00000000000000000, 59.86727763248176615 ) ) ;
#325 = VECTOR ( 'NONE', #2886, 1000.000000000000000 ) ;
#326 = CARTESIAN_POINT ( 'NONE',  ( 234.1607251065793207, 12.99999999999999822, 26.74993911631518628 ) ) ;
#327 = CARTESIAN_POINT ( 'NONE',  ( 222.6779009143148755, 10.00000000000000000, 34.73166657559770698 ) ) ;
#328 = CARTESIAN_POINT ( 'NONE',  ( 159.0684832742441017, 10.00000000000000178, 30.15572712239876196 ) ) ;
#329 = CARTESIAN_POINT ( 'NONE',  ( 154.2122806037125144, 9.999999999999998224, 26.83671280181727781 ) ) ;
#330 = PLANE ( 'NONE',  #2416 ) ;
#331 = VERTEX_POINT ( 'NONE', #3850 ) ;
#332 = DIRECTION ( 'NONE',  ( -0.000000000000000000, -1.000000000000000000, -0.000000000000000000 ) ) ;
#333 = CARTESIAN_POINT ( 'NONE',  ( 207.1009778373918095, 13.00000000000000178, 13.41255599867463566 ) ) ;
#334 = AXIS2_PLACEMENT_3D ( 'NONE', #2808, #4251, #490 ) ;
#335 = CARTESIAN_POINT ( 'NONE',  ( 135.2772579507884245, 13.00000000000000533, 39.66997451715301537 ) ) ;
#336 = VECTOR ( 'NONE', #484, 1000.000000000000000 ) ;
#337 = CARTESIAN_POINT ( 'NONE',  ( 92.03783855591468921, 13.00000000000000178, 20.67893106397493597 ) ) ;
#338 = ORIENTED_EDGE ( 'NONE', *, *, #1322, .T. ) ;
#339 = CARTESIAN_POINT ( 'NONE',  ( 76.31907254307309074, 9.999999999999996447, 29.62726350092201244 ) ) ;
#340 = CARTESIAN_POINT ( 'NONE',  ( 83.05893189460195458, 9.999999999999998224, 18.63738375001473813 ) ) ;
#341 = EDGE_CURVE ( 'NONE', #2023, #1130, #1528, .T. ) ;
#342 = CARTESIAN_POINT ( 'NONE',  ( 118.3990547604687436, 13.00000000000000178, 60.14332522944386739 ) ) ;
#343 = CARTESIAN_POINT ( 'NONE',  ( 176.2506589059901501, 10.00000000000000000, 46.49129756397508118 ) ) ;
#344 = CARTESIAN_POINT ( 'NONE',  ( 73.59237734051664859, 10.00000000000000178, 25.87281419032247953 ) ) ;
#345 = ORIENTED_EDGE ( 'NONE', *, *, #3627, .F. ) ;
#346 = ORIENTED_EDGE ( 'NONE', *, *, #1908, .F. ) ;
#347 = EDGE_CURVE ( 'NONE', #669, #908, #6042, .T. ) ;
#348 = CIRCLE ( 'NONE', #4486, 1.500000000000029088 ) ;
#349 = CARTESIAN_POINT ( 'NONE',  ( 118.8724988374511184, 13.00000000000000178, 56.08485313108575809 ) ) ;
#350 = CARTESIAN_POINT ( 'NONE',  ( 143.1258173921528680, 12.99999999999999822, 48.06237375223975761 ) ) ;
#351 = CARTESIAN_POINT ( 'NONE',  ( 80.45491918369140194, 10.00000000000000000, 60.71091527747433503 ) ) ;
#352 = DIRECTION ( 'NONE',  ( -0.000000000000000000, -1.000000000000000000, -0.000000000000000000 ) ) ;
#353 = ORIENTED_EDGE ( 'NONE', *, *, #5573, .T. ) ;
#354 = CARTESIAN_POINT ( 'NONE',  ( 226.9809108267482713, 12.99999999999999822, 36.11389938778093267 ) ) ;
#355 = AXIS2_PLACEMENT_3D ( 'NONE', #2100, #5397, #5447 ) ;
#356 = CARTESIAN_POINT ( 'NONE',  ( 89.97781483461483276, 9.999999999999998224, 40.84387901987598468 ) ) ;
#357 = ADVANCED_FACE ( 'NONE', ( #3475 ), #5569, .T. ) ;
#358 = CARTESIAN_POINT ( 'NONE',  ( 236.2710147553788431, 12.99999999999999822, 27.93669337769686578 ) ) ;
#359 = DIRECTION ( 'NONE',  ( 0.000000000000000000, 0.000000000000000000, 1.000000000000000000 ) ) ;
#360 = DIRECTION ( 'NONE',  ( 0.000000000000000000, -0.000000000000000000, -1.000000000000000000 ) ) ;
#361 = CARTESIAN_POINT ( 'NONE',  ( 114.5673099236556851, 12.99999999999999822, 59.76054439587846900 ) ) ;
#362 = LINE ( 'NONE', #4128, #2814 ) ;
#363 = ORIENTED_EDGE ( 'NONE', *, *, #3857, .T. ) ;
#364 = CARTESIAN_POINT ( 'NONE',  ( 121.6824738803362891, 10.00000000000000355, 55.70135906926023495 ) ) ;
#365 = CARTESIAN_POINT ( 'NONE',  ( 66.33174706816106436, 13.00000000000000178, 50.88551272944386028 ) ) ;
#366 = CARTESIAN_POINT ( 'NONE',  ( 133.6205236655792987, 9.999999999999996447, 51.13623364477204092 ) ) ;
#367 = CARTESIAN_POINT ( 'NONE',  ( 234.9798810186810840, 12.99999999999999822, 59.07542608379440452 ) ) ;
#368 = CARTESIAN_POINT ( 'NONE',  ( 79.05571480892136549, 9.999999999999996447, 31.72692544198341125 ) ) ;
#369 = CARTESIAN_POINT ( 'NONE',  ( 76.07574400569082229, 13.00000000000000178, 60.16238252237697992 ) ) ;
#370 = CARTESIAN_POINT ( 'NONE',  ( 227.9491529603588162, 13.00000000000000178, 43.17286781740748580 ) ) ;
#371 = CARTESIAN_POINT ( 'NONE',  ( 164.7496844805300498, 10.00000000000000000, 59.46366599789992335 ) ) ;
#372 = LINE ( 'NONE', #2815, #3403 ) ;
#373 = EDGE_LOOP ( 'NONE', ( #3407, #3833, #5276, #5532 ) ) ;
#374 = EDGE_CURVE ( 'NONE', #5806, #5366, #3509, .T. ) ;
#375 = CARTESIAN_POINT ( 'NONE',  ( 86.59370537134230972, 10.00000000000000000, 43.26274646086387321 ) ) ;
#376 = CARTESIAN_POINT ( 'NONE',  ( 142.4855932220072532, 13.00000000000000178, 43.21423869098233439 ) ) ;
#377 = LINE ( 'NONE', #3719, #929 ) ;
#378 = CARTESIAN_POINT ( 'NONE',  ( 87.21816533739183797, 13.00000000000000178, 44.06159446021309378 ) ) ;
#379 = ORIENTED_EDGE ( 'NONE', *, *, #5703, .T. ) ;
#380 = CARTESIAN_POINT ( 'NONE',  ( 1.224646799147353533E-14, 10.00000000000000000, 100.0000000000000000 ) ) ;
#381 = EDGE_CURVE ( 'NONE', #4378, #452, #172, .T. ) ;
#382 = CARTESIAN_POINT ( 'NONE',  ( 239.4086701450841304, 13.00000000000000178, 30.78334926790540393 ) ) ;
#383 = CARTESIAN_POINT ( 'NONE',  ( 68.50704420007897966, 13.00000000000000178, 54.42613059186302849 ) ) ;
#384 = FACE_OUTER_BOUND ( 'NONE', #1565, .T. ) ;
#385 = CARTESIAN_POINT ( 'NONE',  ( 116.4547085432453599, 10.00000000000000000, 60.09379395373005650 ) ) ;
#386 = LINE ( 'NONE', #3637, #4191 ) ;
#387 = ORIENTED_EDGE ( 'NONE', *, *, #4687, .F. ) ;
#388 = CARTESIAN_POINT ( 'NONE',  ( 126.3045434346951907, 10.00000000000000355, 53.47199942482424717 ) ) ;
#389 = CARTESIAN_POINT ( 'NONE',  ( 234.5327100653429682, 13.00000000000000533, 31.50302440595834241 ) ) ;
#390 = CARTESIAN_POINT ( 'NONE',  ( 71.16751797934990975, 10.00000000000000000, 50.33186043341741112 ) ) ;
#391 = DIRECTION ( 'NONE',  ( -1.000000000000000000, 0.000000000000000000, -0.000000000000000000 ) ) ;
#392 = CARTESIAN_POINT ( 'NONE',  ( 89.26115546225570085, 12.99999999999999822, 17.36129325031841830 ) ) ;
#393 = CARTESIAN_POINT ( 'NONE',  ( 207.1009778373918095, 10.00000000000000000, 26.68178676790540393 ) ) ;
#394 = CARTESIAN_POINT ( 'NONE',  ( 76.22056918354567756, 13.00000000000000178, 29.53935888329002069 ) ) ;
#395 = CARTESIAN_POINT ( 'NONE',  ( 77.02221334612964654, 10.00000000000000000, 60.42176342208047402 ) ) ;
#396 = B_SPLINE_CURVE_WITH_KNOTS ( 'NONE', 3,
 ( #5008, #315, #4083, #256, #4028, #2113, #3563, #3998, #3967, #2539, #4513 ),
 .UNSPECIFIED., .F., .F.,
 ( 4, 1, 1, 1, 1, 1, 1, 1, 4 ),
 ( 0.000000000000000000, 0.1284975211375124771, 0.2527129855154524041, 0.3748191325670450214, 0.4964364263727303883, 0.6179105567458524906, 0.7412876173092904919, 0.8687004007446090803, 1.000000000000000000 ),
 .UNSPECIFIED. ) ;
#397 = B_SPLINE_SURFACE_WITH_KNOTS ( 'NONE', 3, 1, ( 
 ( #2424, #3319 ),
 ( #1466, #4740 ),
 ( #1496, #2482 ),
 ( #603, #5198 ),
 ( #1000, #1993 ),
 ( #3344, #4332 ),
 ( #508, #5225 ),
 ( #574, #3412 ),
 ( #3376, #2946 ),
 ( #5258, #3816 ),
 ( #972, #3285 ),
 ( #2391, #1032 ),
 ( #2914, #45 ),
 ( #5749, #4366 ),
 ( #4832, #140 ),
 ( #2882, #4270 ),
 ( #4798, #4771 ),
 ( #2452, #2027 ),
 ( #1402, #107 ) ),
 .UNSPECIFIED., .F., .F., .F.,
 ( 4, 1, 1, 1, 1, 1, 1, 1, 1, 1, 1, 1, 1, 1, 1, 1, 4 ),
 ( 2, 2 ),
 ( 0.000000000000000000, 0.06241602615881759047, 0.1233369785373298194, 0.1832651398530920350, 0.2431724430697090045, 0.3028983539197450114, 0.3637735975039096403, 0.4256053049523821907, 0.4896590425101839394, 0.5537845767921160123, 0.6162215328110728363, 0.6778544713083423101, 0.7395168974879384738, 0.8020965355763706173, 0.8658658412779717262, 0.9315077951965110570, 1.000000000000000000 ),
 ( 0.000000000000000000, 1.000000000000000000 ),
 .UNSPECIFIED. ) ;
#398 = CARTESIAN_POINT ( 'NONE',  ( 239.4086701450841304, 13.00000000000000178, 30.78334926790540393 ) ) ;
#399 = CARTESIAN_POINT ( 'NONE',  ( 111.5731341837070119, 12.99999999999999822, 54.43397568872020997 ) ) ;
#400 = CARTESIAN_POINT ( 'NONE',  ( 100.0000000000000142, 10.00000000000000000, 96.43724644492834841 ) ) ;
#401 = CARTESIAN_POINT ( 'NONE',  ( 118.9797622470021565, 9.999999999999998224, 60.12737943881922575 ) ) ;
#402 = ORIENTED_EDGE ( 'NONE', *, *, #5651, .T. ) ;
#403 = CARTESIAN_POINT ( 'NONE',  ( 86.26899823849026916, 9.999999999999992895, 37.10817890843414091 ) ) ;
#404 = VERTEX_POINT ( 'NONE', #696 ) ;
#405 = CARTESIAN_POINT ( 'NONE',  ( 131.1107304725655922, 13.00000000000000178, 46.41837476286637809 ) ) ;
#406 = CARTESIAN_POINT ( 'NONE',  ( 142.7589890578458380, 9.999999999999998224, 46.49129759204190293 ) ) ;
#407 = CARTESIAN_POINT ( 'NONE',  ( 84.97780635512353342, 9.999999999999998224, 59.82981708987858838 ) ) ;
#408 = ORIENTED_EDGE ( 'NONE', *, *, #4960, .F. ) ;
#409 = LINE ( 'NONE', #2244, #1146 ) ;
#410 = CYLINDRICAL_SURFACE ( 'NONE', #3116, 1.500000000000001332 ) ;
#411 = EDGE_CURVE ( 'NONE', #3764, #4328, #4427, .T. ) ;
#412 = CARTESIAN_POINT ( 'NONE',  ( 211.1394393758533568, 13.00000000000000178, 13.41255599867463566 ) ) ;
#413 = CARTESIAN_POINT ( 'NONE',  ( 188.3539271037342644, 13.00000000000000533, 30.20981989080710051 ) ) ;
#414 = CARTESIAN_POINT ( 'NONE',  ( 127.6372478848805088, 10.00000000000000178, 33.85115927459332141 ) ) ;
#415 = CARTESIAN_POINT ( 'NONE',  ( 87.07533525548682007, 13.00000000000000178, 15.49373952078310523 ) ) ;
#416 = ORIENTED_EDGE ( 'NONE', *, *, #3441, .F. ) ;
#417 = CARTESIAN_POINT ( 'NONE',  ( 124.8947503937055643, 12.99999999999999822, 31.80448106976987432 ) ) ;
#418 = LINE ( 'NONE', #1907, #2912 ) ;
#419 = AXIS2_PLACEMENT_3D ( 'NONE', #1458, #964, #3308 ) ;
#420 = CARTESIAN_POINT ( 'NONE',  ( 77.26853576726756501, 13.00000000000000178, 55.66690516019445312 ) ) ;
#421 = B_SPLINE_CURVE_WITH_KNOTS ( 'NONE', 3,
 ( #5003, #2653, #5057, #5540, #1321, #3140, #895, #5954, #4535, #307, #836 ),
 .UNSPECIFIED., .F., .F.,
 ( 4, 1, 1, 1, 1, 1, 1, 1, 4 ),
 ( 0.000000000000000000, 0.1353597999413055641, 0.2630446827611699900, 0.3860610822643577578, 0.5057706525454608304, 0.6251780311387009625, 0.7461477220466155025, 0.8705380668997052540, 1.000000000000000000 ),
 .UNSPECIFIED. ) ;
#422 = CARTESIAN_POINT ( 'NONE',  ( 134.8895194417185337, 9.999999999999996447, 48.08573616792504879 ) ) ;
#423 = EDGE_CURVE ( 'NONE', #4070, #3474, #2176, .T. ) ;
#424 = CARTESIAN_POINT ( 'NONE',  ( 86.09594471247942238, 10.00000000000000000, 59.32130626352228830 ) ) ;
#425 = AXIS2_PLACEMENT_3D ( 'NONE', #1237, #4109, #3117 ) ;
#426 = ORIENTED_EDGE ( 'NONE', *, *, #3179, .T. ) ;
#427 = DIRECTION ( 'NONE',  ( -0.6967183025428542731, 0.000000000000000000, 0.7173448312365564572 ) ) ;
#428 = CARTESIAN_POINT ( 'NONE',  ( 79.85338168354567756, 10.00000000000000000, 18.02794061405924708 ) ) ;
#429 = VECTOR ( 'NONE', #2779, 1000.000000000000000 ) ;
#430 = DIRECTION ( 'NONE',  ( -1.224646799147353454E-16, 0.000000000000000000, -1.000000000000000000 ) ) ;
#431 = ADVANCED_FACE ( 'NONE', ( #4003 ), #289, .T. ) ;
#432 = CARTESIAN_POINT ( 'NONE',  ( 117.7155215978539076, 12.99999999999999822, 56.08382128585544280 ) ) ;
#433 = CARTESIAN_POINT ( 'NONE',  ( 234.8383576450841304, 10.00000000000000000, 47.67637811405924708 ) ) ;
#434 = CARTESIAN_POINT ( 'NONE',  ( 227.8341509143148755, 13.00000000000000178, 37.55318099867463388 ) ) ;
#435 = B_SPLINE_CURVE_WITH_KNOTS ( 'NONE', 3,
 ( #4799, #973, #1931, #2857, #509, #5689, #2393, #46, #1530, #3378, #1467 ),
 .UNSPECIFIED., .F., .F.,
 ( 4, 1, 1, 1, 1, 1, 1, 1, 4 ),
 ( 0.000000000000000000, 0.1430730837303632319, 0.2759029640930090177, 0.4023708562739967132, 0.5284136450935956741, 0.6503563791869507726, 0.7658950861246938135, 0.8807741308440211192, 1.000000000000000000 ),
 .UNSPECIFIED. ) ;
#436 = ORIENTED_EDGE ( 'NONE', *, *, #1522, .T. ) ;
#437 = CARTESIAN_POINT ( 'NONE',  ( 3.535533905932737309, 0.000000000000000000, 3.535533905932737309 ) ) ;
#438 = DIRECTION ( 'NONE',  ( -0.000000000000000000, -1.000000000000000000, -0.000000000000000000 ) ) ;
#439 = CARTESIAN_POINT ( 'NONE',  ( 70.48963951412945050, 10.00000000000000000, 49.19712006887371558 ) ) ;
#440 = DIRECTION ( 'NONE',  ( 1.000000000000000000, 0.000000000000000000, 0.000000000000000000 ) ) ;
#441 = CARTESIAN_POINT ( 'NONE',  ( 86.09594471247942238, 10.00000000000000000, 59.32130626352228830 ) ) ;
#442 = ORIENTED_EDGE ( 'NONE', *, *, #1329, .T. ) ;
#443 = CARTESIAN_POINT ( 'NONE',  ( 223.8891005106781051, 12.99999999999999822, 58.34162281984364284 ) ) ;
#444 = CARTESIAN_POINT ( 'NONE',  ( 92.84120865552840485, 10.00000000000000000, 47.97130116179796744 ) ) ;
#445 = VECTOR ( 'NONE', #1330, 1000.000000000000000 ) ;
#446 = CARTESIAN_POINT ( 'NONE',  ( 104.9855932220072106, 13.00000000000000178, 26.68178676790540393 ) ) ;
#447 = LINE ( 'NONE', #4650, #817 ) ;
#448 = CYLINDRICAL_SURFACE ( 'NONE', #1804, 1.500000000000029088 ) ;
#449 = CARTESIAN_POINT ( 'NONE',  ( 111.0255826525438323, 10.00000000000000000, 58.53351101922167743 ) ) ;
#450 = VECTOR ( 'NONE', #2272, 1000.000000000000000 ) ;
#451 = CARTESIAN_POINT ( 'NONE',  ( 90.76497975532697637, 10.00000000000000000, 19.03603176458912927 ) ) ;
#452 = VERTEX_POINT ( 'NONE', #4518 ) ;
#453 = CARTESIAN_POINT ( 'NONE',  ( 130.5490530989297326, 13.00000000000000178, 55.17534363577731682 ) ) ;
#454 = CARTESIAN_POINT ( 'NONE',  ( 194.7422037989302908, 13.00000000000000178, 30.14332522944386383 ) ) ;
#455 = B_SPLINE_SURFACE_WITH_KNOTS ( 'NONE', 3, 1, ( 
 ( #3070, #4955 ),
 ( #727, #2604 ),
 ( #4491, #4779 ),
 ( #2864, #5179 ),
 ( #4311, #5634 ),
 ( #86, #4690 ),
 ( #2401, #4748 ),
 ( #3267, #1414 ),
 ( #4660, #3297 ),
 ( #954, #517 ),
 ( #893, #5667 ),
 ( #1475, #3329 ),
 ( #2837, #3829 ),
 ( #5603, #2892 ),
 ( #3734, #4719 ) ),
 .UNSPECIFIED., .F., .F., .F.,
 ( 4, 1, 1, 1, 1, 1, 1, 1, 1, 1, 1, 1, 4 ),
 ( 2, 2 ),
 ( 0.000000000000000000, 0.09126360489662647957, 0.1809303110850824237, 0.2700882198317228755, 0.3601561333877266180, 0.4483425324981537008, 0.5326658421383304587, 0.6138337041070476285, 0.6939815272835585525, 0.7727159770890034141, 0.8493351720622465129, 0.9239673265752319509, 1.000000000000000000 ),
 ( 0.000000000000000000, 1.000000000000000000 ),
 .UNSPECIFIED. ) ;
#456 = ADVANCED_FACE ( 'NONE', ( #204 ), #1125, .T. ) ;
#457 = DIRECTION ( 'NONE',  ( -0.000000000000000000, 1.000000000000000000, -0.000000000000000000 ) ) ;
#458 = CARTESIAN_POINT ( 'NONE',  ( 83.80906202603273414, 9.999999999999996447, 60.22753374378750379 ) ) ;
#459 = ORIENTED_EDGE ( 'NONE', *, *, #2021, .F. ) ;
#460 = CARTESIAN_POINT ( 'NONE',  ( 172.0168432220072248, 10.00000000000000000, 31.52253196021309734 ) ) ;
#461 = CARTESIAN_POINT ( 'NONE',  ( 75.08958273437217201, 13.00000000000000533, 19.64234997936065596 ) ) ;
#462 = AXIS2_PLACEMENT_3D ( 'NONE', #4432, #756, #3068 ) ;
#463 = EDGE_CURVE ( 'NONE', #3243, #209, #3971, .T. ) ;
#464 = DIRECTION ( 'NONE',  ( 0.000000000000000000, 1.000000000000000000, 0.000000000000000000 ) ) ;
#465 = ORIENTED_EDGE ( 'NONE', *, *, #4224, .T. ) ;
#466 = CARTESIAN_POINT ( 'NONE',  ( 115.5586681121336596, 13.00000000000000178, 30.36028579158693574 ) ) ;
#467 = CARTESIAN_POINT ( 'NONE',  ( 199.9999999999999432, 20.00000000000000000, 97.93724644492834841 ) ) ;
#468 = ORIENTED_EDGE ( 'NONE', *, *, #2582, .F. ) ;
#469 = EDGE_CURVE ( 'NONE', #4538, #879, #1656, .T. ) ;
#470 = CARTESIAN_POINT ( 'NONE',  ( 142.5286295737414264, 10.00000000000000000, 41.57384792709420651 ) ) ;
#471 = CARTESIAN_POINT ( 'NONE',  ( 223.5863015280311288, 10.00000000000000000, 30.57907197390593268 ) ) ;
#472 = CARTESIAN_POINT ( 'NONE',  ( 175.4208306050475414, 13.00000000000000178, 36.90789498031394800 ) ) ;
#473 = CARTESIAN_POINT ( 'NONE',  ( 168.6571851319350799, 9.999999999999996447, 33.96257182326635160 ) ) ;
#474 = DIRECTION ( 'NONE',  ( 0.000000000000000000, -0.000000000000000000, 1.000000000000000000 ) ) ;
#475 = ORIENTED_EDGE ( 'NONE', *, *, #4025, .F. ) ;
#476 = CARTESIAN_POINT ( 'NONE',  ( 154.4853090625154834, 9.999999999999998224, 55.21071584182228520 ) ) ;
#477 = ORIENTED_EDGE ( 'NONE', *, *, #5703, .F. ) ;
#478 = CARTESIAN_POINT ( 'NONE',  ( 106.2479213773854951, 10.00000000000000178, 31.14165428692931670 ) ) ;
#479 = CARTESIAN_POINT ( 'NONE',  ( 235.9759897241865474, 13.00000000000000178, 32.80254733311901560 ) ) ;
#480 = CARTESIAN_POINT ( 'NONE',  ( 195.5084297604687436, 13.00000000000000178, 26.10486369098232728 ) ) ;
#481 = CARTESIAN_POINT ( 'NONE',  ( 152.6549223090957526, 13.00000000000000178, 27.44613705215868649 ) ) ;
#482 = DIRECTION ( 'NONE',  ( 0.000000000000000000, 0.000000000000000000, 1.000000000000000000 ) ) ;
#483 = ORIENTED_EDGE ( 'NONE', *, *, #3022, .T. ) ;
#484 = DIRECTION ( 'NONE',  ( -0.000000000000000000, -1.000000000000000000, -0.000000000000000000 ) ) ;
#485 = CARTESIAN_POINT ( 'NONE',  ( 187.6593933066203590, 12.99999999999999822, 41.50376910689365673 ) ) ;
#486 = LINE ( 'NONE', #1445, #1109 ) ;
#487 = CARTESIAN_POINT ( 'NONE',  ( 129.2755153496274261, 10.00000000000000000, 56.34019194442239353 ) ) ;
#488 = CARTESIAN_POINT ( 'NONE',  ( 92.65267131698068681, 13.00000000000000178, 50.91751620042560944 ) ) ;
#489 = ORIENTED_EDGE ( 'NONE', *, *, #924, .T. ) ;
#490 = DIRECTION ( 'NONE',  ( 0.000000000000000000, 0.000000000000000000, -1.000000000000000000 ) ) ;
#491 = CARTESIAN_POINT ( 'NONE',  ( 75.14954871315407559, 9.999999999999996447, 59.84767853183571162 ) ) ;
#492 = EDGE_CURVE ( 'NONE', #3389, #1704, #5410, .T. ) ;
#493 = FACE_BOUND ( 'NONE', #3299, .T. ) ;
#494 = ORIENTED_EDGE ( 'NONE', *, *, #5, .T. ) ;
#495 = FACE_OUTER_BOUND ( 'NONE', #3472, .T. ) ;
#496 = FACE_BOUND ( 'NONE', #5127, .T. ) ;
#497 = DIRECTION ( 'NONE',  ( 0.000000000000000000, 0.000000000000000000, 1.000000000000000000 ) ) ;
#498 = DIRECTION ( 'NONE',  ( -0.000000000000000000, -1.000000000000000000, -0.000000000000000000 ) ) ;
#499 = CARTESIAN_POINT ( 'NONE',  ( 223.0008138946224960, 10.00000000000000178, 32.13001570735697499 ) ) ;
#500 = CARTESIAN_POINT ( 'NONE',  ( 131.5240547604687436, 10.00000000000000000, 43.07902234482848058 ) ) ;
#501 = ADVANCED_FACE ( 'NONE', ( #4487 ), #2632, .T. ) ;
#502 = CARTESIAN_POINT ( 'NONE',  ( 135.5625162989302908, 13.00000000000000178, 43.03395022944386739 ) ) ;
#503 = CARTESIAN_POINT ( 'NONE',  ( 223.5863015280311288, 13.00000000000000178, 30.57907197390593268 ) ) ;
#504 = ORIENTED_EDGE ( 'NONE', *, *, #3459, .T. ) ;
#505 = CARTESIAN_POINT ( 'NONE',  ( 225.0854076892516673, 10.00000000000000533, 58.98641769943724000 ) ) ;
#506 = CARTESIAN_POINT ( 'NONE',  ( 146.5447139214968786, 13.00000000000000178, 43.81666516655437249 ) ) ;
#507 = ORIENTED_EDGE ( 'NONE', *, *, #3206, .T. ) ;
#508 = CARTESIAN_POINT ( 'NONE',  ( 174.6856741918778937, 13.00000000000000533, 51.04190769918082538 ) ) ;
#509 = CARTESIAN_POINT ( 'NONE',  ( 76.07382999938047874, 12.99999999999999822, 18.91830026098777040 ) ) ;
#510 = CARTESIAN_POINT ( 'NONE',  ( 105.0060470861504882, 10.00000000000000178, 43.79262843456552190 ) ) ;
#511 = CARTESIAN_POINT ( 'NONE',  ( 192.7865986475451621, 12.99999999999999822, 30.55534052854091698 ) ) ;
#512 = CARTESIAN_POINT ( 'NONE',  ( 73.25987847654393192, 9.999999999999996447, 23.96614643705199299 ) ) ;
#513 = ORIENTED_EDGE ( 'NONE', *, *, #3334, .T. ) ;
#514 = CARTESIAN_POINT ( 'NONE',  ( 104.9855932220072106, 10.00000000000000000, 32.76652234482848058 ) ) ;
#515 = CARTESIAN_POINT ( 'NONE',  ( 80.01564129893029076, 10.00000000000000000, 56.10486369098232728 ) ) ;
#516 = CARTESIAN_POINT ( 'NONE',  ( 155.9122422933567123, 13.00000000000000178, 26.41801332176901340 ) ) ;
#517 = CARTESIAN_POINT ( 'NONE',  ( 87.75093370918887103, 9.999999999999996447, 52.25625220596667475 ) ) ;
#518 = DIRECTION ( 'NONE',  ( 0.000000000000000000, 1.000000000000000000, 0.000000000000000000 ) ) ;
#519 = VERTEX_POINT ( 'NONE', #3096 ) ;
#520 = CYLINDRICAL_SURFACE ( 'NONE', #334, 1.500000000000001332 ) ;
#521 = CARTESIAN_POINT ( 'NONE',  ( 66.56850083524243189, 10.00000000000000000, 51.31429544059730574 ) ) ;
#522 = AXIS2_PLACEMENT_3D ( 'NONE', #5138, #3755, #1002 ) ;
#523 = VECTOR ( 'NONE', #3429, 1000.000000000000000 ) ;
#524 = DIRECTION ( 'NONE',  ( 0.000000000000000000, -0.000000000000000000, 1.000000000000000000 ) ) ;
#525 = CARTESIAN_POINT ( 'NONE',  ( 120.0099877280295289, 13.00000000000000178, 26.15511899614387659 ) ) ;
#526 = VERTEX_POINT ( 'NONE', #3443 ) ;
#527 = CARTESIAN_POINT ( 'NONE',  ( 118.2367951450841446, 10.00000000000000178, 30.14332522944386383 ) ) ;
#528 = CARTESIAN_POINT ( 'NONE',  ( 223.6244153373918380, 13.00000000000000178, 52.64332522944386739 ) ) ;
#529 = CARTESIAN_POINT ( 'NONE',  ( 234.8383576450841304, 13.00000000000000178, 47.67637811405924708 ) ) ;
#530 = VECTOR ( 'NONE', #3185, 1000.000000000000000 ) ;
#531 = EDGE_CURVE ( 'NONE', #2175, #5304, #5321, .T. ) ;
#532 = CARTESIAN_POINT ( 'NONE',  ( 145.9239126601768817, 9.999999999999996447, 32.78344515732614184 ) ) ;
#533 = LINE ( 'NONE', #4325, #2146 ) ;
#534 = CARTESIAN_POINT ( 'NONE',  ( 300.0000000000000000, 10.00000000000000000, 0.000000000000000000 ) ) ;
#535 = CARTESIAN_POINT ( 'NONE',  ( 223.9502018582941503, 13.00000000000000178, 39.42304300865536248 ) ) ;
#536 = VERTEX_POINT ( 'NONE', #1801 ) ;
#537 = FACE_OUTER_BOUND ( 'NONE', #1106, .T. ) ;
#538 = EDGE_CURVE ( 'NONE', #1670, #2843, #4303, .T. ) ;
#539 = DIRECTION ( 'NONE',  ( 0.000000000000000000, 0.000000000000000000, 1.000000000000000000 ) ) ;
#540 = B_SPLINE_CURVE_WITH_KNOTS ( 'NONE', 3,
 ( #1095, #5815, #3546, #5388, #2635, #4931, #4493, #4986, #1219, #4403, #1592 ),
 .UNSPECIFIED., .F., .F.,
 ( 4, 1, 1, 1, 1, 1, 1, 1, 4 ),
 ( 0.000000000000000000, 0.1249584925460638790, 0.2459006286062690450, 0.3691660295860718644, 0.4985108411773568338, 0.6285038663666073777, 0.7510283288509913557, 0.8737241742784346288, 1.000000000000000000 ),
 .UNSPECIFIED. ) ;
#541 = CARTESIAN_POINT ( 'NONE',  ( 236.1784517763666145, 9.999999999999998224, 43.26333683531552055 ) ) ;
#542 = CARTESIAN_POINT ( 'NONE',  ( 73.48185173478391619, 13.00000000000000178, 32.54399400202712656 ) ) ;
#543 = CARTESIAN_POINT ( 'NONE',  ( 197.2405183511389737, 13.00000000000000533, 26.37294716767769742 ) ) ;
#544 = CARTESIAN_POINT ( 'NONE',  ( 174.7900211066471172, 10.00000000000000000, 35.46471506596908085 ) ) ;
#545 = EDGE_LOOP ( 'NONE', ( #2942, #2373 ) ) ;
#546 = CARTESIAN_POINT ( 'NONE',  ( 159.5228528373918095, 13.00000000000000178, 60.14332522944386739 ) ) ;
#547 = AXIS2_PLACEMENT_3D ( 'NONE', #4699, #5065, #3680 ) ;
#548 = EDGE_CURVE ( 'NONE', #4254, #2540, #3686, .T. ) ;
#549 = CARTESIAN_POINT ( 'NONE',  ( 223.2458057566078935, 13.00000000000000178, 31.33124175439118986 ) ) ;
#550 = CARTESIAN_POINT ( 'NONE',  ( 118.3990547604687436, 13.00000000000000178, 60.14332522944386739 ) ) ;
#551 = CARTESIAN_POINT ( 'NONE',  ( 91.94608261409780425, 10.00000000000000000, 53.14877025636950947 ) ) ;
#552 = CARTESIAN_POINT ( 'NONE',  ( 80.41018664836380481, 10.00000000000000178, 56.09387504439669669 ) ) ;
#553 = DIRECTION ( 'NONE',  ( 0.000000000000000000, 1.000000000000000000, 0.000000000000000000 ) ) ;
#554 = ORIENTED_EDGE ( 'NONE', *, *, #4349, .F. ) ;
#555 = CARTESIAN_POINT ( 'NONE',  ( 207.1009778373918095, 10.00000000000000000, 26.68178676790540393 ) ) ;
#556 = CARTESIAN_POINT ( 'NONE',  ( 80.01564129893029076, 13.00000000000000178, 60.72024830636693338 ) ) ;
#557 = CARTESIAN_POINT ( 'NONE',  ( 159.5048239912379984, 13.00000000000000178, 30.14332522944386383 ) ) ;
#558 = ORIENTED_EDGE ( 'NONE', *, *, #569, .T. ) ;
#559 = CARTESIAN_POINT ( 'NONE',  ( 230.9891989912379984, 9.999999999999996447, 26.10486369098232728 ) ) ;
#560 = CARTESIAN_POINT ( 'NONE',  ( 238.4456106653309178, 10.00000000000000000, 55.93958270511452469 ) ) ;
#561 = CARTESIAN_POINT ( 'NONE',  ( 160.7964503366679594, 13.00000000000000178, 30.18099771680542531 ) ) ;
#562 = LINE ( 'NONE', #3771, #3881 ) ;
#563 = VECTOR ( 'NONE', #5293, 1000.000000000000000 ) ;
#564 = ORIENTED_EDGE ( 'NONE', *, *, #4151, .F. ) ;
#565 = CARTESIAN_POINT ( 'NONE',  ( 198.7214791403407901, 9.999999999999998224, 27.05846746333747532 ) ) ;
#566 = CARTESIAN_POINT ( 'NONE',  ( 187.4872199006195217, 9.999999999999996447, 46.53736291581414974 ) ) ;
#567 = CARTESIAN_POINT ( 'NONE',  ( 146.1209319088863197, 10.00000000000000178, 53.80053652073049619 ) ) ;
#568 = CARTESIAN_POINT ( 'NONE',  ( 161.3497297998444253, 10.00000000000000000, 26.14376387572587035 ) ) ;
#569 = EDGE_CURVE ( 'NONE', #1684, #3456, #5819, .T. ) ;
#570 = ORIENTED_EDGE ( 'NONE', *, *, #268, .T. ) ;
#571 = CARTESIAN_POINT ( 'NONE',  ( 150.2860309679139164, 10.00000000000000355, 52.48466196422896246 ) ) ;
#572 = B_SPLINE_CURVE_WITH_KNOTS ( 'NONE', 3,
 ( #3959, #5022, #4384, #5828, #3495, #1142, #1545, #4556, #3134, #2105, #590, #2559, #3930, #4446, #5338 ),
 .UNSPECIFIED., .F., .F.,
 ( 4, 1, 1, 1, 1, 1, 1, 1, 1, 1, 1, 1, 4 ),
 ( 0.000000000000000000, 0.09126360489662647957, 0.1809303110850824237, 0.2700882198317228755, 0.3601561333877266180, 0.4483425324981537008, 0.5326658421383304587, 0.6138337041070476285, 0.6939815272835585525, 0.7727159770890034141, 0.8493351720622465129, 0.9239673265752319509, 1.000000000000000000 ),
 .UNSPECIFIED. ) ;
#573 = EDGE_LOOP ( 'NONE', ( #3162, #4633, #6061, #2430 ) ) ;
#574 = CARTESIAN_POINT ( 'NONE',  ( 173.8642224950175716, 13.00000000000000178, 52.44860190432402902 ) ) ;
#575 = CARTESIAN_POINT ( 'NONE',  ( 71.53245376683750578, 13.00000000000000178, 30.50044994791183584 ) ) ;
#576 = CARTESIAN_POINT ( 'NONE',  ( 75.08958273437217201, 10.00000000000000355, 19.64234997936065596 ) ) ;
#577 = CARTESIAN_POINT ( 'NONE',  ( 104.9855932220072106, 10.00000000000000000, 53.60786849867463388 ) ) ;
#578 = EDGE_CURVE ( 'NONE', #3291, #5970, #5514, .T. ) ;
#579 = CARTESIAN_POINT ( 'NONE',  ( 175.9182094810001900, 9.999999999999996447, 38.40414075228841995 ) ) ;
#580 = ORIENTED_EDGE ( 'NONE', *, *, #3476, .T. ) ;
#581 = CARTESIAN_POINT ( 'NONE',  ( 112.5638490155022140, 10.00000000000000000, 26.97248429524906399 ) ) ;
#582 = CARTESIAN_POINT ( 'NONE',  ( 66.33174706816106436, 13.00000000000000178, 50.88551272944386028 ) ) ;
#583 = CARTESIAN_POINT ( 'NONE',  ( 194.8899142931276742, 10.00000000000000000, 30.15142126571570103 ) ) ;
#584 = CARTESIAN_POINT ( 'NONE',  ( 230.6861056367430933, 10.00000000000000178, 60.13425514878924361 ) ) ;
#585 = EDGE_CURVE ( 'NONE', #4177, #2899, #3717, .T. ) ;
#586 = ORIENTED_EDGE ( 'NONE', *, *, #2359, .F. ) ;
#587 = CARTESIAN_POINT ( 'NONE',  ( 133.3333333333333428, 20.00000000000000000, 96.43724644492834841 ) ) ;
#588 = CARTESIAN_POINT ( 'NONE',  ( 86.09594471247942238, 13.00000000000000178, 59.32130626352228830 ) ) ;
#589 = ORIENTED_EDGE ( 'NONE', *, *, #1552, .F. ) ;
#590 = CARTESIAN_POINT ( 'NONE',  ( 88.22253416289635197, 13.00000000000000178, 51.35217458101564603 ) ) ;
#591 = ORIENTED_EDGE ( 'NONE', *, *, #1699, .T. ) ;
#592 = CARTESIAN_POINT ( 'NONE',  ( 226.7591678083176134, 10.00000000000000355, 35.34828180983134871 ) ) ;
#593 = FACE_BOUND ( 'NONE', #1297, .T. ) ;
#594 = LINE ( 'NONE', #2381, #5965 ) ;
#595 = CARTESIAN_POINT ( 'NONE',  ( 198.1410770185481454, 10.00000000000000000, 26.72623602907332341 ) ) ;
#596 = CARTESIAN_POINT ( 'NONE',  ( 117.7793436273162655, 13.00000000000000178, 30.15155712071386063 ) ) ;
#597 = CARTESIAN_POINT ( 'NONE',  ( 223.5863015280311288, 9.999999999999996447, 30.57907197390593268 ) ) ;
#598 = CARTESIAN_POINT ( 'NONE',  ( 131.4680893191051894, 13.00000000000000178, 41.39186572318823210 ) ) ;
#599 = ORIENTED_EDGE ( 'NONE', *, *, #2383, .T. ) ;
#600 = CARTESIAN_POINT ( 'NONE',  ( 151.5542556868656447, 9.999999999999996447, 53.57990811141051068 ) ) ;
#601 = CARTESIAN_POINT ( 'NONE',  ( 166.0376218628899210, 10.00000000000000000, 54.48947390979268590 ) ) ;
#602 = ORIENTED_EDGE ( 'NONE', *, *, #1819, .F. ) ;
#603 = CARTESIAN_POINT ( 'NONE',  ( 176.2506589059901501, 13.00000000000000178, 46.49129756397508118 ) ) ;
#604 = CARTESIAN_POINT ( 'NONE',  ( 232.4019729124604225, 12.99999999999999822, 30.34721525295983469 ) ) ;
#605 = LINE ( 'NONE', #5785, #4962 ) ;
#606 = CARTESIAN_POINT ( 'NONE',  ( 198.1410770185481454, 9.999999999999996447, 26.72623602907332341 ) ) ;
#607 = CARTESIAN_POINT ( 'NONE',  ( 176.5240547604687436, 10.00000000000000000, 43.21423869098233439 ) ) ;
#608 = EDGE_LOOP ( 'NONE', ( #1641, #4869, #3488, #1764 ) ) ;
#609 = CARTESIAN_POINT ( 'NONE',  ( 234.5105253565372436, 12.99999999999999822, 47.30715126054657560 ) ) ;
#610 = ADVANCED_FACE ( 'NONE', ( #2239 ), #4644, .T. ) ;
#611 = CARTESIAN_POINT ( 'NONE',  ( 154.2122806037125144, 12.99999999999999822, 26.83671280181727781 ) ) ;
#612 = DIRECTION ( 'NONE',  ( 1.000000000000000000, 0.000000000000000000, 0.000000000000000000 ) ) ;
#613 = CARTESIAN_POINT ( 'NONE',  ( 237.2374726850832474, 9.999999999999998224, 57.39520273183650545 ) ) ;
#614 = ORIENTED_EDGE ( 'NONE', *, *, #881, .F. ) ;
#615 = CARTESIAN_POINT ( 'NONE',  ( 87.35294377262492560, 9.999999999999998224, 22.20034433575041888 ) ) ;
#616 = CARTESIAN_POINT ( 'NONE',  ( 126.4137414202504459, 13.00000000000000178, 28.01615355428619125 ) ) ;
#617 = ORIENTED_EDGE ( 'NONE', *, *, #4662, .T. ) ;
#618 = ADVANCED_FACE ( 'NONE', ( #1740 ), #3710, .T. ) ;
#619 = CIRCLE ( 'NONE', #2685, 1.500000000000001332 ) ;
#620 = CARTESIAN_POINT ( 'NONE',  ( 211.1394393758533568, 13.00000000000000178, 13.41255599867463566 ) ) ;
#621 = ORIENTED_EDGE ( 'NONE', *, *, #2623, .T. ) ;
#622 = CARTESIAN_POINT ( 'NONE',  ( 152.3372253080545988, 13.00000000000000178, 32.28676006595252090 ) ) ;
#623 = CARTESIAN_POINT ( 'NONE',  ( 159.5228528373918095, 13.00000000000000178, 26.10486369098232728 ) ) ;
#624 = DIRECTION ( 'NONE',  ( 1.000000000000000000, 0.000000000000000000, -0.000000000000000000 ) ) ;
#625 = EDGE_CURVE ( 'NONE', #2899, #5349, #1248, .T. ) ;
#626 = CIRCLE ( 'NONE', #1015, 1.650000000000000355 ) ;
#627 = EDGE_LOOP ( 'NONE', ( #2730, #1372, #3235, #1721 ) ) ;
#628 = CARTESIAN_POINT ( 'NONE',  ( 235.9269443212340889, 10.00000000000000178, 51.16162166358407859 ) ) ;
#629 = CARTESIAN_POINT ( 'NONE',  ( 171.5990171214701547, 9.999999999999998224, 31.08946696360374062 ) ) ;
#630 = AXIS2_PLACEMENT_3D ( 'NONE', #587, #3862, #2374 ) ;
#631 = DIRECTION ( 'NONE',  ( 0.000000000000000000, 0.000000000000000000, 1.000000000000000000 ) ) ;
#632 = ORIENTED_EDGE ( 'NONE', *, *, #2312, .F. ) ;
#633 =( LENGTH_UNIT ( ) NAMED_UNIT ( * ) SI_UNIT ( .MILLI., .METRE. ) );
#634 = ORIENTED_EDGE ( 'NONE', *, *, #5781, .F. ) ;
#635 = VECTOR ( 'NONE', #4721, 1000.000000000000000 ) ;
#636 = CARTESIAN_POINT ( 'NONE',  ( 88.81279164488439903, 10.00000000000000000, 48.10399370023800714 ) ) ;
#637 = CARTESIAN_POINT ( 'NONE',  ( 190.5178128098172579, 12.99999999999999822, 32.33405102119188257 ) ) ;
#638 = CARTESIAN_POINT ( 'NONE',  ( 151.3030939378090807, 13.00000000000000178, 33.06632664925396625 ) ) ;
#639 = DIRECTION ( 'NONE',  ( 0.000000000000000000, 0.000000000000000000, 1.000000000000000000 ) ) ;
#640 = CARTESIAN_POINT ( 'NONE',  ( 75.45288849755934280, 9.999999999999996447, 28.78483346611379545 ) ) ;
#641 = EDGE_LOOP ( 'NONE', ( #4517, #4731, #4804, #475 ) ) ;
#642 = CARTESIAN_POINT ( 'NONE',  ( 107.6843844399388814, 13.00000000000000178, 29.75320977652484444 ) ) ;
#643 = CARTESIAN_POINT ( 'NONE',  ( 168.6571851319350799, 9.999999999999996447, 33.96257182326635160 ) ) ;
#644 = CARTESIAN_POINT ( 'NONE',  ( 80.45491918369140194, 13.00000000000000178, 60.71091527747433503 ) ) ;
#645 = LINE ( 'NONE', #5699, #5376 ) ;
#646 = CARTESIAN_POINT ( 'NONE',  ( 238.9155109144194853, 12.99999999999999822, 55.14454521813032528 ) ) ;
#647 = ORIENTED_EDGE ( 'NONE', *, *, #4879, .T. ) ;
#648 = CARTESIAN_POINT ( 'NONE',  ( 207.1009778373918095, 13.00000000000000178, 26.68178676790540393 ) ) ;
#649 = EDGE_CURVE ( 'NONE', #1860, #3052, #533, .T. ) ;
#650 = CARTESIAN_POINT ( 'NONE',  ( 199.9999999999999432, 10.00000000000000000, 96.43724644492834841 ) ) ;
#651 = VERTEX_POINT ( 'NONE', #2938 ) ;
#652 = CIRCLE ( 'NONE', #3704, 1.649999999999987477 ) ;
#653 = CARTESIAN_POINT ( 'NONE',  ( 148.2304906088730547, 10.00000000000000000, 30.25366991630549407 ) ) ;
#654 = ORIENTED_EDGE ( 'NONE', *, *, #5100, .T. ) ;
#655 = B_SPLINE_SURFACE_WITH_KNOTS ( 'NONE', 3, 1, ( 
 ( #4300, #5779 ),
 ( #42, #3877 ),
 ( #5746, #1525 ),
 ( #5290, #1896 ),
 ( #1431, #4738 ),
 ( #1958, #3911 ),
 ( #2943, #3318 ),
 ( #2388, #1928 ),
 ( #1463, #600 ),
 ( #3343, #3373 ),
 ( #5716, #2480 ),
 ( #5224, #1493 ),
 ( #5255, #136 ),
 ( #1029, #4795 ),
 ( #3440, #4893 ) ),
 .UNSPECIFIED., .F., .F., .F.,
 ( 4, 1, 1, 1, 1, 1, 1, 1, 1, 1, 1, 1, 4 ),
 ( 2, 2 ),
 ( 0.000000000000000000, 0.08473274469801528319, 0.1681786536463125981, 0.2514881976122794738, 0.3358406713894902529, 0.4198344941507956563, 0.5023448759880094761, 0.5836490197324388784, 0.6659310052762719145, 0.7487165252643903646, 0.8310473361373620360, 0.9144098067945607422, 1.000000000000000000 ),
 ( 0.000000000000000000, 1.000000000000000000 ),
 .UNSPECIFIED. ) ;
#656 = CARTESIAN_POINT ( 'NONE',  ( 148.0056551857899763, 12.99999999999999822, 37.06099428039627952 ) ) ;
#657 = EDGE_CURVE ( 'NONE', #3006, #4116, #1108, .T. ) ;
#658 = CARTESIAN_POINT ( 'NONE',  ( 163.1215454754359371, 13.00000000000000533, 26.41909914840244866 ) ) ;
#659 = AXIS2_PLACEMENT_3D ( 'NONE', #3023, #1692, #2556 ) ;
#660 = DIRECTION ( 'NONE',  ( 0.000000000000000000, 0.000000000000000000, -1.000000000000000000 ) ) ;
#661 = LINE ( 'NONE', #2461, #2883 ) ;
#662 = CARTESIAN_POINT ( 'NONE',  ( 86.14695601642422673, 13.00000000000000178, 20.89300938138210029 ) ) ;
#663 = CARTESIAN_POINT ( 'NONE',  ( 171.5346249365776430, 9.999999999999998224, 48.25755859981659057 ) ) ;
#664 = CARTESIAN_POINT ( 'NONE',  ( 188.2880851369601487, 10.00000000000000000, 36.93636078845852921 ) ) ;
#665 = CARTESIAN_POINT ( 'NONE',  ( 100.9471316835456918, 10.00000000000000000, 71.68178676790540749 ) ) ;
#666 = ADVANCED_FACE ( 'NONE', ( #3276 ), #1835, .T. ) ;
#667 = DIRECTION ( 'NONE',  ( 0.000000000000000000, 0.000000000000000000, -1.000000000000000000 ) ) ;
#668 = ORIENTED_EDGE ( 'NONE', *, *, #4813, .T. ) ;
#669 = VERTEX_POINT ( 'NONE', #3904 ) ;
#670 = CARTESIAN_POINT ( 'NONE',  ( 88.83174706816106436, 10.00000000000000000, 48.47866176790540038 ) ) ;
#671 = DIRECTION ( 'NONE',  ( 0.000000000000000000, 0.000000000000000000, 1.000000000000000000 ) ) ;
#672 = CARTESIAN_POINT ( 'NONE',  ( 148.0056551857899763, 12.99999999999999822, 37.06099428039627952 ) ) ;
#673 = CARTESIAN_POINT ( 'NONE',  ( 188.2067470681610359, 13.00000000000000178, 37.22866176790540038 ) ) ;
#674 = CARTESIAN_POINT ( 'NONE',  ( 74.79700305691676476, 10.00000000000000000, 28.02559721175794039 ) ) ;
#675 = ORIENTED_EDGE ( 'NONE', *, *, #6090, .F. ) ;
#676 = DIRECTION ( 'NONE',  ( -0.5354662961092240270, 0.000000000000000000, 0.8445565971153554674 ) ) ;
#677 = CARTESIAN_POINT ( 'NONE',  ( 167.6889988448815529, 10.00000000000000000, 33.06597849589670801 ) ) ;
#678 = CARTESIAN_POINT ( 'NONE',  ( 70.61131138217474756, 12.99999999999999822, 18.56777491592289309 ) ) ;
#679 = CARTESIAN_POINT ( 'NONE',  ( 239.3164528517541214, 10.00000000000000178, 54.32221599447760241 ) ) ;
#680 = ORIENTED_EDGE ( 'NONE', *, *, #4927, .T. ) ;
#681 = CARTESIAN_POINT ( 'NONE',  ( 229.3417824955186575, 9.999999999999994671, 30.45579881644802001 ) ) ;
#682 = CARTESIAN_POINT ( 'NONE',  ( 195.2067600435074723, 10.00000000000000178, 30.16878763295718358 ) ) ;
#683 = VERTEX_POINT ( 'NONE', #3468 ) ;
#684 = CARTESIAN_POINT ( 'NONE',  ( 146.9928047604687436, 10.00000000000000000, 31.54957522944386383 ) ) ;
#685 = CARTESIAN_POINT ( 'NONE',  ( 192.3042784331680934, 10.00000000000000355, 26.81037865256016417 ) ) ;
#686 = DIRECTION ( 'NONE',  ( -0.000000000000000000, -1.000000000000000000, -0.000000000000000000 ) ) ;
#687 = CARTESIAN_POINT ( 'NONE',  ( 229.8533816835456491, 10.00000000000000000, 44.28695503713617398 ) ) ;
#688 = EDGE_CURVE ( 'NONE', #103, #1087, #5226, .T. ) ;
#689 = CARTESIAN_POINT ( 'NONE',  ( 199.9999999999999432, 10.00000000000000000, 94.93724644492834841 ) ) ;
#690 = CARTESIAN_POINT ( 'NONE',  ( 82.75763738211354337, 12.99999999999999822, 34.37491606101715291 ) ) ;
#691 = CARTESIAN_POINT ( 'NONE',  ( 211.1394393758533568, 10.00000000000000000, 59.56640215252078718 ) ) ;
#692 = EDGE_LOOP ( 'NONE', ( #5951, #2387, #2004, #5519 ) ) ;
#693 = CARTESIAN_POINT ( 'NONE',  ( 82.75763738211354337, 12.99999999999999822, 34.37491606101715291 ) ) ;
#694 = ORIENTED_EDGE ( 'NONE', *, *, #3602, .F. ) ;
#695 = ADVANCED_FACE ( 'NONE', ( #5834 ), #1611, .T. ) ;
#696 = CARTESIAN_POINT ( 'NONE',  ( 33.33333333333334991, 10.00000000000000000, 97.93724644492834841 ) ) ;
#697 = CARTESIAN_POINT ( 'NONE',  ( 266.6666666666666856, 20.00000000000000000, 96.43724644492834841 ) ) ;
#698 = LINE ( 'NONE', #4866, #721 ) ;
#699 = PLANE ( 'NONE',  #230 ) ;
#700 = B_SPLINE_CURVE_WITH_KNOTS ( 'NONE', 3,
 ( #460, #1915, #5182, #5671, #2345, #6084, #957, #6113, #1854, #4751, #2867 ),
 .UNSPECIFIED., .F., .F.,
 ( 4, 1, 1, 1, 1, 1, 1, 1, 4 ),
 ( 0.000000000000000000, 0.1281572795931853748, 0.2538343627967346028, 0.3765056225222085384, 0.4985336856679091211, 0.6213677287324633758, 0.7445647449043580890, 0.8706337982552827537, 0.9999999999999998890 ),
 .UNSPECIFIED. ) ;
#701 = FACE_OUTER_BOUND ( 'NONE', #124, .T. ) ;
#702 = ORIENTED_EDGE ( 'NONE', *, *, #5031, .T. ) ;
#703 = CARTESIAN_POINT ( 'NONE',  ( 228.8690467009625138, 10.00000000000000000, 43.73750313501459175 ) ) ;
#704 = EDGE_CURVE ( 'NONE', #3417, #3474, #3466, .T. ) ;
#705 = CARTESIAN_POINT ( 'NONE',  ( 172.4732726073876847, 13.00000000000000178, 42.79594193249599954 ) ) ;
#706 = B_SPLINE_SURFACE_WITH_KNOTS ( 'NONE', 3, 1, ( 
 ( #5382, #1156 ),
 ( #693, #2573 ),
 ( #227, #2115 ),
 ( #1393, #5585 ),
 ( #2323, #403 ),
 ( #2354, #2295 ),
 ( #1831, #5128 ),
 ( #3310, #6060 ),
 ( #2849, #4171 ),
 ( #5098, #934 ),
 ( #5613, #4229 ),
 ( #5067, #2755 ),
 ( #4204, #4639 ),
 ( #5646, #3213 ),
 ( #2237, #3716 ) ),
 .UNSPECIFIED., .F., .F., .F.,
 ( 4, 1, 1, 1, 1, 1, 1, 1, 1, 1, 1, 1, 4 ),
 ( 2, 2 ),
 ( 0.000000000000000000, 0.09697231038151644944, 0.1877734389628683276, 0.2723961390136932503, 0.3513209973752891568, 0.4243347744514677777, 0.4919087840005269552, 0.5542332197968005136, 0.6112676582441549655, 0.7163478449915540169, 0.8145400858216161888, 0.9084954561491859204, 1.000000000000000000 ),
 ( 0.000000000000000000, 1.000000000000000000 ),
 .UNSPECIFIED. ) ;
#707 = CARTESIAN_POINT ( 'NONE',  ( 69.99037710966879899, 10.00000000000000355, 19.80630777809779630 ) ) ;
#708 = CARTESIAN_POINT ( 'NONE',  ( 232.3197157286337244, 10.00000000000000178, 59.98823352663391262 ) ) ;
#709 = VERTEX_POINT ( 'NONE', #5793 ) ;
#710 = CARTESIAN_POINT ( 'NONE',  ( 83.87815970161449286, 10.00000000000000178, 19.05596736714736750 ) ) ;
#711 = LINE ( 'NONE', #5860, #5673 ) ;
#712 = EDGE_LOOP ( 'NONE', ( #5610, #4608, #3123, #5254 ) ) ;
#713 = VERTEX_POINT ( 'NONE', #5857 ) ;
#714 = CARTESIAN_POINT ( 'NONE',  ( 190.2724218832905763, 10.00000000000000178, 28.12587827876526347 ) ) ;
#715 = CARTESIAN_POINT ( 'NONE',  ( 183.4471316835456491, 13.00000000000000178, 26.68178676790540393 ) ) ;
#716 = CARTESIAN_POINT ( 'NONE',  ( 296.4644660940673475, 10.00000000000000000, 5.185533905932724785 ) ) ;
#717 = DIRECTION ( 'NONE',  ( 0.000000000000000000, 0.000000000000000000, 1.000000000000000000 ) ) ;
#718 = FACE_OUTER_BOUND ( 'NONE', #1203, .T. ) ;
#719 = ORIENTED_EDGE ( 'NONE', *, *, #2453, .F. ) ;
#720 = ADVANCED_FACE ( 'NONE', ( #1168 ), #897, .T. ) ;
#721 = VECTOR ( 'NONE', #1589, 1000.000000000000000 ) ;
#722 = DIRECTION ( 'NONE',  ( 0.000000000000000000, 1.000000000000000000, 0.000000000000000000 ) ) ;
#723 = ORIENTED_EDGE ( 'NONE', *, *, #1100, .F. ) ;
#724 = CARTESIAN_POINT ( 'NONE',  ( 239.4086701450841304, 13.00000000000000178, 30.78334926790540393 ) ) ;
#725 = CARTESIAN_POINT ( 'NONE',  ( 33.33333333333334991, 20.00000000000000000, 97.93724644492834841 ) ) ;
#726 = CARTESIAN_POINT ( 'NONE',  ( 189.3633289012965122, 12.99999999999999822, 34.08206596560450663 ) ) ;
#727 = CARTESIAN_POINT ( 'NONE',  ( 80.41018664836380481, 13.00000000000000178, 56.09387504439669669 ) ) ;
#728 = CARTESIAN_POINT ( 'NONE',  ( 189.0333336900361019, 10.00000000000000000, 34.78573541459059726 ) ) ;
#729 = CARTESIAN_POINT ( 'NONE',  ( 73.87963974877493456, 10.00000000000000000, 26.57896168390463743 ) ) ;
#730 = ORIENTED_EDGE ( 'NONE', *, *, #2094, .F. ) ;
#731 = LINE ( 'NONE', #2609, #1645 ) ;
#732 = EDGE_CURVE ( 'NONE', #3867, #4156, #3026, .T. ) ;
#733 = B_SPLINE_CURVE_WITH_KNOTS ( 'NONE', 3,
 ( #2012, #2044, #525, #2965, #2407, #2931, #4148, #2732, #3631, #6043, #3702, #1351, #3508, #1655, #3166, #335, #2711, #4815, #2641 ),
 .UNSPECIFIED., .F., .F.,
 ( 4, 1, 1, 1, 1, 1, 1, 1, 1, 1, 1, 1, 1, 1, 1, 1, 4 ),
 ( 0.000000000000000000, 0.06508101777502911522, 0.1286360505630803341, 0.1906529019116439683, 0.2521250372681096419, 0.3134462756463776700, 0.3752272792333934959, 0.4384980827328621711, 0.5032850999340382492, 0.5680096868463694326, 0.6308789816949758045, 0.6921535040082759105, 0.7525521497156014705, 0.8131910939047697351, 0.8739853995183316515, 0.9362579468344571776, 1.000000000000000000 ),
 .UNSPECIFIED. ) ;
#734 = VECTOR ( 'NONE', #1858, 1000.000000000000000 ) ;
#735 = CARTESIAN_POINT ( 'NONE',  ( 239.6425700259317750, 12.99999999999999822, 47.94845987594759862 ) ) ;
#736 = CARTESIAN_POINT ( 'NONE',  ( 172.2629208338473745, 10.00000000000000000, 40.63049205638245098 ) ) ;
#737 = CYLINDRICAL_SURFACE ( 'NONE', #1700, 1.500000000000001332 ) ;
#738 = CARTESIAN_POINT ( 'NONE',  ( 239.6425700259317750, 12.99999999999999822, 47.94845987594759862 ) ) ;
#739 = ORIENTED_EDGE ( 'NONE', *, *, #1789, .T. ) ;
#740 = CARTESIAN_POINT ( 'NONE',  ( 85.58903789757675895, 13.00000000000000178, 20.34398195275216281 ) ) ;
#741 = CARTESIAN_POINT ( 'NONE',  ( 196.8065066835456491, 10.00000000000000000, 30.72926272944386028 ) ) ;
#742 = ADVANCED_FACE ( 'NONE', ( #384 ), #4153, .T. ) ;
#743 = ORIENTED_EDGE ( 'NONE', *, *, #1716, .T. ) ;
#744 = ORIENTED_EDGE ( 'NONE', *, *, #4380, .T. ) ;
#745 = CARTESIAN_POINT ( 'NONE',  ( 158.2070659056574584, 13.00000000000000178, 30.18021075543741105 ) ) ;
#746 = CARTESIAN_POINT ( 'NONE',  ( 131.1010559769668191, 13.00000000000000178, 39.73634268476655507 ) ) ;
#747 = VECTOR ( 'NONE', #5708, 1000.000000000000000 ) ;
#748 = EDGE_LOOP ( 'NONE', ( #228, #1274, #4655, #1210 ) ) ;
#749 = CARTESIAN_POINT ( 'NONE',  ( 191.8448488625280390, 10.00000000000000000, 31.11495075856722892 ) ) ;
#750 = CARTESIAN_POINT ( 'NONE',  ( 89.22328465872247705, 13.00000000000000178, 39.95563594253312090 ) ) ;
#751 = CARTESIAN_POINT ( 'NONE',  ( 230.1418432220071963, 9.999999999999996447, 56.10486369098232728 ) ) ;
#752 = VERTEX_POINT ( 'NONE', #5915 ) ;
#753 = B_SPLINE_SURFACE_WITH_KNOTS ( 'NONE', 3, 1, ( 
 ( #1904, #3792 ),
 ( #1036, #2366 ),
 ( #1470, #4243 ),
 ( #5754, #4775 ),
 ( #5693, #544 ),
 ( #2860, #1533 ),
 ( #4307, #579 ),
 ( #5722, #1935 ),
 ( #2457, #81 ),
 ( #1963, #3854 ),
 ( #111, #607 ) ),
 .UNSPECIFIED., .F., .F., .F.,
 ( 4, 1, 1, 1, 1, 1, 1, 1, 4 ),
 ( 2, 2 ),
 ( 0.000000000000000000, 0.1281572795931853748, 0.2538343627967346028, 0.3765056225222085384, 0.4985336856679091211, 0.6213677287324633758, 0.7445647449043580890, 0.8706337982552827537, 0.9999999999999998890 ),
 ( 0.000000000000000000, 1.000000000000000000 ),
 .UNSPECIFIED. ) ;
#754 = FACE_OUTER_BOUND ( 'NONE', #4623, .T. ) ;
#755 = ORIENTED_EDGE ( 'NONE', *, *, #3279, .F. ) ;
#756 = DIRECTION ( 'NONE',  ( -0.000000000000000000, -1.000000000000000000, -0.000000000000000000 ) ) ;
#757 = CARTESIAN_POINT ( 'NONE',  ( 157.7070953901129826, 13.00000000000000178, 60.09687274895013331 ) ) ;
#758 = CARTESIAN_POINT ( 'NONE',  ( 229.8533816835456491, 13.00000000000000178, 44.28695503713617398 ) ) ;
#759 = DIRECTION ( 'NONE',  ( 0.000000000000000000, 1.000000000000000000, 0.000000000000000000 ) ) ;
#760 = ORIENTED_EDGE ( 'NONE', *, *, #2006, .T. ) ;
#761 = CARTESIAN_POINT ( 'NONE',  ( 183.4471316835456491, 13.00000000000000178, 59.56640215252078718 ) ) ;
#762 = CARTESIAN_POINT ( 'NONE',  ( 225.9616490342232282, 13.00000000000000178, 54.75292286733682090 ) ) ;
#763 = ADVANCED_FACE ( 'NONE', ( #3105 ), #3634, .F. ) ;
#764 = CARTESIAN_POINT ( 'NONE',  ( 69.23314371126261335, 13.00000000000000178, 23.43826178174383301 ) ) ;
#765 = CARTESIAN_POINT ( 'NONE',  ( 147.0446178667880019, 9.999999999999998224, 39.38999660237317357 ) ) ;
#766 = ORIENTED_EDGE ( 'NONE', *, *, #2279, .F. ) ;
#767 = CARTESIAN_POINT ( 'NONE',  ( 135.5467600560192523, 12.99999999999999822, 43.61769419655626479 ) ) ;
#768 = CARTESIAN_POINT ( 'NONE',  ( 135.5145705098952362, 12.99999999999999822, 41.33209375141706943 ) ) ;
#769 = ORIENTED_EDGE ( 'NONE', *, *, #2649, .F. ) ;
#770 = CARTESIAN_POINT ( 'NONE',  ( 114.8415233041211252, 13.00000000000000178, 55.71329067602535901 ) ) ;
#771 = EDGE_CURVE ( 'NONE', #1123, #3496, #3239, .T. ) ;
#772 = EDGE_CURVE ( 'NONE', #1157, #2419, #6065, .T. ) ;
#773 = CARTESIAN_POINT ( 'NONE',  ( 86.13505689383481467, 13.00000000000000178, 14.90062131875532359 ) ) ;
#774 = CARTESIAN_POINT ( 'NONE',  ( 74.24765569782037744, 10.00000000000000355, 59.46018568414470451 ) ) ;
#775 = CYLINDRICAL_SURFACE ( 'NONE', #5450, 1.500000000000001332 ) ;
#776 = CARTESIAN_POINT ( 'NONE',  ( 88.42199648033019344, 10.00000000000000000, 23.51317393499916975 ) ) ;
#777 = UNCERTAINTY_MEASURE_WITH_UNIT (LENGTH_MEASURE( 1.000000000000000082E-05 ), #633, 'distance_accuracy_value', 'NONE');
#778 = FACE_OUTER_BOUND ( 'NONE', #3879, .T. ) ;
#779 = CARTESIAN_POINT ( 'NONE',  ( 176.5240547604687436, 13.00000000000000178, 43.21423869098233439 ) ) ;
#780 = DIRECTION ( 'NONE',  ( -0.000000000000000000, -1.000000000000000000, -0.000000000000000000 ) ) ;
#781 = CARTESIAN_POINT ( 'NONE',  ( 135.5156864712129732, 10.00000000000000000, 44.76892153987853362 ) ) ;
#782 = ORIENTED_EDGE ( 'NONE', *, *, #1788, .T. ) ;
#783 = CARTESIAN_POINT ( 'NONE',  ( 233.6049054548277013, 10.00000000000000178, 46.54776754321186161 ) ) ;
#784 = ORIENTED_EDGE ( 'NONE', *, *, #4646, .T. ) ;
#785 = CARTESIAN_POINT ( 'NONE',  ( 80.49489851965704190, 13.00000000000000178, 37.88742750735747933 ) ) ;
#786 = FACE_OUTER_BOUND ( 'NONE', #2154, .T. ) ;
#787 = CARTESIAN_POINT ( 'NONE',  ( 235.3883074780264906, 13.00000000000000178, 42.68904331403184216 ) ) ;
#788 = CARTESIAN_POINT ( 'NONE',  ( 201.3317470681610644, 13.00000000000000178, 30.72024830636694048 ) ) ;
#789 = ORIENTED_EDGE ( 'NONE', *, *, #4298, .F. ) ;
#790 = CARTESIAN_POINT ( 'NONE',  ( 79.05571480892136549, 12.99999999999999822, 31.72692544198341125 ) ) ;
#791 = CARTESIAN_POINT ( 'NONE',  ( 239.1532494572123255, 13.00000000000000178, 46.69850866596841854 ) ) ;
#792 = CARTESIAN_POINT ( 'NONE',  ( 195.5084297604687436, 13.00000000000000178, 26.10486369098232728 ) ) ;
#793 = CARTESIAN_POINT ( 'NONE',  ( 66.33174706816106436, 10.00000000000000000, 50.88551272944386028 ) ) ;
#794 = CARTESIAN_POINT ( 'NONE',  ( 73.48185173478391619, 13.00000000000000178, 32.54399400202712656 ) ) ;
#795 = CARTESIAN_POINT ( 'NONE',  ( 227.8341509143148755, 10.00000000000000178, 37.55318099867463388 ) ) ;
#796 = VERTEX_POINT ( 'NONE', #1345 ) ;
#797 = DIRECTION ( 'NONE',  ( -0.000000000000000000, -1.000000000000000000, -0.000000000000000000 ) ) ;
#798 = CARTESIAN_POINT ( 'NONE',  ( 132.7165621901084762, 12.99999999999999822, 33.66051573953139808 ) ) ;
#799 = EDGE_CURVE ( 'NONE', #3046, #5919, #5977, .T. ) ;
#800 = CARTESIAN_POINT ( 'NONE',  ( 211.1394393758533568, 10.00000000000000000, 30.72024830636694048 ) ) ;
#801 = CARTESIAN_POINT ( 'NONE',  ( 231.3473460269986219, 13.00000000000000178, 60.11645474070200379 ) ) ;
#802 = CARTESIAN_POINT ( 'NONE',  ( 76.22056918354567756, 10.00000000000000000, 29.53935888329002069 ) ) ;
#803 = FACE_OUTER_BOUND ( 'NONE', #4592, .T. ) ;
#804 = ADVANCED_FACE ( 'NONE', ( #4527 ), #4198, .T. ) ;
#805 = B_SPLINE_CURVE_WITH_KNOTS ( 'NONE', 3,
 ( #5408, #2600, #1618, #3506, #783, #4030, #1678, #4951, #4484, #1241, #3064 ),
 .UNSPECIFIED., .F., .F.,
 ( 4, 1, 1, 1, 1, 1, 1, 1, 4 ),
 ( 0.000000000000000000, 0.07687507403504674486, 0.1674616757257265387, 0.2722700232466411796, 0.3895508405125233664, 0.5208013683480536837, 0.6662632933752267173, 0.8255449152058624840, 1.000000000000000000 ),
 .UNSPECIFIED. ) ;
#806 = CARTESIAN_POINT ( 'NONE',  ( 105.0060470861504882, 13.00000000000000178, 43.79262843456552190 ) ) ;
#807 = CARTESIAN_POINT ( 'NONE',  ( 232.3841009868725678, 10.00000000000000000, 55.74015439321492238 ) ) ;
#808 = DIRECTION ( 'NONE',  ( 1.000000000000000000, 0.000000000000000000, 0.000000000000000000 ) ) ;
#809 = ORIENTED_EDGE ( 'NONE', *, *, #5282, .T. ) ;
#810 = EDGE_CURVE ( 'NONE', #151, #3449, #5473, .T. ) ;
#811 = CARTESIAN_POINT ( 'NONE',  ( 211.1394393758533568, 13.00000000000000178, 13.41255599867463566 ) ) ;
#812 = CARTESIAN_POINT ( 'NONE',  ( 238.4531412989302908, 13.00000000000000178, 45.55798869098232018 ) ) ;
#813 = ORIENTED_EDGE ( 'NONE', *, *, #2015, .T. ) ;
#814 = CARTESIAN_POINT ( 'NONE',  ( 118.2998961066225974, 13.00000000000000000, 56.10486369098232728 ) ) ;
#815 = CARTESIAN_POINT ( 'NONE',  ( 145.0008902417989987, 10.00000000000000000, 34.10757402062465360 ) ) ;
#816 = CARTESIAN_POINT ( 'NONE',  ( 87.16373393591851482, 10.00000000000000178, 58.69814210558249101 ) ) ;
#817 = VECTOR ( 'NONE', #2248, 1000.000000000000000 ) ;
#818 = LINE ( 'NONE', #1247, #253 ) ;
#819 = ORIENTED_EDGE ( 'NONE', *, *, #4094, .T. ) ;
#820 = CARTESIAN_POINT ( 'NONE',  ( 227.6556058188792235, 10.00000000000000178, 59.86727763248176615 ) ) ;
#821 = CARTESIAN_POINT ( 'NONE',  ( 238.4531412989302908, 10.00000000000000355, 45.55798869098232018 ) ) ;
#822 = VECTOR ( 'NONE', #4435, 1000.000000000000000 ) ;
#823 = CARTESIAN_POINT ( 'NONE',  ( 228.4340826859140634, 9.999999999999996447, 55.90154673409737285 ) ) ;
#824 = CARTESIAN_POINT ( 'NONE',  ( 112.7508932562361395, 13.00000000000000178, 59.26249808025058030 ) ) ;
#825 = DIRECTION ( 'NONE',  ( 0.000000000000000000, -1.000000000000000000, 0.000000000000000000 ) ) ;
#826 = CARTESIAN_POINT ( 'NONE',  ( 117.7455574068269897, 13.00000000000000178, 60.12667770169663584 ) ) ;
#827 = PLANE ( 'NONE',  #1730 ) ;
#828 = ORIENTED_EDGE ( 'NONE', *, *, #3030, .F. ) ;
#829 = CARTESIAN_POINT ( 'NONE',  ( 104.9855932220072106, 13.00000000000000178, 71.68178676790540749 ) ) ;
#830 = CARTESIAN_POINT ( 'NONE',  ( 236.6682855296995172, 10.00000000000000000, 33.60486369098232728 ) ) ;
#831 = VECTOR ( 'NONE', #984, 1000.000000000000000 ) ;
#832 = CARTESIAN_POINT ( 'NONE',  ( 133.6205236655792987, 12.99999999999999822, 51.13623364477204092 ) ) ;
#833 = DIRECTION ( 'NONE',  ( 1.000000000000000000, 0.000000000000000000, 0.000000000000000000 ) ) ;
#834 = PRODUCT_DEFINITION ( 'UNKNOWN', '', #2428, #1994 ) ;
#835 = CARTESIAN_POINT ( 'NONE',  ( 79.67575831774630046, 9.999999999999998224, 60.71367597154306139 ) ) ;
#836 = CARTESIAN_POINT ( 'NONE',  ( 118.2728528373918380, 13.00000000000000178, 26.10486369098232728 ) ) ;
#837 = CARTESIAN_POINT ( 'NONE',  ( 86.14695601642422673, 10.00000000000000000, 20.89300938138210029 ) ) ;
#838 = CARTESIAN_POINT ( 'NONE',  ( 238.3953347306543549, 12.99999999999999822, 29.68921212755035199 ) ) ;
#839 = ORIENTED_EDGE ( 'NONE', *, *, #2950, .F. ) ;
#840 = EDGE_CURVE ( 'NONE', #4177, #1677, #5248, .T. ) ;
#841 = CARTESIAN_POINT ( 'NONE',  ( 187.4855932220071963, 13.00000000000000178, 59.56640215252078718 ) ) ;
#842 = CARTESIAN_POINT ( 'NONE',  ( 118.2728528373918380, 13.00000000000000178, 26.10486369098232728 ) ) ;
#843 = CARTESIAN_POINT ( 'NONE',  ( 123.4398610837451713, 10.00000000000000178, 59.46775093999144701 ) ) ;
#844 = EDGE_LOOP ( 'NONE', ( #4851, #4101, #1605, #872 ) ) ;
#845 = CARTESIAN_POINT ( 'NONE',  ( 142.5000357836969158, 13.00000000000000178, 42.66374024378770002 ) ) ;
#846 = ORIENTED_EDGE ( 'NONE', *, *, #3942, .T. ) ;
#847 = VECTOR ( 'NONE', #1970, 1000.000000000000000 ) ;
#848 = CARTESIAN_POINT ( 'NONE',  ( 87.21816533739183797, 10.00000000000000000, 44.06159446021309378 ) ) ;
#849 = CARTESIAN_POINT ( 'NONE',  ( 100.9471316835456918, 13.00000000000000178, 26.68178676790540393 ) ) ;
#850 = CARTESIAN_POINT ( 'NONE',  ( 220.9471316835456491, 13.00000000000000178, 55.69020022944386028 ) ) ;
#851 = CARTESIAN_POINT ( 'NONE',  ( 226.7695235758930892, 13.00000000000000533, 55.24976677180527673 ) ) ;
#852 = ORIENTED_EDGE ( 'NONE', *, *, #3942, .F. ) ;
#853 = CARTESIAN_POINT ( 'NONE',  ( 221.7979841055999941, 13.00000000000000533, 56.69523493568479466 ) ) ;
#854 = VECTOR ( 'NONE', #5568, 1000.000000000000000 ) ;
#855 = CARTESIAN_POINT ( 'NONE',  ( 100.9471316835456918, 13.00000000000000178, 71.68178676790540749 ) ) ;
#856 = FACE_OUTER_BOUND ( 'NONE', #3581, .T. ) ;
#857 = CARTESIAN_POINT ( 'NONE',  ( 230.9891989912379984, 13.00000000000000178, 30.14332522944386383 ) ) ;
#858 = CARTESIAN_POINT ( 'NONE',  ( 151.3030939378090807, 10.00000000000000000, 33.06632664925396625 ) ) ;
#859 = CARTESIAN_POINT ( 'NONE',  ( 129.7451541670604627, 10.00000000000000000, 36.58109020984875315 ) ) ;
#860 = CARTESIAN_POINT ( 'NONE',  ( 88.51906618588604658, 13.00000000000000178, 16.65596008642218706 ) ) ;
#861 = EDGE_LOOP ( 'NONE', ( #2061, #6002 ) ) ;
#862 = CARTESIAN_POINT ( 'NONE',  ( 79.55365675257864666, 13.00000000000000178, 56.08239738495731785 ) ) ;
#863 = CARTESIAN_POINT ( 'NONE',  ( 145.1454218015134643, 13.00000000000000178, 52.44860745438511174 ) ) ;
#864 = VECTOR ( 'NONE', #1851, 1000.000000000000000 ) ;
#865 = CARTESIAN_POINT ( 'NONE',  ( 79.00027283133121614, 9.999999999999996447, 60.70061407368071116 ) ) ;
#866 = CARTESIAN_POINT ( 'NONE',  ( 146.5240547604687720, 13.00000000000000178, 43.24128196021309378 ) ) ;
#867 = CARTESIAN_POINT ( 'NONE',  ( 79.67575831774630046, 9.999999999999996447, 60.71367597154306139 ) ) ;
#868 = ORIENTED_EDGE ( 'NONE', *, *, #1856, .F. ) ;
#869 = CARTESIAN_POINT ( 'NONE',  ( 146.9928047604687436, 13.00000000000000178, 31.54957522944386383 ) ) ;
#870 = CARTESIAN_POINT ( 'NONE',  ( 235.2530135398697553, 10.00000000000000178, 32.09621362093136554 ) ) ;
#871 = FACE_OUTER_BOUND ( 'NONE', #4940, .T. ) ;
#872 = ORIENTED_EDGE ( 'NONE', *, *, #799, .T. ) ;
#873 = EDGE_CURVE ( 'NONE', #4862, #519, #1849, .T. ) ;
#874 = CARTESIAN_POINT ( 'NONE',  ( 143.0902175594972334, 10.00000000000000355, 38.41581928789208433 ) ) ;
#875 = VERTEX_POINT ( 'NONE', #1873 ) ;
#876 = CARTESIAN_POINT ( 'NONE',  ( 124.8539557345317519, 12.99999999999999822, 54.41044302797671861 ) ) ;
#877 = CARTESIAN_POINT ( 'NONE',  ( 142.4855932220072532, 10.00000000000000000, 43.21423869098233439 ) ) ;
#878 = CARTESIAN_POINT ( 'NONE',  ( 92.37084705060479450, 10.00000000000000000, 52.05705595350504922 ) ) ;
#879 = VERTEX_POINT ( 'NONE', #2426 ) ;
#880 = DIRECTION ( 'NONE',  ( 0.000000000000000000, 0.000000000000000000, -1.000000000000000000 ) ) ;
#881 = EDGE_CURVE ( 'NONE', #4129, #3623, #1551, .T. ) ;
#882 = ADVANCED_FACE ( 'NONE', ( #47 ), #448, .T. ) ;
#883 = CARTESIAN_POINT ( 'NONE',  ( 229.8555755986735392, 9.999999999999996447, 56.09469283538910389 ) ) ;
#884 = CARTESIAN_POINT ( 'NONE',  ( 118.3990547604687436, 13.00000000000000178, 60.14332522944386739 ) ) ;
#885 = CARTESIAN_POINT ( 'NONE',  ( 114.8415233041211252, 10.00000000000000178, 55.71329067602535901 ) ) ;
#886 = CARTESIAN_POINT ( 'NONE',  ( 229.5835418848648715, 13.00000000000000533, 39.13965960196059513 ) ) ;
#887 = CARTESIAN_POINT ( 'NONE',  ( 80.30410283739183797, 13.00000000000000178, 13.41255599867463566 ) ) ;
#888 = ORIENTED_EDGE ( 'NONE', *, *, #5669, .T. ) ;
#889 = CARTESIAN_POINT ( 'NONE',  ( 127.6372478848805088, 13.00000000000000178, 33.85115927459332141 ) ) ;
#890 = CARTESIAN_POINT ( 'NONE',  ( 187.4861518979936648, 13.00000000000000178, 47.83560460022840743 ) ) ;
#891 = ADVANCED_FACE ( 'NONE', ( #5170 ), #3256, .T. ) ;
#892 = CARTESIAN_POINT ( 'NONE',  ( 80.95587860678958236, 12.99999999999999822, 18.07033052148822705 ) ) ;
#893 = CARTESIAN_POINT ( 'NONE',  ( 88.22253416289635197, 13.00000000000000178, 51.35217458101564603 ) ) ;
#894 = CARTESIAN_POINT ( 'NONE',  ( 70.86362639331619562, 10.00000000000000000, 57.12734110743006255 ) ) ;
#895 = CARTESIAN_POINT ( 'NONE',  ( 112.5638490155022140, 13.00000000000000178, 26.97248429524906399 ) ) ;
#896 = CARTESIAN_POINT ( 'NONE',  ( 78.49205492871953993, 10.00000000000000000, 18.07356224616280826 ) ) ;
#897 = B_SPLINE_SURFACE_WITH_KNOTS ( 'NONE', 3, 1, ( 
 ( #2524, #3423 ),
 ( #2553, #4441 ),
 ( #3455, #4377 ),
 ( #1570, #1074 ),
 ( #3019, #2003 ),
 ( #1135, #679 ),
 ( #646, #4907 ),
 ( #4409, #241 ),
 ( #3521, #1102 ),
 ( #5394, #613 ),
 ( #185, #2130 ),
 ( #5822, #2097 ),
 ( #150, #3982 ),
 ( #1597, #3487 ),
 ( #1632, #3051 ),
 ( #4936, #708 ),
 ( #4015, #5887 ),
 ( #3078, #584 ),
 ( #117, #3891 ) ),
 .UNSPECIFIED., .F., .F., .F.,
 ( 4, 1, 1, 1, 1, 1, 1, 1, 1, 1, 1, 1, 1, 1, 1, 1, 4 ),
 ( 2, 2 ),
 ( 0.000000000000000000, 0.06454812556425042203, 0.1271991327555117568, 0.1885973380874244043, 0.2486395150940127197, 0.3095246994640579730, 0.3700369910533490847, 0.4318892436070741470, 0.4957042857252929036, 0.5595193278435127704, 0.6213715803972383878, 0.6823971072916401592, 0.7435684819321648487, 0.8054984835712128977, 0.8686397008205245518, 0.9330662250811645464, 0.9999999999999998890 ),
 ( 0.000000000000000000, 1.000000000000000000 ),
 .UNSPECIFIED. ) ;
#898 = CARTESIAN_POINT ( 'NONE',  ( 118.2998961066225974, 13.00000000000000000, 56.10486369098232728 ) ) ;
#899 = CARTESIAN_POINT ( 'NONE',  ( 230.1418432220071963, 9.999999999999996447, 56.10486369098232728 ) ) ;
#900 = PLANE ( 'NONE',  #3306 ) ;
#901 = VERTEX_POINT ( 'NONE', #4304 ) ;
#902 = B_SPLINE_CURVE_WITH_KNOTS ( 'NONE', 3,
 ( #1038, #2431, #5204, #2889, #1502, #4746, #1566, #2398, #3450, #51, #2983 ),
 .UNSPECIFIED., .F., .F.,
 ( 4, 1, 1, 1, 1, 1, 1, 1, 4 ),
 ( 0.000000000000000000, 0.1815353013762859569, 0.3470816724816292442, 0.4955678164315537870, 0.6283573018772138363, 0.7455196699921556869, 0.8458307507576513506, 0.9307818073847575757, 1.000000000000000000 ),
 .UNSPECIFIED. ) ;
#903 = ORIENTED_EDGE ( 'NONE', *, *, #3526, .F. ) ;
#904 = CARTESIAN_POINT ( 'NONE',  ( 85.86653735228924234, 13.00000000000000178, 42.45730771903676271 ) ) ;
#905 = CARTESIAN_POINT ( 'NONE',  ( 143.1258173921528680, 9.999999999999994671, 48.06237375223975761 ) ) ;
#906 = CARTESIAN_POINT ( 'NONE',  ( 224.1833095681610359, 13.00000000000000178, 39.79777234482848058 ) ) ;
#907 = ADVANCED_FACE ( 'NONE', ( #974 ), #3262, .T. ) ;
#908 = VERTEX_POINT ( 'NONE', #5200 ) ;
#909 = CARTESIAN_POINT ( 'NONE',  ( 229.8944541257167771, 9.999999999999998224, 60.13056193954390949 ) ) ;
#910 = CARTESIAN_POINT ( 'NONE',  ( 83.70333753555127032, 10.00000000000000178, 35.06307742641186564 ) ) ;
#911 = CARTESIAN_POINT ( 'NONE',  ( 192.3042784331680934, 10.00000000000000355, 26.81037865256016417 ) ) ;
#912 = B_SPLINE_CURVE_WITH_KNOTS ( 'NONE', 3,
 ( #4139, #932, #6058, #1266, #344, #2321, #4201, #2293, #3, #4670, #3242 ),
 .UNSPECIFIED., .F., .F.,
 ( 4, 1, 1, 1, 1, 1, 1, 1, 4 ),
 ( 0.000000000000000000, 0.1072852142689556393, 0.2147458609696395460, 0.3229385595552858312, 0.4341161625174652094, 0.5534123109627951953, 0.6860729848107305351, 0.8342559920595846723, 1.000000000000000000 ),
 .UNSPECIFIED. ) ;
#913 = CARTESIAN_POINT ( 'NONE',  ( 109.3777107772463637, 13.00000000000000178, 57.60451152959881682 ) ) ;
#914 = CARTESIAN_POINT ( 'NONE',  ( 73.48185173478391619, 10.00000000000000000, 32.54399400202712656 ) ) ;
#915 = CARTESIAN_POINT ( 'NONE',  ( 128.7911378457618525, 9.999999999999998224, 35.13113771875837443 ) ) ;
#916 = EDGE_CURVE ( 'NONE', #5349, #2899, #5348, .T. ) ;
#917 = CARTESIAN_POINT ( 'NONE',  ( 112.7508932562361395, 10.00000000000000000, 59.26249808025058030 ) ) ;
#918 = VERTEX_POINT ( 'NONE', #1093 ) ;
#919 = CARTESIAN_POINT ( 'NONE',  ( 239.4086701450841304, 13.00000000000000178, 30.78334926790540393 ) ) ;
#920 = CARTESIAN_POINT ( 'NONE',  ( 211.1394393758533568, 13.00000000000000178, 30.72024830636694048 ) ) ;
#921 = VECTOR ( 'NONE', #5571, 1000.000000000000000 ) ;
#922 = CARTESIAN_POINT ( 'NONE',  ( 82.03055928581072465, 13.00000000000000178, 18.28318131758691578 ) ) ;
#923 = CARTESIAN_POINT ( 'NONE',  ( 83.80906202603273414, 12.99999999999999822, 60.22753374378750379 ) ) ;
#924 = EDGE_CURVE ( 'NONE', #3449, #5050, #1251, .T. ) ;
#925 = VECTOR ( 'NONE', #3035, 1000.000000000000000 ) ;
#926 = ORIENTED_EDGE ( 'NONE', *, *, #5630, .T. ) ;
#927 = DIRECTION ( 'NONE',  ( -1.000000000000000000, 0.000000000000000000, 0.000000000000000000 ) ) ;
#928 = CARTESIAN_POINT ( 'NONE',  ( 79.00027283133121614, 9.999999999999996447, 60.70061407368071116 ) ) ;
#929 = VECTOR ( 'NONE', #2268, 1000.000000000000000 ) ;
#930 = PRESENTATION_STYLE_ASSIGNMENT (( #4816 ) ) ;
#931 = CARTESIAN_POINT ( 'NONE',  ( 79.85338168354567756, 10.00000000000000000, 18.02794061405924708 ) ) ;
#932 = CARTESIAN_POINT ( 'NONE',  ( 73.25987847654393192, 9.999999999999998224, 23.96614643705199299 ) ) ;
#933 = VERTEX_POINT ( 'NONE', #1127 ) ;
#934 = CARTESIAN_POINT ( 'NONE',  ( 90.79011907195963715, 9.999999999999996447, 41.98266927876262855 ) ) ;
#935 = CARTESIAN_POINT ( 'NONE',  ( 106.6545638114937020, 12.99999999999999822, 49.79402200675319534 ) ) ;
#936 = CARTESIAN_POINT ( 'NONE',  ( 172.0168432220072248, 13.00000000000000178, 31.52253196021309734 ) ) ;
#937 = CARTESIAN_POINT ( 'NONE',  ( 105.5028962686639744, 13.00000000000000178, 39.27793707840230297 ) ) ;
#938 = CARTESIAN_POINT ( 'NONE',  ( 110.8149974782791247, 10.00000000000000355, 32.23139178064173649 ) ) ;
#939 = ORIENTED_EDGE ( 'NONE', *, *, #4833, .F. ) ;
#940 = CARTESIAN_POINT ( 'NONE',  ( 225.0854076892516673, 10.00000000000000355, 58.98641769943724000 ) ) ;
#941 = AXIS2_PLACEMENT_3D ( 'NONE', #1980, #2503, #624 ) ;
#942 = DIRECTION ( 'NONE',  ( 5.771328749889002138E-14, 1.000000000000000000, 4.202503571963019719E-14 ) ) ;
#943 = ORIENTED_EDGE ( 'NONE', *, *, #5862, .T. ) ;
#944 = CARTESIAN_POINT ( 'NONE',  ( 104.9855932220072106, 10.00000000000000000, 32.76652234482848058 ) ) ;
#945 = CARTESIAN_POINT ( 'NONE',  ( 69.27684176972495322, 13.00000000000000533, 55.42047737146295816 ) ) ;
#946 = CARTESIAN_POINT ( 'NONE',  ( 189.3016647668538326, 12.99999999999999822, 29.06978602091189856 ) ) ;
#947 = CARTESIAN_POINT ( 'NONE',  ( 228.1544581704017673, 10.00000000000000000, 37.94673607004443738 ) ) ;
#948 = DIRECTION ( 'NONE',  ( 0.000000000000000000, 0.000000000000000000, -1.000000000000000000 ) ) ;
#949 = ORIENTED_EDGE ( 'NONE', *, *, #423, .F. ) ;
#950 = CARTESIAN_POINT ( 'NONE',  ( 118.3990547604687436, 13.00000000000000178, 60.14332522944386739 ) ) ;
#951 = CARTESIAN_POINT ( 'NONE',  ( 188.1459020106100297, 13.00000000000000178, 37.48936828534738908 ) ) ;
#952 = CARTESIAN_POINT ( 'NONE',  ( 79.55365675257864666, 13.00000000000000178, 56.08239738495731785 ) ) ;
#953 = EDGE_CURVE ( 'NONE', #244, #5888, #1161, .T. ) ;
#954 = CARTESIAN_POINT ( 'NONE',  ( 87.75093370918887103, 12.99999999999999822, 52.25625220596667475 ) ) ;
#955 = CARTESIAN_POINT ( 'NONE',  ( 76.31907254307309074, 9.999999999999998224, 29.62726350092201244 ) ) ;
#956 = ORIENTED_EDGE ( 'NONE', *, *, #3857, .F. ) ;
#957 = CARTESIAN_POINT ( 'NONE',  ( 175.9182094810001900, 9.999999999999996447, 38.40414075228841995 ) ) ;
#958 = CARTESIAN_POINT ( 'NONE',  ( 87.21816533739183797, 10.00000000000000000, 44.06159446021309378 ) ) ;
#959 = EDGE_CURVE ( 'NONE', #5399, #1282, #698, .T. ) ;
#960 = ORIENTED_EDGE ( 'NONE', *, *, #234, .F. ) ;
#961 = LINE ( 'NONE', #3395, #2505 ) ;
#962 = CARTESIAN_POINT ( 'NONE',  ( 227.5952105029099073, 13.00000000000000178, 55.63259338383087282 ) ) ;
#963 = CARTESIAN_POINT ( 'NONE',  ( 225.1596281628985992, 10.00000000000000178, 54.15890652421098395 ) ) ;
#964 = DIRECTION ( 'NONE',  ( 0.000000000000000000, 1.000000000000000000, 0.000000000000000000 ) ) ;
#965 = CARTESIAN_POINT ( 'NONE',  ( 3.505202749622875924, 0.000000000000000000, 85.13552925583975650 ) ) ;
#966 = CARTESIAN_POINT ( 'NONE',  ( 187.5271174220635260, 13.00000000000000178, 44.68036268684496548 ) ) ;
#967 = CARTESIAN_POINT ( 'NONE',  ( 106.4651930207323716, 12.99999999999999822, 36.93702875146797737 ) ) ;
#968 = CARTESIAN_POINT ( 'NONE',  ( 66.66666666666668561, 20.00000000000000000, 96.43724644492834841 ) ) ;
#969 = ORIENTED_EDGE ( 'NONE', *, *, #2841, .T. ) ;
#970 = CARTESIAN_POINT ( 'NONE',  ( 156.0957474767687927, 10.00000000000000000, 55.72241695817952944 ) ) ;
#971 = CARTESIAN_POINT ( 'NONE',  ( 147.4769951313497245, 13.00000000000000178, 48.25517434149391249 ) ) ;
#972 = CARTESIAN_POINT ( 'NONE',  ( 170.5608690513696786, 13.00000000000000533, 56.27129001413949538 ) ) ;
#973 = CARTESIAN_POINT ( 'NONE',  ( 79.38851210976102379, 13.00000000000000178, 18.04351961344066879 ) ) ;
#974 = FACE_OUTER_BOUND ( 'NONE', #3653, .T. ) ;
#975 = CARTESIAN_POINT ( 'NONE',  ( 198.7214791403407901, 12.99999999999999822, 27.05846746333747532 ) ) ;
#976 = CARTESIAN_POINT ( 'NONE',  ( 73.26999571223373664, 12.99999999999999822, 24.44872154410356657 ) ) ;
#977 = VERTEX_POINT ( 'NONE', #142 ) ;
#978 = CARTESIAN_POINT ( 'NONE',  ( 88.83174706816106436, 13.00000000000000178, 48.47866176790540038 ) ) ;
#979 = CARTESIAN_POINT ( 'NONE',  ( 72.29832116845338419, 10.00000000000000000, 51.86517809607312302 ) ) ;
#980 = CARTESIAN_POINT ( 'NONE',  ( 126.4863328705430092, 10.00000000000000000, 58.21449909322848271 ) ) ;
#981 = CARTESIAN_POINT ( 'NONE',  ( 92.37084705060479450, 10.00000000000000000, 52.05705595350504922 ) ) ;
#982 = CARTESIAN_POINT ( 'NONE',  ( 196.8065066835456776, 13.00000000000000178, 30.72926272944386739 ) ) ;
#983 = VERTEX_POINT ( 'NONE', #2120 ) ;
#984 = DIRECTION ( 'NONE',  ( -0.000000000000000000, 1.000000000000000000, -0.000000000000000000 ) ) ;
#985 = EDGE_CURVE ( 'NONE', #4001, #4208, #5296, .T. ) ;
#986 = CARTESIAN_POINT ( 'NONE',  ( 88.81279164488439903, 10.00000000000000000, 48.10399370023800714 ) ) ;
#987 = CARTESIAN_POINT ( 'NONE',  ( 235.9471316835457060, 10.00000000000000000, 50.81339734482848769 ) ) ;
#988 = ORIENTED_EDGE ( 'NONE', *, *, #1473, .T. ) ;
#989 = CARTESIAN_POINT ( 'NONE',  ( 226.9809108267482713, 9.999999999999998224, 36.11389938778093267 ) ) ;
#990 = EDGE_CURVE ( 'NONE', #2540, #4558, #605, .T. ) ;
#991 = CARTESIAN_POINT ( 'NONE',  ( 166.6666666666666288, 20.00000000000000000, 94.93724644492834841 ) ) ;
#992 = CARTESIAN_POINT ( 'NONE',  ( 207.1009778373918095, 13.00000000000000178, 13.41255599867463566 ) ) ;
#993 = VERTEX_POINT ( 'NONE', #1066 ) ;
#994 = CARTESIAN_POINT ( 'NONE',  ( 124.8539557345317519, 9.999999999999996447, 54.41044302797671861 ) ) ;
#995 = CARTESIAN_POINT ( 'NONE',  ( 110.8149974782791247, 13.00000000000000533, 32.23139178064173649 ) ) ;
#996 = CARTESIAN_POINT ( 'NONE',  ( 222.6779009143148755, 13.00000000000000178, 34.73166657559770698 ) ) ;
#997 = ADVANCED_FACE ( 'NONE', ( #2577 ), #1388, .T. ) ;
#998 = EDGE_LOOP ( 'NONE', ( #5156, #4980, #1089, #654 ) ) ;
#999 = LINE ( 'NONE', #3408, #6074 ) ;
#1000 = CARTESIAN_POINT ( 'NONE',  ( 175.8838306589967999, 13.00000000000000178, 48.06237385564428877 ) ) ;
#1001 = CARTESIAN_POINT ( 'NONE',  ( 233.5564242294013297, 10.00000000000000178, 41.51722881396347731 ) ) ;
#1002 = DIRECTION ( 'NONE',  ( 0.000000000000000000, -0.000000000000000000, 1.000000000000000000 ) ) ;
#1003 = CARTESIAN_POINT ( 'NONE',  ( 199.0240547604687436, 9.999999999999996447, 27.23166657559771053 ) ) ;
#1004 = CARTESIAN_POINT ( 'NONE',  ( 199.9999999999999432, 10.00000000000000000, 97.93724644492834841 ) ) ;
#1005 = ORIENTED_EDGE ( 'NONE', *, *, #5611, .T. ) ;
#1006 = CARTESIAN_POINT ( 'NONE',  ( 234.0983865402657784, 13.00000000000000178, 46.94168596089716772 ) ) ;
#1007 = CARTESIAN_POINT ( 'NONE',  ( 164.8128400803313411, 12.99999999999999822, 26.84013669050321838 ) ) ;
#1008 = CARTESIAN_POINT ( 'NONE',  ( 88.17538143872556589, 9.999999999999996447, 57.95076845807927413 ) ) ;
#1009 = CARTESIAN_POINT ( 'NONE',  ( 216.9086701450841304, 13.00000000000000178, 26.68178676790540393 ) ) ;
#1010 = EDGE_LOOP ( 'NONE', ( #1602, #3073, #3910, #6098 ) ) ;
#1011 = CARTESIAN_POINT ( 'NONE',  ( 80.01330910220922021, 10.00000000000000000, 32.40801474123223613 ) ) ;
#1012 = CARTESIAN_POINT ( 'NONE',  ( 67.76289322032397422, 13.00000000000000178, 53.33341251961036988 ) ) ;
#1013 = VECTOR ( 'NONE', #5461, 1000.000000000000000 ) ;
#1014 = ADVANCED_FACE ( 'NONE', ( #263 ), #455, .T. ) ;
#1015 = AXIS2_PLACEMENT_3D ( 'NONE', #3946, #3570, #671 ) ;
#1016 =( LENGTH_UNIT ( ) NAMED_UNIT ( * ) SI_UNIT ( .MILLI., .METRE. ) );
#1017 = ORIENTED_EDGE ( 'NONE', *, *, #313, .T. ) ;
#1018 = CARTESIAN_POINT ( 'NONE',  ( 227.8341509143148755, 10.00000000000000178, 37.55318099867463388 ) ) ;
#1019 = FACE_OUTER_BOUND ( 'NONE', #1698, .T. ) ;
#1020 = CARTESIAN_POINT ( 'NONE',  ( 194.7422037989302908, 10.00000000000000178, 30.14332522944386383 ) ) ;
#1021 = AXIS2_PLACEMENT_3D ( 'NONE', #274, #5533, #1314 ) ;
#1022 = EDGE_CURVE ( 'NONE', #1914, #1103, #4279, .T. ) ;
#1023 = CARTESIAN_POINT ( 'NONE',  ( 224.4713014860594740, 10.00000000000000000, 29.18544268634416738 ) ) ;
#1024 = CARTESIAN_POINT ( 'NONE',  ( 188.0111348316749798, 13.00000000000000178, 38.06681341071663383 ) ) ;
#1025 = B_SPLINE_CURVE_WITH_KNOTS ( 'NONE', 3,
 ( #5742, #1058, #568, #5650, #3875, #4857, #3370, #1429, #5714, #629, #3316 ),
 .UNSPECIFIED., .F., .F.,
 ( 4, 1, 1, 1, 1, 1, 1, 1, 4 ),
 ( 0.000000000000000000, 0.1317514273024067706, 0.2583323505141593701, 0.3821339760925446249, 0.5038043916000856104, 0.6246929865409320826, 0.7468705897275760286, 0.8715135042348158834, 1.000000000000000000 ),
 .UNSPECIFIED. ) ;
#1026 = CARTESIAN_POINT ( 'NONE',  ( 143.1258173921528680, 9.999999999999998224, 48.06237375223975761 ) ) ;
#1027 = FACE_OUTER_BOUND ( 'NONE', #4522, .T. ) ;
#1028 = EDGE_LOOP ( 'NONE', ( #668, #956, #5778, #760 ) ) ;
#1029 = CARTESIAN_POINT ( 'NONE',  ( 158.9233086578474001, 12.99999999999999822, 56.08811481642090513 ) ) ;
#1030 = VERTEX_POINT ( 'NONE', #24 ) ;
#1031 = ADVANCED_FACE ( 'NONE', ( #3800 ), #168, .T. ) ;
#1032 = CARTESIAN_POINT ( 'NONE',  ( 169.2350900015529476, 9.999999999999996447, 57.30408205125361576 ) ) ;
#1033 = CARTESIAN_POINT ( 'NONE',  ( 237.4899621384279840, 9.999999999999998224, 44.40840200862168530 ) ) ;
#1034 = CARTESIAN_POINT ( 'NONE',  ( 76.07382999938047874, 9.999999999999996447, 18.91830026098777040 ) ) ;
#1035 = CARTESIAN_POINT ( 'NONE',  ( 266.6666666666666856, 10.00000000000000000, 97.93724644492837683 ) ) ;
#1036 = CARTESIAN_POINT ( 'NONE',  ( 172.3766112028422697, 12.99999999999999822, 31.93671177750580981 ) ) ;
#1037 = VERTEX_POINT ( 'NONE', #166 ) ;
#1038 = CARTESIAN_POINT ( 'NONE',  ( 79.10518456816106436, 10.00000000000000355, 36.88611369098232728 ) ) ;
#1039 = VECTOR ( 'NONE', #4843, 1000.000000000000000 ) ;
#1040 = CARTESIAN_POINT ( 'NONE',  ( 123.4398610837451713, 13.00000000000000178, 59.46775093999144701 ) ) ;
#1041 = VECTOR ( 'NONE', #5526, 1000.000000000000000 ) ;
#1042 = CARTESIAN_POINT ( 'NONE',  ( 81.31892537533755672, 9.999999999999996447, 60.69255834435801944 ) ) ;
#1043 = CARTESIAN_POINT ( 'NONE',  ( 239.9855932220072248, 13.00000000000000178, 50.64212330636694048 ) ) ;
#1044 = EDGE_LOOP ( 'NONE', ( #3896, #2976, #1204, #1724 ) ) ;
#1045 = DIRECTION ( 'NONE',  ( 0.000000000000000000, 0.000000000000000000, 1.000000000000000000 ) ) ;
#1046 = CARTESIAN_POINT ( 'NONE',  ( 92.87020860662259736, 13.00000000000000178, 48.54176272944386028 ) ) ;
#1047 = VERTEX_POINT ( 'NONE', #800 ) ;
#1048 = B_SPLINE_CURVE_WITH_KNOTS ( 'NONE', 3,
 ( #3386, #2434, #5665, #2001, #4341, #3889, #5233, #4310, #5758, #4247, #5331 ),
 .UNSPECIFIED., .F., .F.,
 ( 4, 1, 1, 1, 1, 1, 1, 1, 4 ),
 ( 0.000000000000000000, 0.1335067689985175166, 0.2625589787303693190, 0.3882644471488783111, 0.5126673546814275451, 0.6337222699657600877, 0.7553938601370943084, 0.8775529450912783469, 1.000000000000000000 ),
 .UNSPECIFIED. ) ;
#1049 = CARTESIAN_POINT ( 'NONE',  ( 224.6002774069886527, 10.00000000000000000, 40.37337544766724307 ) ) ;
#1050 = ORIENTED_EDGE ( 'NONE', *, *, #314, .F. ) ;
#1051 = CARTESIAN_POINT ( 'NONE',  ( 111.9166510252593696, 10.00000000000000178, 31.58233735092026606 ) ) ;
#1052 = CARTESIAN_POINT ( 'NONE',  ( 226.7163624527764227, 13.00000000000000178, 34.56940696021309378 ) ) ;
#1053 = DIRECTION ( 'NONE',  ( 0.000000000000000000, 1.000000000000000000, 0.000000000000000000 ) ) ;
#1054 = CARTESIAN_POINT ( 'NONE',  ( 89.26115546225570085, 9.999999999999998224, 17.36129325031841830 ) ) ;
#1055 = CARTESIAN_POINT ( 'NONE',  ( 222.8054918935307853, 9.999999999999998224, 32.95992054255392389 ) ) ;
#1056 = CARTESIAN_POINT ( 'NONE',  ( 266.6666666666666856, 10.00000000000000000, 96.43724644492834841 ) ) ;
#1057 = CARTESIAN_POINT ( 'NONE',  ( 172.2629208338473745, 10.00000000000000000, 40.63049205638245098 ) ) ;
#1058 = CARTESIAN_POINT ( 'NONE',  ( 160.1398834882337212, 10.00000000000000000, 26.11800229133883633 ) ) ;
#1059 = CARTESIAN_POINT ( 'NONE',  ( 132.7500364609106214, 12.99999999999999822, 52.55831587969984042 ) ) ;
#1060 = ORIENTED_EDGE ( 'NONE', *, *, #840, .F. ) ;
#1061 = CARTESIAN_POINT ( 'NONE',  ( 146.5240547604687720, 10.00000000000000000, 43.24128196021309378 ) ) ;
#1062 = EDGE_CURVE ( 'NONE', #1214, #709, #4488, .T. ) ;
#1063 = CARTESIAN_POINT ( 'NONE',  ( 232.5306653373918380, 13.00000000000000178, 40.94260407559771409 ) ) ;
#1064 = FACE_OUTER_BOUND ( 'NONE', #5864, .T. ) ;
#1065 = CARTESIAN_POINT ( 'NONE',  ( 71.14122586621158462, 13.00000000000000533, 29.97954661372991225 ) ) ;
#1066 = CARTESIAN_POINT ( 'NONE',  ( 216.9086701450841304, 10.00000000000000000, 26.68178676790540393 ) ) ;
#1067 = CARTESIAN_POINT ( 'NONE',  ( 191.8448488625280390, 13.00000000000000178, 31.11495075856722892 ) ) ;
#1068 = CARTESIAN_POINT ( 'NONE',  ( 92.29328552969951716, 13.00000000000000178, 21.02974349867463388 ) ) ;
#1069 = EDGE_LOOP ( 'NONE', ( #286, #4739, #3793, #316 ) ) ;
#1070 = CARTESIAN_POINT ( 'NONE',  ( 117.6047173227579776, 10.00000000000000000, 26.12336533653609294 ) ) ;
#1071 = ADVANCED_FACE ( 'NONE', ( #1356 ), #5120, .T. ) ;
#1072 = CARTESIAN_POINT ( 'NONE',  ( 149.6106885368070891, 13.00000000000000533, 29.15396603518753338 ) ) ;
#1073 = CARTESIAN_POINT ( 'NONE',  ( 196.8065066835456776, 10.00000000000000000, 30.72926272944386739 ) ) ;
#1074 = CARTESIAN_POINT ( 'NONE',  ( 239.8313650982139507, 10.00000000000000178, 52.55011802284695221 ) ) ;
#1075 = ORIENTED_EDGE ( 'NONE', *, *, #6008, .T. ) ;
#1076 = CARTESIAN_POINT ( 'NONE',  ( 82.03055928581072465, 9.999999999999994671, 18.28318131758691578 ) ) ;
#1077 = CARTESIAN_POINT ( 'NONE',  ( 239.6425700259317750, 9.999999999999996447, 47.94845987594759862 ) ) ;
#1078 = EDGE_CURVE ( 'NONE', #5674, #3382, #4661, .T. ) ;
#1079 = ORIENTED_EDGE ( 'NONE', *, *, #2021, .T. ) ;
#1080 = CARTESIAN_POINT ( 'NONE',  ( 222.6921157026734477, 10.00000000000000000, 35.19633696141370649 ) ) ;
#1081 = DIRECTION ( 'NONE',  ( -0.000000000000000000, -1.000000000000000000, -0.000000000000000000 ) ) ;
#1082 = CARTESIAN_POINT ( 'NONE',  ( 164.8128400803313411, 12.99999999999999822, 26.84013669050321838 ) ) ;
#1083 = CARTESIAN_POINT ( 'NONE',  ( 172.4490275187334873, 12.99999999999999822, 41.91958074544099588 ) ) ;
#1084 = CARTESIAN_POINT ( 'NONE',  ( 70.18587370282398297, 10.00000000000000355, 28.33192788716930011 ) ) ;
#1085 = CARTESIAN_POINT ( 'NONE',  ( 223.6244153373918380, 13.00000000000000178, 52.64332522944386739 ) ) ;
#1086 = CARTESIAN_POINT ( 'NONE',  ( 196.8065066835456491, 13.00000000000000178, 30.72926272944386383 ) ) ;
#1087 = VERTEX_POINT ( 'NONE', #3168 ) ;
#1088 = CARTESIAN_POINT ( 'NONE',  ( 146.5447139214968786, 10.00000000000000178, 43.81666516655437249 ) ) ;
#1089 = ORIENTED_EDGE ( 'NONE', *, *, #3636, .T. ) ;
#1090 = CARTESIAN_POINT ( 'NONE',  ( 87.93622012179821468, 9.999999999999998224, 45.10659111573681201 ) ) ;
#1091 = ADVANCED_FACE ( 'NONE', ( #3582 ), #5054, .F. ) ;
#1092 = DIRECTION ( 'NONE',  ( 0.000000000000000000, 0.000000000000000000, -1.000000000000000000 ) ) ;
#1093 = CARTESIAN_POINT ( 'NONE',  ( 187.4855932220071963, 13.00000000000000178, 26.68178676790540393 ) ) ;
#1094 = CARTESIAN_POINT ( 'NONE',  ( 197.2405183511389737, 10.00000000000000000, 26.37294716767769742 ) ) ;
#1095 = CARTESIAN_POINT ( 'NONE',  ( 230.9891989912379984, 10.00000000000000178, 30.14332522944386383 ) ) ;
#1096 = ORIENTED_EDGE ( 'NONE', *, *, #3935, .F. ) ;
#1097 = CARTESIAN_POINT ( 'NONE',  ( 116.2946200740171463, 10.00000000000000000, 26.15964383753818012 ) ) ;
#1098 = B_SPLINE_SURFACE_WITH_KNOTS ( 'NONE', 3, 1, ( 
 ( #4330, #5747 ),
 ( #1527, #3410 ),
 ( #137, #5257 ),
 ( #2945, #2913 ),
 ( #5319, #4830 ),
 ( #2025, #601 ),
 ( #1465, #4429 ),
 ( #3943, #5808 ),
 ( #1585, #3473 ),
 ( #1122, #4895 ),
 ( #3815, #5687 ),
 ( #4000, #4059 ),
 ( #3969, #2174 ),
 ( #3121, #2630 ),
 ( #1653, #1268 ) ),
 .UNSPECIFIED., .F., .F., .F.,
 ( 4, 1, 1, 1, 1, 1, 1, 1, 1, 1, 1, 1, 4 ),
 ( 2, 2 ),
 ( 0.000000000000000000, 0.08560569497352646384, 0.1689832639222337562, 0.2509075823297902130, 0.3337080961143212288, 0.4160049842563384725, 0.4976595675743787917, 0.5798932856419642956, 0.6639023210428560695, 0.7484662538082584859, 0.8317908864798561064, 0.9152519088316869444, 1.000000000000000000 ),
 ( 0.000000000000000000, 1.000000000000000000 ),
 .UNSPECIFIED. ) ;
#1099 = CARTESIAN_POINT ( 'NONE',  ( 161.3497297998444253, 13.00000000000000178, 26.14376387572587035 ) ) ;
#1100 = EDGE_CURVE ( 'NONE', #5141, #5806, #3979, .T. ) ;
#1101 = CARTESIAN_POINT ( 'NONE',  ( 195.7040915157615473, 12.99999999999999822, 30.28342083671867968 ) ) ;
#1102 = CARTESIAN_POINT ( 'NONE',  ( 237.8815046572989047, 10.00000000000000178, 56.69013038669210403 ) ) ;
#1103 = VERTEX_POINT ( 'NONE', #4281 ) ;
#1104 = CARTESIAN_POINT ( 'NONE',  ( 79.85338168354567756, 13.00000000000000178, 18.02794061405924708 ) ) ;
#1105 = CARTESIAN_POINT ( 'NONE',  ( 130.5029794218297354, 10.00000000000000178, 31.05500840386931571 ) ) ;
#1106 = EDGE_LOOP ( 'NONE', ( #2496, #3768, #3775, #554 ) ) ;
#1107 = EDGE_CURVE ( 'NONE', #4845, #1282, #3309, .T. ) ;
#1108 = B_SPLINE_CURVE_WITH_KNOTS ( 'NONE', 3,
 ( #936, #1984, #4703, #3402, #3873, #472, #5647, #5615, #3746, #4205, #5740 ),
 .UNSPECIFIED., .F., .F.,
 ( 4, 1, 1, 1, 1, 1, 1, 1, 4 ),
 ( 0.000000000000000000, 0.1281572795931853748, 0.2538343627967346028, 0.3765056225222085384, 0.4985336856679091211, 0.6213677287324633758, 0.7445647449043580890, 0.8706337982552827537, 0.9999999999999998890 ),
 .UNSPECIFIED. ) ;
#1109 = VECTOR ( 'NONE', #3326, 1000.000000000000000 ) ;
#1110 = CARTESIAN_POINT ( 'NONE',  ( 123.3430556024452329, 9.999999999999998224, 26.76828574328899180 ) ) ;
#1111 = ORIENTED_EDGE ( 'NONE', *, *, #3636, .F. ) ;
#1112 = CARTESIAN_POINT ( 'NONE',  ( 189.3016647668538326, 9.999999999999998224, 29.06978602091189856 ) ) ;
#1113 = CARTESIAN_POINT ( 'NONE',  ( 172.0168432220072248, 13.00000000000000178, 31.52253196021309734 ) ) ;
#1114 = CARTESIAN_POINT ( 'NONE',  ( 234.0983865402657784, 13.00000000000000178, 46.94168596089716772 ) ) ;
#1115 = AXIS2_PLACEMENT_3D ( 'NONE', #1657, #3069, #4062 ) ;
#1116 = CARTESIAN_POINT ( 'NONE',  ( 222.6779009143148755, 13.00000000000000178, 34.73166657559770698 ) ) ;
#1117 = CARTESIAN_POINT ( 'NONE',  ( 69.23511526356075763, 10.00000000000000000, 24.82526228933587120 ) ) ;
#1118 = DIRECTION ( 'NONE',  ( -0.000000000000000000, -1.000000000000000000, -0.000000000000000000 ) ) ;
#1119 = VECTOR ( 'NONE', #3834, 1000.000000000000000 ) ;
#1120 = DIRECTION ( 'NONE',  ( -0.000000000000000000, -1.000000000000000000, -0.000000000000000000 ) ) ;
#1121 = ORIENTED_EDGE ( 'NONE', *, *, #2376, .F. ) ;
#1122 = CARTESIAN_POINT ( 'NONE',  ( 170.7690239588778525, 13.00000000000000178, 49.79121455529871554 ) ) ;
#1123 = VERTEX_POINT ( 'NONE', #4179 ) ;
#1124 = VECTOR ( 'NONE', #5872, 1000.000000000000000 ) ;
#1125 = CYLINDRICAL_SURFACE ( 'NONE', #3219, 1.500000000000001332 ) ;
#1126 = CARTESIAN_POINT ( 'NONE',  ( 152.6935271124018527, 9.999999999999998224, 58.89983728857677647 ) ) ;
#1127 = CARTESIAN_POINT ( 'NONE',  ( 80.30410283739183797, 10.00000000000000355, 13.41255599867463566 ) ) ;
#1128 = CARTESIAN_POINT ( 'NONE',  ( 188.7253450859880957, 10.00000000000000000, 35.54666244430071487 ) ) ;
#1129 = DIRECTION ( 'NONE',  ( 0.000000000000000000, 0.000000000000000000, 1.000000000000000000 ) ) ;
#1130 = VERTEX_POINT ( 'NONE', #1401 ) ;
#1131 = CARTESIAN_POINT ( 'NONE',  ( 225.6887523744581472, 10.00000000000000355, 41.48856850183979361 ) ) ;
#1132 = DIRECTION ( 'NONE',  ( 0.000000000000000000, 1.000000000000000000, 0.000000000000000000 ) ) ;
#1133 = CARTESIAN_POINT ( 'NONE',  ( 162.0590064644637209, 10.00000000000000000, 30.36472881637035215 ) ) ;
#1134 = CARTESIAN_POINT ( 'NONE',  ( 77.36535768272010216, 10.00000000000000355, 13.72234188073555750 ) ) ;
#1135 = CARTESIAN_POINT ( 'NONE',  ( 239.3164528517541214, 13.00000000000000178, 54.32221599447760241 ) ) ;
#1136 = EDGE_LOOP ( 'NONE', ( #203, #2479, #1977, #1332 ) ) ;
#1137 = CARTESIAN_POINT ( 'NONE',  ( 230.1444001598086402, 10.00000000000000178, 30.18434042642948967 ) ) ;
#1138 = CARTESIAN_POINT ( 'NONE',  ( 195.7040915157615473, 9.999999999999998224, 30.28342083671867968 ) ) ;
#1139 = VERTEX_POINT ( 'NONE', #5135 ) ;
#1140 = EDGE_CURVE ( 'NONE', #2252, #713, #2197, .T. ) ;
#1141 = VECTOR ( 'NONE', #5518, 1000.000000000000000 ) ;
#1142 = CARTESIAN_POINT ( 'NONE',  ( 84.52433679699876734, 12.99999999999999822, 55.08062608066826726 ) ) ;
#1143 = B_SPLINE_SURFACE_WITH_KNOTS ( 'NONE', 3, 1, ( 
 ( #887, #6075 ),
 ( #5502, #2337 ),
 ( #2675, #1845 ),
 ( #4557, #3728 ),
 ( #4155, #2705 ),
 ( #5565, #2770 ),
 ( #415, #1347 ),
 ( #3290, #1281 ),
 ( #860, #2251 ),
 ( #2221, #4100 ),
 ( #4622, #2280 ),
 ( #1754, #451 ),
 ( #4215, #5049 ),
 ( #6106, #2738 ),
 ( #1407, #5979 ) ),
 .UNSPECIFIED., .F., .F., .F.,
 ( 4, 1, 1, 1, 1, 1, 1, 1, 1, 1, 1, 1, 4 ),
 ( 2, 2 ),
 ( 0.000000000000000000, 0.1072327993600886709, 0.2132518127818491260, 0.3188304473075869727, 0.4267935306342755530, 0.4836459507827186588, 0.5436038220211423244, 0.6083076495640835635, 0.6771267602600407054, 0.7506856360204962053, 0.8287134184432877193, 0.9121903482234531291, 1.000000000000000000 ),
 ( 0.000000000000000000, 1.000000000000000000 ),
 .UNSPECIFIED. ) ;
#1144 = CARTESIAN_POINT ( 'NONE',  ( 79.57819070599717293, 13.00000000000000178, 37.22692309318750148 ) ) ;
#1145 = CARTESIAN_POINT ( 'NONE',  ( 238.9155109144194853, 9.999999999999996447, 55.14454521813032528 ) ) ;
#1146 = VECTOR ( 'NONE', #6003, 1000.000000000000000 ) ;
#1147 = CARTESIAN_POINT ( 'NONE',  ( 231.5968884514894626, 10.00000000000000355, 45.25408765989224236 ) ) ;
#1148 = EDGE_CURVE ( 'NONE', #1282, #4671, #2423, .T. ) ;
#1149 = CARTESIAN_POINT ( 'NONE',  ( 207.1009778373918095, 13.00000000000000178, 59.56640215252078718 ) ) ;
#1150 = CARTESIAN_POINT ( 'NONE',  ( 69.35714750962078767, 12.99999999999999822, 25.72730166959357945 ) ) ;
#1151 = CARTESIAN_POINT ( 'NONE',  ( 100.0000000000000142, 20.00000000000000000, 96.43724644492834841 ) ) ;
#1152 = CARTESIAN_POINT ( 'NONE',  ( 126.4863328705430092, 10.00000000000000178, 58.21449909322848271 ) ) ;
#1153 = EDGE_LOOP ( 'NONE', ( #2309, #5105 ) ) ;
#1154 = CARTESIAN_POINT ( 'NONE',  ( 0.000000000000000000, 0.000000000000000000, 0.000000000000000000 ) ) ;
#1155 = AXIS2_PLACEMENT_3D ( 'NONE', #1056, #3368, #1459 ) ;
#1156 = CARTESIAN_POINT ( 'NONE',  ( 82.26924706816106436, 9.999999999999992895, 34.01952715252078718 ) ) ;
#1157 = VERTEX_POINT ( 'NONE', #5166 ) ;
#1158 = DIRECTION ( 'NONE',  ( -0.000000000000000000, -1.000000000000000000, -0.000000000000000000 ) ) ;
#1159 = CARTESIAN_POINT ( 'NONE',  ( 191.0969274896364425, 13.00000000000000533, 31.73557933950692345 ) ) ;
#1160 = AXIS2_PLACEMENT_3D ( 'NONE', #1787, #6046, #1287 ) ;
#1161 = LINE ( 'NONE', #4460, #5053 ) ;
#1162 = CARTESIAN_POINT ( 'NONE',  ( 236.1784517763666145, 12.99999999999999822, 43.26333683531552055 ) ) ;
#1163 = CARTESIAN_POINT ( 'NONE',  ( 74.27622222383487838, 12.99999999999999822, 27.29246058600514502 ) ) ;
#1164 = EDGE_LOOP ( 'NONE', ( #4019, #2888, #4737, #4838 ) ) ;
#1165 = CARTESIAN_POINT ( 'NONE',  ( 227.1192584061176660, 10.00000000000000178, 42.59857428580516370 ) ) ;
#1166 = CARTESIAN_POINT ( 'NONE',  ( 172.4855932220072248, 10.00000000000000000, 43.24128196021309378 ) ) ;
#1167 = LINE ( 'NONE', #4526, #2790 ) ;
#1168 = FACE_OUTER_BOUND ( 'NONE', #1044, .T. ) ;
#1169 = EDGE_LOOP ( 'NONE', ( #5552, #3685, #2441, #2262 ) ) ;
#1170 = CARTESIAN_POINT ( 'NONE',  ( 88.81279164488439903, 13.00000000000000178, 48.10399370023800714 ) ) ;
#1171 = CARTESIAN_POINT ( 'NONE',  ( 135.2772579507884245, 10.00000000000000533, 39.66997451715301537 ) ) ;
#1172 = ORIENTED_EDGE ( 'NONE', *, *, #1062, .F. ) ;
#1173 = B_SPLINE_CURVE_WITH_KNOTS ( 'NONE', 3,
 ( #1901, #2363, #479, #16, #3789, #5657, #3851, #604, #3320, #1497, #5199 ),
 .UNSPECIFIED., .F., .F.,
 ( 4, 1, 1, 1, 1, 1, 1, 1, 4 ),
 ( 0.000000000000000000, 0.1582230975563212738, 0.3050355053581700893, 0.4413089638879060805, 0.5659632271047245755, 0.6835251144150622515, 0.7933341296296025913, 0.8985175121610035065, 1.000000000000000000 ),
 .UNSPECIFIED. ) ;
#1174 = ADVANCED_FACE ( 'NONE', ( #3189 ), #2042, .T. ) ;
#1175 = ORIENTED_EDGE ( 'NONE', *, *, #4314, .T. ) ;
#1176 = LINE ( 'NONE', #2531, #4971 ) ;
#1177 = CARTESIAN_POINT ( 'NONE',  ( 87.35294377262492560, 10.00000000000000355, 22.20034433575041888 ) ) ;
#1178 = B_SPLINE_CURVE_WITH_KNOTS ( 'NONE', 3,
 ( #2638, #4524, #791, #735, #1196, #295, #5943 ),
 .UNSPECIFIED., .F., .F.,
 ( 4, 1, 1, 1, 4 ),
 ( 0.000000000000000000, 0.2488386141270719221, 0.4952350254576683430, 0.7433356038750067452, 1.000000000000000000 ),
 .UNSPECIFIED. ) ;
#1179 = ORIENTED_EDGE ( 'NONE', *, *, #4258, .T. ) ;
#1180 = CARTESIAN_POINT ( 'NONE',  ( 232.0445940876936390, 9.999999999999998224, 26.14772604154677538 ) ) ;
#1181 = EDGE_CURVE ( 'NONE', #1030, #5964, #486, .T. ) ;
#1182 = CARTESIAN_POINT ( 'NONE',  ( 189.3633289012965122, 9.999999999999998224, 34.08206596560450663 ) ) ;
#1183 = CARTESIAN_POINT ( 'NONE',  ( 69.99037710966879899, 10.00000000000000000, 19.80630777809779630 ) ) ;
#1184 = CARTESIAN_POINT ( 'NONE',  ( 233.3333333333332860, 10.00000000000000000, 97.93724644492834841 ) ) ;
#1185 = VERTEX_POINT ( 'NONE', #4840 ) ;
#1186 = CARTESIAN_POINT ( 'NONE',  ( 73.25482399123798416, 13.00000000000000178, 23.72505599867463744 ) ) ;
#1187 = VERTEX_POINT ( 'NONE', #147 ) ;
#1188 = CARTESIAN_POINT ( 'NONE',  ( 236.6682855296995172, 13.00000000000000178, 33.60486369098232728 ) ) ;
#1189 = EDGE_CURVE ( 'NONE', #713, #2252, #4861, .T. ) ;
#1190 = CARTESIAN_POINT ( 'NONE',  ( 158.9091207294196408, 9.999999999999998224, 60.12762413521640070 ) ) ;
#1191 = CARTESIAN_POINT ( 'NONE',  ( 146.5240547604687720, 10.00000000000000000, 43.24128196021309378 ) ) ;
#1192 = DIRECTION ( 'NONE',  ( -1.000000000000000000, 0.000000000000000000, 1.420944294689305296E-16 ) ) ;
#1193 = CARTESIAN_POINT ( 'NONE',  ( 166.0376218628899210, 13.00000000000000178, 54.48947390979268590 ) ) ;
#1194 = VERTEX_POINT ( 'NONE', #3420 ) ;
#1195 = CARTESIAN_POINT ( 'NONE',  ( 82.26924706816106436, 13.00000000000000178, 34.01952715252078718 ) ) ;
#1196 = CARTESIAN_POINT ( 'NONE',  ( 239.9262021310535999, 13.00000000000000533, 49.27416633585452388 ) ) ;
#1197 = CARTESIAN_POINT ( 'NONE',  ( 223.6244153373918380, 9.999999999999996447, 52.64332522944386739 ) ) ;
#1198 = B_SPLINE_SURFACE_WITH_KNOTS ( 'NONE', 3, 1, ( 
 ( #5336, #4284 ),
 ( #3835, #5702 ),
 ( #3426, #5238 ),
 ( #3927, #2962 ),
 ( #2438, #4381 ),
 ( #4847, #91 ),
 ( #616, #1973 ),
 ( #2040, #5796 ),
 ( #1573, #2068 ),
 ( #3458, #1105 ),
 ( #2134, #3553 ),
 ( #798, #2224 ),
 ( #5421, #5918 ),
 ( #275, #4018 ),
 ( #4444, #4968 ),
 ( #2678, #1171 ),
 ( #768, #1757 ),
 ( #4910, #3580 ),
 ( #5982, #5950 ) ),
 .UNSPECIFIED., .F., .F., .F.,
 ( 4, 1, 1, 1, 1, 1, 1, 1, 1, 1, 1, 1, 1, 1, 1, 1, 4 ),
 ( 2, 2 ),
 ( 0.000000000000000000, 0.06508101777502911522, 0.1286360505630803341, 0.1906529019116439683, 0.2521250372681096419, 0.3134462756463776700, 0.3752272792333934959, 0.4384980827328621711, 0.5032850999340382492, 0.5680096868463694326, 0.6308789816949758045, 0.6921535040082759105, 0.7525521497156014705, 0.8131910939047697351, 0.8739853995183316515, 0.9362579468344571776, 1.000000000000000000 ),
 ( 0.000000000000000000, 1.000000000000000000 ),
 .UNSPECIFIED. ) ;
#1199 = CARTESIAN_POINT ( 'NONE',  ( 72.33806844724779239, 12.99999999999999822, 16.40032461473403913 ) ) ;
#1200 = EDGE_LOOP ( 'NONE', ( #5214, #4550, #2135, #2180 ) ) ;
#1201 = CARTESIAN_POINT ( 'NONE',  ( 230.9891989912379984, 13.00000000000000178, 30.14332522944386383 ) ) ;
#1202 = CARTESIAN_POINT ( 'NONE',  ( 228.5634247915315882, 9.999999999999998224, 38.31835704255590258 ) ) ;
#1203 = EDGE_LOOP ( 'NONE', ( #5583, #3893, #442, #5038 ) ) ;
#1204 = ORIENTED_EDGE ( 'NONE', *, *, #43, .T. ) ;
#1205 = DIRECTION ( 'NONE',  ( 0.000000000000000000, -0.000000000000000000, 1.000000000000000000 ) ) ;
#1206 = CARTESIAN_POINT ( 'NONE',  ( 130.5494848352657016, 12.99999999999999822, 38.11778299235304246 ) ) ;
#1207 = LINE ( 'NONE', #5803, #925 ) ;
#1208 = CARTESIAN_POINT ( 'NONE',  ( 188.2067470681610359, 10.00000000000000000, 37.22866176790540038 ) ) ;
#1209 = CARTESIAN_POINT ( 'NONE',  ( 166.6666666666666288, 20.00000000000000000, 96.43724644492834841 ) ) ;
#1210 = ORIENTED_EDGE ( 'NONE', *, *, #1260, .T. ) ;
#1211 = VECTOR ( 'NONE', #4351, 1000.000000000000000 ) ;
#1212 = EDGE_CURVE ( 'NONE', #1087, #526, #4193, .T. ) ;
#1213 = CARTESIAN_POINT ( 'NONE',  ( 235.6890334236595663, 13.00000000000000178, 49.14058900455665935 ) ) ;
#1214 = VERTEX_POINT ( 'NONE', #1663 ) ;
#1215 = DIRECTION ( 'NONE',  ( -0.000000000000000000, -1.000000000000000000, -0.000000000000000000 ) ) ;
#1216 = CIRCLE ( 'NONE', #1809, 1.500000000000001332 ) ;
#1217 = LINE ( 'NONE', #2514, #2593 ) ;
#1218 = CARTESIAN_POINT ( 'NONE',  ( 199.0240547604687436, 9.999999999999996447, 27.23166657559771053 ) ) ;
#1219 = CARTESIAN_POINT ( 'NONE',  ( 226.7629617137490072, 10.00000000000000000, 33.71618972347543775 ) ) ;
#1220 = ORIENTED_EDGE ( 'NONE', *, *, #4653, .F. ) ;
#1221 = CARTESIAN_POINT ( 'NONE',  ( 235.0103541259182975, 12.99999999999999822, 53.74510867426685223 ) ) ;
#1222 = EDGE_CURVE ( 'NONE', #2212, #138, #1178, .T. ) ;
#1223 = AXIS2_PLACEMENT_3D ( 'NONE', #1671, #2560, #4447 ) ;
#1224 = EDGE_CURVE ( 'NONE', #5269, #2807, #2669, .T. ) ;
#1225 = CARTESIAN_POINT ( 'NONE',  ( 225.1596281628985992, 13.00000000000000178, 54.15890652421098395 ) ) ;
#1226 = CARTESIAN_POINT ( 'NONE',  ( 72.33806844724779239, 10.00000000000000000, 16.40032461473403913 ) ) ;
#1227 = CARTESIAN_POINT ( 'NONE',  ( 72.76077930745917399, 13.00000000000000178, 31.89730621305636404 ) ) ;
#1228 = ORIENTED_EDGE ( 'NONE', *, *, #2082, .F. ) ;
#1229 = LINE ( 'NONE', #2161, #3687 ) ;
#1230 = CARTESIAN_POINT ( 'NONE',  ( 159.5228528373918095, 10.00000000000000000, 60.14332522944386739 ) ) ;
#1231 = ORIENTED_EDGE ( 'NONE', *, *, #1668, .F. ) ;
#1232 = VERTEX_POINT ( 'NONE', #3156 ) ;
#1233 = DIRECTION ( 'NONE',  ( -1.000000000000000000, 0.000000000000000000, 0.000000000000000000 ) ) ;
#1234 = CARTESIAN_POINT ( 'NONE',  ( 119.9923354025704612, 13.00000000000000533, 30.20578685565617505 ) ) ;
#1235 = AXIS2_PLACEMENT_3D ( 'NONE', #3949, #759, #1129 ) ;
#1236 = AXIS2_PLACEMENT_3D ( 'NONE', #2093, #3978, #1626 ) ;
#1237 = CARTESIAN_POINT ( 'NONE',  ( 3.505202749622875924, 0.000000000000000000, 85.13552925583975650 ) ) ;
#1238 = CARTESIAN_POINT ( 'NONE',  ( 92.78243202854608285, 13.00000000000000178, 46.81509897854723334 ) ) ;
#1239 = CARTESIAN_POINT ( 'NONE',  ( 135.5467600560192523, 9.999999999999998224, 43.61769419655626479 ) ) ;
#1240 = VERTEX_POINT ( 'NONE', #821 ) ;
#1241 = CARTESIAN_POINT ( 'NONE',  ( 230.1636875160652664, 10.00000000000000000, 44.45376418819846265 ) ) ;
#1242 = ORIENTED_EDGE ( 'NONE', *, *, #313, .F. ) ;
#1243 = CARTESIAN_POINT ( 'NONE',  ( 126.3045434346951907, 13.00000000000000533, 53.47199942482424717 ) ) ;
#1244 = CARTESIAN_POINT ( 'NONE',  ( 188.2067470681610359, 13.00000000000000178, 37.22866176790540038 ) ) ;
#1245 = DIRECTION ( 'NONE',  ( 1.000000000000000000, 0.000000000000000000, 0.000000000000000000 ) ) ;
#1246 = ADVANCED_FACE ( 'NONE', ( #5197 ), #4268, .T. ) ;
#1247 = CARTESIAN_POINT ( 'NONE',  ( 296.5030604351463808, 10.00000000000000000, 85.13552925583971387 ) ) ;
#1248 = CIRCLE ( 'NONE', #1155, 1.500000000000029088 ) ;
#1249 = ORIENTED_EDGE ( 'NONE', *, *, #5498, .T. ) ;
#1250 = CARTESIAN_POINT ( 'NONE',  ( 76.31907254307309074, 12.99999999999999822, 29.62726350092201244 ) ) ;
#1251 = B_SPLINE_CURVE_WITH_KNOTS ( 'NONE', 3,
 ( #5752, #3445, #4369, #4401, #1034, #576, #206, #1531, #3414, #4835, #5386 ),
 .UNSPECIFIED., .F., .F.,
 ( 4, 1, 1, 1, 1, 1, 1, 1, 4 ),
 ( 0.000000000000000000, 0.1430730837303632319, 0.2759029640930090177, 0.4023708562739967132, 0.5284136450935956741, 0.6503563791869507726, 0.7658950861246938135, 0.8807741308440211192, 1.000000000000000000 ),
 .UNSPECIFIED. ) ;
#1252 = CARTESIAN_POINT ( 'NONE',  ( 171.0057343525704709, 10.00000000000000711, 37.05805643051567699 ) ) ;
#1253 = CARTESIAN_POINT ( 'NONE',  ( 69.99037710966879899, 13.00000000000000178, 19.80630777809779630 ) ) ;
#1254 = CARTESIAN_POINT ( 'NONE',  ( 79.85338168354567756, 13.00000000000000178, 18.02794061405924708 ) ) ;
#1255 = CARTESIAN_POINT ( 'NONE',  ( 134.8784978097235694, 9.999999999999994671, 38.06889456260356042 ) ) ;
#1256 = EDGE_CURVE ( 'NONE', #4810, #1187, #44, .T. ) ;
#1257 = VERTEX_POINT ( 'NONE', #855 ) ;
#1258 = CARTESIAN_POINT ( 'NONE',  ( 130.5201988163315150, 10.00000000000000000, 48.03042118759576340 ) ) ;
#1259 = CARTESIAN_POINT ( 'NONE',  ( 229.0265712568784409, 10.00000000000000000, 38.72904312652238445 ) ) ;
#1260 = EDGE_CURVE ( 'NONE', #1298, #5467, #1434, .T. ) ;
#1261 = VERTEX_POINT ( 'NONE', #1808 ) ;
#1262 = CARTESIAN_POINT ( 'NONE',  ( 66.66666666666668561, 10.00000000000000000, 94.93724644492834841 ) ) ;
#1263 = CARTESIAN_POINT ( 'NONE',  ( 77.36535768272010216, 13.00000000000000178, 13.72234188073555750 ) ) ;
#1264 = PLANE ( 'NONE',  #425 ) ;
#1265 = CARTESIAN_POINT ( 'NONE',  ( 233.3913118983784329, 12.99999999999999822, 55.24991215546419454 ) ) ;
#1266 = CARTESIAN_POINT ( 'NONE',  ( 73.41110025391583349, 10.00000000000000000, 25.16166839779724640 ) ) ;
#1267 = EDGE_LOOP ( 'NONE', ( #1293, #2748, #2791, #4372 ) ) ;
#1268 = CARTESIAN_POINT ( 'NONE',  ( 172.4855932220072248, 10.00000000000000000, 43.24128196021309378 ) ) ;
#1269 = ORIENTED_EDGE ( 'NONE', *, *, #1981, .F. ) ;
#1270 = CARTESIAN_POINT ( 'NONE',  ( 118.2998961066225974, 13.00000000000000178, 56.10486369098232728 ) ) ;
#1271 = CARTESIAN_POINT ( 'NONE',  ( 145.1454218015134643, 13.00000000000000178, 52.44860745438511174 ) ) ;
#1272 = CARTESIAN_POINT ( 'NONE',  ( 114.2871554695048815, 10.00000000000000000, 30.63977103548968017 ) ) ;
#1273 = FACE_BOUND ( 'NONE', #5181, .T. ) ;
#1274 = ORIENTED_EDGE ( 'NONE', *, *, #3796, .F. ) ;
#1275 = CARTESIAN_POINT ( 'NONE',  ( 230.3491749527764227, 10.00000000000000355, 60.14332522944386739 ) ) ;
#1276 = ADVANCED_FACE ( 'NONE', ( #1342 ), #173, .T. ) ;
#1277 = FACE_OUTER_BOUND ( 'NONE', #373, .T. ) ;
#1278 = CARTESIAN_POINT ( 'NONE',  ( 199.0240547604687436, 13.00000000000000178, 27.23166657559771053 ) ) ;
#1279 = CARTESIAN_POINT ( 'NONE',  ( 266.6666666666666856, 20.00000000000000000, 96.43724644492834841 ) ) ;
#1280 = LINE ( 'NONE', #3898, #2303 ) ;
#1281 = CARTESIAN_POINT ( 'NONE',  ( 87.79241324720165096, 10.00000000000000000, 16.03399440436821877 ) ) ;
#1282 = VERTEX_POINT ( 'NONE', #1494 ) ;
#1283 = CARTESIAN_POINT ( 'NONE',  ( 187.4855932220071963, 10.00000000000000000, 48.51471946021309378 ) ) ;
#1284 = CARTESIAN_POINT ( 'NONE',  ( 187.4855932220071963, 13.00000000000000178, 48.51471946021309378 ) ) ;
#1285 = PLANE ( 'NONE',  #3083 ) ;
#1286 = ADVANCED_FACE ( 'NONE', ( #1992 ), #1098, .T. ) ;
#1287 = DIRECTION ( 'NONE',  ( 0.000000000000000000, 0.000000000000000000, 1.000000000000000000 ) ) ;
#1288 = DIRECTION ( 'NONE',  ( -0.000000000000000000, -1.000000000000000000, -0.000000000000000000 ) ) ;
#1289 = ORIENTED_EDGE ( 'NONE', *, *, #4505, .T. ) ;
#1290 = LINE ( 'NONE', #3114, #429 ) ;
#1291 = CARTESIAN_POINT ( 'NONE',  ( 118.2367951450841446, 13.00000000000000178, 30.14332522944386383 ) ) ;
#1292 = EDGE_CURVE ( 'NONE', #5764, #5050, #3039, .T. ) ;
#1293 = ORIENTED_EDGE ( 'NONE', *, *, #2682, .F. ) ;
#1294 = DIRECTION ( 'NONE',  ( 1.000000000000000000, 0.000000000000000000, 0.000000000000000000 ) ) ;
#1295 = CARTESIAN_POINT ( 'NONE',  ( 173.8642224950175716, 10.00000000000000000, 52.44860190432402902 ) ) ;
#1296 = CARTESIAN_POINT ( 'NONE',  ( 232.2437120465354212, 13.00000000000000178, 40.78592312698528133 ) ) ;
#1297 = EDGE_LOOP ( 'NONE', ( #6112, #4265 ) ) ;
#1298 = VERTEX_POINT ( 'NONE', #3539 ) ;
#1299 = CARTESIAN_POINT ( 'NONE',  ( 74.69132145765084374, 10.00000000000000000, 54.23396220848658800 ) ) ;
#1300 = CARTESIAN_POINT ( 'NONE',  ( 155.9491899082424879, 10.00000000000000178, 59.85930768528425006 ) ) ;
#1301 = CARTESIAN_POINT ( 'NONE',  ( 91.42764200789909523, 9.999999999999998224, 54.21263149087095456 ) ) ;
#1302 = CIRCLE ( 'NONE', #3773, 1.650000000000000355 ) ;
#1303 = CARTESIAN_POINT ( 'NONE',  ( 73.25482399123798416, 10.00000000000000000, 23.72505599867463744 ) ) ;
#1304 = EDGE_LOOP ( 'NONE', ( #4319, #1651, #3554, #2436 ) ) ;
#1305 = CARTESIAN_POINT ( 'NONE',  ( 227.6556058188792235, 13.00000000000000178, 59.86727763248176615 ) ) ;
#1306 = CARTESIAN_POINT ( 'NONE',  ( 90.79011907195963715, 10.00000000000000355, 41.98266927876262855 ) ) ;
#1307 = VECTOR ( 'NONE', #5783, 1000.000000000000000 ) ;
#1308 = CARTESIAN_POINT ( 'NONE',  ( 227.5952105029099073, 9.999999999999996447, 55.63259338383087282 ) ) ;
#1309 = CARTESIAN_POINT ( 'NONE',  ( 196.3664564822270791, 12.99999999999999822, 26.15166513656808789 ) ) ;
#1310 = CARTESIAN_POINT ( 'NONE',  ( 150.3338959803099044, 9.999999999999998224, 33.95941814138306825 ) ) ;
#1311 = CARTESIAN_POINT ( 'NONE',  ( 229.5835418848648715, 10.00000000000000355, 39.13965960196059513 ) ) ;
#1312 = DIRECTION ( 'NONE',  ( 0.000000000000000000, -0.000000000000000000, 1.000000000000000000 ) ) ;
#1313 = EDGE_LOOP ( 'NONE', ( #2722, #3169, #6025, #3999 ) ) ;
#1314 = DIRECTION ( 'NONE',  ( 0.000000000000000000, 0.000000000000000000, 1.000000000000000000 ) ) ;
#1315 = CARTESIAN_POINT ( 'NONE',  ( 154.2778948076513927, 13.00000000000000178, 59.46384790939107745 ) ) ;
#1316 = VECTOR ( 'NONE', #1233, 1000.000000000000000 ) ;
#1317 = B_SPLINE_CURVE_WITH_KNOTS ( 'NONE', 3,
 ( #4176, #5968, #4144, #5493, #878, #2789, #1301, #4645, #2241, #5103, #2759, #816, #441, #407, #2697, #4611, #2299, #351, #5523 ),
 .UNSPECIFIED., .F., .F.,
 ( 4, 1, 1, 1, 1, 1, 1, 1, 1, 1, 1, 1, 1, 1, 1, 1, 4 ),
 ( 0.000000000000000000, 0.06148425519689049851, 0.1217745277022104916, 0.1809195598139318462, 0.2402561150782711041, 0.3001144444023516877, 0.3611459476126115953, 0.4235005824125857576, 0.4886693612807189169, 0.5539541046535622071, 0.6175812610152621174, 0.6802384268167395165, 0.7421873887724534935, 0.8046632117692932296, 0.8682589893126627656, 0.9330202571803756229, 1.000000000000000000 ),
 .UNSPECIFIED. ) ;
#1318 = CARTESIAN_POINT ( 'NONE',  ( 207.1009778373918095, 13.00000000000000178, 26.68178676790540393 ) ) ;
#1319 = CARTESIAN_POINT ( 'NONE',  ( 90.00610679790212032, 13.00000000000000178, 18.15646576432769521 ) ) ;
#1320 = CARTESIAN_POINT ( 'NONE',  ( 71.67259098097295578, 10.00000000000000000, 57.84700034734961349 ) ) ;
#1321 = CARTESIAN_POINT ( 'NONE',  ( 109.2005862688569522, 13.00000000000000178, 28.58224158678818583 ) ) ;
#1322 = EDGE_CURVE ( 'NONE', #651, #6101, #2205, .T. ) ;
#1323 = CARTESIAN_POINT ( 'NONE',  ( 88.77425803928852588, 13.00000000000000178, 47.34234826831387721 ) ) ;
#1324 = CARTESIAN_POINT ( 'NONE',  ( 110.0808417190557407, 13.00000000000000178, 53.51570242653757248 ) ) ;
#1325 = CARTESIAN_POINT ( 'NONE',  ( 160.1335927118723532, 13.00000000000000178, 60.12767665677009177 ) ) ;
#1326 = CARTESIAN_POINT ( 'NONE',  ( 169.2350900015529476, 9.999999999999996447, 57.30408205125361576 ) ) ;
#1327 = EDGE_CURVE ( 'NONE', #3382, #5797, #805, .T. ) ;
#1328 = VECTOR ( 'NONE', #2729, 1000.000000000000000 ) ;
#1329 = EDGE_CURVE ( 'NONE', #5366, #1261, #619, .T. ) ;
#1330 = DIRECTION ( 'NONE',  ( -0.000000000000000000, -1.000000000000000000, -0.000000000000000000 ) ) ;
#1331 = ORIENTED_EDGE ( 'NONE', *, *, #2688, .F. ) ;
#1332 = ORIENTED_EDGE ( 'NONE', *, *, #810, .T. ) ;
#1333 = DIRECTION ( 'NONE',  ( 0.000000000000000000, 0.000000000000000000, 1.000000000000000000 ) ) ;
#1334 = CARTESIAN_POINT ( 'NONE',  ( 146.1209319088863197, 9.999999999999998224, 53.80053652073049619 ) ) ;
#1335 = B_SPLINE_SURFACE_WITH_KNOTS ( 'NONE', 3, 1, ( 
 ( #3724, #4124 ),
 ( #5019, #1810 ),
 ( #2217, #3632 ),
 ( #1375, #5497 ),
 ( #2275, #3254 ),
 ( #5974, #4180 ),
 ( #6034, #911 ),
 ( #4679, #1748 ),
 ( #4211, #3157 ),
 ( #5622, #3130 ),
 ( #792, #5718 ) ),
 .UNSPECIFIED., .F., .F., .F.,
 ( 4, 1, 1, 1, 1, 1, 1, 1, 4 ),
 ( 2, 2 ),
 ( 0.000000000000000000, 0.1600594124854940736, 0.3061123827401262543, 0.4383665141302057200, 0.5605414552552187013, 0.6753172249527020776, 0.7861136344281762778, 0.8928417881050886296, 1.000000000000000000 ),
 ( 0.000000000000000000, 1.000000000000000000 ),
 .UNSPECIFIED. ) ;
#1336 = CARTESIAN_POINT ( 'NONE',  ( 105.0222181925372382, 9.999999999999998224, 41.84757497273758986 ) ) ;
#1337 = EDGE_CURVE ( 'NONE', #1214, #933, #3593, .T. ) ;
#1338 = CARTESIAN_POINT ( 'NONE',  ( 211.1394393758533568, 13.00000000000000178, 26.68178676790540393 ) ) ;
#1339 = VERTEX_POINT ( 'NONE', #5841 ) ;
#1340 = PLANE ( 'NONE',  #3205 ) ;
#1341 = CARTESIAN_POINT ( 'NONE',  ( 70.13583360662261157, 10.00000000000000000, 48.60486369098232728 ) ) ;
#1342 = FACE_OUTER_BOUND ( 'NONE', #3591, .T. ) ;
#1343 = CARTESIAN_POINT ( 'NONE',  ( 238.3953347306543549, 12.99999999999999822, 29.68921212755035199 ) ) ;
#1344 = CARTESIAN_POINT ( 'NONE',  ( 238.3120783320327121, 13.00000000000000178, 45.36911886244492820 ) ) ;
#1345 = CARTESIAN_POINT ( 'NONE',  ( 296.4644660940673475, 0.000000000000000000, 5.185533905932724785 ) ) ;
#1346 = CARTESIAN_POINT ( 'NONE',  ( 228.5634247915315882, 9.999999999999996447, 38.31835704255590258 ) ) ;
#1347 = CARTESIAN_POINT ( 'NONE',  ( 87.07533525548682007, 10.00000000000000000, 15.49373952078310523 ) ) ;
#1348 = ORIENTED_EDGE ( 'NONE', *, *, #5282, .F. ) ;
#1349 = CARTESIAN_POINT ( 'NONE',  ( 131.4515549857423764, 10.00000000000000178, 44.75793360885955252 ) ) ;
#1350 = CARTESIAN_POINT ( 'NONE',  ( 149.7758384050585505, 13.00000000000000178, 57.30675714579338376 ) ) ;
#1351 = CARTESIAN_POINT ( 'NONE',  ( 132.7165621901084762, 12.99999999999999822, 33.66051573953139808 ) ) ;
#1352 = CARTESIAN_POINT ( 'NONE',  ( 78.62827904784315081, 12.99999999999999467, 56.03739627211167829 ) ) ;
#1353 = FACE_OUTER_BOUND ( 'NONE', #2487, .T. ) ;
#1354 = CARTESIAN_POINT ( 'NONE',  ( 160.0863058775224488, 10.00000000000000178, 56.08801723040462406 ) ) ;
#1355 = CARTESIAN_POINT ( 'NONE',  ( 92.86175968788597856, 12.99999999999999822, 48.94519885210144139 ) ) ;
#1356 = FACE_OUTER_BOUND ( 'NONE', #3062, .T. ) ;
#1357 = CARTESIAN_POINT ( 'NONE',  ( 76.07574400569082229, 10.00000000000000178, 60.16238252237697992 ) ) ;
#1358 = LINE ( 'NONE', #4664, #3988 ) ;
#1359 = CARTESIAN_POINT ( 'NONE',  ( 73.25482399123798416, 13.00000000000000178, 23.72505599867463744 ) ) ;
#1360 = CARTESIAN_POINT ( 'NONE',  ( 235.2191681775916265, 13.00000000000000178, 27.26726211638015229 ) ) ;
#1361 = ADVANCED_FACE ( 'NONE', ( #259 ), #2147, .T. ) ;
#1362 = CARTESIAN_POINT ( 'NONE',  ( 1.224646799147353533E-14, 0.000000000000000000, 100.0000000000000000 ) ) ;
#1363 = CARTESIAN_POINT ( 'NONE',  ( 163.0813793191791490, 10.00000000000000000, 59.85838049486210366 ) ) ;
#1364 = DIRECTION ( 'NONE',  ( -0.000000000000000000, -1.000000000000000000, -0.000000000000000000 ) ) ;
#1365 = VERTEX_POINT ( 'NONE', #2661 ) ;
#1366 = CARTESIAN_POINT ( 'NONE',  ( 233.3333333333332860, 20.00000000000000000, 96.43724644492834841 ) ) ;
#1367 = ORIENTED_EDGE ( 'NONE', *, *, #4687, .T. ) ;
#1368 = ADVANCED_FACE ( 'NONE', ( #754 ), #3518, .T. ) ;
#1369 = CARTESIAN_POINT ( 'NONE',  ( 87.01668601221274457, 10.00000000000000000, 43.80384958531299588 ) ) ;
#1370 = CARTESIAN_POINT ( 'NONE',  ( 143.5881926567701896, 10.00000000000000000, 36.92534888238750312 ) ) ;
#1371 = CARTESIAN_POINT ( 'NONE',  ( 187.4855932220071963, 10.00000000000000000, 48.51471946021309378 ) ) ;
#1372 = ORIENTED_EDGE ( 'NONE', *, *, #6008, .F. ) ;
#1373 = CARTESIAN_POINT ( 'NONE',  ( 226.7591678083176134, 13.00000000000000533, 35.34828180983134871 ) ) ;
#1374 = CARTESIAN_POINT ( 'NONE',  ( 201.3317470681610644, 13.00000000000000178, 30.72024830636694048 ) ) ;
#1375 = CARTESIAN_POINT ( 'NONE',  ( 189.3016647668538326, 12.99999999999999822, 29.06978602091189856 ) ) ;
#1376 = CARTESIAN_POINT ( 'NONE',  ( 114.5673099236556851, 12.99999999999999822, 59.76054439587846900 ) ) ;
#1377 = CARTESIAN_POINT ( 'NONE',  ( 79.10518456816106436, 10.00000000000000000, 36.88611369098232728 ) ) ;
#1378 = FACE_BOUND ( 'NONE', #2590, .T. ) ;
#1379 = CARTESIAN_POINT ( 'NONE',  ( 116.4547085432453599, 10.00000000000000178, 60.09379395373005650 ) ) ;
#1380 = ORIENTED_EDGE ( 'NONE', *, *, #4761, .T. ) ;
#1381 = DIRECTION ( 'NONE',  ( 0.000000000000000000, 1.000000000000000000, 0.000000000000000000 ) ) ;
#1382 = CARTESIAN_POINT ( 'NONE',  ( 235.2530135398697553, 10.00000000000000000, 32.09621362093136554 ) ) ;
#1383 = CARTESIAN_POINT ( 'NONE',  ( 132.7500364609106214, 9.999999999999996447, 52.55831587969984042 ) ) ;
#1384 = CARTESIAN_POINT ( 'NONE',  ( 90.00726287442275009, 12.99999999999999822, 56.19538676370068941 ) ) ;
#1385 = VERTEX_POINT ( 'NONE', #4979 ) ;
#1386 = LINE ( 'NONE', #3332, #4078 ) ;
#1387 = CARTESIAN_POINT ( 'NONE',  ( 88.77425803928852588, 10.00000000000000000, 47.34234826831387721 ) ) ;
#1388 = B_SPLINE_SURFACE_WITH_KNOTS ( 'NONE', 3, 1, ( 
 ( #2948, #3478 ),
 ( #2979, #3511 ),
 ( #2484, #2029 ),
 ( #3917, #1498 ),
 ( #1562, #3379 ),
 ( #5261, #5813 ),
 ( #2916, #3947 ),
 ( #2546, #5353 ),
 ( #638, #1622 ),
 ( #4801, #2515 ),
 ( #3010, #2455 ),
 ( #4899, #4335 ),
 ( #672, #109 ),
 ( #1996, #3043 ),
 ( #4434, #4929 ),
 ( #2089, #5847 ),
 ( #5879, #2151 ),
 ( #1658, #3544 ),
 ( #5412, #1191 ) ),
 .UNSPECIFIED., .F., .F., .F.,
 ( 4, 1, 1, 1, 1, 1, 1, 1, 1, 1, 1, 1, 1, 1, 1, 1, 4 ),
 ( 2, 2 ),
 ( 0.000000000000000000, 0.06384589973478796421, 0.1260436278408453015, 0.1871653577195687146, 0.2473992895212633603, 0.3083800306041652450, 0.3697796166640502369, 0.4325839246869355725, 0.4976407859952569623, 0.5624011369620618428, 0.6255571033330417086, 0.6873320046201732980, 0.7483127457030734897, 0.8097910391226144089, 0.8717675719729278683, 0.9348361909503147826, 1.000000000000000000 ),
 ( 0.000000000000000000, 1.000000000000000000 ),
 .UNSPECIFIED. ) ;
#1389 = CARTESIAN_POINT ( 'NONE',  ( 225.6887523744581472, 10.00000000000000355, 41.48856850183979361 ) ) ;
#1390 = DIRECTION ( 'NONE',  ( 0.000000000000000000, 1.000000000000000000, 0.000000000000000000 ) ) ;
#1391 = CARTESIAN_POINT ( 'NONE',  ( 232.5306653373918380, 13.00000000000000178, 40.94260407559771409 ) ) ;
#1392 = ORIENTED_EDGE ( 'NONE', *, *, #3569, .T. ) ;
#1393 = CARTESIAN_POINT ( 'NONE',  ( 85.04893499155650716, 13.00000000000000178, 36.09699331247904297 ) ) ;
#1394 = CARTESIAN_POINT ( 'NONE',  ( 104.9855932220072106, 10.00000000000000000, 43.19620984482848058 ) ) ;
#1395 = CARTESIAN_POINT ( 'NONE',  ( 130.5201988163315150, 13.00000000000000178, 48.03042118759576340 ) ) ;
#1396 = PLANE ( 'NONE',  #2204 ) ;
#1397 = CARTESIAN_POINT ( 'NONE',  ( 224.3180963990158432, 13.00000000000000178, 39.98383877690622512 ) ) ;
#1398 = EDGE_LOOP ( 'NONE', ( #2206, #723, #41, #3638 ) ) ;
#1399 = CARTESIAN_POINT ( 'NONE',  ( 239.4086701450841304, 13.00000000000000178, 30.78334926790540393 ) ) ;
#1400 = ADVANCED_FACE ( 'NONE', ( #287 ), #706, .T. ) ;
#1401 = CARTESIAN_POINT ( 'NONE',  ( 232.5306653373918380, 10.00000000000000000, 40.94260407559771409 ) ) ;
#1402 = CARTESIAN_POINT ( 'NONE',  ( 159.5228528373918095, 13.00000000000000178, 60.14332522944386739 ) ) ;
#1403 = AXIS2_PLACEMENT_3D ( 'NONE', #1366, #1889, #3245 ) ;
#1404 = CARTESIAN_POINT ( 'NONE',  ( 104.9855932220072106, 13.00000000000000178, 53.60786849867463388 ) ) ;
#1405 = CARTESIAN_POINT ( 'NONE',  ( 79.10518456816106436, 13.00000000000000178, 36.88611369098232728 ) ) ;
#1406 = CARTESIAN_POINT ( 'NONE',  ( 228.5634247915315882, 12.99999999999999822, 38.31835704255590258 ) ) ;
#1407 = CARTESIAN_POINT ( 'NONE',  ( 92.29328552969951716, 13.00000000000000178, 21.02974349867463388 ) ) ;
#1408 = ORIENTED_EDGE ( 'NONE', *, *, #3592, .F. ) ;
#1409 = CARTESIAN_POINT ( 'NONE',  ( 233.3333333333332860, 10.00000000000000000, 94.93724644492834841 ) ) ;
#1410 = CARTESIAN_POINT ( 'NONE',  ( 143.1258173921528680, 12.99999999999999822, 48.06237375223975761 ) ) ;
#1411 = AXIS2_PLACEMENT_3D ( 'NONE', #3747, #2267, #1741 ) ;
#1412 = CARTESIAN_POINT ( 'NONE',  ( 104.9855932220072106, 10.00000000000000000, 71.68178676790540749 ) ) ;
#1413 = DIRECTION ( 'NONE',  ( -1.000000000000000000, 0.000000000000000000, -0.000000000000000000 ) ) ;
#1414 = CARTESIAN_POINT ( 'NONE',  ( 86.38479506673236585, 10.00000000000000000, 53.85039469625309039 ) ) ;
#1415 = EDGE_LOOP ( 'NONE', ( #5810, #846, #969, #3658 ) ) ;
#1416 = LINE ( 'NONE', #5605, #635 ) ;
#1417 = CARTESIAN_POINT ( 'NONE',  ( 78.00115092153336604, 10.00000000000000355, 60.58514046825276012 ) ) ;
#1418 = VECTOR ( 'NONE', #3091, 1000.000000000000000 ) ;
#1419 = CARTESIAN_POINT ( 'NONE',  ( 118.2728528373918380, 10.00000000000000355, 26.10486369098232728 ) ) ;
#1420 = ORIENTED_EDGE ( 'NONE', *, *, #1078, .T. ) ;
#1421 = CARTESIAN_POINT ( 'NONE',  ( 110.8149974782791247, 13.00000000000000533, 32.23139178064173649 ) ) ;
#1422 = CARTESIAN_POINT ( 'NONE',  ( 133.3333333333333428, 10.00000000000000000, 96.43724644492834841 ) ) ;
#1423 = EDGE_LOOP ( 'NONE', ( #5861, #5389, #1755, #2098 ) ) ;
#1424 = CARTESIAN_POINT ( 'NONE',  ( 143.5881926567701896, 13.00000000000000178, 36.92534888238750312 ) ) ;
#1425 = ORIENTED_EDGE ( 'NONE', *, *, #548, .F. ) ;
#1426 = CARTESIAN_POINT ( 'NONE',  ( 223.9931774513234757, 9.999999999999998224, 29.86347591780389266 ) ) ;
#1427 = CARTESIAN_POINT ( 'NONE',  ( 187.8801007736855126, 10.00000000000000000, 39.03558015713939966 ) ) ;
#1428 = CARTESIAN_POINT ( 'NONE',  ( 118.2367951450841446, 13.00000000000000178, 30.14332522944386383 ) ) ;
#1429 = CARTESIAN_POINT ( 'NONE',  ( 169.4025023453571634, 10.00000000000000178, 29.13337273867309207 ) ) ;
#1430 = EDGE_LOOP ( 'NONE', ( #3304, #1593 ) ) ;
#1431 = CARTESIAN_POINT ( 'NONE',  ( 147.4769951313497245, 13.00000000000000178, 48.25517434149391249 ) ) ;
#1432 = CARTESIAN_POINT ( 'NONE',  ( 88.35622825004665515, 10.00000000000000000, 39.03553790971648141 ) ) ;
#1433 = VECTOR ( 'NONE', #5172, 1000.000000000000000 ) ;
#1434 = LINE ( 'NONE', #2274, #3677 ) ;
#1435 = CARTESIAN_POINT ( 'NONE',  ( 114.3784073826942489, 10.00000000000000000, 26.46103422529116500 ) ) ;
#1436 = EDGE_CURVE ( 'NONE', #3324, #305, #5840, .T. ) ;
#1437 = CARTESIAN_POINT ( 'NONE',  ( 92.29328552969951716, 10.00000000000000000, 21.02974349867463388 ) ) ;
#1438 = CARTESIAN_POINT ( 'NONE',  ( 107.6053183376306492, 10.00000000000000000, 51.18237274428184236 ) ) ;
#1439 = CARTESIAN_POINT ( 'NONE',  ( 131.5053510397327727, 10.00000000000000178, 42.51517248462518950 ) ) ;
#1440 = VECTOR ( 'NONE', #3598, 1000.000000000000000 ) ;
#1441 = DIRECTION ( 'NONE',  ( 0.6040849710794075067, -0.000000000000000000, 0.7969199129874917631 ) ) ;
#1442 = EDGE_LOOP ( 'NONE', ( #4908, #2470, #3977, #3729 ) ) ;
#1443 = CARTESIAN_POINT ( 'NONE',  ( 121.7028960048311603, 13.00000000000000178, 30.52944934861574211 ) ) ;
#1444 = CARTESIAN_POINT ( 'NONE',  ( 104.9855932220072106, 13.00000000000000178, 32.76652234482848058 ) ) ;
#1445 = CARTESIAN_POINT ( 'NONE',  ( 187.4855932220071963, 10.00000000000000000, 26.68178676790540393 ) ) ;
#1446 = CARTESIAN_POINT ( 'NONE',  ( 121.8158332275822033, 9.999999999999996447, 59.85626551944611151 ) ) ;
#1447 = EDGE_CURVE ( 'NONE', #26, #4507, #1302, .T. ) ;
#1448 = CARTESIAN_POINT ( 'NONE',  ( 92.65267131698068681, 10.00000000000000000, 50.91751620042560944 ) ) ;
#1449 = CARTESIAN_POINT ( 'NONE',  ( 86.38479506673236585, 10.00000000000000178, 53.85039469625309039 ) ) ;
#1450 = ORIENTED_EDGE ( 'NONE', *, *, #128, .T. ) ;
#1451 = CARTESIAN_POINT ( 'NONE',  ( 201.3317470681610644, 10.00000000000000000, 26.68178676790540393 ) ) ;
#1452 = CARTESIAN_POINT ( 'NONE',  ( 88.81279164488439903, 13.00000000000000178, 48.10399370023800714 ) ) ;
#1453 = VECTOR ( 'NONE', #4239, 1000.000000000000000 ) ;
#1454 = ADVANCED_FACE ( 'NONE', ( #5158 ), #306, .T. ) ;
#1455 = PLANE ( 'NONE',  #1818 ) ;
#1456 = CARTESIAN_POINT ( 'NONE',  ( 33.33333333333334991, 10.00000000000000000, 96.43724644492834841 ) ) ;
#1457 = CARTESIAN_POINT ( 'NONE',  ( 172.4732726073876847, 13.00000000000000178, 42.79594193249599954 ) ) ;
#1458 = CARTESIAN_POINT ( 'NONE',  ( 33.33333333333334991, 10.00000000000000000, 96.43724644492834841 ) ) ;
#1459 = DIRECTION ( 'NONE',  ( 0.000000000000000000, 0.000000000000000000, 1.000000000000000000 ) ) ;
#1460 = CARTESIAN_POINT ( 'NONE',  ( 172.4490275187334873, 9.999999999999998224, 41.91958074544099588 ) ) ;
#1461 = FACE_OUTER_BOUND ( 'NONE', #4583, .T. ) ;
#1462 = VERTEX_POINT ( 'NONE', #5246 ) ;
#1463 = CARTESIAN_POINT ( 'NONE',  ( 151.5542556868656447, 12.99999999999999822, 53.57990811141051068 ) ) ;
#1464 = B_SPLINE_CURVE_WITH_KNOTS ( 'NONE', 3,
 ( #5404, #2596, #3562, #255, #1183, #2111, #3118, #5345, #1581, #4921, #3966, #3036, #3939, #2142, #169 ),
 .UNSPECIFIED., .F., .F.,
 ( 4, 1, 1, 1, 1, 1, 1, 1, 1, 1, 1, 1, 4 ),
 ( 0.000000000000000000, 0.08378537065371018111, 0.1657798879221419885, 0.2462800078932625980, 0.3274609277363898507, 0.4087969540320675610, 0.4897152412309882519, 0.5713760321300522804, 0.6555233211112766467, 0.7410194827999729839, 0.8265467605037606358, 0.9119888516548328994, 1.000000000000000000 ),
 .UNSPECIFIED. ) ;
#1465 = CARTESIAN_POINT ( 'NONE',  ( 167.4463353356110815, 12.99999999999999822, 53.57645714846763241 ) ) ;
#1466 = CARTESIAN_POINT ( 'NONE',  ( 176.5114375663814030, 12.99999999999999822, 43.77095371826708714 ) ) ;
#1467 = CARTESIAN_POINT ( 'NONE',  ( 73.25482399123798416, 13.00000000000000178, 23.72505599867463744 ) ) ;
#1468 = CARTESIAN_POINT ( 'NONE',  ( 76.46063414537469782, 13.00000000000000178, 34.94725739826831301 ) ) ;
#1469 = CARTESIAN_POINT ( 'NONE',  ( 195.5084297604687436, 13.00000000000000178, 26.10486369098232728 ) ) ;
#1470 = CARTESIAN_POINT ( 'NONE',  ( 173.0891846630453870, 12.99999999999999822, 32.75705589170277676 ) ) ;
#1471 = ORIENTED_EDGE ( 'NONE', *, *, #4115, .T. ) ;
#1472 = CARTESIAN_POINT ( 'NONE',  ( 230.7573099187241326, 12.99999999999999822, 44.77287404261225134 ) ) ;
#1473 = EDGE_CURVE ( 'NONE', #3573, #4925, #4561, .T. ) ;
#1474 = CARTESIAN_POINT ( 'NONE',  ( 163.1215454754359371, 13.00000000000000533, 26.41909914840244866 ) ) ;
#1475 = CARTESIAN_POINT ( 'NONE',  ( 88.58500361392343336, 12.99999999999999822, 50.42419806380907943 ) ) ;
#1476 = DIRECTION ( 'NONE',  ( 0.000000000000000000, 0.000000000000000000, 1.000000000000000000 ) ) ;
#1477 = ORIENTED_EDGE ( 'NONE', *, *, #4314, .F. ) ;
#1478 = FACE_OUTER_BOUND ( 'NONE', #3970, .T. ) ;
#1479 = CARTESIAN_POINT ( 'NONE',  ( 68.50704420007897966, 13.00000000000000178, 54.42613059186302849 ) ) ;
#1480 = EDGE_CURVE ( 'NONE', #3599, #3928, #4759, .T. ) ;
#1481 = DIRECTION ( 'NONE',  ( -0.000000000000000000, -1.000000000000000000, -0.000000000000000000 ) ) ;
#1482 = ORIENTED_EDGE ( 'NONE', *, *, #3796, .T. ) ;
#1483 = DIRECTION ( 'NONE',  ( 1.000000000000000000, 0.000000000000000000, 0.000000000000000000 ) ) ;
#1484 = FACE_BOUND ( 'NONE', #608, .T. ) ;
#1485 = CARTESIAN_POINT ( 'NONE',  ( 207.1009778373918095, 10.00000000000000000, 13.41255599867463566 ) ) ;
#1486 = EDGE_CURVE ( 'NONE', #1625, #4514, #5833, .T. ) ;
#1487 = CARTESIAN_POINT ( 'NONE',  ( 230.1169680079472357, 10.00000000000000000, 26.12162961496511215 ) ) ;
#1488 = CARTESIAN_POINT ( 'NONE',  ( 187.8801007736855126, 13.00000000000000178, 39.03558015713939966 ) ) ;
#1489 = CARTESIAN_POINT ( 'NONE',  ( 142.4855932220072532, 10.00000000000000000, 43.21423869098233439 ) ) ;
#1490 = CARTESIAN_POINT ( 'NONE',  ( 222.6921157026734477, 10.00000000000000000, 35.19633696141370649 ) ) ;
#1491 = B_SPLINE_CURVE_WITH_KNOTS ( 'NONE', 3,
 ( #153, #2991, #5306, #1077, #3391, #5271, #4877 ),
 .UNSPECIFIED., .F., .F.,
 ( 4, 1, 1, 1, 4 ),
 ( 0.000000000000000000, 0.2488386141270719221, 0.4952350254576683430, 0.7433356038750067452, 1.000000000000000000 ),
 .UNSPECIFIED. ) ;
#1492 = VERTEX_POINT ( 'NONE', #2534 ) ;
#1493 = CARTESIAN_POINT ( 'NONE',  ( 156.0957474767687927, 10.00000000000000000, 55.72241695817952944 ) ) ;
#1494 = CARTESIAN_POINT ( 'NONE',  ( 82.26924706816106436, 10.00000000000000000, 34.01952715252078718 ) ) ;
#1495 = ORIENTED_EDGE ( 'NONE', *, *, #2192, .F. ) ;
#1496 = CARTESIAN_POINT ( 'NONE',  ( 176.4865054024467383, 13.00000000000000178, 44.87104857526609436 ) ) ;
#1497 = CARTESIAN_POINT ( 'NONE',  ( 231.2214458216427886, 13.00000000000000178, 30.15414925411233682 ) ) ;
#1498 = CARTESIAN_POINT ( 'NONE',  ( 156.9390998165544318, 10.00000000000000355, 30.36643238742645678 ) ) ;
#1499 = CARTESIAN_POINT ( 'NONE',  ( 194.7422037989302908, 13.00000000000000178, 30.14332522944386383 ) ) ;
#1500 = PLANE ( 'NONE',  #2906 ) ;
#1501 = VERTEX_POINT ( 'NONE', #1610 ) ;
#1502 = CARTESIAN_POINT ( 'NONE',  ( 75.32863390667584724, 10.00000000000000000, 34.07240764701527524 ) ) ;
#1503 = B_SPLINE_CURVE_WITH_KNOTS ( 'NONE', 3,
 ( #4998, #767, #2645, #5949, #1722, #6077, #2368, #1059, #5288, #453, #170, #5142, #5805, #1847, #21, #1906, #2801, #2941, #950 ),
 .UNSPECIFIED., .F., .F.,
 ( 4, 1, 1, 1, 1, 1, 1, 1, 1, 1, 1, 1, 1, 1, 1, 1, 4 ),
 ( 0.000000000000000000, 0.06492129593786805097, 0.1280341643911160066, 0.1895737254178899989, 0.2505798347323818787, 0.3117332213636305749, 0.3732500799286346815, 0.4357625163356388387, 0.5003455613741146779, 0.5649493665465401548, 0.6275279092682861659, 0.6891572899131304109, 0.7498650117126983705, 0.8107601999033158258, 0.8722997609300897626, 0.9354126293833373573, 1.000000000000000000 ),
 .UNSPECIFIED. ) ;
#1504 = CARTESIAN_POINT ( 'NONE',  ( 118.9797622470021565, 12.99999999999999822, 60.12737943881922575 ) ) ;
#1505 = PLANE ( 'NONE',  #251 ) ;
#1506 = ORIENTED_EDGE ( 'NONE', *, *, #4151, .T. ) ;
#1507 = LINE ( 'NONE', #4283, #4269 ) ;
#1508 = CARTESIAN_POINT ( 'NONE',  ( 66.33174706816106436, 13.00000000000000178, 50.88551272944386028 ) ) ;
#1509 = VECTOR ( 'NONE', #3346, 1000.000000000000000 ) ;
#1510 = CIRCLE ( 'NONE', #2890, 1.500000000000001332 ) ;
#1511 = EDGE_CURVE ( 'NONE', #3621, #4966, #661, .T. ) ;
#1512 = CARTESIAN_POINT ( 'NONE',  ( 224.3180963990158432, 13.00000000000000178, 39.98383877690622512 ) ) ;
#1513 = CARTESIAN_POINT ( 'NONE',  ( 235.8872671956576141, 13.00000000000000178, 51.84603698297234331 ) ) ;
#1514 = CARTESIAN_POINT ( 'NONE',  ( 231.3473460269986219, 10.00000000000000000, 60.11645474070200379 ) ) ;
#1515 = CARTESIAN_POINT ( 'NONE',  ( 227.8341509143148755, 13.00000000000000178, 37.55318099867463388 ) ) ;
#1516 = VECTOR ( 'NONE', #5930, 1000.000000000000000 ) ;
#1517 = CARTESIAN_POINT ( 'NONE',  ( 108.7508660628741808, 12.99999999999999822, 52.42553768471240261 ) ) ;
#1518 = CARTESIAN_POINT ( 'NONE',  ( 131.4998565526254879, 13.00000000000000178, 43.63939158557091247 ) ) ;
#1519 = EDGE_CURVE ( 'NONE', #3187, #4810, #1630, .T. ) ;
#1520 = CARTESIAN_POINT ( 'NONE',  ( 80.01564129893029076, 10.00000000000000000, 60.72024830636693338 ) ) ;
#1521 = CARTESIAN_POINT ( 'NONE',  ( 109.7728287523849531, 12.99999999999999822, 32.99834614147708578 ) ) ;
#1522 = EDGE_CURVE ( 'NONE', #1880, #3417, #3682, .T. ) ;
#1523 = CARTESIAN_POINT ( 'NONE',  ( 222.8054918935307853, 12.99999999999999822, 32.95992054255392389 ) ) ;
#1524 = ORIENTED_EDGE ( 'NONE', *, *, #5508, .F. ) ;
#1525 = CARTESIAN_POINT ( 'NONE',  ( 146.5857184929828918, 10.00000000000000000, 44.95869323749731450 ) ) ;
#1526 = CARTESIAN_POINT ( 'NONE',  ( 154.4853090625154834, 12.99999999999999822, 55.21071584182228520 ) ) ;
#1527 = CARTESIAN_POINT ( 'NONE',  ( 160.0863058775224488, 13.00000000000000178, 56.08801723040462406 ) ) ;
#1528 = LINE ( 'NONE', #1063, #1453 ) ;
#1529 = EDGE_CURVE ( 'NONE', #519, #1185, #3367, .T. ) ;
#1530 = CARTESIAN_POINT ( 'NONE',  ( 73.32053501545804863, 13.00000000000000178, 22.57740748404799547 ) ) ;
#1531 = CARTESIAN_POINT ( 'NONE',  ( 73.67732284541293097, 9.999999999999994671, 21.48734802198967486 ) ) ;
#1532 = CARTESIAN_POINT ( 'NONE',  ( 296.4644660940673475, 0.000000000000000000, 3.535533905932737309 ) ) ;
#1533 = CARTESIAN_POINT ( 'NONE',  ( 175.4208306050475414, 10.00000000000000000, 36.90789498031394800 ) ) ;
#1534 = B_SPLINE_CURVE_WITH_KNOTS ( 'NONE', 3,
 ( #5589, #4118, #5522, #1300, #4143, #4643, #3248, #4792, #3811, #3277, #567, #2019, #5713, #2939, #1026, #4764, #2447, #3907, #71 ),
 .UNSPECIFIED., .F., .F.,
 ( 4, 1, 1, 1, 1, 1, 1, 1, 1, 1, 1, 1, 1, 1, 1, 1, 4 ),
 ( 0.000000000000000000, 0.06874226160548868592, 0.1346351922242763899, 0.1983241870671471341, 0.2608250125604207881, 0.3227135881590241229, 0.3845545346076184035, 0.4469128577247556966, 0.5109576325148288412, 0.5749307010013360308, 0.6366845377960930197, 0.6974831152940622614, 0.7571338075238543963, 0.8169656636752641310, 0.8768183516571963487, 0.9376625803840034079, 1.000000000000000000 ),
 .UNSPECIFIED. ) ;
#1535 = ORIENTED_EDGE ( 'NONE', *, *, #2544, .T. ) ;
#1536 = CARTESIAN_POINT ( 'NONE',  ( 118.2728528373918380, 10.00000000000000000, 26.10486369098232728 ) ) ;
#1537 = VECTOR ( 'NONE', #2402, 1000.000000000000000 ) ;
#1538 = CARTESIAN_POINT ( 'NONE',  ( 147.4100009308033634, 10.00000000000000000, 31.11275458189858867 ) ) ;
#1539 = VECTOR ( 'NONE', #1714, 1000.000000000000000 ) ;
#1540 = CARTESIAN_POINT ( 'NONE',  ( 196.2435073677883963, 13.00000000000000533, 30.47810382413060992 ) ) ;
#1541 = VERTEX_POINT ( 'NONE', #965 ) ;
#1542 = CARTESIAN_POINT ( 'NONE',  ( 82.03055928581072465, 13.00000000000000178, 18.28318131758691578 ) ) ;
#1543 = CARTESIAN_POINT ( 'NONE',  ( 89.13254303993784333, 13.00000000000000178, 57.11060308112401884 ) ) ;
#1544 = EDGE_LOOP ( 'NONE', ( #4958, #1574, #3886, #6059, #2574, #2397, #809, #2265, #3055, #5891, #4454, #3968 ) ) ;
#1545 = CARTESIAN_POINT ( 'NONE',  ( 85.51556612668987611, 12.99999999999999822, 54.52341697848988389 ) ) ;
#1546 = AXIS2_PLACEMENT_3D ( 'NONE', #3914, #76, #539 ) ;
#1547 = ORIENTED_EDGE ( 'NONE', *, *, #1736, .F. ) ;
#1548 = FACE_OUTER_BOUND ( 'NONE', #317, .T. ) ;
#1549 = CARTESIAN_POINT ( 'NONE',  ( 161.3497297998444253, 13.00000000000000178, 26.14376387572587035 ) ) ;
#1550 = CARTESIAN_POINT ( 'NONE',  ( 163.2779552682173403, 13.00000000000000178, 30.66528550712544288 ) ) ;
#1551 = B_SPLINE_CURVE_WITH_KNOTS ( 'NONE', 3,
 ( #3225, #510, #5624, #5111, #2394, #5720, #1438, #4773, #4742, #2364, #4272, #885, #1902, #4241, #4712 ),
 .UNSPECIFIED., .F., .F.,
 ( 4, 1, 1, 1, 1, 1, 1, 1, 1, 1, 1, 1, 4 ),
 ( 0.000000000000000000, 0.08644037246266929320, 0.1693440105424732223, 0.2510606708491855965, 0.3323264305703405030, 0.4131892790502050272, 0.4942994993596380726, 0.5766538799957602324, 0.6617849185411929236, 0.7477649302742698234, 0.8319674345472001242, 0.9152994413086168457, 1.000000000000000000 ),
 .UNSPECIFIED. ) ;
#1552 = EDGE_CURVE ( 'NONE', #1185, #3013, #2498, .T. ) ;
#1553 = CARTESIAN_POINT ( 'NONE',  ( 235.5494306540175558, 10.00000000000000178, 52.83335571183378221 ) ) ;
#1554 = CARTESIAN_POINT ( 'NONE',  ( 228.4648824780277891, 13.00000000000000533, 26.43164860185698473 ) ) ;
#1555 = CARTESIAN_POINT ( 'NONE',  ( 123.3398020665662784, 13.00000000000000178, 31.06795327730089085 ) ) ;
#1556 = VERTEX_POINT ( 'NONE', #4260 ) ;
#1557 = CARTESIAN_POINT ( 'NONE',  ( 296.5030604351463808, 10.00000000000000000, 91.13552925583975650 ) ) ;
#1558 = ADVANCED_FACE ( 'NONE', ( #4324 ), #5089, .T. ) ;
#1559 = ORIENTED_EDGE ( 'NONE', *, *, #165, .F. ) ;
#1560 = DIRECTION ( 'NONE',  ( 0.000000000000000000, 0.000000000000000000, 1.000000000000000000 ) ) ;
#1561 = CARTESIAN_POINT ( 'NONE',  ( 232.5306653373918380, 10.00000000000000000, 40.94260407559771409 ) ) ;
#1562 = CARTESIAN_POINT ( 'NONE',  ( 155.7184406945673345, 13.00000000000000178, 30.66147172544956945 ) ) ;
#1563 = CARTESIAN_POINT ( 'NONE',  ( 189.3633289012965122, 12.99999999999999822, 34.08206596560450663 ) ) ;
#1564 = LINE ( 'NONE', #4837, #3516 ) ;
#1565 = EDGE_LOOP ( 'NONE', ( #2676, #5317, #4725, #2338 ) ) ;
#1566 = CARTESIAN_POINT ( 'NONE',  ( 73.48185173478391619, 10.00000000000000178, 32.54399400202712656 ) ) ;
#1567 = EDGE_CURVE ( 'NONE', #2636, #151, #1912, .T. ) ;
#1568 = CARTESIAN_POINT ( 'NONE',  ( 157.6900703492646016, 13.00000000000000178, 26.14475590073910283 ) ) ;
#1569 = CARTESIAN_POINT ( 'NONE',  ( 92.87020860662259736, 10.00000000000000000, 48.54176272944386028 ) ) ;
#1570 = CARTESIAN_POINT ( 'NONE',  ( 239.8313650982139507, 13.00000000000000178, 52.55011802284695221 ) ) ;
#1571 = ORIENTED_EDGE ( 'NONE', *, *, #3975, .F. ) ;
#1572 = CARTESIAN_POINT ( 'NONE',  ( 80.22392620190930757, 9.999999999999994671, 18.04218768133045003 ) ) ;
#1573 = CARTESIAN_POINT ( 'NONE',  ( 129.2183427047863233, 13.00000000000000178, 29.89488075045933968 ) ) ;
#1574 = ORIENTED_EDGE ( 'NONE', *, *, #4421, .T. ) ;
#1575 = DIRECTION ( 'NONE',  ( -0.000000000000000000, -1.000000000000000000, -0.000000000000000000 ) ) ;
#1576 = CARTESIAN_POINT ( 'NONE',  ( 159.5048239912379984, 13.00000000000000178, 30.14332522944386383 ) ) ;
#1577 = CARTESIAN_POINT ( 'NONE',  ( 167.9525863496833153, 9.999999999999996447, 28.20239613848900007 ) ) ;
#1578 = LINE ( 'NONE', #3963, #2229 ) ;
#1579 = CARTESIAN_POINT ( 'NONE',  ( 118.2998961066225974, 13.00000000000000178, 56.10486369098232728 ) ) ;
#1580 = CARTESIAN_POINT ( 'NONE',  ( 235.0103541259182975, 9.999999999999998224, 53.74510867426685223 ) ) ;
#1581 = CARTESIAN_POINT ( 'NONE',  ( 73.44135898458652889, 10.00000000000000000, 15.52901427189410732 ) ) ;
#1582 = LINE ( 'NONE', #4453, #1124 ) ;
#1583 = ORIENTED_EDGE ( 'NONE', *, *, #5862, .F. ) ;
#1584 = B_SPLINE_SURFACE_WITH_KNOTS ( 'NONE', 3, 1, ( 
 ( #529, #4322 ),
 ( #5280, #67 ),
 ( #2074, #3499 ),
 ( #1114, #221 ),
 ( #2533, #5867 ),
 ( #4449, #3465 ),
 ( #2048, #2999 ),
 ( #5372, #1147 ),
 ( #3934, #3032 ),
 ( #3994, #5802 ),
 ( #4917, #687 ) ),
 .UNSPECIFIED., .F., .F., .F.,
 ( 4, 1, 1, 1, 1, 1, 1, 1, 4 ),
 ( 2, 2 ),
 ( 0.000000000000000000, 0.07687507403504674486, 0.1674616757257265387, 0.2722700232466411796, 0.3895508405125233664, 0.5208013683480536837, 0.6662632933752267173, 0.8255449152058624840, 1.000000000000000000 ),
 ( 0.000000000000000000, 1.000000000000000000 ),
 .UNSPECIFIED. ) ;
#1585 = CARTESIAN_POINT ( 'NONE',  ( 169.8261633243445203, 12.99999999999999822, 51.21266849727685155 ) ) ;
#1586 = ORIENTED_EDGE ( 'NONE', *, *, #1747, .T. ) ;
#1587 = CARTESIAN_POINT ( 'NONE',  ( 226.7163624527764512, 13.00000000000000178, 34.56940696021310089 ) ) ;
#1588 = CARTESIAN_POINT ( 'NONE',  ( 158.9091207294196408, 13.00000000000000178, 60.12762413521640070 ) ) ;
#1589 = DIRECTION ( 'NONE',  ( -0.000000000000000000, -1.000000000000000000, -0.000000000000000000 ) ) ;
#1590 = CARTESIAN_POINT ( 'NONE',  ( 188.2880851369601487, 10.00000000000000000, 36.93636078845852921 ) ) ;
#1591 = EDGE_CURVE ( 'NONE', #2843, #901, #2342, .T. ) ;
#1592 = CARTESIAN_POINT ( 'NONE',  ( 226.7163624527764227, 10.00000000000000355, 34.56940696021309378 ) ) ;
#1593 = ORIENTED_EDGE ( 'NONE', *, *, #625, .F. ) ;
#1594 = CARTESIAN_POINT ( 'NONE',  ( 166.6666666666666288, 20.00000000000000000, 97.93724644492834841 ) ) ;
#1595 = CARTESIAN_POINT ( 'NONE',  ( 159.9381197817511691, 10.00000000000000000, 30.15596304087414126 ) ) ;
#1596 = DIRECTION ( 'NONE',  ( -0.000000000000000000, -1.000000000000000000, -0.000000000000000000 ) ) ;
#1597 = CARTESIAN_POINT ( 'NONE',  ( 234.1373935718217467, 13.00000000000000533, 59.46455195120336157 ) ) ;
#1598 = ADVANCED_FACE ( 'NONE', ( #3296 ), #3703, .T. ) ;
#1599 = ORIENTED_EDGE ( 'NONE', *, *, #657, .F. ) ;
#1600 = CARTESIAN_POINT ( 'NONE',  ( 87.21816533739183797, 13.00000000000000178, 44.06159446021309378 ) ) ;
#1601 = CARTESIAN_POINT ( 'NONE',  ( 66.33174706816106436, 10.00000000000000000, 50.88551272944386028 ) ) ;
#1602 = ORIENTED_EDGE ( 'NONE', *, *, #1327, .F. ) ;
#1603 = VECTOR ( 'NONE', #1811, 1000.000000000000000 ) ;
#1604 = CARTESIAN_POINT ( 'NONE',  ( 155.9122422933567123, 10.00000000000000178, 26.41801332176901340 ) ) ;
#1605 = ORIENTED_EDGE ( 'NONE', *, *, #5325, .T. ) ;
#1606 = CARTESIAN_POINT ( 'NONE',  ( 84.06307017664131820, 12.99999999999999822, 40.73859731459030087 ) ) ;
#1607 = LINE ( 'NONE', #4916, #2324 ) ;
#1608 = CARTESIAN_POINT ( 'NONE',  ( 211.1394393758533568, 13.00000000000000178, 59.56640215252078718 ) ) ;
#1609 = VECTOR ( 'NONE', #2232, 1000.000000000000000 ) ;
#1610 = CARTESIAN_POINT ( 'NONE',  ( 133.3333333333333428, 20.00000000000000000, 97.93724644492834841 ) ) ;
#1611 = PLANE ( 'NONE',  #2929 ) ;
#1612 = CARTESIAN_POINT ( 'NONE',  ( 71.53245376683750578, 10.00000000000000000, 30.50044994791183584 ) ) ;
#1613 = CARTESIAN_POINT ( 'NONE',  ( 92.33296756127322169, 12.99999999999999822, 45.09486057215764276 ) ) ;
#1614 = VECTOR ( 'NONE', #2253, 1000.000000000000000 ) ;
#1615 = CARTESIAN_POINT ( 'NONE',  ( 129.2755153496274261, 10.00000000000000000, 56.34019194442239353 ) ) ;
#1616 = EDGE_LOOP ( 'NONE', ( #4136, #1096, #5644, #236 ) ) ;
#1617 = DIRECTION ( 'NONE',  ( 1.000000000000000000, 0.000000000000000000, 0.000000000000000000 ) ) ;
#1618 = CARTESIAN_POINT ( 'NONE',  ( 234.5105253565372436, 9.999999999999998224, 47.30715126054657560 ) ) ;
#1619 = ORIENTED_EDGE ( 'NONE', *, *, #3532, .F. ) ;
#1620 = CARTESIAN_POINT ( 'NONE',  ( 227.3340460404872374, 10.00000000000000178, 36.86034702168794297 ) ) ;
#1621 = DIRECTION ( 'NONE',  ( -0.000000000000000000, -1.000000000000000000, -0.000000000000000000 ) ) ;
#1622 = CARTESIAN_POINT ( 'NONE',  ( 151.3030939378090807, 10.00000000000000000, 33.06632664925396625 ) ) ;
#1623 = CARTESIAN_POINT ( 'NONE',  ( 233.5564242294013297, 13.00000000000000178, 41.51722881396347731 ) ) ;
#1624 = CARTESIAN_POINT ( 'NONE',  ( 75.45288849755934280, 12.99999999999999822, 28.78483346611379545 ) ) ;
#1625 = VERTEX_POINT ( 'NONE', #1318 ) ;
#1626 = DIRECTION ( 'NONE',  ( 0.6967183025428543841, 0.000000000000000000, -0.7173448312365564572 ) ) ;
#1627 = CARTESIAN_POINT ( 'NONE',  ( 222.6982112304135057, 13.00000000000000178, 33.83341966073736984 ) ) ;
#1628 = EDGE_CURVE ( 'NONE', #983, #3120, #5301, .T. ) ;
#1629 = CARTESIAN_POINT ( 'NONE',  ( 166.6544483539666999, 10.00000000000000000, 32.28645777504619474 ) ) ;
#1630 = LINE ( 'NONE', #3745, #4467 ) ;
#1631 = CARTESIAN_POINT ( 'NONE',  ( 70.61131138217474756, 10.00000000000000000, 18.56777491592289309 ) ) ;
#1632 = CARTESIAN_POINT ( 'NONE',  ( 233.2507180194606349, 13.00000000000000178, 59.77400098194241451 ) ) ;
#1633 = CIRCLE ( 'NONE', #5075, 1.500000000000001332 ) ;
#1634 = ORIENTED_EDGE ( 'NONE', *, *, #5359, .T. ) ;
#1635 = DIRECTION ( 'NONE',  ( -1.000000000000000000, 0.000000000000000000, 0.000000000000000000 ) ) ;
#1636 = CARTESIAN_POINT ( 'NONE',  ( 196.2435073677883963, 10.00000000000000355, 30.47810382413060992 ) ) ;
#1637 = ORIENTED_EDGE ( 'NONE', *, *, #381, .T. ) ;
#1638 = EDGE_CURVE ( 'NONE', #5549, #3220, #5313, .T. ) ;
#1639 = CIRCLE ( 'NONE', #4285, 1.649999999999987477 ) ;
#1640 = B_SPLINE_CURVE_WITH_KNOTS ( 'NONE', 3,
 ( #5911, #3014, #4959, #5468, #4009, #3129, #4066, #3515, #1685, #294, #5439 ),
 .UNSPECIFIED., .F., .F.,
 ( 4, 1, 1, 1, 1, 1, 1, 1, 4 ),
 ( 0.000000000000000000, 0.1072852142689556393, 0.2147458609696395460, 0.3229385595552858312, 0.4341161625174652094, 0.5534123109627951953, 0.6860729848107305351, 0.8342559920595846723, 1.000000000000000000 ),
 .UNSPECIFIED. ) ;
#1641 = ORIENTED_EDGE ( 'NONE', *, *, #1322, .F. ) ;
#1642 = B_SPLINE_SURFACE_WITH_KNOTS ( 'NONE', 3, 1, ( 
 ( #1201, #4411 ),
 ( #245, #2990 ),
 ( #215, #1137 ),
 ( #3956, #681 ),
 ( #5859, #5305 ),
 ( #5824, #5396 ),
 ( #3021, #2133 ),
 ( #4379, #4876 ),
 ( #3489, #4017 ),
 ( #2493, #187 ),
 ( #3523, #4471 ) ),
 .UNSPECIFIED., .F., .F., .F.,
 ( 4, 1, 1, 1, 1, 1, 1, 1, 4 ),
 ( 2, 2 ),
 ( 0.000000000000000000, 0.1249584925460638790, 0.2459006286062690450, 0.3691660295860718644, 0.4985108411773568338, 0.6285038663666073777, 0.7510283288509913557, 0.8737241742784346288, 1.000000000000000000 ),
 ( 0.000000000000000000, 1.000000000000000000 ),
 .UNSPECIFIED. ) ;
#1643 = CARTESIAN_POINT ( 'NONE',  ( 104.9855932220072106, 13.00000000000000178, 43.19620984482848058 ) ) ;
#1644 = PLANE ( 'NONE',  #4104 ) ;
#1645 = VECTOR ( 'NONE', #4495, 1000.000000000000000 ) ;
#1646 = EDGE_CURVE ( 'NONE', #977, #651, #2767, .T. ) ;
#1647 = CARTESIAN_POINT ( 'NONE',  ( 187.4861518979936648, 10.00000000000000000, 47.83560460022840743 ) ) ;
#1648 = CARTESIAN_POINT ( 'NONE',  ( 231.2932526618354530, 9.999999999999998224, 56.05280271931262348 ) ) ;
#1649 = DIRECTION ( 'NONE',  ( -0.000000000000000000, -1.000000000000000000, -0.000000000000000000 ) ) ;
#1650 = CARTESIAN_POINT ( 'NONE',  ( 81.80200527779297204, 10.00000000000000000, 38.87230492652902569 ) ) ;
#1651 = ORIENTED_EDGE ( 'NONE', *, *, #2774, .F. ) ;
#1652 = B_SPLINE_CURVE_WITH_KNOTS ( 'NONE', 3,
 ( #4780, #552, #4342, #116, #5668, #5235, #4280, #1449, #2002, #3890, #57, #2065, #149, #3330, #3830 ),
 .UNSPECIFIED., .F., .F.,
 ( 4, 1, 1, 1, 1, 1, 1, 1, 1, 1, 1, 1, 4 ),
 ( 0.000000000000000000, 0.09126360489662647957, 0.1809303110850824237, 0.2700882198317228755, 0.3601561333877266180, 0.4483425324981537008, 0.5326658421383304587, 0.6138337041070476285, 0.6939815272835585525, 0.7727159770890034141, 0.8493351720622465129, 0.9239673265752319509, 1.000000000000000000 ),
 .UNSPECIFIED. ) ;
#1653 = CARTESIAN_POINT ( 'NONE',  ( 172.4855932220072248, 13.00000000000000178, 43.24128196021309378 ) ) ;
#1654 = ORIENTED_EDGE ( 'NONE', *, *, #1974, .T. ) ;
#1655 = CARTESIAN_POINT ( 'NONE',  ( 134.3178190572418771, 13.00000000000000533, 36.53479017898678904 ) ) ;
#1656 = LINE ( 'NONE', #4399, #4506 ) ;
#1657 = CARTESIAN_POINT ( 'NONE',  ( 233.3333333333332860, 10.00000000000000000, 96.43724644492834841 ) ) ;
#1658 = CARTESIAN_POINT ( 'NONE',  ( 146.5363796184722673, 13.00000000000000178, 42.79594459398933992 ) ) ;
#1659 = CARTESIAN_POINT ( 'NONE',  ( 172.0168432220072248, 13.00000000000000178, 31.52253196021309734 ) ) ;
#1660 = CARTESIAN_POINT ( 'NONE',  ( 170.7690239588778525, 13.00000000000000178, 49.79121455529871554 ) ) ;
#1661 = ORIENTED_EDGE ( 'NONE', *, *, #4020, .T. ) ;
#1662 = CARTESIAN_POINT ( 'NONE',  ( 76.98092730862917676, 13.00000000000000178, 30.17800550200342968 ) ) ;
#1663 = CARTESIAN_POINT ( 'NONE',  ( 80.30410283739183797, 13.00000000000000178, 13.41255599867463566 ) ) ;
#1664 = CARTESIAN_POINT ( 'NONE',  ( 167.6889988448815529, 13.00000000000000178, 33.06597849589670801 ) ) ;
#1665 = CARTESIAN_POINT ( 'NONE',  ( 69.26634754063431387, 10.00000000000000355, 22.49624381943636919 ) ) ;
#1666 = ORIENTED_EDGE ( 'NONE', *, *, #5018, .T. ) ;
#1667 = CARTESIAN_POINT ( 'NONE',  ( 87.99746574654581366, 9.999999999999991118, 22.96626125068805635 ) ) ;
#1668 = EDGE_CURVE ( 'NONE', #4116, #5745, #1987, .T. ) ;
#1669 = DIRECTION ( 'NONE',  ( 1.000000000000000000, 0.000000000000000000, 0.000000000000000000 ) ) ;
#1670 = VERTEX_POINT ( 'NONE', #725 ) ;
#1671 = CARTESIAN_POINT ( 'NONE',  ( 296.4644660940673475, 0.000000000000000000, 3.535533905932737309 ) ) ;
#1672 = ADVANCED_FACE ( 'NONE', ( #1064 ), #1285, .T. ) ;
#1673 = CARTESIAN_POINT ( 'NONE',  ( 166.6666666666666288, 10.00000000000000000, 97.93724644492834841 ) ) ;
#1674 = DIRECTION ( 'NONE',  ( 0.5354662961092240270, 0.000000000000000000, -0.8445565971153554674 ) ) ;
#1675 = CARTESIAN_POINT ( 'NONE',  ( 223.6244153373918380, 13.00000000000000178, 52.64332522944386739 ) ) ;
#1676 = CARTESIAN_POINT ( 'NONE',  ( 135.5625162989302908, 13.00000000000000178, 43.03395022944386739 ) ) ;
#1677 = VERTEX_POINT ( 'NONE', #5035 ) ;
#1678 = CARTESIAN_POINT ( 'NONE',  ( 232.3560959922155860, 9.999999999999998224, 45.70009361738615183 ) ) ;
#1679 = EDGE_LOOP ( 'NONE', ( #5327, #4084, #2647, #1739 ) ) ;
#1680 = CARTESIAN_POINT ( 'NONE',  ( 117.6047173227579776, 10.00000000000000000, 26.12336533653609294 ) ) ;
#1681 = CARTESIAN_POINT ( 'NONE',  ( 188.2880851369601487, 13.00000000000000178, 36.93636078845852921 ) ) ;
#1682 = DIRECTION ( 'NONE',  ( 0.000000000000000000, 0.000000000000000000, 1.000000000000000000 ) ) ;
#1683 = CARTESIAN_POINT ( 'NONE',  ( 172.4649885760087784, 13.00000000000000178, 43.81669059318522130 ) ) ;
#1684 = VERTEX_POINT ( 'NONE', #3434 ) ;
#1685 = CARTESIAN_POINT ( 'NONE',  ( 75.45288849755934280, 12.99999999999999822, 28.78483346611379545 ) ) ;
#1686 = CARTESIAN_POINT ( 'NONE',  ( 170.3318041558571565, 12.99999999999999822, 35.97767422549586058 ) ) ;
#1687 = B_SPLINE_SURFACE_WITH_KNOTS ( 'NONE', 3, 1, ( 
 ( #1733, #899 ),
 ( #3144, #2319 ),
 ( #4200, #5486 ),
 ( #5033, #807 ),
 ( #1265, #4112 ),
 ( #5992, #1766 ),
 ( #3649, #4320 ),
 ( #5242, #125 ),
 ( #1513, #2379 ),
 ( #5768, #3900 ),
 ( #1884, #2471 ) ),
 .UNSPECIFIED., .F., .F., .F.,
 ( 4, 1, 1, 1, 1, 1, 1, 1, 4 ),
 ( 2, 2 ),
 ( 0.000000000000000000, 0.1340420464623716390, 0.2618956736507335181, 0.3878360446911197634, 0.5176862058208263617, 0.6445086536782135278, 0.7647182630567264106, 0.8802907821585005399, 1.000000000000000000 ),
 ( 0.000000000000000000, 1.000000000000000000 ),
 .UNSPECIFIED. ) ;
#1688 = CARTESIAN_POINT ( 'NONE',  ( 222.7945600515236890, 13.00000000000000178, 57.56939204516324082 ) ) ;
#1689 = CARTESIAN_POINT ( 'NONE',  ( 238.6872766513708655, 10.00000000000000178, 45.93940982306028076 ) ) ;
#1690 = EDGE_LOOP ( 'NONE', ( #3356, #939, #4878, #5445 ) ) ;
#1691 = CARTESIAN_POINT ( 'NONE',  ( 124.8539557345317519, 9.999999999999998224, 54.41044302797671861 ) ) ;
#1692 = DIRECTION ( 'NONE',  ( 0.000000000000000000, 1.000000000000000000, 0.000000000000000000 ) ) ;
#1693 = ORIENTED_EDGE ( 'NONE', *, *, #2167, .F. ) ;
#1694 = CARTESIAN_POINT ( 'NONE',  ( 113.1728472919154314, 10.00000000000000000, 55.17953654155762422 ) ) ;
#1695 = EDGE_LOOP ( 'NONE', ( #1450, #4086 ) ) ;
#1696 = CARTESIAN_POINT ( 'NONE',  ( 147.0446178667880019, 12.99999999999999822, 39.38999660237317357 ) ) ;
#1697 = DIRECTION ( 'NONE',  ( 0.000000000000000000, 0.000000000000000000, 1.000000000000000000 ) ) ;
#1698 = EDGE_LOOP ( 'NONE', ( #4972, #3514, #2629, #2492 ) ) ;
#1699 = EDGE_CURVE ( 'NONE', #901, #404, #29, .T. ) ;
#1700 = AXIS2_PLACEMENT_3D ( 'NONE', #5443, #1596, #2672 ) ;
#1701 = CARTESIAN_POINT ( 'NONE',  ( 207.1009778373918095, 10.00000000000000000, 30.72024830636694048 ) ) ;
#1702 = CARTESIAN_POINT ( 'NONE',  ( 91.62014818008013606, 13.00000000000000178, 43.38128321943272425 ) ) ;
#1703 = CARTESIAN_POINT ( 'NONE',  ( 194.7422037989302908, 13.00000000000000178, 30.14332522944386383 ) ) ;
#1704 = VERTEX_POINT ( 'NONE', #4390 ) ;
#1705 = VECTOR ( 'NONE', #3122, 1000.000000000000000 ) ;
#1706 = DIRECTION ( 'NONE',  ( 0.000000000000000000, 0.000000000000000000, 1.000000000000000000 ) ) ;
#1707 = EDGE_CURVE ( 'NONE', #5745, #5544, #1886, .T. ) ;
#1708 = CARTESIAN_POINT ( 'NONE',  ( 82.98135903440491745, 10.00000000000000000, 39.83489707145839986 ) ) ;
#1709 = AXIS2_PLACEMENT_3D ( 'NONE', #5899, #2168, #1674 ) ;
#1710 = LINE ( 'NONE', #177, #5944 ) ;
#1711 = CARTESIAN_POINT ( 'NONE',  ( 225.6887523744581472, 13.00000000000000533, 41.48856850183979361 ) ) ;
#1712 = CARTESIAN_POINT ( 'NONE',  ( 75.95530722779184885, 10.00000000000000000, 29.27864255750544942 ) ) ;
#1713 = EDGE_LOOP ( 'NONE', ( #2963, #3372, #145, #4892 ) ) ;
#1714 = DIRECTION ( 'NONE',  ( -0.000000000000000000, -1.000000000000000000, -0.000000000000000000 ) ) ;
#1715 = AXIS2_PLACEMENT_3D ( 'NONE', #400, #312, #5547 ) ;
#1716 = EDGE_CURVE ( 'NONE', #1157, #3573, #562, .T. ) ;
#1717 = CARTESIAN_POINT ( 'NONE',  ( 170.7758638881633999, 13.00000000000000178, 30.23629179878570028 ) ) ;
#1718 = CARTESIAN_POINT ( 'NONE',  ( 225.0854076892516673, 13.00000000000000533, 58.98641769943724000 ) ) ;
#1719 = CARTESIAN_POINT ( 'NONE',  ( 118.2367951450841446, 13.00000000000000178, 30.14332522944386383 ) ) ;
#1720 = CARTESIAN_POINT ( 'NONE',  ( 87.21816533739183797, 13.00000000000000178, 44.06159446021309378 ) ) ;
#1721 = ORIENTED_EDGE ( 'NONE', *, *, #531, .T. ) ;
#1722 = CARTESIAN_POINT ( 'NONE',  ( 134.8895194417185337, 12.99999999999999822, 48.08573616792504879 ) ) ;
#1723 = DIRECTION ( 'NONE',  ( -0.000000000000000000, -1.000000000000000000, -0.000000000000000000 ) ) ;
#1724 = ORIENTED_EDGE ( 'NONE', *, *, #2192, .T. ) ;
#1725 = B_SPLINE_CURVE_WITH_KNOTS ( 'NONE', 3,
 ( #119, #1170, #4967, #2555, #5889, #3053, #1600 ),
 .UNSPECIFIED., .F., .F.,
 ( 4, 1, 1, 1, 4 ),
 ( 0.000000000000000000, 0.2347233736739003096, 0.4771583189289878013, 0.7285562842030538500, 1.000000000000000000 ),
 .UNSPECIFIED. ) ;
#1726 = CARTESIAN_POINT ( 'NONE',  ( 84.53023426706349142, 12.99999999999999822, 19.47824170947943045 ) ) ;
#1727 = DIRECTION ( 'NONE',  ( 1.000000000000000000, 0.000000000000000000, -1.224646799147353454E-16 ) ) ;
#1728 = DIRECTION ( 'NONE',  ( 0.000000000000000000, 0.000000000000000000, -1.000000000000000000 ) ) ;
#1729 = CARTESIAN_POINT ( 'NONE',  ( 79.80436033963079012, 13.00000000000000178, 13.43110159011781946 ) ) ;
#1730 = AXIS2_PLACEMENT_3D ( 'NONE', #2799, #4683, #5626 ) ;
#1731 = VECTOR ( 'NONE', #5534, 1000.000000000000000 ) ;
#1732 = LINE ( 'NONE', #4052, #1609 ) ;
#1733 = CARTESIAN_POINT ( 'NONE',  ( 230.1418432220071963, 13.00000000000000178, 56.10486369098232728 ) ) ;
#1734 = CARTESIAN_POINT ( 'NONE',  ( 92.29328552969951716, 13.00000000000000178, 21.02974349867463388 ) ) ;
#1735 = ORIENTED_EDGE ( 'NONE', *, *, #6085, .F. ) ;
#1736 = EDGE_CURVE ( 'NONE', #933, #1989, #72, .T. ) ;
#1737 = B_SPLINE_SURFACE_WITH_KNOTS ( 'NONE', 3, 1, ( 
 ( #3885, #4371 ),
 ( #144, #512 ),
 ( #976, #5414 ),
 ( #2517, #3012 ),
 ( #3572, #2607 ),
 ( #3480, #729 ),
 ( #1163, #5909 ),
 ( #265, #674 ),
 ( #1624, #640 ),
 ( #5437, #1712 ),
 ( #5326, #4868 ) ),
 .UNSPECIFIED., .F., .F., .F.,
 ( 4, 1, 1, 1, 1, 1, 1, 1, 4 ),
 ( 2, 2 ),
 ( 0.000000000000000000, 0.1072852142689556393, 0.2147458609696395460, 0.3229385595552858312, 0.4341161625174652094, 0.5534123109627951953, 0.6860729848107305351, 0.8342559920595846723, 1.000000000000000000 ),
 ( 0.000000000000000000, 1.000000000000000000 ),
 .UNSPECIFIED. ) ;
#1738 = CARTESIAN_POINT ( 'NONE',  ( 235.3468681803191771, 12.99999999999999822, 48.36312682435463017 ) ) ;
#1739 = ORIENTED_EDGE ( 'NONE', *, *, #4996, .T. ) ;
#1740 = FACE_OUTER_BOUND ( 'NONE', #1690, .T. ) ;
#1741 = DIRECTION ( 'NONE',  ( 1.000000000000000000, 0.000000000000000000, -0.000000000000000000 ) ) ;
#1742 = CARTESIAN_POINT ( 'NONE',  ( 113.0770160942053195, 10.00000000000000000, 31.06292403870502028 ) ) ;
#1743 = CARTESIAN_POINT ( 'NONE',  ( 0.000000000000000000, 10.00000000000000000, 0.000000000000000000 ) ) ;
#1744 = VECTOR ( 'NONE', #2182, 1000.000000000000000 ) ;
#1745 = ORIENTED_EDGE ( 'NONE', *, *, #3817, .T. ) ;
#1746 = LINE ( 'NONE', #1807, #450 ) ;
#1747 = EDGE_CURVE ( 'NONE', #5888, #669, #6115, .T. ) ;
#1748 = CARTESIAN_POINT ( 'NONE',  ( 193.3500392409706876, 9.999999999999996447, 26.39775391644039004 ) ) ;
#1749 = VECTOR ( 'NONE', #457, 1000.000000000000000 ) ;
#1750 = CARTESIAN_POINT ( 'NONE',  ( 235.3883074780264906, 13.00000000000000178, 42.68904331403184216 ) ) ;
#1751 = B_SPLINE_CURVE_WITH_KNOTS ( 'NONE', 3,
 ( #2507, #2078, #1648, #3534, #3965, #2537, #1580, #1553, #3003, #628, #4392 ),
 .UNSPECIFIED., .F., .F.,
 ( 4, 1, 1, 1, 1, 1, 1, 1, 4 ),
 ( 0.000000000000000000, 0.1340420464623716390, 0.2618956736507335181, 0.3878360446911197634, 0.5176862058208263617, 0.6445086536782135278, 0.7647182630567264106, 0.8802907821585005399, 1.000000000000000000 ),
 .UNSPECIFIED. ) ;
#1752 = CARTESIAN_POINT ( 'NONE',  ( 187.4855932220071963, 13.00000000000000178, 48.51471946021309378 ) ) ;
#1753 = CARTESIAN_POINT ( 'NONE',  ( 223.4839049769891801, 9.999999999999998224, 38.67345338379559649 ) ) ;
#1754 = CARTESIAN_POINT ( 'NONE',  ( 90.76497975532697637, 13.00000000000000178, 19.03603176458912927 ) ) ;
#1755 = ORIENTED_EDGE ( 'NONE', *, *, #3538, .T. ) ;
#1756 = CARTESIAN_POINT ( 'NONE',  ( 133.3333333333333428, 10.00000000000000000, 97.93724644492834841 ) ) ;
#1757 = CARTESIAN_POINT ( 'NONE',  ( 135.5145705098952362, 9.999999999999998224, 41.33209375141706943 ) ) ;
#1758 = EDGE_CURVE ( 'NONE', #2212, #1240, #5875, .T. ) ;
#1759 = CARTESIAN_POINT ( 'NONE',  ( 134.3359142301048621, 12.99999999999999822, 49.64501527100944855 ) ) ;
#1760 = CARTESIAN_POINT ( 'NONE',  ( 83.87815970161449286, 13.00000000000000888, 19.05596736714736750 ) ) ;
#1761 = CARTESIAN_POINT ( 'NONE',  ( 87.07533525548682007, 13.00000000000000178, 15.49373952078310523 ) ) ;
#1762 = CARTESIAN_POINT ( 'NONE',  ( 77.54590614301413609, 12.99999999999999822, 30.59975543151405475 ) ) ;
#1763 = LINE ( 'NONE', #5426, #3017 ) ;
#1764 = ORIENTED_EDGE ( 'NONE', *, *, #4813, .F. ) ;
#1765 = CARTESIAN_POINT ( 'NONE',  ( 229.5184963116103916, 13.00000000000000178, 44.10002334430974713 ) ) ;
#1766 = CARTESIAN_POINT ( 'NONE',  ( 234.2658977693353961, 9.999999999999996447, 54.55453746483409105 ) ) ;
#1767 = CARTESIAN_POINT ( 'NONE',  ( 228.1544581704017673, 13.00000000000000178, 37.94673607004443738 ) ) ;
#1768 = VERTEX_POINT ( 'NONE', #3148 ) ;
#1769 = VERTEX_POINT ( 'NONE', #5995 ) ;
#1770 = CARTESIAN_POINT ( 'NONE',  ( 131.4998565526254879, 13.00000000000000178, 43.63939158557091247 ) ) ;
#1771 = DIRECTION ( 'NONE',  ( -0.000000000000000000, -1.000000000000000000, -0.000000000000000000 ) ) ;
#1772 = CARTESIAN_POINT ( 'NONE',  ( 116.8787394989605843, 10.00000000000000000, 30.16776359281849906 ) ) ;
#1773 = CARTESIAN_POINT ( 'NONE',  ( 296.4644660940673475, 0.000000000000000000, 1.885533905932749610 ) ) ;
#1774 = ORIENTED_EDGE ( 'NONE', *, *, #3905, .T. ) ;
#1775 = DIRECTION ( 'NONE',  ( 0.6600766059279596920, 0.000000000000000000, -0.7511982922681766928 ) ) ;
#1776 = CARTESIAN_POINT ( 'NONE',  ( 85.04893499155650716, 10.00000000000000000, 36.09699331247904297 ) ) ;
#1777 = CARTESIAN_POINT ( 'NONE',  ( 230.1418432220071963, 13.00000000000000178, 56.10486369098232728 ) ) ;
#1778 = EDGE_CURVE ( 'NONE', #2467, #209, #2786, .T. ) ;
#1779 = CARTESIAN_POINT ( 'NONE',  ( 80.45491918369140194, 10.00000000000000000, 60.71091527747433503 ) ) ;
#1780 = CARTESIAN_POINT ( 'NONE',  ( 105.4415567151510515, 13.00000000000000178, 54.12507749834849591 ) ) ;
#1781 = DIRECTION ( 'NONE',  ( 0.000000000000000000, 0.000000000000000000, -1.000000000000000000 ) ) ;
#1782 = CARTESIAN_POINT ( 'NONE',  ( 112.7508932562361395, 10.00000000000000000, 59.26249808025058030 ) ) ;
#1783 = DIRECTION ( 'NONE',  ( 0.000000000000000000, 0.000000000000000000, 1.000000000000000000 ) ) ;
#1784 = ORIENTED_EDGE ( 'NONE', *, *, #1327, .T. ) ;
#1785 = CARTESIAN_POINT ( 'NONE',  ( 187.5748184792696236, 10.00000000000000178, 43.00307195739861044 ) ) ;
#1786 = CARTESIAN_POINT ( 'NONE',  ( 142.5231425848556057, 13.00000000000000178, 44.87104856799891905 ) ) ;
#1787 = CARTESIAN_POINT ( 'NONE',  ( 33.33333333333334991, 20.00000000000000000, 96.43724644492834841 ) ) ;
#1788 = EDGE_CURVE ( 'NONE', #526, #4070, #5584, .T. ) ;
#1789 = EDGE_CURVE ( 'NONE', #3350, #4684, #3229, .T. ) ;
#1790 = CARTESIAN_POINT ( 'NONE',  ( 236.5323163339243422, 13.00000000000000178, 58.03916234152657694 ) ) ;
#1791 = B_SPLINE_SURFACE_WITH_KNOTS ( 'NONE', 3, 1, ( 
 ( #4178, #5073 ),
 ( #6031, #3723 ),
 ( #5619, #4584 ),
 ( #1305, #324 ),
 ( #4093, #4648 ),
 ( #4677, #940 ),
 ( #443, #2302 ),
 ( #3630, #2330 ),
 ( #853, #5496 ),
 ( #4209, #5106 ),
 ( #2761, #2825 ) ),
 .UNSPECIFIED., .F., .F., .F.,
 ( 4, 1, 1, 1, 1, 1, 1, 1, 4 ),
 ( 2, 2 ),
 ( 0.000000000000000000, 0.1267425189618447690, 0.2517239612496070533, 0.3772186880262415887, 0.5046935492516291255, 0.6314582385934868203, 0.7554010672029504159, 0.8777005336014760406, 0.9999999999999998890 ),
 ( 0.000000000000000000, 1.000000000000000000 ),
 .UNSPECIFIED. ) ;
#1792 = DIRECTION ( 'NONE',  ( -0.000000000000000000, -1.000000000000000000, -0.000000000000000000 ) ) ;
#1793 = FACE_OUTER_BOUND ( 'NONE', #50, .T. ) ;
#1794 = CARTESIAN_POINT ( 'NONE',  ( 144.2248165396594857, 13.00000000000000178, 35.48849327616307647 ) ) ;
#1795 = CARTESIAN_POINT ( 'NONE',  ( 176.4865054024467383, 10.00000000000000178, 44.87104857526609436 ) ) ;
#1796 = LINE ( 'NONE', #5548, #445 ) ;
#1797 = EDGE_LOOP ( 'NONE', ( #2132, #5289, #5685, #1050 ) ) ;
#1798 = B_SPLINE_CURVE_WITH_KNOTS ( 'NONE', 3,
 ( #5457, #1239, #781, #3119, #2659, #4541, #2202, #5346, #3005, #5837, #1615, #3504, #1152, #3037, #843, #2721, #4603, #401, #2752 ),
 .UNSPECIFIED., .F., .F.,
 ( 4, 1, 1, 1, 1, 1, 1, 1, 1, 1, 1, 1, 1, 1, 1, 1, 4 ),
 ( 0.000000000000000000, 0.06492129593786805097, 0.1280341643911160066, 0.1895737254178899989, 0.2505798347323818787, 0.3117332213636305749, 0.3732500799286346815, 0.4357625163356388387, 0.5003455613741146779, 0.5649493665465401548, 0.6275279092682861659, 0.6891572899131304109, 0.7498650117126983705, 0.8107601999033158258, 0.8722997609300897626, 0.9354126293833373573, 1.000000000000000000 ),
 .UNSPECIFIED. ) ;
#1799 = CARTESIAN_POINT ( 'NONE',  ( 144.2248165396594857, 10.00000000000000000, 35.48849327616307647 ) ) ;
#1800 = ORIENTED_EDGE ( 'NONE', *, *, #92, .F. ) ;
#1801 = CARTESIAN_POINT ( 'NONE',  ( 300.0000000000000000, 0.000000000000000000, 100.0000000000000000 ) ) ;
#1802 = CARTESIAN_POINT ( 'NONE',  ( 211.1394393758533568, 13.00000000000000178, 26.68178676790540393 ) ) ;
#1803 = CARTESIAN_POINT ( 'NONE',  ( 207.1009778373918095, 10.00000000000000000, 13.41255599867463566 ) ) ;
#1804 = AXIS2_PLACEMENT_3D ( 'NONE', #1961, #79, #1932 ) ;
#1805 = CARTESIAN_POINT ( 'NONE',  ( 229.8555755986735392, 13.00000000000000178, 56.09469283538910389 ) ) ;
#1806 = EDGE_LOOP ( 'NONE', ( #3614, #4016, #3781, #5823 ) ) ;
#1807 = CARTESIAN_POINT ( 'NONE',  ( 92.87020860662259736, 13.00000000000000178, 48.54176272944386028 ) ) ;
#1808 = CARTESIAN_POINT ( 'NONE',  ( 166.6666666666666288, 10.00000000000000000, 94.93724644492834841 ) ) ;
#1809 = AXIS2_PLACEMENT_3D ( 'NONE', #4587, #3192, #359 ) ;
#1810 = CARTESIAN_POINT ( 'NONE',  ( 187.7837344059525435, 10.00000000000000000, 31.07181416745163460 ) ) ;
#1811 = DIRECTION ( 'NONE',  ( -0.000000000000000000, -1.000000000000000000, -0.000000000000000000 ) ) ;
#1812 = CARTESIAN_POINT ( 'NONE',  ( 146.5606330574581762, 9.999999999999998224, 41.91958864434691634 ) ) ;
#1813 = CARTESIAN_POINT ( 'NONE',  ( 107.8165989888762653, 13.00000000000000533, 56.47166602419947168 ) ) ;
#1814 = CARTESIAN_POINT ( 'NONE',  ( 117.7455574068269897, 10.00000000000000178, 60.12667770169663584 ) ) ;
#1815 = EDGE_LOOP ( 'NONE', ( #1524, #3142, #3715, #5850 ) ) ;
#1816 = CARTESIAN_POINT ( 'NONE',  ( 79.85338168354567756, 9.999999999999994671, 18.02794061405924708 ) ) ;
#1817 = CARTESIAN_POINT ( 'NONE',  ( 143.6507978439572071, 13.00000000000000178, 49.57770030381110615 ) ) ;
#1818 = AXIS2_PLACEMENT_3D ( 'NONE', #4756, #1483, #2014 ) ;
#1819 = EDGE_CURVE ( 'NONE', #3342, #2408, #733, .T. ) ;
#1820 = ORIENTED_EDGE ( 'NONE', *, *, #5018, .F. ) ;
#1821 = CARTESIAN_POINT ( 'NONE',  ( 33.33333333333334991, 20.00000000000000000, 96.43724644492834841 ) ) ;
#1822 = CARTESIAN_POINT ( 'NONE',  ( 70.05710829385961347, 10.00000000000000000, 56.32575604325621299 ) ) ;
#1823 = EDGE_CURVE ( 'NONE', #993, #3052, #1167, .T. ) ;
#1824 = CARTESIAN_POINT ( 'NONE',  ( 110.7734734295941621, 12.99999999999999822, 27.73923748850864612 ) ) ;
#1825 = CARTESIAN_POINT ( 'NONE',  ( 173.8642224950175716, 13.00000000000000178, 52.44860190432402902 ) ) ;
#1826 = CARTESIAN_POINT ( 'NONE',  ( 172.8887302744956003, 10.00000000000000355, 53.80055790354976608 ) ) ;
#1827 = AXIS2_PLACEMENT_3D ( 'NONE', #4356, #1053, #2017 ) ;
#1828 = DIRECTION ( 'NONE',  ( 3.815578358313908884E-16, 1.000000000000000000, -9.395057985567183527E-15 ) ) ;
#1829 = ORIENTED_EDGE ( 'NONE', *, *, #3864, .F. ) ;
#1830 = ADVANCED_FACE ( 'NONE', ( #3486 ), #737, .T. ) ;
#1831 = CARTESIAN_POINT ( 'NONE',  ( 88.35622825004665515, 13.00000000000000178, 39.03553790971648141 ) ) ;
#1832 = VECTOR ( 'NONE', #4145, 1000.000000000000000 ) ;
#1833 = CARTESIAN_POINT ( 'NONE',  ( 77.26853576726756501, 10.00000000000000178, 55.66690516019445312 ) ) ;
#1834 = CARTESIAN_POINT ( 'NONE',  ( 143.6507978439572071, 13.00000000000000178, 49.57770030381110615 ) ) ;
#1835 = B_SPLINE_SURFACE_WITH_KNOTS ( 'NONE', 3, 1, ( 
 ( #4295, #3339 ),
 ( #1954, #5160 ),
 ( #1024, #3844 ),
 ( #1488, #1427 ),
 ( #2384, #2325 ),
 ( #5249, #2821 ),
 ( #3313, #1863 ),
 ( #966, #2851 ),
 ( #2905, #566 ),
 ( #2565, #1647 ),
 ( #5375, #197 ) ),
 .UNSPECIFIED., .F., .F., .F.,
 ( 4, 1, 1, 1, 1, 1, 1, 1, 4 ),
 ( 2, 2 ),
 ( 0.000000000000000000, 0.07085486850153051297, 0.1569381495573530239, 0.2586003949600844676, 0.3758909295892024494, 0.5081661676989027709, 0.6562378085782242243, 0.8201767703979099267, 1.000000000000000000 ),
 ( 0.000000000000000000, 1.000000000000000000 ),
 .UNSPECIFIED. ) ;
#1836 = DIRECTION ( 'NONE',  ( -0.000000000000000000, -1.000000000000000000, -0.000000000000000000 ) ) ;
#1837 = ORIENTED_EDGE ( 'NONE', *, *, #771, .F. ) ;
#1838 = CARTESIAN_POINT ( 'NONE',  ( 226.7163624527764227, 13.00000000000000178, 34.56940696021309378 ) ) ;
#1839 = B_SPLINE_CURVE_WITH_KNOTS ( 'NONE', 3,
 ( #3209, #3241, #3272, #870, #4081, #4669, #5517, #5125, #4636, #2292, #3176 ),
 .UNSPECIFIED., .F., .F.,
 ( 4, 1, 1, 1, 1, 1, 1, 1, 4 ),
 ( 0.000000000000000000, 0.1582230975563212738, 0.3050355053581700893, 0.4413089638879060805, 0.5659632271047245755, 0.6835251144150622515, 0.7933341296296025913, 0.8985175121610035065, 1.000000000000000000 ),
 .UNSPECIFIED. ) ;
#1840 = CARTESIAN_POINT ( 'NONE',  ( 92.33296756127322169, 9.999999999999998224, 45.09486057215764276 ) ) ;
#1841 = LINE ( 'NONE', #5593, #2045 ) ;
#1842 = CARTESIAN_POINT ( 'NONE',  ( 72.51054465422315332, 13.00000000000000178, 58.46488563459584498 ) ) ;
#1843 = CARTESIAN_POINT ( 'NONE',  ( 187.7837344059525435, 13.00000000000000178, 31.07181416745163460 ) ) ;
#1844 = CARTESIAN_POINT ( 'NONE',  ( 118.2367951450841446, 10.00000000000000355, 30.14332522944386383 ) ) ;
#1845 = CARTESIAN_POINT ( 'NONE',  ( 81.88894436368219942, 10.00000000000000000, 13.46721881908733565 ) ) ;
#1846 = EDGE_LOOP ( 'NONE', ( #614, #5236, #5132, #4008 ) ) ;
#1847 = CARTESIAN_POINT ( 'NONE',  ( 124.9991192930782660, 13.00000000000000178, 58.92913714481717591 ) ) ;
#1848 = CARTESIAN_POINT ( 'NONE',  ( 187.8801007736855126, 13.00000000000000178, 39.03558015713939966 ) ) ;
#1849 = B_SPLINE_CURVE_WITH_KNOTS ( 'NONE', 3,
 ( #6104, #1843, #413, #946, #4182, #5691, #2335, #4213, #2858, #3852, #480 ),
 .UNSPECIFIED., .F., .F.,
 ( 4, 1, 1, 1, 1, 1, 1, 1, 4 ),
 ( 0.000000000000000000, 0.1600594124854940736, 0.3061123827401262543, 0.4383665141302057200, 0.5605414552552187013, 0.6753172249527020776, 0.7861136344281762778, 0.8928417881050886296, 1.000000000000000000 ),
 .UNSPECIFIED. ) ;
#1850 = CARTESIAN_POINT ( 'NONE',  ( 72.29832116845338419, 13.00000000000000178, 51.86517809607312302 ) ) ;
#1851 = DIRECTION ( 'NONE',  ( -0.000000000000000000, -1.000000000000000000, -0.000000000000000000 ) ) ;
#1852 = CARTESIAN_POINT ( 'NONE',  ( 84.97780635512353342, 12.99999999999999822, 59.82981708987858838 ) ) ;
#1853 = CARTESIAN_POINT ( 'NONE',  ( 66.33174706816106436, 10.00000000000000000, 50.88551272944386028 ) ) ;
#1854 = CARTESIAN_POINT ( 'NONE',  ( 176.4813861678022704, 9.999999999999996447, 41.56782535929008304 ) ) ;
#1855 = CARTESIAN_POINT ( 'NONE',  ( 75.08958273437217201, 10.00000000000000355, 19.64234997936065596 ) ) ;
#1856 = EDGE_CURVE ( 'NONE', #1232, #2296, #3077, .T. ) ;
#1857 = CARTESIAN_POINT ( 'NONE',  ( 225.6887523744581472, 13.00000000000000533, 41.48856850183979361 ) ) ;
#1858 = DIRECTION ( 'NONE',  ( -0.000000000000000000, -1.000000000000000000, -0.000000000000000000 ) ) ;
#1859 = CARTESIAN_POINT ( 'NONE',  ( 229.5835418848648715, 13.00000000000000533, 39.13965960196059513 ) ) ;
#1860 = VERTEX_POINT ( 'NONE', #5946 ) ;
#1861 = CARTESIAN_POINT ( 'NONE',  ( 142.4855932220072248, 10.00000000000000000, 43.21423869098232728 ) ) ;
#1862 = ORIENTED_EDGE ( 'NONE', *, *, #4927, .F. ) ;
#1863 = CARTESIAN_POINT ( 'NONE',  ( 187.5748184792696236, 10.00000000000000000, 43.00307195739861044 ) ) ;
#1864 = ADVANCED_FACE ( 'NONE', ( #4498 ), #2183, .T. ) ;
#1865 = LINE ( 'NONE', #849, #3384 ) ;
#1866 = EDGE_CURVE ( 'NONE', #5097, #3084, #3832, .T. ) ;
#1867 = LINE ( 'NONE', #5070, #3892 ) ;
#1868 = EDGE_LOOP ( 'NONE', ( #1380, #868, #5339, #3392 ) ) ;
#1869 = CARTESIAN_POINT ( 'NONE',  ( 131.5240547604687436, 13.00000000000000178, 43.07902234482848058 ) ) ;
#1870 = VERTEX_POINT ( 'NONE', #4553 ) ;
#1871 = CARTESIAN_POINT ( 'NONE',  ( 231.3388112357961290, 13.00000000000000178, 26.11906235709153989 ) ) ;
#1872 = CARTESIAN_POINT ( 'NONE',  ( 67.76289322032397422, 13.00000000000000178, 53.33341251961036988 ) ) ;
#1873 = CARTESIAN_POINT ( 'NONE',  ( 230.3491749527764227, 10.00000000000000355, 60.14332522944386739 ) ) ;
#1874 = CARTESIAN_POINT ( 'NONE',  ( 131.1010559769668191, 10.00000000000000000, 39.73634268476655507 ) ) ;
#1875 = FACE_OUTER_BOUND ( 'NONE', #4881, .T. ) ;
#1876 = VERTEX_POINT ( 'NONE', #793 ) ;
#1877 = CARTESIAN_POINT ( 'NONE',  ( 127.6372478848805088, 10.00000000000000178, 33.85115927459332141 ) ) ;
#1878 = CARTESIAN_POINT ( 'NONE',  ( 147.2266282630787373, 12.99999999999999822, 55.08637881637243794 ) ) ;
#1879 = CARTESIAN_POINT ( 'NONE',  ( 92.87020860662259736, 13.00000000000000178, 48.54176272944386028 ) ) ;
#1880 = VERTEX_POINT ( 'NONE', #327 ) ;
#1881 = CARTESIAN_POINT ( 'NONE',  ( 166.6666666666666288, 20.00000000000000000, 96.43724644492834841 ) ) ;
#1882 = CARTESIAN_POINT ( 'NONE',  ( 87.46355755987713110, 13.00000000000000178, 44.41871770116560469 ) ) ;
#1883 = CARTESIAN_POINT ( 'NONE',  ( 201.3317470681610644, 13.00000000000000178, 26.68178676790540393 ) ) ;
#1884 = CARTESIAN_POINT ( 'NONE',  ( 235.9471316835457060, 13.00000000000000178, 50.81339734482848769 ) ) ;
#1885 = CARTESIAN_POINT ( 'NONE',  ( 223.6244153373917527, 10.00000000000000000, 52.64332522944387449 ) ) ;
#1886 = LINE ( 'NONE', #2847, #4367 ) ;
#1887 = EDGE_LOOP ( 'NONE', ( #5604, #5223, #3107, #4755 ) ) ;
#1888 = EDGE_CURVE ( 'NONE', #3084, #5898, #3954, .T. ) ;
#1889 = DIRECTION ( 'NONE',  ( 0.000000000000000000, 1.000000000000000000, 0.000000000000000000 ) ) ;
#1890 = VERTEX_POINT ( 'NONE', #2096 ) ;
#1891 = CARTESIAN_POINT ( 'NONE',  ( 105.9020517783667117, 10.00000000000000000, 48.28380867423329903 ) ) ;
#1892 = CARTESIAN_POINT ( 'NONE',  ( 127.6144491233133493, 9.999999999999996447, 52.34622757022088280 ) ) ;
#1893 = CARTESIAN_POINT ( 'NONE',  ( 163.2779552682173403, 10.00000000000000000, 30.66528550712544288 ) ) ;
#1894 = CARTESIAN_POINT ( 'NONE',  ( 222.6779009143148755, 13.00000000000000178, 34.73166657559770698 ) ) ;
#1895 = ORIENTED_EDGE ( 'NONE', *, *, #2504, .T. ) ;
#1896 = CARTESIAN_POINT ( 'NONE',  ( 146.9191715328620660, 10.00000000000000000, 46.64055052853878891 ) ) ;
#1897 = CARTESIAN_POINT ( 'NONE',  ( 146.5857184929828918, 13.00000000000000178, 44.95869323749731450 ) ) ;
#1898 = EDGE_CURVE ( 'NONE', #2023, #2212, #3601, .T. ) ;
#1899 = CARTESIAN_POINT ( 'NONE',  ( 109.2005862688569522, 10.00000000000000178, 28.58224158678818583 ) ) ;
#1900 = VECTOR ( 'NONE', #130, 1000.000000000000000 ) ;
#1901 = CARTESIAN_POINT ( 'NONE',  ( 236.6682855296995172, 13.00000000000000178, 33.60486369098232728 ) ) ;
#1902 = CARTESIAN_POINT ( 'NONE',  ( 116.5562146297452273, 9.999999999999998224, 56.04207646892162131 ) ) ;
#1903 = CARTESIAN_POINT ( 'NONE',  ( 227.8341509143149040, 10.00000000000000000, 37.55318099867464099 ) ) ;
#1904 = CARTESIAN_POINT ( 'NONE',  ( 172.0168432220072248, 13.00000000000000178, 31.52253196021309734 ) ) ;
#1905 = VERTEX_POINT ( 'NONE', #4181 ) ;
#1906 = CARTESIAN_POINT ( 'NONE',  ( 121.8158332275822033, 12.99999999999999822, 59.85626551944611151 ) ) ;
#1907 = CARTESIAN_POINT ( 'NONE',  ( 199.9999999999999432, 20.00000000000000000, 94.93724644492834841 ) ) ;
#1908 = EDGE_CURVE ( 'NONE', #3211, #3430, #447, .T. ) ;
#1909 = VECTOR ( 'NONE', #1294, 1000.000000000000000 ) ;
#1910 = DIRECTION ( 'NONE',  ( 0.8576722029112571200, 0.000000000000000000, -0.5141968420297341469 ) ) ;
#1911 = CARTESIAN_POINT ( 'NONE',  ( 92.84502592270578702, 10.00000000000000000, 49.74423664051275296 ) ) ;
#1912 = B_SPLINE_CURVE_WITH_KNOTS ( 'NONE', 3,
 ( #3467, #2191, #2650, #5027, #304, #662, #2535, #4422, #1726, #1760, #3642, #922, #892, #2804, #5633 ),
 .UNSPECIFIED., .F., .F.,
 ( 4, 1, 1, 1, 1, 1, 1, 1, 1, 1, 1, 1, 4 ),
 ( 0.000000000000000000, 0.09846943102555746896, 0.1896291011376321500, 0.2741840894379700133, 0.3521831609671534080, 0.4231988731834701589, 0.4885509460005328375, 0.5484733460279378470, 0.6014401636178723365, 0.7011980824257653122, 0.7995918021381838159, 0.8985450984822281884, 0.9999999999999998890 ),
 .UNSPECIFIED. ) ;
#1913 = VECTOR ( 'NONE', #4630, 1000.000000000000000 ) ;
#1914 = VERTEX_POINT ( 'NONE', #412 ) ;
#1915 = CARTESIAN_POINT ( 'NONE',  ( 172.3766112028422697, 9.999999999999998224, 31.93671177750580981 ) ) ;
#1916 = CARTESIAN_POINT ( 'NONE',  ( 73.36962786253056379, 10.00000000000000000, 58.99582166553562246 ) ) ;
#1917 = AXIS2_PLACEMENT_3D ( 'NONE', #1209, #2598, #667 ) ;
#1918 = FACE_OUTER_BOUND ( 'NONE', #627, .T. ) ;
#1919 = ORIENTED_EDGE ( 'NONE', *, *, #211, .T. ) ;
#1920 = CARTESIAN_POINT ( 'NONE',  ( 113.0770160942053195, 13.00000000000000178, 31.06292403870502028 ) ) ;
#1921 = DIRECTION ( 'NONE',  ( 0.000000000000000000, 0.000000000000000000, 1.000000000000000000 ) ) ;
#1922 = DIRECTION ( 'NONE',  ( 0.000000000000000000, 1.000000000000000000, 0.000000000000000000 ) ) ;
#1923 = CARTESIAN_POINT ( 'NONE',  ( 126.3045434346951907, 10.00000000000000355, 53.47199942482424717 ) ) ;
#1924 = FACE_OUTER_BOUND ( 'NONE', #1868, .T. ) ;
#1925 = CARTESIAN_POINT ( 'NONE',  ( 223.4839049769891801, 9.999999999999996447, 38.67345338379559649 ) ) ;
#1926 = EDGE_CURVE ( 'NONE', #752, #4073, #5731, .T. ) ;
#1927 = EDGE_LOOP ( 'NONE', ( #5011, #3786 ) ) ;
#1928 = CARTESIAN_POINT ( 'NONE',  ( 150.2860309679139164, 10.00000000000000355, 52.48466196422896246 ) ) ;
#1929 = VECTOR ( 'NONE', #2981, 1000.000000000000000 ) ;
#1930 = CARTESIAN_POINT ( 'NONE',  ( 296.5030604351463808, 0.000000000000000000, 91.13552925583975650 ) ) ;
#1931 = CARTESIAN_POINT ( 'NONE',  ( 78.49205492871953993, 13.00000000000000178, 18.07356224616280826 ) ) ;
#1932 = DIRECTION ( 'NONE',  ( 0.000000000000000000, 0.000000000000000000, -1.000000000000000000 ) ) ;
#1933 = CARTESIAN_POINT ( 'NONE',  ( 190.5178128098172579, 9.999999999999996447, 32.33405102119188257 ) ) ;
#1934 = EDGE_CURVE ( 'NONE', #2580, #2554, #4479, .T. ) ;
#1935 = CARTESIAN_POINT ( 'NONE',  ( 176.2713398614255311, 10.00000000000000355, 39.95859518147276646 ) ) ;
#1936 = ORIENTED_EDGE ( 'NONE', *, *, #4753, .F. ) ;
#1937 = CARTESIAN_POINT ( 'NONE',  ( 109.2005862688569522, 13.00000000000000178, 28.58224158678818583 ) ) ;
#1938 = CARTESIAN_POINT ( 'NONE',  ( 118.9797622470021565, 9.999999999999996447, 60.12737943881922575 ) ) ;
#1939 = CARTESIAN_POINT ( 'NONE',  ( 90.76979024962159315, 13.00000000000000178, 55.22073306758281319 ) ) ;
#1940 = LINE ( 'NONE', #3387, #2520 ) ;
#1941 = EDGE_CURVE ( 'NONE', #4684, #983, #2827, .T. ) ;
#1942 = EDGE_LOOP ( 'NONE', ( #3020, #5164, #2599, #363 ) ) ;
#1943 = FACE_OUTER_BOUND ( 'NONE', #1982, .T. ) ;
#1944 = CARTESIAN_POINT ( 'NONE',  ( 83.80906202603273414, 12.99999999999999822, 60.22753374378750379 ) ) ;
#1945 = VECTOR ( 'NONE', #5167, 1000.000000000000000 ) ;
#1946 =( NAMED_UNIT ( * ) SI_UNIT ( $, .STERADIAN. ) SOLID_ANGLE_UNIT ( ) );
#1947 = VERTEX_POINT ( 'NONE', #2796 ) ;
#1948 = CARTESIAN_POINT ( 'NONE',  ( 111.9166510252593696, 13.00000000000000178, 31.58233735092026606 ) ) ;
#1949 = CYLINDRICAL_SURFACE ( 'NONE', #2231, 1.650000000000000355 ) ;
#1950 = CARTESIAN_POINT ( 'NONE',  ( 167.6889988448815529, 13.00000000000000178, 33.06597849589670801 ) ) ;
#1951 = CARTESIAN_POINT ( 'NONE',  ( 80.83438412693769237, 10.00000000000000000, 13.43084594780696861 ) ) ;
#1952 = CARTESIAN_POINT ( 'NONE',  ( 146.9928047604687436, 13.00000000000000178, 31.54957522944386383 ) ) ;
#1953 = CARTESIAN_POINT ( 'NONE',  ( 230.9891989912379984, 9.999999999999996447, 26.10486369098232728 ) ) ;
#1954 = CARTESIAN_POINT ( 'NONE',  ( 188.1459020106100297, 13.00000000000000178, 37.48936828534738908 ) ) ;
#1955 = DIRECTION ( 'NONE',  ( 0.000000000000000000, 0.000000000000000000, 1.000000000000000000 ) ) ;
#1956 = CARTESIAN_POINT ( 'NONE',  ( 222.6847691398887434, 12.99999999999999822, 34.42791145911768069 ) ) ;
#1957 = ORIENTED_EDGE ( 'NONE', *, *, #2164, .F. ) ;
#1958 = CARTESIAN_POINT ( 'NONE',  ( 148.2302601561823678, 13.00000000000000178, 49.79309930489683467 ) ) ;
#1959 = CARTESIAN_POINT ( 'NONE',  ( 133.3333333333333428, 20.00000000000000000, 94.93724644492834841 ) ) ;
#1960 = CARTESIAN_POINT ( 'NONE',  ( 238.4531412989302908, 10.00000000000000355, 45.55798869098232018 ) ) ;
#1961 = CARTESIAN_POINT ( 'NONE',  ( 266.6666666666666856, 20.00000000000000000, 96.43724644492834841 ) ) ;
#1962 = CYLINDRICAL_SURFACE ( 'NONE', #3780, 1.649999999999987477 ) ;
#1963 = CARTESIAN_POINT ( 'NONE',  ( 176.5097100284805265, 13.00000000000000178, 42.66073184885191694 ) ) ;
#1964 = ORIENTED_EDGE ( 'NONE', *, *, #5459, .T. ) ;
#1965 = CARTESIAN_POINT ( 'NONE',  ( 106.2479213773854951, 13.00000000000000178, 31.14165428692931670 ) ) ;
#1966 = EDGE_CURVE ( 'NONE', #1232, #3621, #2333, .T. ) ;
#1967 = CARTESIAN_POINT ( 'NONE',  ( 121.8158332275822033, 12.99999999999999822, 59.85626551944611151 ) ) ;
#1968 = B_SPLINE_CURVE_WITH_KNOTS ( 'NONE', 3,
 ( #684, #3027, #653, #4914, #5501, #2070, #329, #1604, #3608, #2043, #5369 ),
 .UNSPECIFIED., .F., .F.,
 ( 4, 1, 1, 1, 1, 1, 1, 1, 4 ),
 ( 0.000000000000000000, 0.1284975211375124771, 0.2527129855154524041, 0.3748191325670450214, 0.4964364263727303883, 0.6179105567458524906, 0.7412876173092904919, 0.8687004007446090803, 1.000000000000000000 ),
 .UNSPECIFIED. ) ;
#1969 = CARTESIAN_POINT ( 'NONE',  ( 91.94608261409780425, 13.00000000000000178, 53.14877025636950947 ) ) ;
#1970 = DIRECTION ( 'NONE',  ( -0.000000000000000000, -1.000000000000000000, -0.000000000000000000 ) ) ;
#1971 = ORIENTED_EDGE ( 'NONE', *, *, #1480, .T. ) ;
#1972 = CARTESIAN_POINT ( 'NONE',  ( 296.5030604351463808, 0.000000000000000000, 85.13552925583971387 ) ) ;
#1973 = CARTESIAN_POINT ( 'NONE',  ( 126.4137414202504459, 10.00000000000000178, 28.01615355428619125 ) ) ;
#1974 = EDGE_CURVE ( 'NONE', #519, #1890, #3542, .T. ) ;
#1975 = EDGE_CURVE ( 'NONE', #2771, #3430, #1216, .T. ) ;
#1976 = CARTESIAN_POINT ( 'NONE',  ( 234.8383576450841304, 10.00000000000000000, 47.67637811405924708 ) ) ;
#1977 = ORIENTED_EDGE ( 'NONE', *, *, #1567, .T. ) ;
#1978 = CARTESIAN_POINT ( 'NONE',  ( 239.4086701450841304, 10.00000000000000000, 30.78334926790540393 ) ) ;
#1979 = CARTESIAN_POINT ( 'NONE',  ( 232.3197157286337244, 10.00000000000000000, 59.98823352663391262 ) ) ;
#1980 = CARTESIAN_POINT ( 'NONE',  ( 104.9855932220072106, 13.00000000000000178, 71.68178676790540749 ) ) ;
#1981 = EDGE_CURVE ( 'NONE', #4538, #5269, #3234, .T. ) ;
#1982 = EDGE_LOOP ( 'NONE', ( #5495, #4482, #513, #1735 ) ) ;
#1983 = CARTESIAN_POINT ( 'NONE',  ( 106.6545638114937020, 9.999999999999996447, 49.79402200675319534 ) ) ;
#1984 = CARTESIAN_POINT ( 'NONE',  ( 172.3766112028422697, 12.99999999999999822, 31.93671177750580981 ) ) ;
#1985 = CARTESIAN_POINT ( 'NONE',  ( 234.1607251065793207, 9.999999999999998224, 26.74993911631518628 ) ) ;
#1986 = DIRECTION ( 'NONE',  ( -0.000000000000000000, -1.000000000000000000, -0.000000000000000000 ) ) ;
#1987 = B_SPLINE_CURVE_WITH_KNOTS ( 'NONE', 3,
 ( #779, #3648, #5991, #6019, #4053, #311, #2200, #1825, #5957, #5580, #6056, #5546, #4110, #4571, #5062, #5516, #2719, #1325, #3208 ),
 .UNSPECIFIED., .F., .F.,
 ( 4, 1, 1, 1, 1, 1, 1, 1, 1, 1, 1, 1, 1, 1, 1, 1, 4 ),
 ( 0.000000000000000000, 0.06241602615881759047, 0.1233369785373298194, 0.1832651398530920350, 0.2431724430697090045, 0.3028983539197450114, 0.3637735975039096403, 0.4256053049523821907, 0.4896590425101839394, 0.5537845767921160123, 0.6162215328110728363, 0.6778544713083423101, 0.7395168974879384738, 0.8020965355763706173, 0.8658658412779717262, 0.9315077951965110570, 1.000000000000000000 ),
 .UNSPECIFIED. ) ;
#1988 = CARTESIAN_POINT ( 'NONE',  ( 223.2458057566078935, 13.00000000000000178, 31.33124175439118986 ) ) ;
#1989 = VERTEX_POINT ( 'NONE', #1437 ) ;
#1990 = LINE ( 'NONE', #2855, #5085 ) ;
#1991 = CARTESIAN_POINT ( 'NONE',  ( 152.9636106893647707, 13.00000000000000533, 54.48866184002839219 ) ) ;
#1992 = FACE_OUTER_BOUND ( 'NONE', #4060, .T. ) ;
#1993 = CARTESIAN_POINT ( 'NONE',  ( 175.8838306589967999, 10.00000000000000000, 48.06237385564428877 ) ) ;
#1994 = PRODUCT_DEFINITION_CONTEXT ( 'detailed design', #3922, 'design' ) ;
#1995 = CARTESIAN_POINT ( 'NONE',  ( 296.4644660940673475, 0.000000000000000000, 1.885533905932749610 ) ) ;
#1996 = CARTESIAN_POINT ( 'NONE',  ( 147.4548531423023690, 13.00000000000000888, 38.19566556648155853 ) ) ;
#1997 = CARTESIAN_POINT ( 'NONE',  ( 105.4415567151510515, 13.00000000000000178, 54.12507749834849591 ) ) ;
#1998 = DIRECTION ( 'NONE',  ( 0.000000000000000000, 0.000000000000000000, 1.000000000000000000 ) ) ;
#1999 = EDGE_LOOP ( 'NONE', ( #3196, #1121, #4365, #468 ) ) ;
#2000 = CARTESIAN_POINT ( 'NONE',  ( 105.4144751598138185, 10.00000000000000000, 32.21446576716065380 ) ) ;
#2001 = CARTESIAN_POINT ( 'NONE',  ( 70.62480579594607377, 9.999999999999996447, 29.16536987100222333 ) ) ;
#2002 = CARTESIAN_POINT ( 'NONE',  ( 87.13624509332558432, 9.999999999999998224, 53.09688633707701655 ) ) ;
#2003 = CARTESIAN_POINT ( 'NONE',  ( 239.6133725454871808, 9.999999999999998224, 53.45184804831477976 ) ) ;
#2004 = ORIENTED_EDGE ( 'NONE', *, *, #6089, .T. ) ;
#2005 = CARTESIAN_POINT ( 'NONE',  ( 83.05893189460195458, 9.999999999999991118, 18.63738375001473813 ) ) ;
#2006 = EDGE_CURVE ( 'NONE', #683, #6101, #4368, .T. ) ;
#2007 = CARTESIAN_POINT ( 'NONE',  ( 69.27684176972495322, 10.00000000000000355, 55.42047737146295816 ) ) ;
#2008 = VECTOR ( 'NONE', #3147, 1000.000000000000000 ) ;
#2009 = EDGE_LOOP ( 'NONE', ( #680, #3040 ) ) ;
#2010 = AXIS2_PLACEMENT_3D ( 'NONE', #481, #3194, #4242 ) ;
#2011 = CARTESIAN_POINT ( 'NONE',  ( 126.4137414202504459, 10.00000000000000000, 28.01615355428619125 ) ) ;
#2012 = CARTESIAN_POINT ( 'NONE',  ( 118.2728528373918380, 13.00000000000000178, 26.10486369098232728 ) ) ;
#2013 = ORIENTED_EDGE ( 'NONE', *, *, #5001, .T. ) ;
#2014 = DIRECTION ( 'NONE',  ( 0.000000000000000000, 0.000000000000000000, -1.000000000000000000 ) ) ;
#2015 = EDGE_CURVE ( 'NONE', #1257, #2467, #2483, .T. ) ;
#2016 = CARTESIAN_POINT ( 'NONE',  ( 0.000000000000000000, 10.00000000000000000, 0.000000000000000000 ) ) ;
#2017 = DIRECTION ( 'NONE',  ( 0.000000000000000000, -0.000000000000000000, 1.000000000000000000 ) ) ;
#2018 = VECTOR ( 'NONE', #4480, 1000.000000000000000 ) ;
#2019 = CARTESIAN_POINT ( 'NONE',  ( 145.1454218015134643, 10.00000000000000000, 52.44860745438511174 ) ) ;
#2020 = CARTESIAN_POINT ( 'NONE',  ( 225.6278006643815388, 13.00000000000000178, 27.98313964983432811 ) ) ;
#2021 = EDGE_CURVE ( 'NONE', #1130, #1240, #3903, .T. ) ;
#2022 = CARTESIAN_POINT ( 'NONE',  ( 128.7911378457618525, 12.99999999999999822, 35.13113771875837443 ) ) ;
#2023 = VERTEX_POINT ( 'NONE', #4741 ) ;
#2024 = CARTESIAN_POINT ( 'NONE',  ( 148.2302601561823678, 10.00000000000000178, 49.79309930489683467 ) ) ;
#2025 = CARTESIAN_POINT ( 'NONE',  ( 166.0376218628899210, 13.00000000000000178, 54.48947390979268590 ) ) ;
#2026 = ORIENTED_EDGE ( 'NONE', *, *, #3752, .T. ) ;
#2027 = CARTESIAN_POINT ( 'NONE',  ( 160.1335927118723532, 10.00000000000000000, 60.12767665677009177 ) ) ;
#2028 = CARTESIAN_POINT ( 'NONE',  ( 227.9518275737799797, 12.99999999999999822, 31.46350724235678342 ) ) ;
#2029 = CARTESIAN_POINT ( 'NONE',  ( 158.2070659056574584, 10.00000000000000000, 30.18021075543741105 ) ) ;
#2030 = CARTESIAN_POINT ( 'NONE',  ( 196.3664564822270791, 12.99999999999999822, 26.15166513656808789 ) ) ;
#2031 = CARTESIAN_POINT ( 'NONE',  ( 104.9855932220072106, 13.00000000000000178, 26.68178676790540393 ) ) ;
#2032 = ORIENTED_EDGE ( 'NONE', *, *, #4473, .F. ) ;
#2033 = CARTESIAN_POINT ( 'NONE',  ( 233.0245319314130654, 13.00000000000000178, 46.13207568542810577 ) ) ;
#2034 = VECTOR ( 'NONE', #1364, 1000.000000000000000 ) ;
#2035 = CARTESIAN_POINT ( 'NONE',  ( 157.6900703492646016, 10.00000000000000000, 26.14475590073910283 ) ) ;
#2036 = VECTOR ( 'NONE', #1775, 1000.000000000000000 ) ;
#2037 = CARTESIAN_POINT ( 'NONE',  ( 159.5048239912379984, 13.00000000000000178, 56.10486369098232728 ) ) ;
#2038 = ORIENTED_EDGE ( 'NONE', *, *, #704, .T. ) ;
#2039 = CARTESIAN_POINT ( 'NONE',  ( 80.22392620190930757, 13.00000000000000178, 18.04218768133045003 ) ) ;
#2040 = CARTESIAN_POINT ( 'NONE',  ( 127.8437398467081607, 13.00000000000000533, 28.88680115456437392 ) ) ;
#2041 = ORIENTED_EDGE ( 'NONE', *, *, #5508, .T. ) ;
#2042 = B_SPLINE_SURFACE_WITH_KNOTS ( 'NONE', 3, 1, ( 
 ( #2273, #1341 ),
 ( #3222, #5107 ),
 ( #5983, #390 ),
 ( #1850, #979 ),
 ( #3265, #4219 ),
 ( #53, #5117 ),
 ( #4658, #3825 ),
 ( #420, #3761 ),
 ( #1352, #5631 ),
 ( #952, #2835 ),
 ( #4718, #515 ) ),
 .UNSPECIFIED., .F., .F., .F.,
 ( 4, 1, 1, 1, 1, 1, 1, 1, 4 ),
 ( 2, 2 ),
 ( 0.000000000000000000, 0.1590042985173771573, 0.3046460998968145151, 0.4385469045795916121, 0.5623222987759270985, 0.6774325425257313738, 0.7868973929387541588, 0.8936108891042668922, 1.000000000000000000 ),
 ( 0.000000000000000000, 1.000000000000000000 ),
 .UNSPECIFIED. ) ;
#2043 = CARTESIAN_POINT ( 'NONE',  ( 158.9058369062077816, 9.999999999999998224, 26.11829361466913113 ) ) ;
#2044 = CARTESIAN_POINT ( 'NONE',  ( 118.8564591642121968, 12.99999999999999822, 26.12174741959006852 ) ) ;
#2045 = VECTOR ( 'NONE', #5136, 1000.000000000000000 ) ;
#2046 = CARTESIAN_POINT ( 'NONE',  ( 191.2708457200374994, 9.999999999999996447, 27.37369018029517065 ) ) ;
#2047 = CARTESIAN_POINT ( 'NONE',  ( 160.1398834882337212, 13.00000000000000178, 26.11800229133883633 ) ) ;
#2048 = CARTESIAN_POINT ( 'NONE',  ( 232.3560959922155860, 12.99999999999999822, 45.70009361738615183 ) ) ;
#2049 = EDGE_CURVE ( 'NONE', #1677, #5349, #2978, .T. ) ;
#2050 = CARTESIAN_POINT ( 'NONE',  ( 172.4649885760087784, 10.00000000000000178, 43.81669059318522130 ) ) ;
#2051 = CARTESIAN_POINT ( 'NONE',  ( 69.22261829384936505, 13.00000000000000178, 24.21823156704648738 ) ) ;
#2052 = CARTESIAN_POINT ( 'NONE',  ( 230.1169680079472357, 13.00000000000000178, 26.12162961496511215 ) ) ;
#2053 = DIRECTION ( 'NONE',  ( 0.8576722029112571200, 0.000000000000000000, -0.5141968420297341469 ) ) ;
#2054 = ORIENTED_EDGE ( 'NONE', *, *, #4769, .T. ) ;
#2055 = ORIENTED_EDGE ( 'NONE', *, *, #4348, .T. ) ;
#2056 = CARTESIAN_POINT ( 'NONE',  ( 226.9809108267482713, 12.99999999999999822, 36.11389938778093267 ) ) ;
#2057 = DIRECTION ( 'NONE',  ( -0.000000000000000000, -1.000000000000000000, -0.000000000000000000 ) ) ;
#2058 = CARTESIAN_POINT ( 'NONE',  ( 230.1418432220071963, 13.00000000000000178, 56.10486369098232728 ) ) ;
#2059 = CARTESIAN_POINT ( 'NONE',  ( 190.5178128098172579, 12.99999999999999822, 32.33405102119188257 ) ) ;
#2060 = DIRECTION ( 'NONE',  ( 0.000000000000000000, 0.000000000000000000, -1.000000000000000000 ) ) ;
#2061 = ORIENTED_EDGE ( 'NONE', *, *, #2118, .F. ) ;
#2062 = B_SPLINE_CURVE_WITH_KNOTS ( 'NONE', 3,
 ( #191, #3529, #159, #1112, #714, #2046, #685, #3463, #2624, #3992, #5400 ),
 .UNSPECIFIED., .F., .F.,
 ( 4, 1, 1, 1, 1, 1, 1, 1, 4 ),
 ( 0.000000000000000000, 0.1600594124854940736, 0.3061123827401262543, 0.4383665141302057200, 0.5605414552552187013, 0.6753172249527020776, 0.7861136344281762778, 0.8928417881050886296, 1.000000000000000000 ),
 .UNSPECIFIED. ) ;
#2063 = FACE_OUTER_BOUND ( 'NONE', #4445, .T. ) ;
#2064 = CARTESIAN_POINT ( 'NONE',  ( 165.5772129150406897, 10.00000000000000000, 31.62486011867594726 ) ) ;
#2065 = CARTESIAN_POINT ( 'NONE',  ( 88.58500361392343336, 9.999999999999998224, 50.42419806380907943 ) ) ;
#2066 = ORIENTED_EDGE ( 'NONE', *, *, #3138, .T. ) ;
#2067 = CARTESIAN_POINT ( 'NONE',  ( 86.74546115650703371, 9.999999999999994671, 21.50070388462550497 ) ) ;
#2068 = CARTESIAN_POINT ( 'NONE',  ( 129.2183427047863233, 10.00000000000000178, 29.89488075045933968 ) ) ;
#2069 = ORIENTED_EDGE ( 'NONE', *, *, #1707, .F. ) ;
#2070 = CARTESIAN_POINT ( 'NONE',  ( 152.5963581442811119, 10.00000000000000178, 27.43892231544241511 ) ) ;
#2071 = ORIENTED_EDGE ( 'NONE', *, *, #1337, .F. ) ;
#2072 = CARTESIAN_POINT ( 'NONE',  ( 146.5240547604687720, 10.00000000000000000, 43.24128196021309378 ) ) ;
#2073 = CARTESIAN_POINT ( 'NONE',  ( 239.6133725454871808, 9.999999999999998224, 53.45184804831477976 ) ) ;
#2074 = CARTESIAN_POINT ( 'NONE',  ( 234.5105253565372436, 12.99999999999999822, 47.30715126054657560 ) ) ;
#2075 = CARTESIAN_POINT ( 'NONE',  ( 133.3333333333333428, 10.00000000000000000, 96.43724644492834841 ) ) ;
#2076 = VERTEX_POINT ( 'NONE', #1995 ) ;
#2077 = CARTESIAN_POINT ( 'NONE',  ( 224.1833095681610359, 13.00000000000000178, 39.79777234482848058 ) ) ;
#2078 = CARTESIAN_POINT ( 'NONE',  ( 230.5316451271820881, 10.00000000000000000, 56.08723879992261629 ) ) ;
#2079 = CARTESIAN_POINT ( 'NONE',  ( 230.1169680079472357, 9.999999999999996447, 26.12162961496511215 ) ) ;
#2080 = CARTESIAN_POINT ( 'NONE',  ( 84.06307017664131820, 9.999999999999996447, 40.73859731459030087 ) ) ;
#2081 = ORIENTED_EDGE ( 'NONE', *, *, #5185, .F. ) ;
#2082 = EDGE_CURVE ( 'NONE', #3389, #4538, #1173, .T. ) ;
#2083 = B_SPLINE_SURFACE_WITH_KNOTS ( 'NONE', 3, 1, ( 
 ( #1499, #179 ),
 ( #3380, #4336 ),
 ( #3415, #4867 ),
 ( #511, #5297 ),
 ( #1067, #4836 ),
 ( #4370, #143 ),
 ( #2059, #1933 ),
 ( #3918, #4402 ),
 ( #5786, #3821 ),
 ( #1563, #5692 ),
 ( #5324, #728 ),
 ( #2665, #1128 ),
 ( #2210, #4548 ),
 ( #2605, #1590 ),
 ( #673, #3479 ) ),
 .UNSPECIFIED., .F., .F., .F.,
 ( 4, 1, 1, 1, 1, 1, 1, 1, 1, 1, 1, 1, 4 ),
 ( 2, 2 ),
 ( 0.000000000000000000, 0.09380652935233169121, 0.1913381281363386865, 0.2951906166251697661, 0.4103123367232979768, 0.4719302510512786708, 0.5364251593464327561, 0.6031187283036307800, 0.6741176724905975082, 0.7493320232258877667, 0.8282833841715627754, 0.9120398092627607367, 1.000000000000000000 ),
 ( 0.000000000000000000, 1.000000000000000000 ),
 .UNSPECIFIED. ) ;
#2084 = CARTESIAN_POINT ( 'NONE',  ( 234.8383576450841304, 10.00000000000000000, 47.67637811405924708 ) ) ;
#2085 = ORIENTED_EDGE ( 'NONE', *, *, #1212, .T. ) ;
#2086 = CARTESIAN_POINT ( 'NONE',  ( 227.8341509143148755, 13.00000000000000178, 37.55318099867463388 ) ) ;
#2087 = B_SPLINE_CURVE_WITH_KNOTS ( 'NONE', 3,
 ( #2188, #4472, #3081, #1202, #1259, #4103, #3524, #4502, #5890, #2162, #4072 ),
 .UNSPECIFIED., .F., .F.,
 ( 4, 1, 1, 1, 1, 1, 1, 1, 4 ),
 ( 0.000000000000000000, 0.08342510498563628085, 0.1775598214659715179, 0.2839823599504455731, 0.4022167468072144758, 0.5335684803800577747, 0.6761209941988208794, 0.8316493725539875204, 1.000000000000000000 ),
 .UNSPECIFIED. ) ;
#2088 = CARTESIAN_POINT ( 'NONE',  ( 194.7422037989302908, 13.00000000000000178, 30.14332522944386383 ) ) ;
#2089 = CARTESIAN_POINT ( 'NONE',  ( 146.7466790062669020, 12.99999999999999822, 40.63046186100617518 ) ) ;
#2090 = CARTESIAN_POINT ( 'NONE',  ( 232.8805541857829553, 13.00000000000000178, 41.13860996892221067 ) ) ;
#2091 = DIRECTION ( 'NONE',  ( -1.000000000000000000, 0.000000000000000000, -0.000000000000000000 ) ) ;
#2092 = ORIENTED_EDGE ( 'NONE', *, *, #1789, .F. ) ;
#2093 = CARTESIAN_POINT ( 'NONE',  ( 239.4086701450841304, 13.00000000000000178, 30.78334926790540393 ) ) ;
#2094 = EDGE_CURVE ( 'NONE', #151, #5764, #435, .T. ) ;
#2095 = CARTESIAN_POINT ( 'NONE',  ( 160.7964503366679594, 13.00000000000000178, 30.18099771680542531 ) ) ;
#2096 = CARTESIAN_POINT ( 'NONE',  ( 199.0240547604687436, 13.00000000000000178, 27.23166657559771053 ) ) ;
#2097 = CARTESIAN_POINT ( 'NONE',  ( 235.7800945550936547, 10.00000000000000178, 58.60518460552032138 ) ) ;
#2098 = ORIENTED_EDGE ( 'NONE', *, *, #3075, .T. ) ;
#2099 = CARTESIAN_POINT ( 'NONE',  ( 84.53023426706349142, 9.999999999999991118, 19.47824170947943045 ) ) ;
#2100 = CARTESIAN_POINT ( 'NONE',  ( 66.66666666666668561, 20.00000000000000000, 96.43724644492834841 ) ) ;
#2101 = EDGE_CURVE ( 'NONE', #4156, #1298, #5147, .T. ) ;
#2102 = ORIENTED_EDGE ( 'NONE', *, *, #1866, .F. ) ;
#2103 = CARTESIAN_POINT ( 'NONE',  ( 239.4086701450841304, 10.00000000000000000, 30.78334926790540393 ) ) ;
#2104 = VECTOR ( 'NONE', #2372, 1000.000000000000000 ) ;
#2105 = CARTESIAN_POINT ( 'NONE',  ( 87.75093370918887103, 12.99999999999999822, 52.25625220596667475 ) ) ;
#2106 = CARTESIAN_POINT ( 'NONE',  ( 104.9979318560635448, 13.00000000000000178, 42.74186648505232000 ) ) ;
#2107 = CARTESIAN_POINT ( 'NONE',  ( 207.1009778373918095, 10.00000000000000000, 59.56640215252078718 ) ) ;
#2108 = CARTESIAN_POINT ( 'NONE',  ( 183.4471316835456491, 13.00000000000000178, 59.56640215252078718 ) ) ;
#2109 = PRESENTATION_LAYER_ASSIGNMENT (  '', '', ( #4969 ) ) ;
#2110 = CARTESIAN_POINT ( 'NONE',  ( 70.18587370282398297, 13.00000000000000533, 28.33192788716930011 ) ) ;
#2111 = CARTESIAN_POINT ( 'NONE',  ( 70.61131138217474756, 9.999999999999996447, 18.56777491592289309 ) ) ;
#2112 = CIRCLE ( 'NONE', #1715, 1.500000000000001332 ) ;
#2113 = CARTESIAN_POINT ( 'NONE',  ( 152.5963581442811119, 13.00000000000000178, 27.43892231544241511 ) ) ;
#2114 = ORIENTED_EDGE ( 'NONE', *, *, #5818, .F. ) ;
#2115 = CARTESIAN_POINT ( 'NONE',  ( 83.70333753555127032, 9.999999999999992895, 35.06307742641186564 ) ) ;
#2116 = ORIENTED_EDGE ( 'NONE', *, *, #3720, .F. ) ;
#2117 = CARTESIAN_POINT ( 'NONE',  ( 88.44856758121396467, 10.00000000000000178, 46.21863844462018989 ) ) ;
#2118 = EDGE_CURVE ( 'NONE', #4092, #4172, #3280, .T. ) ;
#2119 = CARTESIAN_POINT ( 'NONE',  ( 188.4468739912718434, 12.99999999999999822, 36.36572838562648968 ) ) ;
#2120 = CARTESIAN_POINT ( 'NONE',  ( 159.5048239912379984, 10.00000000000000000, 56.10486369098232728 ) ) ;
#2121 = CARTESIAN_POINT ( 'NONE',  ( 238.4531412989302908, 13.00000000000000178, 45.55798869098232018 ) ) ;
#2122 = CARTESIAN_POINT ( 'NONE',  ( 167.4463353356110815, 12.99999999999999822, 53.57645714846763241 ) ) ;
#2123 = ORIENTED_EDGE ( 'NONE', *, *, #347, .T. ) ;
#2124 = CARTESIAN_POINT ( 'NONE',  ( 77.54590614301413609, 12.99999999999999822, 30.59975543151405475 ) ) ;
#2125 = CARTESIAN_POINT ( 'NONE',  ( 227.6957621113486425, 13.00000000000000533, 26.70166637807574972 ) ) ;
#2126 = CARTESIAN_POINT ( 'NONE',  ( 223.6244153373918380, 13.00000000000000178, 52.64332522944386739 ) ) ;
#2127 = EDGE_CURVE ( 'NONE', #1037, #5674, #5654, .T. ) ;
#2128 = CARTESIAN_POINT ( 'NONE',  ( 69.21636245277646537, 13.00000000000000178, 23.91435888329002424 ) ) ;
#2129 = B_SPLINE_CURVE_WITH_KNOTS ( 'NONE', 3,
 ( #5403, #2567, #4451, #4026, #749, #5344, #2626, #4511, #3938, #1182, #3059, #4946, #5314, #664, #254 ),
 .UNSPECIFIED., .F., .F.,
 ( 4, 1, 1, 1, 1, 1, 1, 1, 1, 1, 1, 1, 4 ),
 ( 0.000000000000000000, 0.09380652935233169121, 0.1913381281363386865, 0.2951906166251697661, 0.4103123367232979768, 0.4719302510512786708, 0.5364251593464327561, 0.6031187283036307800, 0.6741176724905975082, 0.7493320232258877667, 0.8282833841715627754, 0.9120398092627607367, 1.000000000000000000 ),
 .UNSPECIFIED. ) ;
#2130 = CARTESIAN_POINT ( 'NONE',  ( 236.5323163339243422, 10.00000000000000178, 58.03916234152657694 ) ) ;
#2131 = VECTOR ( 'NONE', #5042, 1000.000000000000000 ) ;
#2132 = ORIENTED_EDGE ( 'NONE', *, *, #3752, .F. ) ;
#2133 = CARTESIAN_POINT ( 'NONE',  ( 227.4055574020775623, 10.00000000000000533, 32.14190498443186783 ) ) ;
#2134 = CARTESIAN_POINT ( 'NONE',  ( 131.6899684328765545, 12.99999999999999822, 32.31022897209800959 ) ) ;
#2135 = ORIENTED_EDGE ( 'NONE', *, *, #881, .T. ) ;
#2136 = EDGE_CURVE ( 'NONE', #4507, #26, #626, .T. ) ;
#2137 = ORIENTED_EDGE ( 'NONE', *, *, #649, .T. ) ;
#2138 = B_SPLINE_SURFACE_WITH_KNOTS ( 'NONE', 3, 1, ( 
 ( #2375, #5606 ),
 ( #3333, #867 ),
 ( #4252, #928 ),
 ( #2809, #1417 ),
 ( #6114, #395 ),
 ( #369, #2840 ),
 ( #4723, #491 ),
 ( #3708, #28 ),
 ( #2290, #1916 ),
 ( #3803, #5211 ),
 ( #2258, #5576 ),
 ( #2747, #4631 ),
 ( #4163, #1822 ),
 ( #5730, #2007 ),
 ( #1479, #61 ),
 ( #1012, #4412 ),
 ( #4317, #2494 ),
 ( #120, #521 ),
 ( #1508, #1601 ) ),
 .UNSPECIFIED., .F., .F., .F.,
 ( 4, 1, 1, 1, 1, 1, 1, 1, 1, 1, 1, 1, 1, 1, 1, 1, 4 ),
 ( 2, 2 ),
 ( 0.000000000000000000, 0.05720826943350933169, 0.1136960596574907584, 0.1691779164171947347, 0.2241592165805429138, 0.2787198783810435065, 0.3337942174469885059, 0.3892414593400025935, 0.4458220733936211211, 0.5037042811090201022, 0.5642938918193634024, 0.6279754158952238763, 0.6950382596840511962, 0.7653727258510126807, 0.8396114430907353210, 0.9175377500777890383, 1.000000000000000000 ),
 ( 0.000000000000000000, 1.000000000000000000 ),
 .UNSPECIFIED. ) ;
#2139 = CARTESIAN_POINT ( 'NONE',  ( 85.01325873979138237, 13.00000000000000178, 41.62649947536751682 ) ) ;
#2140 = CARTESIAN_POINT ( 'NONE',  ( 69.99037710966879899, 13.00000000000000178, 19.80630777809779630 ) ) ;
#2141 = FACE_OUTER_BOUND ( 'NONE', #3268, .T. ) ;
#2142 = CARTESIAN_POINT ( 'NONE',  ( 79.80436033963079012, 10.00000000000000000, 13.43110159011781946 ) ) ;
#2143 = CARTESIAN_POINT ( 'NONE',  ( 86.59370537134230972, 10.00000000000000000, 43.26274646086387321 ) ) ;
#2144 = ORIENTED_EDGE ( 'NONE', *, *, #5440, .F. ) ;
#2145 = PRODUCT_CONTEXT ( 'NONE', #2765, 'mechanical' ) ;
#2146 = VECTOR ( 'NONE', #4261, 1000.000000000000000 ) ;
#2147 = PLANE ( 'NONE',  #6044 ) ;
#2148 = ORIENTED_EDGE ( 'NONE', *, *, #5498, .F. ) ;
#2149 = CARTESIAN_POINT ( 'NONE',  ( 226.9809108267482713, 9.999999999999998224, 36.11389938778093267 ) ) ;
#2150 = CARTESIAN_POINT ( 'NONE',  ( 235.9471316835457060, 13.00000000000000178, 50.81339734482848769 ) ) ;
#2151 = CARTESIAN_POINT ( 'NONE',  ( 146.5606330574581762, 9.999999999999996447, 41.91958864434691634 ) ) ;
#2152 = CARTESIAN_POINT ( 'NONE',  ( 296.5030604351463808, 0.000000000000000000, 91.13552925583975650 ) ) ;
#2153 = DIRECTION ( 'NONE',  ( -0.000000000000000000, -1.000000000000000000, -0.000000000000000000 ) ) ;
#2154 = EDGE_LOOP ( 'NONE', ( #1060, #3931, #4997, #2745 ) ) ;
#2155 = CARTESIAN_POINT ( 'NONE',  ( 211.1394393758533568, 10.00000000000000000, 26.68178676790540393 ) ) ;
#2156 = ADVANCED_BREP_SHAPE_REPRESENTATION ( '1_Sports', ( #2621, #5080 ), #3519 ) ;
#2157 = CARTESIAN_POINT ( 'NONE',  ( 159.5048239912379984, 13.00000000000000178, 30.14332522944386383 ) ) ;
#2158 = CARTESIAN_POINT ( 'NONE',  ( 74.65189271225891332, 12.99999999999999822, 14.76771637831841311 ) ) ;
#2159 = CARTESIAN_POINT ( 'NONE',  ( 239.9262021310535999, 10.00000000000000533, 49.27416633585452388 ) ) ;
#2160 = ORIENTED_EDGE ( 'NONE', *, *, #1224, .T. ) ;
#2161 = CARTESIAN_POINT ( 'NONE',  ( 66.33174706816106436, 13.00000000000000178, 50.88551272944386028 ) ) ;
#2162 = CARTESIAN_POINT ( 'NONE',  ( 232.2437120465354212, 10.00000000000000178, 40.78592312698528133 ) ) ;
#2163 = ORIENTED_EDGE ( 'NONE', *, *, #5031, .F. ) ;
#2164 = EDGE_CURVE ( 'NONE', #5641, #5549, #5368, .T. ) ;
#2165 = CARTESIAN_POINT ( 'NONE',  ( 82.98135903440491745, 13.00000000000000178, 39.83489707145839986 ) ) ;
#2166 = CARTESIAN_POINT ( 'NONE',  ( 121.7028960048311603, 13.00000000000000178, 30.52944934861574211 ) ) ;
#2167 = EDGE_CURVE ( 'NONE', #2175, #3187, #1710, .T. ) ;
#2168 = DIRECTION ( 'NONE',  ( 0.8445565971153554674, -0.000000000000000000, 0.5354662961092240270 ) ) ;
#2169 = LINE ( 'NONE', #4452, #3494 ) ;
#2170 = LINE ( 'NONE', #4056, #4082 ) ;
#2171 = ORIENTED_EDGE ( 'NONE', *, *, #4543, .T. ) ;
#2172 = EDGE_CURVE ( 'NONE', #2412, #4129, #5385, .T. ) ;
#2173 = B_SPLINE_CURVE_WITH_KNOTS ( 'NONE', 3,
 ( #1885, #5771, #3902, #963, #4389, #5189, #3337, #4257, #2411, #3433, #3870 ),
 .UNSPECIFIED., .F., .F.,
 ( 4, 1, 1, 1, 1, 1, 1, 1, 4 ),
 ( 0.000000000000000000, 0.1474758177483584398, 0.2859041715443770282, 0.4171716482444384755, 0.5405007435864942478, 0.6592377183802364815, 0.7750060983159535732, 0.8872285734286348147, 1.000000000000000000 ),
 .UNSPECIFIED. ) ;
#2174 = CARTESIAN_POINT ( 'NONE',  ( 172.4240922066626638, 10.00000000000000000, 44.95876913123572649 ) ) ;
#2175 = VERTEX_POINT ( 'NONE', #5411 ) ;
#2176 = LINE ( 'NONE', #724, #5885 ) ;
#2177 = CARTESIAN_POINT ( 'NONE',  ( 154.2778948076513927, 9.999999999999998224, 59.46384790939107745 ) ) ;
#2178 = CARTESIAN_POINT ( 'NONE',  ( 227.9491529603588162, 13.00000000000000178, 43.17286781740748580 ) ) ;
#2179 = CARTESIAN_POINT ( 'NONE',  ( 296.4644660940673475, 0.000000000000000000, 3.535533905932737309 ) ) ;
#2180 = ORIENTED_EDGE ( 'NONE', *, *, #4048, .T. ) ;
#2181 = LINE ( 'NONE', #4037, #3112 ) ;
#2182 = DIRECTION ( 'NONE',  ( -0.000000000000000000, -1.000000000000000000, -0.000000000000000000 ) ) ;
#2183 = B_SPLINE_SURFACE_WITH_KNOTS ( 'NONE', 3, 1, ( 
 ( #2128, #3606 ),
 ( #764, #5393 ),
 ( #213, #1665 ),
 ( #5472, #297 ),
 ( #1253, #707 ),
 ( #678, #1631 ),
 ( #2552, #5418 ),
 ( #1199, #1226 ),
 ( #271, #4964 ),
 ( #2158, #4906 ),
 ( #2184, #3576 ),
 ( #5361, #1134 ),
 ( #5886, #3550 ),
 ( #4469, #3104 ),
 ( #4068, #240 ) ),
 .UNSPECIFIED., .F., .F., .F.,
 ( 4, 1, 1, 1, 1, 1, 1, 1, 1, 1, 1, 1, 4 ),
 ( 2, 2 ),
 ( 0.000000000000000000, 0.08378537065371018111, 0.1657798879221419885, 0.2462800078932625980, 0.3274609277363898507, 0.4087969540320675610, 0.4897152412309882519, 0.5713760321300522804, 0.6555233211112766467, 0.7410194827999729839, 0.8265467605037606358, 0.9119888516548328994, 1.000000000000000000 ),
 ( 0.000000000000000000, 1.000000000000000000 ),
 .UNSPECIFIED. ) ;
#2184 = CARTESIAN_POINT ( 'NONE',  ( 75.97690321046491135, 13.00000000000000533, 14.17184019708478004 ) ) ;
#2185 = CARTESIAN_POINT ( 'NONE',  ( 239.9855932220072248, 13.00000000000000178, 50.64212330636694048 ) ) ;
#2186 = VERTEX_POINT ( 'NONE', #3042 ) ;
#2187 = DIRECTION ( 'NONE',  ( -0.000000000000000000, 1.000000000000000000, -0.000000000000000000 ) ) ;
#2188 = CARTESIAN_POINT ( 'NONE',  ( 227.8341509143148755, 10.00000000000000178, 37.55318099867463388 ) ) ;
#2189 = EDGE_LOOP ( 'NONE', ( #3100, #2069, #402, #5627 ) ) ;
#2190 = CARTESIAN_POINT ( 'NONE',  ( 239.0633444705294721, 10.00000000000000000, 30.41048788295013949 ) ) ;
#2191 = CARTESIAN_POINT ( 'NONE',  ( 88.42199648033019344, 13.00000000000000178, 23.51317393499916975 ) ) ;
#2192 = EDGE_CURVE ( 'NONE', #5097, #875, #5435, .T. ) ;
#2193 = CARTESIAN_POINT ( 'NONE',  ( 232.3197157286337244, 13.00000000000000178, 59.98823352663391262 ) ) ;
#2194 = CARTESIAN_POINT ( 'NONE',  ( 133.3333333333333428, 20.00000000000000000, 96.43724644492834841 ) ) ;
#2195 = CARTESIAN_POINT ( 'NONE',  ( 72.33806844724779239, 12.99999999999999822, 16.40032461473403913 ) ) ;
#2196 = ORIENTED_EDGE ( 'NONE', *, *, #4455, .T. ) ;
#2197 = CIRCLE ( 'NONE', #5738, 1.650000000000000355 ) ;
#2198 = EDGE_CURVE ( 'NONE', #1187, #4338, #1217, .T. ) ;
#2199 = DIRECTION ( 'NONE',  ( 0.000000000000000000, 1.000000000000000000, 0.000000000000000000 ) ) ;
#2200 = CARTESIAN_POINT ( 'NONE',  ( 174.6856741918778937, 13.00000000000000533, 51.04190769918082538 ) ) ;
#2201 = CARTESIAN_POINT ( 'NONE',  ( 159.5228528373918095, 10.00000000000000000, 60.14332522944386739 ) ) ;
#2202 = CARTESIAN_POINT ( 'NONE',  ( 133.6205236655792987, 9.999999999999998224, 51.13623364477204092 ) ) ;
#2203 = ORIENTED_EDGE ( 'NONE', *, *, #3363, .T. ) ;
#2204 = AXIS2_PLACEMENT_3D ( 'NONE', #534, #5162, #1955 ) ;
#2205 = LINE ( 'NONE', #4924, #2008 ) ;
#2206 = ORIENTED_EDGE ( 'NONE', *, *, #374, .F. ) ;
#2207 = CARTESIAN_POINT ( 'NONE',  ( 79.57819070599717293, 13.00000000000000178, 37.22692309318750148 ) ) ;
#2208 = ADVANCED_FACE ( 'NONE', ( #5812 ), #4928, .T. ) ;
#2209 = FACE_OUTER_BOUND ( 'NONE', #1313, .T. ) ;
#2210 = CARTESIAN_POINT ( 'NONE',  ( 188.4468739912718434, 12.99999999999999822, 36.36572838562648968 ) ) ;
#2211 = FACE_OUTER_BOUND ( 'NONE', #573, .T. ) ;
#2212 = VERTEX_POINT ( 'NONE', #3097 ) ;
#2213 = CARTESIAN_POINT ( 'NONE',  ( 227.8341509143148755, 13.00000000000000178, 37.55318099867463388 ) ) ;
#2214 = B_SPLINE_CURVE_WITH_KNOTS ( 'NONE', 3,
 ( #4852, #249, #4416, #5830, #2139, #1606, #2165, #3497, #5370, #1144, #4023 ),
 .UNSPECIFIED., .F., .F.,
 ( 4, 1, 1, 1, 1, 1, 1, 1, 4 ),
 ( 0.000000000000000000, 0.09027921465001566281, 0.1895299184469588505, 0.2991978724002881118, 0.4189258867738202552, 0.5483762854012487198, 0.6881363695386804036, 0.8390835016589199835, 1.000000000000000000 ),
 .UNSPECIFIED. ) ;
#2215 = VECTOR ( 'NONE', #1120, 1000.000000000000000 ) ;
#2216 = CARTESIAN_POINT ( 'NONE',  ( 226.7163624527764227, 13.00000000000000178, 34.56940696021309378 ) ) ;
#2217 = CARTESIAN_POINT ( 'NONE',  ( 188.3539271037342644, 13.00000000000000533, 30.20981989080710051 ) ) ;
#2218 = CARTESIAN_POINT ( 'NONE',  ( 238.4531412989302908, 13.00000000000000178, 45.55798869098232018 ) ) ;
#2219 = CARTESIAN_POINT ( 'NONE',  ( 146.5240547604687720, 10.00000000000000000, 43.24128196021309378 ) ) ;
#2220 = DIRECTION ( 'NONE',  ( 1.224646799147353454E-16, 0.000000000000000000, 1.000000000000000000 ) ) ;
#2221 = CARTESIAN_POINT ( 'NONE',  ( 89.26115546225570085, 12.99999999999999822, 17.36129325031841830 ) ) ;
#2222 = ORIENTED_EDGE ( 'NONE', *, *, #1480, .F. ) ;
#2223 = CARTESIAN_POINT ( 'NONE',  ( 72.29832116845338419, 13.00000000000000178, 51.86517809607312302 ) ) ;
#2224 = CARTESIAN_POINT ( 'NONE',  ( 132.7165621901084762, 9.999999999999998224, 33.66051573953139808 ) ) ;
#2225 = CARTESIAN_POINT ( 'NONE',  ( 233.3333333333332860, 20.00000000000000000, 96.43724644492834841 ) ) ;
#2226 = CARTESIAN_POINT ( 'NONE',  ( 72.51054465422315332, 10.00000000000000000, 58.46488563459584498 ) ) ;
#2227 = CARTESIAN_POINT ( 'NONE',  ( 76.55309397769059387, 13.00000000000000178, 29.83610475086959113 ) ) ;
#2228 = CARTESIAN_POINT ( 'NONE',  ( 69.26634754063431387, 13.00000000000000178, 22.49624381943636919 ) ) ;
#2229 = VECTOR ( 'NONE', #5832, 1000.000000000000000 ) ;
#2230 = B_SPLINE_CURVE_WITH_KNOTS ( 'NONE', 3,
 ( #4373, #146, #609, #1006, #2953, #2033, #3921, #2519, #1472, #4870, #5664 ),
 .UNSPECIFIED., .F., .F.,
 ( 4, 1, 1, 1, 1, 1, 1, 1, 4 ),
 ( 0.000000000000000000, 0.07687507403504674486, 0.1674616757257265387, 0.2722700232466411796, 0.3895508405125233664, 0.5208013683480536837, 0.6662632933752267173, 0.8255449152058624840, 1.000000000000000000 ),
 .UNSPECIFIED. ) ;
#2231 = AXIS2_PLACEMENT_3D ( 'NONE', #5243, #3933, #5311 ) ;
#2232 = DIRECTION ( 'NONE',  ( -1.000000000000000000, 0.000000000000000000, 0.000000000000000000 ) ) ;
#2233 = CARTESIAN_POINT ( 'NONE',  ( 174.6856741918778937, 10.00000000000000355, 51.04190769918082538 ) ) ;
#2234 = CARTESIAN_POINT ( 'NONE',  ( 227.9365386913793259, 13.00000000000000178, 37.67898279724227706 ) ) ;
#2235 = ORIENTED_EDGE ( 'NONE', *, *, #3707, .T. ) ;
#2236 = ADVANCED_FACE ( 'NONE', ( #2576 ), #3462, .T. ) ;
#2237 = CARTESIAN_POINT ( 'NONE',  ( 92.87020860662259736, 13.00000000000000178, 48.54176272944386028 ) ) ;
#2238 = ORIENTED_EDGE ( 'NONE', *, *, #2869, .T. ) ;
#2239 = FACE_OUTER_BOUND ( 'NONE', #1423, .T. ) ;
#2240 = CARTESIAN_POINT ( 'NONE',  ( 92.29328552969951716, 13.00000000000000178, 21.02974349867463388 ) ) ;
#2241 = CARTESIAN_POINT ( 'NONE',  ( 90.00726287442275009, 9.999999999999998224, 56.19538676370068941 ) ) ;
#2242 = FACE_BOUND ( 'NONE', #861, .T. ) ;
#2243 = ORIENTED_EDGE ( 'NONE', *, *, #649, .F. ) ;
#2244 = CARTESIAN_POINT ( 'NONE',  ( 133.3333333333333428, 20.00000000000000000, 97.93724644492834841 ) ) ;
#2245 = EDGE_CURVE ( 'NONE', #1103, #4604, #5040, .T. ) ;
#2246 = ADVANCED_FACE ( 'NONE', ( #786 ), #2326, .T. ) ;
#2247 = CARTESIAN_POINT ( 'NONE',  ( 231.3388112357961290, 9.999999999999994671, 26.11906235709153989 ) ) ;
#2248 = DIRECTION ( 'NONE',  ( -0.000000000000000000, -1.000000000000000000, -0.000000000000000000 ) ) ;
#2249 = CARTESIAN_POINT ( 'NONE',  ( 71.73138649123798416, 13.00000000000000178, 30.76532042175155723 ) ) ;
#2250 = CARTESIAN_POINT ( 'NONE',  ( 124.8947503937055643, 9.999999999999996447, 31.80448106976987432 ) ) ;
#2251 = CARTESIAN_POINT ( 'NONE',  ( 88.51906618588604658, 10.00000000000000000, 16.65596008642218706 ) ) ;
#2252 = VERTEX_POINT ( 'NONE', #4206 ) ;
#2253 = DIRECTION ( 'NONE',  ( -0.000000000000000000, -1.000000000000000000, -0.000000000000000000 ) ) ;
#2254 = CARTESIAN_POINT ( 'NONE',  ( 235.9759897241865474, 13.00000000000000178, 32.80254733311901560 ) ) ;
#2255 = CARTESIAN_POINT ( 'NONE',  ( 166.6666666666666288, 20.00000000000000000, 96.43724644492834841 ) ) ;
#2256 = CARTESIAN_POINT ( 'NONE',  ( 233.2507180194606349, 13.00000000000000178, 59.77400098194241451 ) ) ;
#2257 = CARTESIAN_POINT ( 'NONE',  ( 80.01330910220922021, 13.00000000000000178, 32.40801474123223613 ) ) ;
#2258 = CARTESIAN_POINT ( 'NONE',  ( 71.67259098097295578, 13.00000000000000178, 57.84700034734961349 ) ) ;
#2259 = CARTESIAN_POINT ( 'NONE',  ( 227.9491529603588162, 10.00000000000000000, 43.17286781740748580 ) ) ;
#2260 = CARTESIAN_POINT ( 'NONE',  ( 170.5608690513696786, 10.00000000000000355, 56.27129001413949538 ) ) ;
#2261 = CARTESIAN_POINT ( 'NONE',  ( 3.535533905932737309, 0.000000000000000000, 5.185533905932738108 ) ) ;
#2262 = ORIENTED_EDGE ( 'NONE', *, *, #4465, .T. ) ;
#2263 = CARTESIAN_POINT ( 'NONE',  ( 143.0902175594972334, 13.00000000000000533, 38.41581928789208433 ) ) ;
#2264 = CARTESIAN_POINT ( 'NONE',  ( 231.3388112357961290, 13.00000000000000178, 26.11906235709153989 ) ) ;
#2265 = ORIENTED_EDGE ( 'NONE', *, *, #4605, .T. ) ;
#2266 = CARTESIAN_POINT ( 'NONE',  ( 85.01325873979138237, 10.00000000000000000, 41.62649947536751682 ) ) ;
#2267 = DIRECTION ( 'NONE',  ( 0.000000000000000000, -0.000000000000000000, 1.000000000000000000 ) ) ;
#2268 = DIRECTION ( 'NONE',  ( -0.000000000000000000, -1.000000000000000000, -0.000000000000000000 ) ) ;
#2269 = ADVANCED_FACE ( 'NONE', ( #2209 ), #5967, .T. ) ;
#2270 = LINE ( 'NONE', #1773, #1440 ) ;
#2271 = VERTEX_POINT ( 'NONE', #2727 ) ;
#2272 = DIRECTION ( 'NONE',  ( -0.000000000000000000, -1.000000000000000000, -0.000000000000000000 ) ) ;
#2273 = CARTESIAN_POINT ( 'NONE',  ( 70.13583360662261157, 13.00000000000000178, 48.60486369098232728 ) ) ;
#2274 = CARTESIAN_POINT ( 'NONE',  ( 69.21636245277645116, 13.00000000000000178, 23.91435888329002069 ) ) ;
#2275 = CARTESIAN_POINT ( 'NONE',  ( 190.2724218832905763, 13.00000000000000178, 28.12587827876526347 ) ) ;
#2276 = CARTESIAN_POINT ( 'NONE',  ( 70.86362639331619562, 13.00000000000000178, 57.12734110743006255 ) ) ;
#2277 = CARTESIAN_POINT ( 'NONE',  ( 146.7466790062669020, 9.999999999999998224, 40.63046186100617518 ) ) ;
#2278 = CARTESIAN_POINT ( 'NONE',  ( 131.5240547604687436, 10.00000000000000178, 43.07902234482848058 ) ) ;
#2279 = EDGE_CURVE ( 'NONE', #2467, #244, #1865, .T. ) ;
#2280 = CARTESIAN_POINT ( 'NONE',  ( 90.00610679790212032, 10.00000000000000000, 18.15646576432769521 ) ) ;
#2281 = VERTEX_POINT ( 'NONE', #6063 ) ;
#2282 = CARTESIAN_POINT ( 'NONE',  ( 128.7588237258805179, 10.00000000000000178, 51.04135687157364032 ) ) ;
#2283 = CARTESIAN_POINT ( 'NONE',  ( 142.4855932220072532, 13.00000000000000178, 43.21423869098233439 ) ) ;
#2284 = CARTESIAN_POINT ( 'NONE',  ( 159.5048239912379984, 10.00000000000000000, 56.10486369098232728 ) ) ;
#2285 = CARTESIAN_POINT ( 'NONE',  ( 92.29328552969951716, 13.00000000000000178, 21.02974349867463388 ) ) ;
#2286 = EDGE_CURVE ( 'NONE', #2360, #1769, #4185, .T. ) ;
#2287 = CARTESIAN_POINT ( 'NONE',  ( 239.9763420729516952, 12.99999999999999822, 50.96701232951458849 ) ) ;
#2288 = B_SPLINE_SURFACE_WITH_KNOTS ( 'NONE', 3, 1, ( 
 ( #2656, #4539 ),
 ( #1765, #3618 ),
 ( #3175, #4601 ),
 ( #370, #2259 ),
 ( #5732, #5275 ),
 ( #4253, #5186 ),
 ( #1857, #1389 ),
 ( #3767, #4199 ),
 ( #5640, #1049 ),
 ( #1512, #5704 ),
 ( #3393, #3740 ) ),
 .UNSPECIFIED., .F., .F., .F.,
 ( 4, 1, 1, 1, 1, 1, 1, 1, 4 ),
 ( 2, 2 ),
 ( 0.000000000000000000, 0.1577616635135475065, 0.3059502132085407111, 0.4437754990007243827, 0.5728243624015363356, 0.6921541564432415194, 0.8022957069908465133, 0.9055643918329946418, 1.000000000000000000 ),
 ( 0.000000000000000000, 1.000000000000000000 ),
 .UNSPECIFIED. ) ;
#2289 = FACE_OUTER_BOUND ( 'NONE', #4647, .T. ) ;
#2290 = CARTESIAN_POINT ( 'NONE',  ( 73.36962786253056379, 13.00000000000000178, 58.99582166553562246 ) ) ;
#2291 = CARTESIAN_POINT ( 'NONE',  ( 116.5562146297452273, 12.99999999999999822, 56.04207646892162131 ) ) ;
#2292 = CARTESIAN_POINT ( 'NONE',  ( 231.2214458216427886, 10.00000000000000178, 30.15414925411233682 ) ) ;
#2293 = CARTESIAN_POINT ( 'NONE',  ( 74.79700305691676476, 10.00000000000000178, 28.02559721175794039 ) ) ;
#2294 = EDGE_LOOP ( 'NONE', ( #839, #2800, #3537, #5780 ) ) ;
#2295 = CARTESIAN_POINT ( 'NONE',  ( 87.36781085582101980, 9.999999999999992895, 38.09017671395530868 ) ) ;
#2296 = VERTEX_POINT ( 'NONE', #3718 ) ;
#2297 = CARTESIAN_POINT ( 'NONE',  ( 131.5240547604687436, 13.00000000000000178, 43.07902234482848058 ) ) ;
#2298 = CARTESIAN_POINT ( 'NONE',  ( 142.5231425848556057, 9.999999999999998224, 44.87104856799891905 ) ) ;
#2299 = CARTESIAN_POINT ( 'NONE',  ( 81.31892537533755672, 9.999999999999998224, 60.69255834435801944 ) ) ;
#2300 = VECTOR ( 'NONE', #5973, 1000.000000000000000 ) ;
#2301 = EDGE_LOOP ( 'NONE', ( #2690, #1800, #3743, #299 ) ) ;
#2302 = CARTESIAN_POINT ( 'NONE',  ( 223.8891005106781051, 9.999999999999996447, 58.34162281984364284 ) ) ;
#2303 = VECTOR ( 'NONE', #5766, 1000.000000000000000 ) ;
#2304 = CARTESIAN_POINT ( 'NONE',  ( 232.0445940876936390, 9.999999999999991118, 26.14772604154677538 ) ) ;
#2305 = CARTESIAN_POINT ( 'NONE',  ( 236.8719893186190859, 13.00000000000000178, 43.84387370467433698 ) ) ;
#2306 = CARTESIAN_POINT ( 'NONE',  ( 75.32863390667584724, 10.00000000000000000, 34.07240764701527524 ) ) ;
#2307 = CARTESIAN_POINT ( 'NONE',  ( 119.9923354025704612, 10.00000000000000355, 30.20578685565617505 ) ) ;
#2308 = CARTESIAN_POINT ( 'NONE',  ( 107.8165989888762653, 10.00000000000000355, 56.47166602419947168 ) ) ;
#2309 = ORIENTED_EDGE ( 'NONE', *, *, #772, .T. ) ;
#2310 = CARTESIAN_POINT ( 'NONE',  ( 130.5494848352657016, 12.99999999999999822, 38.11778299235304246 ) ) ;
#2311 = DIRECTION ( 'NONE',  ( -0.000000000000000000, -1.000000000000000000, -0.000000000000000000 ) ) ;
#2312 = EDGE_CURVE ( 'NONE', #709, #2636, #4579, .T. ) ;
#2313 = CARTESIAN_POINT ( 'NONE',  ( 135.5156864712129732, 10.00000000000000000, 44.76892153987853362 ) ) ;
#2314 = CARTESIAN_POINT ( 'NONE',  ( 92.84502592270578702, 13.00000000000000178, 49.74423664051275296 ) ) ;
#2315 = CARTESIAN_POINT ( 'NONE',  ( 77.02221334612964654, 10.00000000000000000, 60.42176342208047402 ) ) ;
#2316 = CARTESIAN_POINT ( 'NONE',  ( 118.2998961066225974, 10.00000000000000000, 56.10486369098232728 ) ) ;
#2317 = CARTESIAN_POINT ( 'NONE',  ( 78.49205492871953993, 13.00000000000000178, 18.07356224616280826 ) ) ;
#2318 = AXIS2_PLACEMENT_3D ( 'NONE', #5078, #5563, #4097 ) ;
#2319 = CARTESIAN_POINT ( 'NONE',  ( 230.5316451271820881, 9.999999999999996447, 56.08723879992261629 ) ) ;
#2320 = AXIS2_PLACEMENT_3D ( 'NONE', #180, #2060, #2091 ) ;
#2321 = CARTESIAN_POINT ( 'NONE',  ( 73.87963974877493456, 10.00000000000000178, 26.57896168390463743 ) ) ;
#2322 = ORIENTED_EDGE ( 'NONE', *, *, #5855, .T. ) ;
#2323 = CARTESIAN_POINT ( 'NONE',  ( 86.26899823849026916, 13.00000000000000178, 37.10817890843414091 ) ) ;
#2324 = VECTOR ( 'NONE', #686, 1000.000000000000000 ) ;
#2325 = CARTESIAN_POINT ( 'NONE',  ( 187.7506355425585696, 10.00000000000000355, 40.18017005553367227 ) ) ;
#2326 = CYLINDRICAL_SURFACE ( 'NONE', #4864, 1.500000000000029088 ) ;
#2327 = B_SPLINE_SURFACE_WITH_KNOTS ( 'NONE', 3, 1, ( 
 ( #5570, #3733 ),
 ( #4659, #3266 ),
 ( #5506, #2313 ),
 ( #4190, #5632 ),
 ( #4159, #422 ),
 ( #1759, #3671 ),
 ( #832, #366 ),
 ( #6080, #1383 ),
 ( #2709, #2803 ),
 ( #4688, #2341 ),
 ( #4596, #487 ),
 ( #54, #5266 ),
 ( #2371, #980 ),
 ( #2955, #5206 ),
 ( #1040, #5725 ),
 ( #1967, #1446 ),
 ( #5302, #115 ),
 ( #1504, #1938 ),
 ( #550, #2987 ) ),
 .UNSPECIFIED., .F., .F., .F.,
 ( 4, 1, 1, 1, 1, 1, 1, 1, 1, 1, 1, 1, 1, 1, 1, 1, 4 ),
 ( 2, 2 ),
 ( 0.000000000000000000, 0.06492129593786805097, 0.1280341643911160066, 0.1895737254178899989, 0.2505798347323818787, 0.3117332213636305749, 0.3732500799286346815, 0.4357625163356388387, 0.5003455613741146779, 0.5649493665465401548, 0.6275279092682861659, 0.6891572899131304109, 0.7498650117126983705, 0.8107601999033158258, 0.8722997609300897626, 0.9354126293833373573, 1.000000000000000000 ),
 ( 0.000000000000000000, 1.000000000000000000 ),
 .UNSPECIFIED. ) ;
#2328 = CARTESIAN_POINT ( 'NONE',  ( 104.9855932220072106, 13.00000000000000178, 53.60786849867463388 ) ) ;
#2329 = ORIENTED_EDGE ( 'NONE', *, *, #1898, .T. ) ;
#2330 = CARTESIAN_POINT ( 'NONE',  ( 222.7945600515236890, 10.00000000000000000, 57.56939204516324082 ) ) ;
#2331 = ORIENTED_EDGE ( 'NONE', *, *, #2959, .F. ) ;
#2332 = CARTESIAN_POINT ( 'NONE',  ( 199.9999999999999432, 20.00000000000000000, 96.43724644492834841 ) ) ;
#2333 = LINE ( 'NONE', #5499, #2392 ) ;
#2334 = AXIS2_PLACEMENT_3D ( 'NONE', #5463, #5997, #4609 ) ;
#2335 = CARTESIAN_POINT ( 'NONE',  ( 192.3042784331680934, 13.00000000000000533, 26.81037865256016417 ) ) ;
#2336 = CARTESIAN_POINT ( 'NONE',  ( 230.2103408148026631, 9.999999999999996447, 39.57206749747034991 ) ) ;
#2337 = CARTESIAN_POINT ( 'NONE',  ( 80.83438412693769237, 10.00000000000000000, 13.43084594780696861 ) ) ;
#2338 = ORIENTED_EDGE ( 'NONE', *, *, #3720, .T. ) ;
#2339 = CARTESIAN_POINT ( 'NONE',  ( 66.33174706816106436, 13.00000000000000178, 50.88551272944386028 ) ) ;
#2340 = CARTESIAN_POINT ( 'NONE',  ( 155.9491899082424879, 13.00000000000000178, 59.85930768528425006 ) ) ;
#2341 = CARTESIAN_POINT ( 'NONE',  ( 130.5490530989297326, 10.00000000000000000, 55.17534363577731682 ) ) ;
#2342 = LINE ( 'NONE', #5537, #921 ) ;
#2343 = CARTESIAN_POINT ( 'NONE',  ( 92.87020860662259736, 10.00000000000000000, 48.54176272944386028 ) ) ;
#2344 = EDGE_LOOP ( 'NONE', ( #1571, #5209, #379, #2510 ) ) ;
#2345 = CARTESIAN_POINT ( 'NONE',  ( 174.7900211066471172, 10.00000000000000000, 35.46471506596908085 ) ) ;
#2346 = EDGE_CURVE ( 'NONE', #5544, #2360, #1534, .T. ) ;
#2347 = CARTESIAN_POINT ( 'NONE',  ( 87.93622012179821468, 9.999999999999996447, 45.10659111573681201 ) ) ;
#2348 = DIRECTION ( 'NONE',  ( 0.000000000000000000, -0.000000000000000000, 1.000000000000000000 ) ) ;
#2349 = EDGE_LOOP ( 'NONE', ( #3399, #5788, #702, #6092 ) ) ;
#2350 = CARTESIAN_POINT ( 'NONE',  ( 109.7728287523849531, 12.99999999999999822, 32.99834614147708578 ) ) ;
#2351 = ADVANCED_FACE ( 'NONE', ( #1924 ), #1396, .F. ) ;
#2352 = DIRECTION ( 'NONE',  ( 1.000000000000000000, 0.000000000000000000, 0.000000000000000000 ) ) ;
#2353 = ORIENTED_EDGE ( 'NONE', *, *, #4646, .F. ) ;
#2354 = CARTESIAN_POINT ( 'NONE',  ( 87.36781085582101980, 13.00000000000000178, 38.09017671395530868 ) ) ;
#2355 = CARTESIAN_POINT ( 'NONE',  ( 225.0221437969645990, 10.00000000000000711, 28.55540241664091639 ) ) ;
#2356 = CARTESIAN_POINT ( 'NONE',  ( 121.6824738803362891, 10.00000000000000355, 55.70135906926023495 ) ) ;
#2357 = CARTESIAN_POINT ( 'NONE',  ( 167.6889988448815529, 10.00000000000000000, 33.06597849589670801 ) ) ;
#2358 = CARTESIAN_POINT ( 'NONE',  ( 106.4651930207323716, 9.999999999999998224, 36.93702875146797737 ) ) ;
#2359 = EDGE_CURVE ( 'NONE', #4116, #1339, #3404, .T. ) ;
#2360 = VERTEX_POINT ( 'NONE', #1489 ) ;
#2361 = CARTESIAN_POINT ( 'NONE',  ( 157.7754135430708402, 10.00000000000000000, 56.05505300328702845 ) ) ;
#2362 = CARTESIAN_POINT ( 'NONE',  ( 233.3333333333332860, 20.00000000000000000, 94.93724644492834841 ) ) ;
#2363 = CARTESIAN_POINT ( 'NONE',  ( 236.4318361986253478, 13.00000000000000178, 33.33083752382084697 ) ) ;
#2364 = CARTESIAN_POINT ( 'NONE',  ( 111.5731341837070119, 9.999999999999998224, 54.43397568872020997 ) ) ;
#2365 = FACE_OUTER_BOUND ( 'NONE', #1815, .T. ) ;
#2366 = CARTESIAN_POINT ( 'NONE',  ( 172.3766112028422697, 9.999999999999996447, 31.93671177750580981 ) ) ;
#2367 = ORIENTED_EDGE ( 'NONE', *, *, #4497, .F. ) ;
#2368 = CARTESIAN_POINT ( 'NONE',  ( 133.6205236655792987, 12.99999999999999822, 51.13623364477204092 ) ) ;
#2369 = CARTESIAN_POINT ( 'NONE',  ( 142.7589890578458380, 13.00000000000000178, 46.49129759204190293 ) ) ;
#2370 = B_SPLINE_CURVE_WITH_KNOTS ( 'NONE', 3,
 ( #3574, #4464, #703, #237, #1165, #3482, #1131, #3047, #3074, #4989, #5883 ),
 .UNSPECIFIED., .F., .F.,
 ( 4, 1, 1, 1, 1, 1, 1, 1, 4 ),
 ( 0.000000000000000000, 0.1577616635135475065, 0.3059502132085407111, 0.4437754990007243827, 0.5728243624015363356, 0.6921541564432415194, 0.8022957069908465133, 0.9055643918329946418, 1.000000000000000000 ),
 .UNSPECIFIED. ) ;
#2371 = CARTESIAN_POINT ( 'NONE',  ( 126.4863328705430092, 13.00000000000000178, 58.21449909322848271 ) ) ;
#2372 = DIRECTION ( 'NONE',  ( 0.000000000000000000, 0.000000000000000000, 1.000000000000000000 ) ) ;
#2373 = ORIENTED_EDGE ( 'NONE', *, *, #2841, .F. ) ;
#2374 = DIRECTION ( 'NONE',  ( 0.000000000000000000, 0.000000000000000000, 1.000000000000000000 ) ) ;
#2375 = CARTESIAN_POINT ( 'NONE',  ( 80.01564129893029076, 13.00000000000000178, 60.72024830636693338 ) ) ;
#2376 = EDGE_CURVE ( 'NONE', #2296, #4966, #3315, .T. ) ;
#2377 = CARTESIAN_POINT ( 'NONE',  ( 211.1394393758533568, 13.00000000000000178, 59.56640215252078718 ) ) ;
#2378 = ORIENTED_EDGE ( 'NONE', *, *, #585, .F. ) ;
#2379 = CARTESIAN_POINT ( 'NONE',  ( 235.8872671956576141, 9.999999999999996447, 51.84603698297234331 ) ) ;
#2380 = DIRECTION ( 'NONE',  ( -1.000000000000000000, 0.000000000000000000, 0.000000000000000000 ) ) ;
#2381 = CARTESIAN_POINT ( 'NONE',  ( 183.4471316835456491, 10.00000000000000000, 59.56640215252078718 ) ) ;
#2382 = EDGE_LOOP ( 'NONE', ( #2982, #5574 ) ) ;
#2383 = EDGE_CURVE ( 'NONE', #3046, #2412, #4111, .T. ) ;
#2384 = CARTESIAN_POINT ( 'NONE',  ( 187.7506355425585696, 13.00000000000000533, 40.18017005553367227 ) ) ;
#2385 = CARTESIAN_POINT ( 'NONE',  ( 104.9855932220072106, 13.00000000000000178, 43.19620984482848058 ) ) ;
#2386 = CARTESIAN_POINT ( 'NONE',  ( 225.6278006643815388, 9.999999999999996447, 27.98313964983432811 ) ) ;
#2387 = ORIENTED_EDGE ( 'NONE', *, *, #771, .T. ) ;
#2388 = CARTESIAN_POINT ( 'NONE',  ( 150.2860309679139164, 13.00000000000000533, 52.48466196422896246 ) ) ;
#2389 = CARTESIAN_POINT ( 'NONE',  ( 149.1740543963610719, 12.99999999999999822, 51.21602859396574559 ) ) ;
#2390 = EDGE_CURVE ( 'NONE', #3120, #1123, #3448, .T. ) ;
#2391 = CARTESIAN_POINT ( 'NONE',  ( 169.2350900015529476, 12.99999999999999822, 57.30408205125361576 ) ) ;
#2392 = VECTOR ( 'NONE', #5169, 1000.000000000000000 ) ;
#2393 = CARTESIAN_POINT ( 'NONE',  ( 74.27010731524740095, 13.00000000000000533, 20.50019131388360094 ) ) ;
#2394 = CARTESIAN_POINT ( 'NONE',  ( 105.9020517783667117, 10.00000000000000178, 48.28380867423329903 ) ) ;
#2395 = CARTESIAN_POINT ( 'NONE',  ( 106.3339550229730577, 9.999999999999996447, 55.13734370614695735 ) ) ;
#2396 = DIRECTION ( 'NONE',  ( 0.000000000000000000, 0.000000000000000000, -1.000000000000000000 ) ) ;
#2397 = ORIENTED_EDGE ( 'NONE', *, *, #3602, .T. ) ;
#2398 = CARTESIAN_POINT ( 'NONE',  ( 72.76077930745917399, 10.00000000000000000, 31.89730621305636404 ) ) ;
#2399 = COLOUR_RGB ( '',0.7921568627450980005, 0.8196078431372548767, 0.9333333333333333481 ) ;
#2400 = CARTESIAN_POINT ( 'NONE',  ( 158.9058369062077816, 12.99999999999999822, 26.11829361466913113 ) ) ;
#2401 = CARTESIAN_POINT ( 'NONE',  ( 85.51556612668987611, 12.99999999999999822, 54.52341697848988389 ) ) ;
#2402 = DIRECTION ( 'NONE',  ( -0.000000000000000000, -1.000000000000000000, -0.000000000000000000 ) ) ;
#2403 = VECTOR ( 'NONE', #3249, 1000.000000000000000 ) ;
#2404 = ORIENTED_EDGE ( 'NONE', *, *, #5735, .T. ) ;
#2405 = CARTESIAN_POINT ( 'NONE',  ( 183.4471316835456491, 13.00000000000000178, 59.56640215252078718 ) ) ;
#2406 = CARTESIAN_POINT ( 'NONE',  ( 92.65267131698068681, 13.00000000000000178, 50.91751620042560944 ) ) ;
#2407 = CARTESIAN_POINT ( 'NONE',  ( 123.3430556024452329, 12.99999999999999822, 26.76828574328899180 ) ) ;
#2408 = VERTEX_POINT ( 'NONE', #502 ) ;
#2409 = CARTESIAN_POINT ( 'NONE',  ( 116.8787394989605843, 13.00000000000000178, 30.16776359281849906 ) ) ;
#2410 = CARTESIAN_POINT ( 'NONE',  ( 225.9616490342232282, 13.00000000000000178, 54.75292286733682090 ) ) ;
#2411 = CARTESIAN_POINT ( 'NONE',  ( 229.2844338524181751, 10.00000000000000178, 56.07440063413779541 ) ) ;
#2412 = VERTEX_POINT ( 'NONE', #2385 ) ;
#2413 = CARTESIAN_POINT ( 'NONE',  ( 227.6957621113486425, 10.00000000000000355, 26.70166637807574972 ) ) ;
#2414 = CARTESIAN_POINT ( 'NONE',  ( 123.3087820886163541, 10.00000000000000000, 55.17620875373337697 ) ) ;
#2415 = CARTESIAN_POINT ( 'NONE',  ( 236.2710147553788431, 9.999999999999998224, 27.93669337769686578 ) ) ;
#2416 = AXIS2_PLACEMENT_3D ( 'NONE', #5598, #5140, #6009 ) ;
#2417 = CARTESIAN_POINT ( 'NONE',  ( 176.5240547604687436, 13.00000000000000178, 43.21423869098233439 ) ) ;
#2418 = CARTESIAN_POINT ( 'NONE',  ( 223.9502018582941503, 10.00000000000000000, 39.42304300865536248 ) ) ;
#2419 = VERTEX_POINT ( 'NONE', #4975 ) ;
#2420 = CARTESIAN_POINT ( 'NONE',  ( 152.9636106893647707, 10.00000000000000355, 54.48866184002839219 ) ) ;
#2421 = EDGE_CURVE ( 'NONE', #4208, #1492, #1751, .T. ) ;
#2422 = AXIS2_PLACEMENT_3D ( 'NONE', #650, #5825, #5763 ) ;
#2423 = B_SPLINE_CURVE_WITH_KNOTS ( 'NONE', 3,
 ( #12, #6068, #910, #1776, #3693, #4585, #1432, #5559, #356, #1306, #3283, #1840, #4615, #444, #2763 ),
 .UNSPECIFIED., .F., .F.,
 ( 4, 1, 1, 1, 1, 1, 1, 1, 1, 1, 1, 1, 4 ),
 ( 0.000000000000000000, 0.09697231038151644944, 0.1877734389628683276, 0.2723961390136932503, 0.3513209973752891568, 0.4243347744514677777, 0.4919087840005269552, 0.5542332197968005136, 0.6112676582441549655, 0.7163478449915540169, 0.8145400858216161888, 0.9084954561491859204, 1.000000000000000000 ),
 .UNSPECIFIED. ) ;
#2424 = CARTESIAN_POINT ( 'NONE',  ( 176.5240547604687436, 13.00000000000000178, 43.21423869098232728 ) ) ;
#2425 = CARTESIAN_POINT ( 'NONE',  ( 236.8719893186190859, 10.00000000000000178, 43.84387370467433698 ) ) ;
#2426 = CARTESIAN_POINT ( 'NONE',  ( 230.9891989912379984, 10.00000000000000178, 30.14332522944386383 ) ) ;
#2427 = DIRECTION ( 'NONE',  ( 0.000000000000000000, 0.000000000000000000, 1.000000000000000000 ) ) ;
#2428 = PRODUCT_DEFINITION_FORMATION_WITH_SPECIFIED_SOURCE ( 'ANY', '', #3212, .NOT_KNOWN. ) ;
#2429 = CARTESIAN_POINT ( 'NONE',  ( 187.4855932220071963, 13.00000000000000178, 31.52253196021309734 ) ) ;
#2430 = ORIENTED_EDGE ( 'NONE', *, *, #3935, .T. ) ;
#2431 = CARTESIAN_POINT ( 'NONE',  ( 78.63173318871606909, 10.00000000000000000, 36.54888899301955263 ) ) ;
#2432 = EDGE_CURVE ( 'NONE', #4565, #2175, #1207, .T. ) ;
#2433 = CARTESIAN_POINT ( 'NONE',  ( 223.5863015280311288, 13.00000000000000178, 30.57907197390593268 ) ) ;
#2434 = CARTESIAN_POINT ( 'NONE',  ( 71.53245376683750578, 10.00000000000000000, 30.50044994791183584 ) ) ;
#2435 = CARTESIAN_POINT ( 'NONE',  ( 104.9855932220072106, 13.00000000000000178, 71.68178676790540749 ) ) ;
#2436 = ORIENTED_EDGE ( 'NONE', *, *, #5185, .T. ) ;
#2437 = PLANE ( 'NONE',  #5358 ) ;
#2438 = CARTESIAN_POINT ( 'NONE',  ( 123.3430556024452329, 12.99999999999999822, 26.76828574328899180 ) ) ;
#2439 = ADVANCED_FACE ( 'NONE', ( #198 ), #2522, .T. ) ;
#2440 =( NAMED_UNIT ( * ) PLANE_ANGLE_UNIT ( ) SI_UNIT ( $, .RADIAN. ) );
#2441 = ORIENTED_EDGE ( 'NONE', *, *, #6045, .T. ) ;
#2442 = CARTESIAN_POINT ( 'NONE',  ( 100.0000000000000142, 10.00000000000000000, 97.93724644492834841 ) ) ;
#2443 = CARTESIAN_POINT ( 'NONE',  ( 234.9798810186810840, 9.999999999999998224, 59.07542608379440452 ) ) ;
#2444 = CARTESIAN_POINT ( 'NONE',  ( 159.9381197817511691, 13.00000000000000178, 30.15596304087414126 ) ) ;
#2445 = CARTESIAN_POINT ( 'NONE',  ( 222.6847691398887434, 9.999999999999998224, 34.42791145911768069 ) ) ;
#2446 = CARTESIAN_POINT ( 'NONE',  ( 126.3045434346951907, 13.00000000000000533, 53.47199942482424717 ) ) ;
#2447 = CARTESIAN_POINT ( 'NONE',  ( 142.5231425848556057, 10.00000000000000178, 44.87104856799891905 ) ) ;
#2448 = CARTESIAN_POINT ( 'NONE',  ( 222.6982112304135057, 9.999999999999996447, 33.83341966073736984 ) ) ;
#2449 = VERTEX_POINT ( 'NONE', #716 ) ;
#2450 = CARTESIAN_POINT ( 'NONE',  ( 159.5048239912379984, 10.00000000000000000, 56.10486369098232728 ) ) ;
#2451 = VERTEX_POINT ( 'NONE', #689 ) ;
#2452 = CARTESIAN_POINT ( 'NONE',  ( 160.1335927118723532, 13.00000000000000178, 60.12767665677009177 ) ) ;
#2453 = EDGE_CURVE ( 'NONE', #4430, #3220, #2129, .T. ) ;
#2454 = CARTESIAN_POINT ( 'NONE',  ( 70.18587370282398297, 13.00000000000000533, 28.33192788716930011 ) ) ;
#2455 = CARTESIAN_POINT ( 'NONE',  ( 149.4444091096514455, 10.00000000000000000, 34.93500521403434078 ) ) ;
#2456 = CARTESIAN_POINT ( 'NONE',  ( 71.74676695276568239, 12.99999999999999822, 57.88601269425242890 ) ) ;
#2457 = CARTESIAN_POINT ( 'NONE',  ( 176.4813861678022704, 12.99999999999999822, 41.56782535929008304 ) ) ;
#2458 = EDGE_LOOP ( 'NONE', ( #5475, #1017, #135, #2866 ) ) ;
#2459 = CARTESIAN_POINT ( 'NONE',  ( 232.4019729124604225, 9.999999999999996447, 30.34721525295983469 ) ) ;
#2460 = CARTESIAN_POINT ( 'NONE',  ( 147.4100009308033634, 13.00000000000000178, 31.11275458189858867 ) ) ;
#2461 = CARTESIAN_POINT ( 'NONE',  ( 0.000000000000000000, 10.00000000000000000, 0.000000000000000000 ) ) ;
#2462 = ADVANCED_FACE ( 'NONE', ( #2141 ), #283, .T. ) ;
#2463 = LINE ( 'NONE', #5267, #3609 ) ;
#2464 = EDGE_LOOP ( 'NONE', ( #494, #3375, #558, #617, #2525, #5023, #2404, #2518, #426, #3154, #4221, #1634, #489, #5415, #6030, #4814, #3274 ) ) ;
#2465 = DIRECTION ( 'NONE',  ( -1.000000000000000000, 0.000000000000000000, 0.000000000000000000 ) ) ;
#2466 = CARTESIAN_POINT ( 'NONE',  ( 82.59010480530332643, 13.00000000000000533, 60.51569920404160285 ) ) ;
#2467 = VERTEX_POINT ( 'NONE', #5774 ) ;
#2468 = ADVANCED_FACE ( 'NONE', ( #3561, #3436 ), #2972, .T. ) ;
#2469 = CARTESIAN_POINT ( 'NONE',  ( 80.01564129893029076, 13.00000000000000178, 56.10486369098232728 ) ) ;
#2470 = ORIENTED_EDGE ( 'NONE', *, *, #1260, .F. ) ;
#2471 = CARTESIAN_POINT ( 'NONE',  ( 235.9471316835457060, 9.999999999999996447, 50.81339734482848769 ) ) ;
#2472 = FACE_BOUND ( 'NONE', #64, .T. ) ;
#2473 = FACE_OUTER_BOUND ( 'NONE', #1010, .T. ) ;
#2474 = CARTESIAN_POINT ( 'NONE',  ( 195.7890539581547102, 9.999999999999998224, 26.12017046148841715 ) ) ;
#2475 = CARTESIAN_POINT ( 'NONE',  ( 222.7199178619933946, 13.00000000000000178, 36.10516794586327904 ) ) ;
#2476 = CARTESIAN_POINT ( 'NONE',  ( 107.9073817314687034, 12.99999999999999822, 34.82732655324060289 ) ) ;
#2477 = CARTESIAN_POINT ( 'NONE',  ( 226.9705110027323087, 9.999999999999996447, 27.05864701424825469 ) ) ;
#2478 = CARTESIAN_POINT ( 'NONE',  ( 131.1010559769668191, 13.00000000000000178, 39.73634268476655507 ) ) ;
#2479 = ORIENTED_EDGE ( 'NONE', *, *, #3172, .F. ) ;
#2480 = CARTESIAN_POINT ( 'NONE',  ( 154.4853090625154834, 9.999999999999996447, 55.21071584182228520 ) ) ;
#2481 = ORIENTED_EDGE ( 'NONE', *, *, #4087, .F. ) ;
#2482 = CARTESIAN_POINT ( 'NONE',  ( 176.4865054024467383, 10.00000000000000000, 44.87104857526609436 ) ) ;
#2483 = LINE ( 'NONE', #3818, #5157 ) ;
#2484 = CARTESIAN_POINT ( 'NONE',  ( 158.2070659056574584, 13.00000000000000178, 30.18021075543741105 ) ) ;
#2485 = CARTESIAN_POINT ( 'NONE',  ( 198.7214791403407901, 9.999999999999992895, 27.05846746333747532 ) ) ;
#2486 = FACE_OUTER_BOUND ( 'NONE', #2608, .T. ) ;
#2487 = EDGE_LOOP ( 'NONE', ( #2619, #2081, #3024, #3317 ) ) ;
#2488 = CARTESIAN_POINT ( 'NONE',  ( 114.3784073826942489, 10.00000000000000000, 26.46103422529116500 ) ) ;
#2489 = VECTOR ( 'NONE', #3520, 1000.000000000000000 ) ;
#2490 = CARTESIAN_POINT ( 'NONE',  ( 160.1398834882337212, 13.00000000000000178, 26.11800229133883633 ) ) ;
#2491 = LINE ( 'NONE', #5332, #6069 ) ;
#2492 = ORIENTED_EDGE ( 'NONE', *, *, #92, .T. ) ;
#2493 = CARTESIAN_POINT ( 'NONE',  ( 226.7320437303503411, 13.00000000000000178, 34.28228789349729055 ) ) ;
#2494 = CARTESIAN_POINT ( 'NONE',  ( 67.02898542159357476, 10.00000000000000000, 52.14827511413782446 ) ) ;
#2495 = AXIS2_PLACEMENT_3D ( 'NONE', #3545, #3974, #1192 ) ;
#2496 = ORIENTED_EDGE ( 'NONE', *, *, #2136, .F. ) ;
#2497 = EDGE_CURVE ( 'NONE', #2412, #3291, #2558, .T. ) ;
#2498 = B_SPLINE_CURVE_WITH_KNOTS ( 'NONE', 3,
 ( #5614, #2474, #2850, #4359, #595, #565, #2904 ),
 .UNSPECIFIED., .F., .F.,
 ( 4, 1, 1, 1, 4 ),
 ( 0.000000000000000000, 0.2252775478670093756, 0.4635231951764776648, 0.7203235553269164981, 0.9999999999999998890 ),
 .UNSPECIFIED. ) ;
#2499 = MECHANICAL_DESIGN_GEOMETRIC_PRESENTATION_REPRESENTATION (  '', ( #4969 ), #5351 ) ;
#2500 = CARTESIAN_POINT ( 'NONE',  ( 134.3178190572418771, 10.00000000000000355, 36.53479017898678904 ) ) ;
#2501 = CARTESIAN_POINT ( 'NONE',  ( 151.3030939378090807, 13.00000000000000178, 33.06632664925396625 ) ) ;
#2502 = CARTESIAN_POINT ( 'NONE',  ( 169.4025023453571634, 13.00000000000000178, 29.13337273867309207 ) ) ;
#2503 = DIRECTION ( 'NONE',  ( 0.000000000000000000, -0.000000000000000000, 1.000000000000000000 ) ) ;
#2504 = EDGE_CURVE ( 'NONE', #2271, #5710, #1732, .T. ) ;
#2505 = VECTOR ( 'NONE', #5215, 1000.000000000000000 ) ;
#2506 = CARTESIAN_POINT ( 'NONE',  ( 145.0008902417989987, 10.00000000000000000, 34.10757402062465360 ) ) ;
#2507 = CARTESIAN_POINT ( 'NONE',  ( 230.1418432220071963, 9.999999999999996447, 56.10486369098232728 ) ) ;
#2508 = CARTESIAN_POINT ( 'NONE',  ( 92.84120865552840485, 13.00000000000000178, 47.97130116179796744 ) ) ;
#2509 = LINE ( 'NONE', #4395, #3797 ) ;
#2510 = ORIENTED_EDGE ( 'NONE', *, *, #2536, .T. ) ;
#2511 = DIRECTION ( 'NONE',  ( -0.6600766059279595810, 0.000000000000000000, 0.7511982922681766928 ) ) ;
#2512 = ORIENTED_EDGE ( 'NONE', *, *, #1529, .F. ) ;
#2513 = CARTESIAN_POINT ( 'NONE',  ( 88.77425803928852588, 10.00000000000000000, 47.34234826831387721 ) ) ;
#2514 = CARTESIAN_POINT ( 'NONE',  ( 201.3317470681610644, 10.00000000000000000, 30.72024830636694048 ) ) ;
#2515 = CARTESIAN_POINT ( 'NONE',  ( 150.3338959803099044, 9.999999999999996447, 33.95941814138306825 ) ) ;
#2516 = CARTESIAN_POINT ( 'NONE',  ( 66.66666666666668561, 10.00000000000000000, 96.43724644492834841 ) ) ;
#2517 = CARTESIAN_POINT ( 'NONE',  ( 73.41110025391583349, 13.00000000000000178, 25.16166839779724640 ) ) ;
#2518 = ORIENTED_EDGE ( 'NONE', *, *, #156, .T. ) ;
#2519 = CARTESIAN_POINT ( 'NONE',  ( 231.5968884514894626, 13.00000000000000533, 45.25408765989224236 ) ) ;
#2520 = VECTOR ( 'NONE', #3454, 1000.000000000000000 ) ;
#2521 = CARTESIAN_POINT ( 'NONE',  ( 171.5541431020513699, 9.999999999999996447, 38.19607434322490747 ) ) ;
#2522 = B_SPLINE_SURFACE_WITH_KNOTS ( 'NONE', 3, 1, ( 
 ( #5377, #5835 ),
 ( #4856, #1612 ),
 ( #4423, #3469 ),
 ( #4889, #167 ),
 ( #2110, #1084 ),
 ( #222, #5870 ),
 ( #3502, #3996 ),
 ( #1150, #5428 ),
 ( #2595, #1117 ),
 ( #2051, #4920 ),
 ( #3088, #4478 ) ),
 .UNSPECIFIED., .F., .F., .F.,
 ( 4, 1, 1, 1, 1, 1, 1, 1, 4 ),
 ( 2, 2 ),
 ( 0.000000000000000000, 0.1335067689985175166, 0.2625589787303693190, 0.3882644471488783111, 0.5126673546814275451, 0.6337222699657600877, 0.7553938601370943084, 0.8775529450912783469, 1.000000000000000000 ),
 ( 0.000000000000000000, 1.000000000000000000 ),
 .UNSPECIFIED. ) ;
#2523 = FACE_OUTER_BOUND ( 'NONE', #1695, .T. ) ;
#2524 = CARTESIAN_POINT ( 'NONE',  ( 239.9855932220072248, 13.00000000000000178, 50.64212330636694048 ) ) ;
#2525 = ORIENTED_EDGE ( 'NONE', *, *, #411, .T. ) ;
#2526 = DIRECTION ( 'NONE',  ( 0.000000000000000000, 0.000000000000000000, 1.000000000000000000 ) ) ;
#2527 = CARTESIAN_POINT ( 'NONE',  ( 91.94608261409780425, 13.00000000000000178, 53.14877025636950947 ) ) ;
#2528 = ORIENTED_EDGE ( 'NONE', *, *, #3451, .T. ) ;
#2529 = EDGE_CURVE ( 'NONE', #3758, #1187, #2686, .T. ) ;
#2530 = CARTESIAN_POINT ( 'NONE',  ( 129.2183427047863233, 10.00000000000000000, 29.89488075045933968 ) ) ;
#2531 = CARTESIAN_POINT ( 'NONE',  ( 199.0240547604687436, 13.00000000000000178, 27.23166657559771053 ) ) ;
#2532 = CARTESIAN_POINT ( 'NONE',  ( 166.4300911224337938, 10.00000000000000355, 27.42219963146050432 ) ) ;
#2533 = CARTESIAN_POINT ( 'NONE',  ( 233.6049054548277013, 13.00000000000000178, 46.54776754321186161 ) ) ;
#2534 = CARTESIAN_POINT ( 'NONE',  ( 235.9471316835457060, 10.00000000000000000, 50.81339734482848769 ) ) ;
#2535 = CARTESIAN_POINT ( 'NONE',  ( 85.58903789757675895, 13.00000000000000178, 20.34398195275216281 ) ) ;
#2536 = EDGE_CURVE ( 'NONE', #4254, #276, #5061, .T. ) ;
#2537 = CARTESIAN_POINT ( 'NONE',  ( 234.2658977693353961, 10.00000000000000000, 54.55453746483409105 ) ) ;
#2538 = FACE_OUTER_BOUND ( 'NONE', #641, .T. ) ;
#2539 = CARTESIAN_POINT ( 'NONE',  ( 158.9058369062077816, 12.99999999999999822, 26.11829361466913113 ) ) ;
#2540 = VERTEX_POINT ( 'NONE', #841 ) ;
#2541 = CARTESIAN_POINT ( 'NONE',  ( 220.9471316835456491, 13.00000000000000178, 55.69020022944386028 ) ) ;
#2542 = EDGE_LOOP ( 'NONE', ( #5591, #4545, #3736, #3439 ) ) ;
#2543 = CARTESIAN_POINT ( 'NONE',  ( 227.8341509143148755, 10.00000000000000178, 37.55318099867463388 ) ) ;
#2544 = EDGE_CURVE ( 'NONE', #3481, #5016, #4408, .T. ) ;
#2545 = CARTESIAN_POINT ( 'NONE',  ( 230.3491749527764227, 13.00000000000000178, 60.14332522944386739 ) ) ;
#2546 = CARTESIAN_POINT ( 'NONE',  ( 152.3372253080545988, 13.00000000000000178, 32.28676006595252090 ) ) ;
#2547 = PLANE ( 'NONE',  #2495 ) ;
#2548 = CARTESIAN_POINT ( 'NONE',  ( 146.9928047604687436, 13.00000000000000178, 31.54957522944386383 ) ) ;
#2549 = ORIENTED_EDGE ( 'NONE', *, *, #3555, .T. ) ;
#2550 = CARTESIAN_POINT ( 'NONE',  ( 235.9471316835457060, 13.00000000000000178, 50.81339734482848769 ) ) ;
#2551 = CARTESIAN_POINT ( 'NONE',  ( 164.4537739951128117, 10.00000000000000000, 31.07603702560156833 ) ) ;
#2552 = CARTESIAN_POINT ( 'NONE',  ( 71.41176306255206896, 13.00000000000000178, 17.43678373307443508 ) ) ;
#2553 = CARTESIAN_POINT ( 'NONE',  ( 239.9763420729516952, 12.99999999999999822, 50.96701232951458849 ) ) ;
#2554 = VERTEX_POINT ( 'NONE', #5929 ) ;
#2555 = CARTESIAN_POINT ( 'NONE',  ( 88.44856758121396467, 13.00000000000000178, 46.21863844462018989 ) ) ;
#2556 = DIRECTION ( 'NONE',  ( 0.000000000000000000, 0.000000000000000000, 1.000000000000000000 ) ) ;
#2557 = EDGE_LOOP ( 'NONE', ( #2222, #2367 ) ) ;
#2558 = B_SPLINE_CURVE_WITH_KNOTS ( 'NONE', 3,
 ( #4080, #806, #5545, #6055, #4137, #4668, #3143, #3240, #1324, #399, #5124, #3587, #2291, #432, #898 ),
 .UNSPECIFIED., .F., .F.,
 ( 4, 1, 1, 1, 1, 1, 1, 1, 1, 1, 1, 1, 4 ),
 ( 0.000000000000000000, 0.08644037246266929320, 0.1693440105424732223, 0.2510606708491855965, 0.3323264305703405030, 0.4131892790502050272, 0.4942994993596380726, 0.5766538799957602324, 0.6617849185411929236, 0.7477649302742698234, 0.8319674345472001242, 0.9152994413086168457, 1.000000000000000000 ),
 .UNSPECIFIED. ) ;
#2559 = CARTESIAN_POINT ( 'NONE',  ( 88.58500361392343336, 12.99999999999999822, 50.42419806380907943 ) ) ;
#2560 = DIRECTION ( 'NONE',  ( 0.000000000000000000, 1.000000000000000000, 0.000000000000000000 ) ) ;
#2561 = CARTESIAN_POINT ( 'NONE',  ( 237.2374726850832474, 9.999999999999998224, 57.39520273183650545 ) ) ;
#2562 = LINE ( 'NONE', #1043, #847 ) ;
#2563 = EDGE_CURVE ( 'NONE', #1541, #5423, #4166, .T. ) ;
#2564 = EDGE_LOOP ( 'NONE', ( #819, #2013 ) ) ;
#2565 = CARTESIAN_POINT ( 'NONE',  ( 187.4861518979936648, 13.00000000000000178, 47.83560460022840743 ) ) ;
#2566 = CARTESIAN_POINT ( 'NONE',  ( 166.0376218628899210, 10.00000000000000000, 54.48947390979268590 ) ) ;
#2567 = CARTESIAN_POINT ( 'NONE',  ( 194.4181300823600225, 10.00000000000000000, 30.16492570989688460 ) ) ;
#2568 = CARTESIAN_POINT ( 'NONE',  ( 230.6942681988808204, 12.99999999999999822, 26.11053281686706029 ) ) ;
#2569 = DIRECTION ( 'NONE',  ( -0.000000000000000000, -1.000000000000000000, -0.000000000000000000 ) ) ;
#2570 = ORIENTED_EDGE ( 'NONE', *, *, #688, .F. ) ;
#2571 = B_SPLINE_SURFACE_WITH_KNOTS ( 'NONE', 3, 1, ( 
 ( #5597, #4589 ),
 ( #826, #4682 ),
 ( #4127, #385 ),
 ( #361, #6037 ),
 ( #6007, #1782 ),
 ( #2737, #449 ),
 ( #5530, #4621 ),
 ( #1813, #4214 ),
 ( #5564, #2395 ),
 ( #1997, #110 ),
 ( #3948, #577 ) ),
 .UNSPECIFIED., .F., .F., .F.,
 ( 4, 1, 1, 1, 1, 1, 1, 1, 4 ),
 ( 2, 2 ),
 ( 0.000000000000000000, 0.1268408077971993064, 0.2505477821575817221, 0.3712302035652627619, 0.4921157704266504451, 0.6134009879986328517, 0.7379973201236222913, 0.8661319098407442851, 1.000000000000000000 ),
 ( 0.000000000000000000, 1.000000000000000000 ),
 .UNSPECIFIED. ) ;
#2572 = EDGE_CURVE ( 'NONE', #1261, #5366, #1510, .T. ) ;
#2573 = CARTESIAN_POINT ( 'NONE',  ( 82.75763738211354337, 9.999999999999989342, 34.37491606101715291 ) ) ;
#2574 = ORIENTED_EDGE ( 'NONE', *, *, #1823, .T. ) ;
#2575 = CARTESIAN_POINT ( 'NONE',  ( 226.7306443247594530, 10.00000000000000178, 34.82927609930561630 ) ) ;
#2576 = FACE_OUTER_BOUND ( 'NONE', #2189, .T. ) ;
#2577 = FACE_OUTER_BOUND ( 'NONE', #3613, .T. ) ;
#2578 = CARTESIAN_POINT ( 'NONE',  ( 238.3120783320327121, 13.00000000000000178, 45.36911886244492820 ) ) ;
#2579 = DIRECTION ( 'NONE',  ( 0.000000000000000000, 0.000000000000000000, 1.000000000000000000 ) ) ;
#2580 = VERTEX_POINT ( 'NONE', #342 ) ;
#2581 = CARTESIAN_POINT ( 'NONE',  ( 233.3913118983784329, 12.99999999999999822, 55.24991215546419454 ) ) ;
#2582 = EDGE_CURVE ( 'NONE', #331, #536, #2750, .T. ) ;
#2583 = CARTESIAN_POINT ( 'NONE',  ( 100.9471316835456918, 10.00000000000000000, 26.68178676790540393 ) ) ;
#2584 = CARTESIAN_POINT ( 'NONE',  ( 229.8944541257167771, 12.99999999999999822, 60.13056193954390949 ) ) ;
#2585 = ORIENTED_EDGE ( 'NONE', *, *, #5630, .F. ) ;
#2586 = CARTESIAN_POINT ( 'NONE',  ( 83.05893189460195458, 12.99999999999999822, 18.63738375001473813 ) ) ;
#2587 = LINE ( 'NONE', #5025, #3709 ) ;
#2588 = ORIENTED_EDGE ( 'NONE', *, *, #1511, .F. ) ;
#2589 = VECTOR ( 'NONE', #4516, 1000.000000000000000 ) ;
#2590 = EDGE_LOOP ( 'NONE', ( #5398, #2032, #1820, #2092 ) ) ;
#2591 = DIRECTION ( 'NONE',  ( -0.5354662961092240270, 0.000000000000000000, 0.8445565971153554674 ) ) ;
#2592 = CARTESIAN_POINT ( 'NONE',  ( 80.95587860678958236, 9.999999999999996447, 18.07033052148822705 ) ) ;
#2593 = VECTOR ( 'NONE', #5878, 1000.000000000000000 ) ;
#2594 = CARTESIAN_POINT ( 'NONE',  ( 223.9502018582941503, 13.00000000000000178, 39.42304300865536248 ) ) ;
#2595 = CARTESIAN_POINT ( 'NONE',  ( 69.23511526356075763, 13.00000000000000178, 24.82526228933587120 ) ) ;
#2596 = CARTESIAN_POINT ( 'NONE',  ( 69.23314371126261335, 10.00000000000000000, 23.43826178174383301 ) ) ;
#2597 = AXIS2_PLACEMENT_3D ( 'NONE', #1151, #1118, #3089 ) ;
#2598 = DIRECTION ( 'NONE',  ( -0.000000000000000000, -1.000000000000000000, -0.000000000000000000 ) ) ;
#2599 = ORIENTED_EDGE ( 'NONE', *, *, #5134, .F. ) ;
#2600 = CARTESIAN_POINT ( 'NONE',  ( 234.7352125738748327, 10.00000000000000000, 47.56020917210800292 ) ) ;
#2601 = ORIENTED_EDGE ( 'NONE', *, *, #1981, .T. ) ;
#2602 = DIRECTION ( 'NONE',  ( 0.000000000000000000, 0.000000000000000000, -1.000000000000000000 ) ) ;
#2603 = CARTESIAN_POINT ( 'NONE',  ( 157.7070953901129826, 9.999999999999998224, 60.09687274895013331 ) ) ;
#2604 = CARTESIAN_POINT ( 'NONE',  ( 80.41018664836380481, 10.00000000000000000, 56.09387504439669669 ) ) ;
#2605 = CARTESIAN_POINT ( 'NONE',  ( 188.2880851369601487, 13.00000000000000178, 36.93636078845852921 ) ) ;
#2606 = ADVANCED_FACE ( 'NONE', ( #4634 ), #1264, .F. ) ;
#2607 = CARTESIAN_POINT ( 'NONE',  ( 73.59237734051664859, 10.00000000000000000, 25.87281419032247953 ) ) ;
#2608 = EDGE_LOOP ( 'NONE', ( #789, #2631, #4949, #504 ) ) ;
#2609 = CARTESIAN_POINT ( 'NONE',  ( 146.9928047604687436, 13.00000000000000178, 31.54957522944386383 ) ) ;
#2610 = CARTESIAN_POINT ( 'NONE',  ( 171.9652067524605741, 13.00000000000000178, 39.38988581400252542 ) ) ;
#2611 = CARTESIAN_POINT ( 'NONE',  ( 300.0000000000000000, 10.00000000000000000, 0.000000000000000000 ) ) ;
#2612 = CARTESIAN_POINT ( 'NONE',  ( 239.6425700259317750, 9.999999999999998224, 47.94845987594759862 ) ) ;
#2613 = ADVANCED_FACE ( 'NONE', ( #778 ), #2288, .T. ) ;
#2614 = VECTOR ( 'NONE', #3273, 1000.000000000000000 ) ;
#2615 = ADVANCED_FACE ( 'NONE', ( #1918 ), #4754, .T. ) ;
#2616 = ORIENTED_EDGE ( 'NONE', *, *, #4996, .F. ) ;
#2617 = CARTESIAN_POINT ( 'NONE',  ( 187.4861518979936648, 10.00000000000000000, 47.83560460022840743 ) ) ;
#2618 = CARTESIAN_POINT ( 'NONE',  ( 195.7040915157615473, 12.99999999999999822, 30.28342083671867968 ) ) ;
#2619 = ORIENTED_EDGE ( 'NONE', *, *, #4578, .F. ) ;
#2620 = CARTESIAN_POINT ( 'NONE',  ( 91.53954892575015378, 10.00000000000000000, 19.99461605427405075 ) ) ;
#2621 = MANIFOLD_SOLID_BREP ( 'Boss-Extrude4', #5784 ) ;
#2622 = AXIS2_PLACEMENT_3D ( 'NONE', #3586, #5402, #3171 ) ;
#2623 = EDGE_CURVE ( 'NONE', #1139, #1123, #4286, .T. ) ;
#2624 = CARTESIAN_POINT ( 'NONE',  ( 194.4245809962810085, 10.00000000000000000, 26.15375986338893100 ) ) ;
#2625 = CARTESIAN_POINT ( 'NONE',  ( 85.58903789757675895, 10.00000000000000000, 20.34398195275216281 ) ) ;
#2626 = CARTESIAN_POINT ( 'NONE',  ( 190.5178128098172579, 9.999999999999998224, 32.33405102119188257 ) ) ;
#2627 = CARTESIAN_POINT ( 'NONE',  ( 89.97781483461483276, 12.99999999999999822, 40.84387901987598468 ) ) ;
#2628 = LINE ( 'NONE', #1676, #2215 ) ;
#2629 = ORIENTED_EDGE ( 'NONE', *, *, #194, .T. ) ;
#2630 = CARTESIAN_POINT ( 'NONE',  ( 172.4649885760087784, 10.00000000000000000, 43.81669059318522130 ) ) ;
#2631 = ORIENTED_EDGE ( 'NONE', *, *, #1292, .F. ) ;
#2632 = PLANE ( 'NONE',  #4021 ) ;
#2633 = CARTESIAN_POINT ( 'NONE',  ( 194.4181300823600225, 13.00000000000000178, 30.16492570989688460 ) ) ;
#2634 = CARTESIAN_POINT ( 'NONE',  ( 229.5184963116103916, 13.00000000000000178, 44.10002334430974713 ) ) ;
#2635 = CARTESIAN_POINT ( 'NONE',  ( 228.5967030310023347, 10.00000000000000178, 30.87248259664718120 ) ) ;
#2636 = VERTEX_POINT ( 'NONE', #5607 ) ;
#2637 = CARTESIAN_POINT ( 'NONE',  ( 235.5494306540175558, 13.00000000000000178, 52.83335571183378221 ) ) ;
#2638 = CARTESIAN_POINT ( 'NONE',  ( 238.4531412989302908, 13.00000000000000178, 45.55798869098232018 ) ) ;
#2639 = EDGE_CURVE ( 'NONE', #1492, #3382, #4987, .T. ) ;
#2640 = CARTESIAN_POINT ( 'NONE',  ( 225.9616490342232282, 9.999999999999996447, 54.75292286733682090 ) ) ;
#2641 = CARTESIAN_POINT ( 'NONE',  ( 135.5625162989302908, 13.00000000000000178, 43.03395022944386739 ) ) ;
#2642 = B_SPLINE_CURVE_WITH_KNOTS ( 'NONE', 3,
 ( #4098, #5978, #1753, #3635, #5308, #1080, #5798 ),
 .UNSPECIFIED., .F., .F.,
 ( 4, 1, 1, 1, 4 ),
 ( 0.000000000000000000, 0.2462523706929827250, 0.4925907964763731606, 0.7405699911180891881, 1.000000000000000000 ),
 .UNSPECIFIED. ) ;
#2643 = CARTESIAN_POINT ( 'NONE',  ( 146.5363796184722673, 10.00000000000000178, 42.79594459398933992 ) ) ;
#2644 = ORIENTED_EDGE ( 'NONE', *, *, #1898, .F. ) ;
#2645 = CARTESIAN_POINT ( 'NONE',  ( 135.5156864712129732, 13.00000000000000178, 44.76892153987853362 ) ) ;
#2646 = CARTESIAN_POINT ( 'NONE',  ( 194.7422037989302908, 13.00000000000000178, 30.14332522944386383 ) ) ;
#2647 = ORIENTED_EDGE ( 'NONE', *, *, #4055, .T. ) ;
#2648 = CARTESIAN_POINT ( 'NONE',  ( 237.3255171983525997, 10.00000000000000178, 28.74578436957524374 ) ) ;
#2649 = EDGE_CURVE ( 'NONE', #288, #536, #2870, .T. ) ;
#2650 = CARTESIAN_POINT ( 'NONE',  ( 87.99746574654581366, 12.99999999999999822, 22.96626125068805635 ) ) ;
#2651 = CARTESIAN_POINT ( 'NONE',  ( 296.5030604351463808, 0.000000000000000000, 91.13552925583975650 ) ) ;
#2652 = CARTESIAN_POINT ( 'NONE',  ( 239.6133725454871808, 12.99999999999999822, 53.45184804831477976 ) ) ;
#2653 = CARTESIAN_POINT ( 'NONE',  ( 105.4144751598138185, 13.00000000000000178, 32.21446576716065380 ) ) ;
#2654 = CARTESIAN_POINT ( 'NONE',  ( 87.99746574654581366, 9.999999999999996447, 22.96626125068805635 ) ) ;
#2655 = ADVANCED_FACE ( 'NONE', ( #4318, #5153, #493, #2811 ), #4696, .F. ) ;
#2656 = CARTESIAN_POINT ( 'NONE',  ( 229.8533816835456491, 13.00000000000000178, 44.28695503713617398 ) ) ;
#2657 = FACE_OUTER_BOUND ( 'NONE', #2009, .T. ) ;
#2658 = B_SPLINE_CURVE_WITH_KNOTS ( 'NONE', 3,
 ( #2802, #3760, #4686, #2340, #1315, #4218, #22, #1350, #6109, #1878, #5629, #863, #5116, #1817, #1410, #2369, #1786, #2773, #2283 ),
 .UNSPECIFIED., .F., .F.,
 ( 4, 1, 1, 1, 1, 1, 1, 1, 1, 1, 1, 1, 1, 1, 1, 1, 4 ),
 ( 0.000000000000000000, 0.06874226160548868592, 0.1346351922242763899, 0.1983241870671471341, 0.2608250125604207881, 0.3227135881590241229, 0.3845545346076184035, 0.4469128577247556966, 0.5109576325148288412, 0.5749307010013360308, 0.6366845377960930197, 0.6974831152940622614, 0.7571338075238543963, 0.8169656636752641310, 0.8768183516571963487, 0.9376625803840034079, 1.000000000000000000 ),
 .UNSPECIFIED. ) ;
#2659 = CARTESIAN_POINT ( 'NONE',  ( 134.8895194417185337, 9.999999999999998224, 48.08573616792504879 ) ) ;
#2660 = EDGE_LOOP ( 'NONE', ( #5299, #2993, #4282, #1506 ) ) ;
#2661 = CARTESIAN_POINT ( 'NONE',  ( 88.64244418354567756, 10.00000000000000000, 23.79717138329001713 ) ) ;
#2662 = VERTEX_POINT ( 'NONE', #3865 ) ;
#2663 = CARTESIAN_POINT ( 'NONE',  ( 84.06307017664131820, 9.999999999999996447, 40.73859731459030087 ) ) ;
#2664 = CARTESIAN_POINT ( 'NONE',  ( 144.3239747510129121, 9.999999999999998224, 51.04190625304948981 ) ) ;
#2665 = CARTESIAN_POINT ( 'NONE',  ( 188.7253450859880957, 13.00000000000000178, 35.54666244430071487 ) ) ;
#2666 = CARTESIAN_POINT ( 'NONE',  ( 118.2728528373918380, 13.00000000000000178, 26.10486369098232728 ) ) ;
#2667 = VERTEX_POINT ( 'NONE', #1883 ) ;
#2668 = CARTESIAN_POINT ( 'NONE',  ( 232.3841009868725678, 13.00000000000000533, 55.74015439321492238 ) ) ;
#2669 = LINE ( 'NONE', #2216, #2300 ) ;
#2670 = CARTESIAN_POINT ( 'NONE',  ( 229.2844338524181751, 9.999999999999996447, 56.07440063413779541 ) ) ;
#2671 = B_SPLINE_SURFACE_WITH_KNOTS ( 'NONE', 3, 1, ( 
 ( #3260, #5174 ),
 ( #4217, #4827 ),
 ( #598, #4716 ),
 ( #2478, #4656 ),
 ( #2310, #4685 ),
 ( #4362, #134 ),
 ( #2022, #3794 ),
 ( #889, #1877 ),
 ( #2772, #5663 ),
 ( #417, #2974 ),
 ( #1555, #3909 ),
 ( #1443, #3471 ),
 ( #5777, #3406 ),
 ( #3292, #3759 ),
 ( #4187, #4858 ) ),
 .UNSPECIFIED., .F., .F., .F.,
 ( 4, 1, 1, 1, 1, 1, 1, 1, 1, 1, 1, 1, 4 ),
 ( 2, 2 ),
 ( 0.000000000000000000, 0.08199405683765431663, 0.1633492972937410359, 0.2458264740680108085, 0.3303671599787224022, 0.4151983742785685383, 0.4979409323876403670, 0.5804761255002935938, 0.6637400107109454606, 0.7475128374040550527, 0.8303987408369399859, 0.9140755187235942714, 1.000000000000000000 ),
 ( 0.000000000000000000, 1.000000000000000000 ),
 .UNSPECIFIED. ) ;
#2672 = DIRECTION ( 'NONE',  ( 0.000000000000000000, 0.000000000000000000, -1.000000000000000000 ) ) ;
#2673 = CARTESIAN_POINT ( 'NONE',  ( 148.6668351248453632, 9.999999999999998224, 35.97448411398414692 ) ) ;
#2674 = LINE ( 'NONE', #3160, #5744 ) ;
#2675 = CARTESIAN_POINT ( 'NONE',  ( 81.88894436368219942, 13.00000000000000178, 13.46721881908733565 ) ) ;
#2676 = ORIENTED_EDGE ( 'NONE', *, *, #3102, .F. ) ;
#2677 = CARTESIAN_POINT ( 'NONE',  ( 188.2067470681610359, 10.00000000000000000, 37.22866176790540038 ) ) ;
#2678 = CARTESIAN_POINT ( 'NONE',  ( 135.2772579507884245, 13.00000000000000533, 39.66997451715301537 ) ) ;
#2679 = CARTESIAN_POINT ( 'NONE',  ( 81.88894436368219942, 13.00000000000000178, 13.46721881908733565 ) ) ;
#2680 = CARTESIAN_POINT ( 'NONE',  ( 239.9581116731287693, 12.99999999999999822, 51.60724164097663191 ) ) ;
#2681 = CARTESIAN_POINT ( 'NONE',  ( 147.4548531423023690, 13.00000000000000888, 38.19566556648155853 ) ) ;
#2682 = EDGE_CURVE ( 'NONE', #908, #158, #5869, .T. ) ;
#2683 = CARTESIAN_POINT ( 'NONE',  ( 83.87815970161449286, 10.00000000000000711, 19.05596736714736750 ) ) ;
#2684 = ORIENTED_EDGE ( 'NONE', *, *, #2623, .F. ) ;
#2685 = AXIS2_PLACEMENT_3D ( 'NONE', #5933, #722, #1706 ) ;
#2686 = LINE ( 'NONE', #1701, #2992 ) ;
#2687 = CARTESIAN_POINT ( 'NONE',  ( 80.01564129893029076, 13.00000000000000178, 60.72024830636693338 ) ) ;
#2688 = EDGE_CURVE ( 'NONE', #1769, #1194, #1968, .T. ) ;
#2689 = CARTESIAN_POINT ( 'NONE',  ( 104.9855932220072106, 13.00000000000000178, 53.60786849867463388 ) ) ;
#2690 = ORIENTED_EDGE ( 'NONE', *, *, #3828, .F. ) ;
#2691 = VECTOR ( 'NONE', #5213, 1000.000000000000000 ) ;
#2692 = CARTESIAN_POINT ( 'NONE',  ( 234.8383576450841304, 13.00000000000000178, 47.67637811405924708 ) ) ;
#2693 = ORIENTED_EDGE ( 'NONE', *, *, #2774, .T. ) ;
#2694 = CARTESIAN_POINT ( 'NONE',  ( 131.4515549857423764, 13.00000000000000178, 44.75793360885955252 ) ) ;
#2695 = AXIS2_PLACEMENT_3D ( 'NONE', #2194, #4076, #1728 ) ;
#2696 = CARTESIAN_POINT ( 'NONE',  ( 146.9928047604687436, 10.00000000000000000, 31.54957522944386383 ) ) ;
#2697 = CARTESIAN_POINT ( 'NONE',  ( 83.80906202603273414, 9.999999999999998224, 60.22753374378750379 ) ) ;
#2698 = CARTESIAN_POINT ( 'NONE',  ( 224.3714696612190949, 13.00000000000000178, 53.45016500129234061 ) ) ;
#2699 = ORIENTED_EDGE ( 'NONE', *, *, #5923, .F. ) ;
#2700 = CARTESIAN_POINT ( 'NONE',  ( 118.2367951450841446, 10.00000000000000355, 30.14332522944386383 ) ) ;
#2701 = CARTESIAN_POINT ( 'NONE',  ( 233.1034392797407691, 13.00000000000000178, 26.37537063503627977 ) ) ;
#2702 = CARTESIAN_POINT ( 'NONE',  ( 107.8165989888762653, 13.00000000000000533, 56.47166602419947168 ) ) ;
#2703 = CARTESIAN_POINT ( 'NONE',  ( 154.5427726985912216, 10.00000000000000178, 31.08066673450510464 ) ) ;
#2704 = CARTESIAN_POINT ( 'NONE',  ( 228.1544581704017673, 13.00000000000000178, 37.94673607004443738 ) ) ;
#2705 = CARTESIAN_POINT ( 'NONE',  ( 84.93364348901273786, 10.00000000000000355, 14.30676714475804445 ) ) ;
#2706 = ORIENTED_EDGE ( 'NONE', *, *, #5427, .T. ) ;
#2707 = LINE ( 'NONE', #5024, #4770 ) ;
#2708 = CARTESIAN_POINT ( 'NONE',  ( 236.4318361986253478, 13.00000000000000178, 33.33083752382084697 ) ) ;
#2709 = CARTESIAN_POINT ( 'NONE',  ( 131.7229247409385664, 13.00000000000000178, 53.91080634877170752 ) ) ;
#2710 = DIRECTION ( 'NONE',  ( 0.000000000000000000, 0.000000000000000000, -1.000000000000000000 ) ) ;
#2711 = CARTESIAN_POINT ( 'NONE',  ( 135.5145705098952362, 12.99999999999999822, 41.33209375141706943 ) ) ;
#2712 = CARTESIAN_POINT ( 'NONE',  ( 237.2374726850832474, 12.99999999999999822, 57.39520273183650545 ) ) ;
#2713 = CARTESIAN_POINT ( 'NONE',  ( 78.23327730100218957, 10.00000000000000355, 31.12159235761850695 ) ) ;
#2714 = CARTESIAN_POINT ( 'NONE',  ( 82.03055928581072465, 10.00000000000000000, 18.28318131758691578 ) ) ;
#2715 = AXIS2_PLACEMENT_3D ( 'NONE', #3976, #3099, #2579 ) ;
#2716 = EDGE_CURVE ( 'NONE', #2756, #74, #572, .T. ) ;
#2717 = VECTOR ( 'NONE', #1723, 1000.000000000000000 ) ;
#2718 = CARTESIAN_POINT ( 'NONE',  ( 166.6666666666666288, 10.00000000000000000, 96.43724644492834841 ) ) ;
#2719 = CARTESIAN_POINT ( 'NONE',  ( 161.3296569865804599, 12.99999999999999822, 60.09703071484402415 ) ) ;
#2720 = CARTESIAN_POINT ( 'NONE',  ( 175.3588498824090607, 9.999999999999998224, 49.57769991817743005 ) ) ;
#2721 = CARTESIAN_POINT ( 'NONE',  ( 121.8158332275822033, 9.999999999999998224, 59.85626551944611151 ) ) ;
#2722 = ORIENTED_EDGE ( 'NONE', *, *, #2529, .F. ) ;
#2723 = B_SPLINE_SURFACE_WITH_KNOTS ( 'NONE', 3, 1, ( 
 ( #5052, #830 ),
 ( #2708, #4594 ),
 ( #2254, #4131 ),
 ( #2741, #1382 ),
 ( #389, #2862 ),
 ( #182, #4276 ),
 ( #3325, #5756 ),
 ( #4405, #2459 ),
 ( #83, #3418 ),
 ( #5300, #3795 ),
 ( #3351, #5265 ) ),
 .UNSPECIFIED., .F., .F., .F.,
 ( 4, 1, 1, 1, 1, 1, 1, 1, 4 ),
 ( 2, 2 ),
 ( 0.000000000000000000, 0.1582230975563212738, 0.3050355053581700893, 0.4413089638879060805, 0.5659632271047245755, 0.6835251144150622515, 0.7933341296296025913, 0.8985175121610035065, 1.000000000000000000 ),
 ( 0.000000000000000000, 1.000000000000000000 ),
 .UNSPECIFIED. ) ;
#2724 = CARTESIAN_POINT ( 'NONE',  ( 100.9471316835456918, 13.00000000000000178, 26.68178676790540393 ) ) ;
#2725 = EDGE_CURVE ( 'NONE', #5799, #3120, #1280, .T. ) ;
#2726 = CARTESIAN_POINT ( 'NONE',  ( 71.16751797934990975, 10.00000000000000000, 50.33186043341741112 ) ) ;
#2727 = CARTESIAN_POINT ( 'NONE',  ( 187.4855932220071963, 10.00000000000000000, 59.56640215252078718 ) ) ;
#2728 = CARTESIAN_POINT ( 'NONE',  ( 105.9187384745024474, 10.00000000000000178, 38.07649769796326922 ) ) ;
#2729 = DIRECTION ( 'NONE',  ( -0.000000000000000000, -1.000000000000000000, -0.000000000000000000 ) ) ;
#2730 = ORIENTED_EDGE ( 'NONE', *, *, #4605, .F. ) ;
#2731 = CARTESIAN_POINT ( 'NONE',  ( 222.6779009143148755, 13.00000000000000178, 34.73166657559770698 ) ) ;
#2732 = CARTESIAN_POINT ( 'NONE',  ( 127.8437398467081607, 13.00000000000000533, 28.88680115456437392 ) ) ;
#2733 = EDGE_CURVE ( 'NONE', #5121, #4328, #3990, .T. ) ;
#2734 = CARTESIAN_POINT ( 'NONE',  ( 230.9891989912379984, 9.999999999999994671, 26.10486369098232728 ) ) ;
#2735 = CARTESIAN_POINT ( 'NONE',  ( 230.7045496932725541, 13.00000000000000178, 30.15714502487151449 ) ) ;
#2736 = DIRECTION ( 'NONE',  ( -0.000000000000000000, -1.000000000000000000, -0.000000000000000000 ) ) ;
#2737 = CARTESIAN_POINT ( 'NONE',  ( 111.0255826525438323, 13.00000000000000178, 58.53351101922167743 ) ) ;
#2738 = CARTESIAN_POINT ( 'NONE',  ( 92.03783855591468921, 10.00000000000000000, 20.67893106397493597 ) ) ;
#2739 = VERTEX_POINT ( 'NONE', #795 ) ;
#2740 = CARTESIAN_POINT ( 'NONE',  ( 118.8724988374511184, 10.00000000000000000, 56.08485313108575809 ) ) ;
#2741 = CARTESIAN_POINT ( 'NONE',  ( 235.2530135398697553, 13.00000000000000178, 32.09621362093136554 ) ) ;
#2742 = B_SPLINE_CURVE_WITH_KNOTS ( 'NONE', 3,
 ( #1838, #5592, #1373, #354, #3251, #5133, #2213 ),
 .UNSPECIFIED., .F., .F.,
 ( 4, 1, 1, 1, 4 ),
 ( 0.000000000000000000, 0.2400399314959815456, 0.4794031936060932919, 0.7317567388575652032, 0.9999999999999998890 ),
 .UNSPECIFIED. ) ;
#2743 = LINE ( 'NONE', #2775, #1749 ) ;
#2744 = DIRECTION ( 'NONE',  ( 0.000000000000000000, 0.000000000000000000, -1.000000000000000000 ) ) ;
#2745 = ORIENTED_EDGE ( 'NONE', *, *, #2049, .F. ) ;
#2746 = CYLINDRICAL_SURFACE ( 'NONE', #3183, 1.500000000000001332 ) ;
#2747 = CARTESIAN_POINT ( 'NONE',  ( 70.86362639331619562, 13.00000000000000178, 57.12734110743006255 ) ) ;
#2748 = ORIENTED_EDGE ( 'NONE', *, *, #5100, .F. ) ;
#2749 = B_SPLINE_CURVE_WITH_KNOTS ( 'NONE', 3,
 ( #3195, #1814, #1379, #4591, #917, #3698, #3227, #2308, #3161, #4654, #3666 ),
 .UNSPECIFIED., .F., .F.,
 ( 4, 1, 1, 1, 1, 1, 1, 1, 4 ),
 ( 0.000000000000000000, 0.1268408077971993064, 0.2505477821575817221, 0.3712302035652627619, 0.4921157704266504451, 0.6134009879986328517, 0.7379973201236222913, 0.8661319098407442851, 1.000000000000000000 ),
 .UNSPECIFIED. ) ;
#2750 = LINE ( 'NONE', #1362, #1909 ) ;
#2751 = CARTESIAN_POINT ( 'NONE',  ( 175.8838306589967999, 10.00000000000000000, 48.06237385564428877 ) ) ;
#2752 = CARTESIAN_POINT ( 'NONE',  ( 118.3990547604687436, 10.00000000000000000, 60.14332522944386739 ) ) ;
#2753 = ORIENTED_EDGE ( 'NONE', *, *, #1181, .F. ) ;
#2754 = EDGE_CURVE ( 'NONE', #4966, #331, #2674, .T. ) ;
#2755 = CARTESIAN_POINT ( 'NONE',  ( 92.33296756127322169, 9.999999999999989342, 45.09486057215764276 ) ) ;
#2756 = VERTEX_POINT ( 'NONE', #2469 ) ;
#2757 = CARTESIAN_POINT ( 'NONE',  ( 78.62827904784315081, 9.999999999999994671, 56.03739627211167829 ) ) ;
#2758 = CARTESIAN_POINT ( 'NONE',  ( 142.5286295737414264, 10.00000000000000178, 41.57384792709420651 ) ) ;
#2759 = CARTESIAN_POINT ( 'NONE',  ( 88.17538143872556589, 9.999999999999998224, 57.95076845807927413 ) ) ;
#2760 = ORIENTED_EDGE ( 'NONE', *, *, #2167, .T. ) ;
#2761 = CARTESIAN_POINT ( 'NONE',  ( 220.9471316835456491, 13.00000000000000178, 55.69020022944386028 ) ) ;
#2762 = EDGE_CURVE ( 'NONE', #1905, #1880, #2642, .T. ) ;
#2763 = CARTESIAN_POINT ( 'NONE',  ( 92.87020860662259736, 10.00000000000000000, 48.54176272944386028 ) ) ;
#2764 = CARTESIAN_POINT ( 'NONE',  ( 234.1607251065793207, 9.999999999999991118, 26.74993911631518628 ) ) ;
#2765 = APPLICATION_CONTEXT ( 'automotive_design' ) ;
#2766 = CARTESIAN_POINT ( 'NONE',  ( 73.36962786253056379, 13.00000000000000178, 58.99582166553562246 ) ) ;
#2767 = LINE ( 'NONE', #5690, #1509 ) ;
#2768 = CARTESIAN_POINT ( 'NONE',  ( 77.72653020411370051, 12.99999999999999822, 35.90414104987198840 ) ) ;
#2769 = CARTESIAN_POINT ( 'NONE',  ( 232.2437120465354212, 13.00000000000000178, 40.78592312698528133 ) ) ;
#2770 = CARTESIAN_POINT ( 'NONE',  ( 86.13505689383481467, 10.00000000000000000, 14.90062131875532359 ) ) ;
#2771 = VERTEX_POINT ( 'NONE', #2964 ) ;
#2772 = CARTESIAN_POINT ( 'NONE',  ( 126.3436110733212843, 13.00000000000000178, 32.73039348203393217 ) ) ;
#2773 = CARTESIAN_POINT ( 'NONE',  ( 142.4982104177162228, 13.00000000000000178, 43.77095371582520755 ) ) ;
#2774 = EDGE_CURVE ( 'NONE', #1914, #1947, #4850, .T. ) ;
#2775 = CARTESIAN_POINT ( 'NONE',  ( 3.505202749622876368, 0.000000000000000000, 91.13552925583975650 ) ) ;
#2776 = CARTESIAN_POINT ( 'NONE',  ( 86.09594471247942238, 13.00000000000000178, 59.32130626352228830 ) ) ;
#2777 = DIRECTION ( 'NONE',  ( 0.000000000000000000, 0.000000000000000000, -1.000000000000000000 ) ) ;
#2778 = CARTESIAN_POINT ( 'NONE',  ( 67.76289322032397422, 10.00000000000000178, 53.33341251961036988 ) ) ;
#2779 = DIRECTION ( 'NONE',  ( -0.000000000000000000, -1.000000000000000000, -0.000000000000000000 ) ) ;
#2780 = CARTESIAN_POINT ( 'NONE',  ( 73.25482399123798416, 10.00000000000000000, 23.72505599867463744 ) ) ;
#2781 = DIRECTION ( 'NONE',  ( 1.445602896647337931E-16, 0.000000000000000000, 1.000000000000000000 ) ) ;
#2782 = CARTESIAN_POINT ( 'NONE',  ( 171.7829646018874143, 9.999999999999996447, 55.08629582393788127 ) ) ;
#2783 = DIRECTION ( 'NONE',  ( 1.000000000000000000, 0.000000000000000000, 0.000000000000000000 ) ) ;
#2784 = EDGE_LOOP ( 'NONE', ( #589, #2512, #1654, #2055 ) ) ;
#2785 = DIRECTION ( 'NONE',  ( 0.000000000000000000, 0.000000000000000000, 1.000000000000000000 ) ) ;
#2786 = LINE ( 'NONE', #2724, #5441 ) ;
#2787 = CARTESIAN_POINT ( 'NONE',  ( 84.06307017664131820, 12.99999999999999822, 40.73859731459030087 ) ) ;
#2788 = DIRECTION ( 'NONE',  ( -0.7969199129874917631, 0.000000000000000000, 0.6040849710794075067 ) ) ;
#2789 = CARTESIAN_POINT ( 'NONE',  ( 91.94608261409780425, 10.00000000000000178, 53.14877025636950947 ) ) ;
#2790 = VECTOR ( 'NONE', #4935, 1000.000000000000000 ) ;
#2791 = ORIENTED_EDGE ( 'NONE', *, *, #1819, .T. ) ;
#2792 = LINE ( 'NONE', #5165, #2036 ) ;
#2793 = CIRCLE ( 'NONE', #133, 1.500000000000001332 ) ;
#2794 = CARTESIAN_POINT ( 'NONE',  ( 239.4086701450841304, 9.999999999999994671, 30.78334926790540393 ) ) ;
#2795 = ADVANCED_FACE ( 'NONE', ( #2365 ), #6023, .T. ) ;
#2796 = CARTESIAN_POINT ( 'NONE',  ( 211.1394393758533568, 10.00000000000000000, 13.41255599867463566 ) ) ;
#2797 = CARTESIAN_POINT ( 'NONE',  ( 72.19071214480192111, 10.00000000000000000, 31.31380328760604570 ) ) ;
#2798 = CARTESIAN_POINT ( 'NONE',  ( 231.6916609614645779, 10.00000000000000000, 40.48449466999393564 ) ) ;
#2799 = CARTESIAN_POINT ( 'NONE',  ( 100.9471316835456918, 13.00000000000000178, 71.68178676790540749 ) ) ;
#2800 = ORIENTED_EDGE ( 'NONE', *, *, #1778, .F. ) ;
#2801 = CARTESIAN_POINT ( 'NONE',  ( 120.1279199154748198, 13.00000000000000178, 60.09585189317859033 ) ) ;
#2802 = CARTESIAN_POINT ( 'NONE',  ( 159.5228528373918095, 13.00000000000000178, 60.14332522944386739 ) ) ;
#2803 = CARTESIAN_POINT ( 'NONE',  ( 131.7229247409385664, 10.00000000000000000, 53.91080634877170752 ) ) ;
#2804 = CARTESIAN_POINT ( 'NONE',  ( 80.22392620190930757, 13.00000000000000178, 18.04218768133045003 ) ) ;
#2805 = ADVANCED_FACE ( 'NONE', ( #4713, #1378 ), #3665, .T. ) ;
#2806 = CARTESIAN_POINT ( 'NONE',  ( 92.86175968788597856, 9.999999999999996447, 48.94519885210144139 ) ) ;
#2807 = VERTEX_POINT ( 'NONE', #4652 ) ;
#2808 = CARTESIAN_POINT ( 'NONE',  ( 100.0000000000000142, 20.00000000000000000, 96.43724644492834841 ) ) ;
#2809 = CARTESIAN_POINT ( 'NONE',  ( 78.00115092153336604, 13.00000000000000533, 60.58514046825276012 ) ) ;
#2810 = EDGE_CURVE ( 'NONE', #1556, #5919, #5220, .T. ) ;
#2811 = FACE_OUTER_BOUND ( 'NONE', #1999, .T. ) ;
#2812 = VERTEX_POINT ( 'NONE', #5079 ) ;
#2813 = CARTESIAN_POINT ( 'NONE',  ( 117.7793436273162655, 13.00000000000000178, 30.15155712071386063 ) ) ;
#2814 = VECTOR ( 'NONE', #1783, 1000.000000000000000 ) ;
#2815 = CARTESIAN_POINT ( 'NONE',  ( 1.224646799147353533E-14, 10.00000000000000000, 100.0000000000000000 ) ) ;
#2816 = ORIENTED_EDGE ( 'NONE', *, *, #4543, .F. ) ;
#2817 = B_SPLINE_CURVE_WITH_KNOTS ( 'NONE', 3,
 ( #4625, #951, #5505, #1848, #4717, #485, #3731, #5601, #3701, #890, #1284 ),
 .UNSPECIFIED., .F., .F.,
 ( 4, 1, 1, 1, 1, 1, 1, 1, 4 ),
 ( 0.000000000000000000, 0.07085486850153051297, 0.1569381495573530239, 0.2586003949600844676, 0.3758909295892024494, 0.5081661676989027709, 0.6562378085782242243, 0.8201767703979099267, 1.000000000000000000 ),
 .UNSPECIFIED. ) ;
#2818 = CARTESIAN_POINT ( 'NONE',  ( 142.5000357836969158, 10.00000000000000000, 42.66374024378770002 ) ) ;
#2819 = AXIS2_PLACEMENT_3D ( 'NONE', #11, #5653, #5686 ) ;
#2820 = CARTESIAN_POINT ( 'NONE',  ( 108.7508660628741808, 9.999999999999996447, 52.42553768471240261 ) ) ;
#2821 = CARTESIAN_POINT ( 'NONE',  ( 187.6593933066203590, 9.999999999999996447, 41.50376910689365673 ) ) ;
#2822 = CARTESIAN_POINT ( 'NONE',  ( 105.2077513000199076, 13.00000000000000178, 40.53450438426560254 ) ) ;
#2823 = DIRECTION ( 'NONE',  ( 0.000000000000000000, 1.000000000000000000, 0.000000000000000000 ) ) ;
#2824 = ORIENTED_EDGE ( 'NONE', *, *, #2245, .F. ) ;
#2825 = CARTESIAN_POINT ( 'NONE',  ( 220.9471316835456491, 10.00000000000000000, 55.69020022944386028 ) ) ;
#2826 = CARTESIAN_POINT ( 'NONE',  ( 300.0000000000000000, 10.00000000000000000, 100.0000000000000000 ) ) ;
#2827 = LINE ( 'NONE', #6035, #1603 ) ;
#2828 = CARTESIAN_POINT ( 'NONE',  ( 71.87371182204945796, 13.00000000000000178, 30.93527175088257053 ) ) ;
#2829 = CARTESIAN_POINT ( 'NONE',  ( 231.6916609614645779, 13.00000000000000178, 40.48449466999393564 ) ) ;
#2830 = DIRECTION ( 'NONE',  ( 0.000000000000000000, 0.000000000000000000, -1.000000000000000000 ) ) ;
#2831 = ORIENTED_EDGE ( 'NONE', *, *, #1522, .F. ) ;
#2832 = LINE ( 'NONE', #5316, #336 ) ;
#2833 = DIRECTION ( 'NONE',  ( -0.8576722029112571200, 0.000000000000000000, 0.5141968420297341469 ) ) ;
#2834 = ADVANCED_FACE ( 'NONE', ( #3697 ), #2571, .T. ) ;
#2835 = CARTESIAN_POINT ( 'NONE',  ( 79.55365675257864666, 10.00000000000000000, 56.08239738495731785 ) ) ;
#2836 = CARTESIAN_POINT ( 'NONE',  ( 211.1394393758533568, 13.00000000000000178, 26.68178676790540393 ) ) ;
#2837 = CARTESIAN_POINT ( 'NONE',  ( 88.78615456093409364, 13.00000000000000178, 49.45774504307920694 ) ) ;
#2838 = ORIENTED_EDGE ( 'NONE', *, *, #5259, .T. ) ;
#2839 = CARTESIAN_POINT ( 'NONE',  ( 82.26924706816106436, 10.00000000000000000, 34.01952715252078718 ) ) ;
#2840 = CARTESIAN_POINT ( 'NONE',  ( 76.07574400569082229, 10.00000000000000000, 60.16238252237697992 ) ) ;
#2841 = EDGE_CURVE ( 'NONE', #4925, #3573, #2793, .T. ) ;
#2842 = CARTESIAN_POINT ( 'NONE',  ( 120.0099877280295289, 10.00000000000000000, 26.15511899614387659 ) ) ;
#2843 = VERTEX_POINT ( 'NONE', #2949 ) ;
#2844 = CARTESIAN_POINT ( 'NONE',  ( 226.7306443247594530, 10.00000000000000178, 34.82927609930561630 ) ) ;
#2845 = FACE_BOUND ( 'NONE', #1544, .T. ) ;
#2846 = DIRECTION ( 'NONE',  ( -0.000000000000000000, -1.000000000000000000, -0.000000000000000000 ) ) ;
#2847 = CARTESIAN_POINT ( 'NONE',  ( 159.5228528373918095, 13.00000000000000178, 60.14332522944386739 ) ) ;
#2848 = EDGE_CURVE ( 'NONE', #2756, #3456, #3322, .T. ) ;
#2849 = CARTESIAN_POINT ( 'NONE',  ( 89.97781483461483276, 12.99999999999999822, 40.84387901987598468 ) ) ;
#2850 = CARTESIAN_POINT ( 'NONE',  ( 196.3664564822270791, 9.999999999999998224, 26.15166513656808789 ) ) ;
#2851 = CARTESIAN_POINT ( 'NONE',  ( 187.5271174220635260, 10.00000000000000000, 44.68036268684496548 ) ) ;
#2852 = CARTESIAN_POINT ( 'NONE',  ( 159.9381197817511691, 10.00000000000000178, 30.15596304087414126 ) ) ;
#2853 = CARTESIAN_POINT ( 'NONE',  ( 223.0008138946224960, 13.00000000000000178, 32.13001570735697499 ) ) ;
#2854 = ORIENTED_EDGE ( 'NONE', *, *, #916, .T. ) ;
#2855 = CARTESIAN_POINT ( 'NONE',  ( 216.9086701450841304, 13.00000000000000178, 30.72024830636694048 ) ) ;
#2856 = CARTESIAN_POINT ( 'NONE',  ( 110.8355444295986132, 9.999999999999998224, 27.66446616269790937 ) ) ;
#2857 = CARTESIAN_POINT ( 'NONE',  ( 77.21932332162225521, 13.00000000000000178, 18.40167634276969011 ) ) ;
#2858 = CARTESIAN_POINT ( 'NONE',  ( 194.4245809962810085, 13.00000000000000178, 26.15375986338893100 ) ) ;
#2859 = CARTESIAN_POINT ( 'NONE',  ( 195.7890539581547102, 9.999999999999992895, 26.12017046148841715 ) ) ;
#2860 = CARTESIAN_POINT ( 'NONE',  ( 175.4208306050475414, 13.00000000000000178, 36.90789498031394800 ) ) ;
#2861 = VERTEX_POINT ( 'NONE', #80 ) ;
#2862 = CARTESIAN_POINT ( 'NONE',  ( 234.5327100653429682, 10.00000000000000355, 31.50302440595834241 ) ) ;
#2863 = CARTESIAN_POINT ( 'NONE',  ( 148.2304906088730547, 10.00000000000000000, 30.25366991630549407 ) ) ;
#2864 = CARTESIAN_POINT ( 'NONE',  ( 82.34388828275680794, 12.99999999999999822, 55.86276542895046759 ) ) ;
#2865 = CARTESIAN_POINT ( 'NONE',  ( 196.6122478402674005, 10.00000000000000000, 30.64260216510630030 ) ) ;
#2866 = ORIENTED_EDGE ( 'NONE', *, *, #5134, .T. ) ;
#2867 = CARTESIAN_POINT ( 'NONE',  ( 176.5240547604687436, 10.00000000000000000, 43.21423869098233439 ) ) ;
#2868 = FACE_OUTER_BOUND ( 'NONE', #1267, .T. ) ;
#2869 = EDGE_CURVE ( 'NONE', #4558, #5337, #5753, .T. ) ;
#2870 = LINE ( 'NONE', #3837, #4672 ) ;
#2871 = ORIENTED_EDGE ( 'NONE', *, *, #1823, .F. ) ;
#2872 = CARTESIAN_POINT ( 'NONE',  ( 118.2367951450841446, 13.00000000000000178, 30.14332522944386383 ) ) ;
#2873 = CARTESIAN_POINT ( 'NONE',  ( 230.3491749527764227, 13.00000000000000178, 60.14332522944386739 ) ) ;
#2874 = DIRECTION ( 'NONE',  ( 0.000000000000000000, 0.000000000000000000, 1.000000000000000000 ) ) ;
#2875 = CARTESIAN_POINT ( 'NONE',  ( 222.6982112304135057, 10.00000000000000000, 33.83341966073736984 ) ) ;
#2876 = CARTESIAN_POINT ( 'NONE',  ( 131.4515549857423764, 10.00000000000000000, 44.75793360885955252 ) ) ;
#2877 = ADVANCED_FACE ( 'NONE', ( #4743 ), #5424, .T. ) ;
#2878 = CARTESIAN_POINT ( 'NONE',  ( 108.7927669332489415, 13.00000000000000178, 33.86850913454961187 ) ) ;
#2879 = CARTESIAN_POINT ( 'NONE',  ( 224.1833095681610359, 10.00000000000000000, 39.79777234482848058 ) ) ;
#2880 = ORIENTED_EDGE ( 'NONE', *, *, #268, .F. ) ;
#2881 = DIRECTION ( 'NONE',  ( -0.000000000000000000, -1.000000000000000000, -0.000000000000000000 ) ) ;
#2882 = CARTESIAN_POINT ( 'NONE',  ( 163.0813793191791490, 13.00000000000000178, 59.85838049486210366 ) ) ;
#2883 = VECTOR ( 'NONE', #3827, 1000.000000000000000 ) ;
#2884 = CARTESIAN_POINT ( 'NONE',  ( 296.5030604351463808, 0.000000000000000000, 91.13552925583975650 ) ) ;
#2885 = CARTESIAN_POINT ( 'NONE',  ( 74.33556083709041218, 10.00000000000000000, 33.27135606283982838 ) ) ;
#2886 = DIRECTION ( 'NONE',  ( -0.000000000000000000, -1.000000000000000000, -0.000000000000000000 ) ) ;
#2887 = PLANE ( 'NONE',  #3015 ) ;
#2888 = ORIENTED_EDGE ( 'NONE', *, *, #2848, .F. ) ;
#2889 = CARTESIAN_POINT ( 'NONE',  ( 76.46063414537469782, 10.00000000000000178, 34.94725739826831301 ) ) ;
#2890 = AXIS2_PLACEMENT_3D ( 'NONE', #2718, #5515, #5579 ) ;
#2891 = CARTESIAN_POINT ( 'NONE',  ( 166.4300911224337938, 13.00000000000000533, 27.42219963146050432 ) ) ;
#2892 = CARTESIAN_POINT ( 'NONE',  ( 88.81645567680575937, 9.999999999999996447, 48.80703909217903202 ) ) ;
#2893 = DIRECTION ( 'NONE',  ( 0.000000000000000000, -0.000000000000000000, 1.000000000000000000 ) ) ;
#2894 = VECTOR ( 'NONE', #1649, 1000.000000000000000 ) ;
#2895 = ORIENTED_EDGE ( 'NONE', *, *, #5892, .F. ) ;
#2896 = CARTESIAN_POINT ( 'NONE',  ( 81.86323915736736012, 10.00000000000000000, 33.73156759344846023 ) ) ;
#2897 = CARTESIAN_POINT ( 'NONE',  ( 3.505202749622876368, 0.000000000000000000, 91.13552925583975650 ) ) ;
#2898 = CARTESIAN_POINT ( 'NONE',  ( 158.9233086578474001, 12.99999999999999822, 56.08811481642090513 ) ) ;
#2899 = VERTEX_POINT ( 'NONE', #1035 ) ;
#2900 = CARTESIAN_POINT ( 'NONE',  ( 108.7927669332489415, 13.00000000000000178, 33.86850913454961187 ) ) ;
#2901 = CARTESIAN_POINT ( 'NONE',  ( 160.1398834882337212, 10.00000000000000000, 26.11800229133883633 ) ) ;
#2902 = CARTESIAN_POINT ( 'NONE',  ( 172.2629208338473745, 13.00000000000000178, 40.63049205638245098 ) ) ;
#2903 = ADVANCED_FACE ( 'NONE', ( #4273 ), #1962, .F. ) ;
#2904 = CARTESIAN_POINT ( 'NONE',  ( 199.0240547604687436, 9.999999999999996447, 27.23166657559771053 ) ) ;
#2905 = CARTESIAN_POINT ( 'NONE',  ( 187.4872199006195217, 12.99999999999999822, 46.53736291581414974 ) ) ;
#2906 = AXIS2_PLACEMENT_3D ( 'NONE', #1068, #1441, #5263 ) ;
#2907 = CARTESIAN_POINT ( 'NONE',  ( 107.1235726575737317, 13.00000000000000178, 35.85059838488267303 ) ) ;
#2908 = CARTESIAN_POINT ( 'NONE',  ( 223.0008138946224960, 9.999999999999996447, 32.13001570735697499 ) ) ;
#2909 = ORIENTED_EDGE ( 'NONE', *, *, #5818, .T. ) ;
#2910 = CARTESIAN_POINT ( 'NONE',  ( 146.9191715328620660, 10.00000000000000000, 46.64055052853878891 ) ) ;
#2911 = ADVANCED_FACE ( 'NONE', ( #2917 ), #2980, .T. ) ;
#2912 = VECTOR ( 'NONE', #6078, 1000.000000000000000 ) ;
#2913 = CARTESIAN_POINT ( 'NONE',  ( 162.9114672422195156, 10.00000000000000355, 55.72409224583306298 ) ) ;
#2914 = CARTESIAN_POINT ( 'NONE',  ( 167.8316809961842182, 13.00000000000000533, 58.18893022170470175 ) ) ;
#2915 = CARTESIAN_POINT ( 'NONE',  ( 226.7163624527764227, 13.00000000000000178, 34.56940696021309378 ) ) ;
#2916 = CARTESIAN_POINT ( 'NONE',  ( 153.4160604818089553, 13.00000000000000178, 31.62193829193542882 ) ) ;
#2917 = FACE_OUTER_BOUND ( 'NONE', #181, .T. ) ;
#2918 = CARTESIAN_POINT ( 'NONE',  ( 66.66666666666668561, 10.00000000000000000, 97.93724644492834841 ) ) ;
#2919 = EDGE_LOOP ( 'NONE', ( #2378, #5941, #3460, #2854 ) ) ;
#2920 = CARTESIAN_POINT ( 'NONE',  ( 109.2005862688569522, 10.00000000000000000, 28.58224158678818583 ) ) ;
#2921 = B_SPLINE_SURFACE_WITH_KNOTS ( 'NONE', 3, 1, ( 
 ( #4278, #2923 ),
 ( #2460, #1538 ),
 ( #3859, #2863 ),
 ( #1072, #3421 ),
 ( #4841, #3826 ),
 ( #84, #23 ),
 ( #611, #4747 ),
 ( #516, #148 ),
 ( #1568, #2035 ),
 ( #2400, #3799 ),
 ( #5697, #3923 ) ),
 .UNSPECIFIED., .F., .F., .F.,
 ( 4, 1, 1, 1, 1, 1, 1, 1, 4 ),
 ( 2, 2 ),
 ( 0.000000000000000000, 0.1284975211375124771, 0.2527129855154524041, 0.3748191325670450214, 0.4964364263727303883, 0.6179105567458524906, 0.7412876173092904919, 0.8687004007446090803, 1.000000000000000000 ),
 ( 0.000000000000000000, 1.000000000000000000 ),
 .UNSPECIFIED. ) ;
#2922 = ADVANCED_FACE ( 'NONE', ( #5721 ), #2083, .T. ) ;
#2923 = CARTESIAN_POINT ( 'NONE',  ( 146.9928047604687436, 10.00000000000000000, 31.54957522944386383 ) ) ;
#2924 = LINE ( 'NONE', #2435, #1039 ) ;
#2925 = ORIENTED_EDGE ( 'NONE', *, *, #4160, .T. ) ;
#2926 = DIRECTION ( 'NONE',  ( -0.000000000000000000, -1.000000000000000000, -0.000000000000000000 ) ) ;
#2927 = CARTESIAN_POINT ( 'NONE',  ( 90.00726287442275009, 12.99999999999999822, 56.19538676370068941 ) ) ;
#2928 = ORIENTED_EDGE ( 'NONE', *, *, #2682, .T. ) ;
#2929 = AXIS2_PLACEMENT_3D ( 'NONE', #1149, #3034, #4918 ) ;
#2930 = DIRECTION ( 'NONE',  ( 1.000000000000000000, 0.000000000000000000, -0.000000000000000000 ) ) ;
#2931 = CARTESIAN_POINT ( 'NONE',  ( 124.9060734392853362, 13.00000000000000178, 27.32629751226458126 ) ) ;
#2932 = ORIENTED_EDGE ( 'NONE', *, *, #4267, .T. ) ;
#2933 = CARTESIAN_POINT ( 'NONE',  ( 107.1235726575737317, 10.00000000000000178, 35.85059838488267303 ) ) ;
#2934 = CARTESIAN_POINT ( 'NONE',  ( 169.4025023453571634, 10.00000000000000000, 29.13337273867309207 ) ) ;
#2935 = CARTESIAN_POINT ( 'NONE',  ( 164.4537739951128117, 13.00000000000000178, 31.07603702560156833 ) ) ;
#2936 = CARTESIAN_POINT ( 'NONE',  ( 87.79241324720165096, 10.00000000000000000, 16.03399440436821877 ) ) ;
#2937 = CARTESIAN_POINT ( 'NONE',  ( 226.9705110027323087, 10.00000000000000000, 27.05864701424825469 ) ) ;
#2938 = CARTESIAN_POINT ( 'NONE',  ( 3.505202749622876368, 10.00000000000000000, 91.13552925583975650 ) ) ;
#2939 = CARTESIAN_POINT ( 'NONE',  ( 143.6507978439572071, 10.00000000000000000, 49.57770030381110615 ) ) ;
#2940 = CARTESIAN_POINT ( 'NONE',  ( 223.2458057566078935, 9.999999999999996447, 31.33124175439118986 ) ) ;
#2941 = CARTESIAN_POINT ( 'NONE',  ( 118.9797622470021565, 12.99999999999999822, 60.12737943881922575 ) ) ;
#2942 = ORIENTED_EDGE ( 'NONE', *, *, #1473, .F. ) ;
#2943 = CARTESIAN_POINT ( 'NONE',  ( 149.1740543963610719, 12.99999999999999822, 51.21602859396574559 ) ) ;
#2944 = CARTESIAN_POINT ( 'NONE',  ( 157.7754135430708402, 13.00000000000000178, 56.05505300328702845 ) ) ;
#2945 = CARTESIAN_POINT ( 'NONE',  ( 162.9114672422195156, 13.00000000000000533, 55.72409224583306298 ) ) ;
#2946 = CARTESIAN_POINT ( 'NONE',  ( 172.8887302744956003, 10.00000000000000355, 53.80055790354976608 ) ) ;
#2947 = CARTESIAN_POINT ( 'NONE',  ( 70.62480579594607377, 12.99999999999999822, 29.16536987100222333 ) ) ;
#2948 = CARTESIAN_POINT ( 'NONE',  ( 159.5048239912379984, 13.00000000000000178, 30.14332522944386383 ) ) ;
#2949 = CARTESIAN_POINT ( 'NONE',  ( 33.33333333333334991, 20.00000000000000000, 94.93724644492834841 ) ) ;
#2950 = EDGE_CURVE ( 'NONE', #209, #5888, #320, .T. ) ;
#2951 = DIRECTION ( 'NONE',  ( 1.000000000000000000, 0.000000000000000000, 0.000000000000000000 ) ) ;
#2952 = ORIENTED_EDGE ( 'NONE', *, *, #5928, .F. ) ;
#2953 = CARTESIAN_POINT ( 'NONE',  ( 233.6049054548277013, 13.00000000000000178, 46.54776754321186161 ) ) ;
#2954 = CARTESIAN_POINT ( 'NONE',  ( 225.6278006643815388, 13.00000000000000178, 27.98313964983432811 ) ) ;
#2955 = CARTESIAN_POINT ( 'NONE',  ( 124.9991192930782660, 13.00000000000000178, 58.92913714481717591 ) ) ;
#2956 = CARTESIAN_POINT ( 'NONE',  ( 194.7422037989302908, 13.00000000000000178, 30.14332522944386383 ) ) ;
#2957 = CARTESIAN_POINT ( 'NONE',  ( 77.72653020411370051, 12.99999999999999822, 35.90414104987198840 ) ) ;
#2958 = ADVANCED_FACE ( 'NONE', ( #5354 ), #2547, .F. ) ;
#2959 = EDGE_CURVE ( 'NONE', #918, #1030, #4492, .T. ) ;
#2960 = ORIENTED_EDGE ( 'NONE', *, *, #1107, .F. ) ;
#2961 = CARTESIAN_POINT ( 'NONE',  ( 80.95587860678958236, 12.99999999999999822, 18.07033052148822705 ) ) ;
#2962 = CARTESIAN_POINT ( 'NONE',  ( 121.7079435285519935, 10.00000000000000178, 26.38105826915124652 ) ) ;
#2963 = ORIENTED_EDGE ( 'NONE', *, *, #5427, .F. ) ;
#2964 = CARTESIAN_POINT ( 'NONE',  ( 100.0000000000000142, 10.00000000000000000, 94.93724644492834841 ) ) ;
#2965 = CARTESIAN_POINT ( 'NONE',  ( 121.7079435285519935, 13.00000000000000178, 26.38105826915124652 ) ) ;
#2966 = ORIENTED_EDGE ( 'NONE', *, *, #6014, .F. ) ;
#2967 = CARTESIAN_POINT ( 'NONE',  ( 104.9855932220072106, 10.00000000000000178, 43.19620984482848058 ) ) ;
#2968 = CARTESIAN_POINT ( 'NONE',  ( 164.8128400803313411, 9.999999999999996447, 26.84013669050321838 ) ) ;
#2969 = LINE ( 'NONE', #1515, #155 ) ;
#2970 = VERTEX_POINT ( 'NONE', #233 ) ;
#2971 = CARTESIAN_POINT ( 'NONE',  ( 222.6921157026734477, 13.00000000000000178, 35.19633696141370649 ) ) ;
#2972 = PLANE ( 'NONE',  #4170 ) ;
#2973 = CARTESIAN_POINT ( 'NONE',  ( 222.6779009143148755, 10.00000000000000000, 34.73166657559770698 ) ) ;
#2974 = CARTESIAN_POINT ( 'NONE',  ( 124.8947503937055643, 9.999999999999998224, 31.80448106976987432 ) ) ;
#2975 = ORIENTED_EDGE ( 'NONE', *, *, #3441, .T. ) ;
#2976 = ORIENTED_EDGE ( 'NONE', *, *, #4569, .F. ) ;
#2977 = CARTESIAN_POINT ( 'NONE',  ( 227.6640913955486951, 10.00000000000000178, 37.31758438908858011 ) ) ;
#2978 = LINE ( 'NONE', #141, #5055 ) ;
#2979 = CARTESIAN_POINT ( 'NONE',  ( 159.0684832742441017, 13.00000000000000178, 30.15572712239876196 ) ) ;
#2980 = PLANE ( 'NONE',  #3986 ) ;
#2981 = DIRECTION ( 'NONE',  ( 0.000000000000000000, 0.000000000000000000, -1.000000000000000000 ) ) ;
#2982 = ORIENTED_EDGE ( 'NONE', *, *, #1447, .T. ) ;
#2983 = CARTESIAN_POINT ( 'NONE',  ( 71.73138649123798416, 10.00000000000000000, 30.76532042175155723 ) ) ;
#2984 = CARTESIAN_POINT ( 'NONE',  ( 226.2821619895503886, 13.00000000000000533, 27.48430014734525528 ) ) ;
#2985 = ADVANCED_FACE ( 'NONE', ( #5465 ), #5413, .F. ) ;
#2986 = AXIS2_PLACEMENT_3D ( 'NONE', #2075, #5374, #195 ) ;
#2987 = CARTESIAN_POINT ( 'NONE',  ( 118.3990547604687436, 10.00000000000000000, 60.14332522944386739 ) ) ;
#2988 = DIRECTION ( 'NONE',  ( -1.000000000000000000, 0.000000000000000000, 0.000000000000000000 ) ) ;
#2989 = ORIENTED_EDGE ( 'NONE', *, *, #2286, .F. ) ;
#2990 = CARTESIAN_POINT ( 'NONE',  ( 230.7045496932725541, 10.00000000000000178, 30.15714502487151449 ) ) ;
#2991 = CARTESIAN_POINT ( 'NONE',  ( 238.6872766513708655, 10.00000000000000000, 45.93940982306028076 ) ) ;
#2992 = VECTOR ( 'NONE', #6018, 1000.000000000000000 ) ;
#2993 = ORIENTED_EDGE ( 'NONE', *, *, #985, .F. ) ;
#2994 = ADVANCED_FACE ( 'NONE', ( #291 ), #699, .T. ) ;
#2995 = CIRCLE ( 'NONE', #3787, 1.500000000000001332 ) ;
#2996 = CARTESIAN_POINT ( 'NONE',  ( 132.7165621901084762, 9.999999999999998224, 33.66051573953139808 ) ) ;
#2997 = CARTESIAN_POINT ( 'NONE',  ( 148.6668351248453632, 12.99999999999999822, 35.97448411398414692 ) ) ;
#2998 = CARTESIAN_POINT ( 'NONE',  ( 159.5228528373918095, 10.00000000000000000, 26.10486369098232728 ) ) ;
#2999 = CARTESIAN_POINT ( 'NONE',  ( 232.3560959922155860, 9.999999999999996447, 45.70009361738615183 ) ) ;
#3000 = AXIS2_PLACEMENT_3D ( 'NONE', #5600, #1381, #631 ) ;
#3001 = ADVANCED_FACE ( 'NONE', ( #4900 ), #4942, .T. ) ;
#3002 = DIRECTION ( 'NONE',  ( 0.000000000000000000, 0.000000000000000000, 1.000000000000000000 ) ) ;
#3003 = CARTESIAN_POINT ( 'NONE',  ( 235.8872671956576141, 10.00000000000000000, 51.84603698297234331 ) ) ;
#3004 = CARTESIAN_POINT ( 'NONE',  ( 82.26924706816106436, 13.00000000000000178, 34.01952715252078718 ) ) ;
#3005 = CARTESIAN_POINT ( 'NONE',  ( 131.7229247409385664, 10.00000000000000000, 53.91080634877170752 ) ) ;
#3006 = VERTEX_POINT ( 'NONE', #1659 ) ;
#3007 = ORIENTED_EDGE ( 'NONE', *, *, #211, .F. ) ;
#3008 = CARTESIAN_POINT ( 'NONE',  ( 116.2946200740171463, 10.00000000000000000, 26.15964383753818012 ) ) ;
#3009 = CARTESIAN_POINT ( 'NONE',  ( 151.1873790801220139, 12.99999999999999822, 58.18890744036980323 ) ) ;
#3010 = CARTESIAN_POINT ( 'NONE',  ( 149.4444091096514455, 13.00000000000000178, 34.93500521403434078 ) ) ;
#3011 = CARTESIAN_POINT ( 'NONE',  ( 232.8805541857829553, 10.00000000000000000, 41.13860996892221067 ) ) ;
#3012 = CARTESIAN_POINT ( 'NONE',  ( 73.41110025391583349, 10.00000000000000000, 25.16166839779724640 ) ) ;
#3013 = VERTEX_POINT ( 'NONE', #1218 ) ;
#3014 = CARTESIAN_POINT ( 'NONE',  ( 73.25987847654393192, 12.99999999999999822, 23.96614643705199299 ) ) ;
#3015 = AXIS2_PLACEMENT_3D ( 'NONE', #2031, #2951, #2396 ) ;
#3016 = CARTESIAN_POINT ( 'NONE',  ( 160.7964503366679594, 10.00000000000000000, 30.18099771680542531 ) ) ;
#3017 = VECTOR ( 'NONE', #4974, 1000.000000000000000 ) ;
#3018 = CARTESIAN_POINT ( 'NONE',  ( 221.2307491575637357, 13.00000000000000178, 56.02521179819084551 ) ) ;
#3019 = CARTESIAN_POINT ( 'NONE',  ( 239.6133725454871808, 12.99999999999999822, 53.45184804831477976 ) ) ;
#3020 = ORIENTED_EDGE ( 'NONE', *, *, #5205, .T. ) ;
#3021 = CARTESIAN_POINT ( 'NONE',  ( 227.4055574020775623, 13.00000000000000533, 32.14190498443186783 ) ) ;
#3022 = EDGE_CURVE ( 'NONE', #2861, #103, #4554, .T. ) ;
#3023 = CARTESIAN_POINT ( 'NONE',  ( 296.4644660940673475, 10.00000000000000000, 3.535533905932737309 ) ) ;
#3024 = ORIENTED_EDGE ( 'NONE', *, *, #2245, .T. ) ;
#3025 = CARTESIAN_POINT ( 'NONE',  ( 238.3953347306543549, 9.999999999999998224, 29.68921212755035199 ) ) ;
#3026 = B_SPLINE_CURVE_WITH_KNOTS ( 'NONE', 3,
 ( #4343, #5760, #2957, #4844, #5529, #4040, #794, #1227, #4555, #6006, #2249 ),
 .UNSPECIFIED., .F., .F.,
 ( 4, 1, 1, 1, 1, 1, 1, 1, 4 ),
 ( 0.000000000000000000, 0.1815353013762859569, 0.3470816724816292442, 0.4955678164315537870, 0.6283573018772138363, 0.7455196699921556869, 0.8458307507576513506, 0.9307818073847575757, 1.000000000000000000 ),
 .UNSPECIFIED. ) ;
#3027 = CARTESIAN_POINT ( 'NONE',  ( 147.4100009308033634, 10.00000000000000000, 31.11275458189858867 ) ) ;
#3028 = ORIENTED_EDGE ( 'NONE', *, *, #3451, .F. ) ;
#3029 = CARTESIAN_POINT ( 'NONE',  ( 105.5028962686639744, 13.00000000000000178, 39.27793707840230297 ) ) ;
#3030 = EDGE_CURVE ( 'NONE', #5919, #4129, #5507, .T. ) ;
#3031 = CARTESIAN_POINT ( 'NONE',  ( 237.8815046572989047, 10.00000000000000000, 56.69013038669210403 ) ) ;
#3032 = CARTESIAN_POINT ( 'NONE',  ( 230.7573099187241326, 9.999999999999996447, 44.77287404261225134 ) ) ;
#3033 = CIRCLE ( 'NONE', #1160, 1.500000000000001332 ) ;
#3034 = DIRECTION ( 'NONE',  ( -1.000000000000000000, 0.000000000000000000, 0.000000000000000000 ) ) ;
#3035 = DIRECTION ( 'NONE',  ( -1.000000000000000000, 0.000000000000000000, 0.000000000000000000 ) ) ;
#3036 = CARTESIAN_POINT ( 'NONE',  ( 77.36535768272010216, 10.00000000000000000, 13.72234188073555750 ) ) ;
#3037 = CARTESIAN_POINT ( 'NONE',  ( 124.9991192930782660, 10.00000000000000178, 58.92913714481717591 ) ) ;
#3038 = ORIENTED_EDGE ( 'NONE', *, *, #1866, .T. ) ;
#3039 = LINE ( 'NONE', #1186, #2589 ) ;
#3040 = ORIENTED_EDGE ( 'NONE', *, *, #1436, .T. ) ;
#3041 = CARTESIAN_POINT ( 'NONE',  ( 100.9471316835456918, 10.00000000000000000, 71.68178676790540749 ) ) ;
#3042 = CARTESIAN_POINT ( 'NONE',  ( 159.5228528373918095, 13.00000000000000178, 26.10486369098232728 ) ) ;
#3043 = CARTESIAN_POINT ( 'NONE',  ( 147.4548531423023690, 10.00000000000000711, 38.19566556648155853 ) ) ;
#3044 = CARTESIAN_POINT ( 'NONE',  ( 187.4855932220071963, 13.00000000000000178, 26.68178676790540393 ) ) ;
#3045 = LINE ( 'NONE', #4521, #1929 ) ;
#3046 = VERTEX_POINT ( 'NONE', #6028 ) ;
#3047 = CARTESIAN_POINT ( 'NONE',  ( 225.1099758962513704, 9.999999999999998224, 40.92314669725829646 ) ) ;
#3048 = B_SPLINE_CURVE_WITH_KNOTS ( 'NONE', 3,
 ( #5940, #235, #4901, #3513, #4462, #1193, #2122, #4007, #5881, #1660, #3072, #4035, #4957, #1683, #292 ),
 .UNSPECIFIED., .F., .F.,
 ( 4, 1, 1, 1, 1, 1, 1, 1, 1, 1, 1, 1, 4 ),
 ( 0.000000000000000000, 0.08560569497352646384, 0.1689832639222337562, 0.2509075823297902130, 0.3337080961143212288, 0.4160049842563384725, 0.4976595675743787917, 0.5798932856419642956, 0.6639023210428560695, 0.7484662538082584859, 0.8317908864798561064, 0.9152519088316869444, 1.000000000000000000 ),
 .UNSPECIFIED. ) ;
#3049 = CARTESIAN_POINT ( 'NONE',  ( 172.4490275187334873, 9.999999999999996447, 41.91958074544099588 ) ) ;
#3050 = CARTESIAN_POINT ( 'NONE',  ( 232.8805541857829553, 13.00000000000000178, 41.13860996892221067 ) ) ;
#3051 = CARTESIAN_POINT ( 'NONE',  ( 233.2507180194606349, 10.00000000000000178, 59.77400098194241451 ) ) ;
#3052 = VERTEX_POINT ( 'NONE', #3217 ) ;
#3053 = CARTESIAN_POINT ( 'NONE',  ( 87.46355755987713110, 13.00000000000000178, 44.41871770116560469 ) ) ;
#3054 = CARTESIAN_POINT ( 'NONE',  ( 196.2435073677883963, 13.00000000000000533, 30.47810382413060992 ) ) ;
#3055 = ORIENTED_EDGE ( 'NONE', *, *, #4950, .T. ) ;
#3056 = CARTESIAN_POINT ( 'NONE',  ( 224.1833095681610359, 13.00000000000000178, 39.79777234482848058 ) ) ;
#3057 = CARTESIAN_POINT ( 'NONE',  ( 71.41176306255206896, 13.00000000000000178, 17.43678373307443508 ) ) ;
#3058 = ADVANCED_FACE ( 'NONE', ( #6064 ), #3626, .T. ) ;
#3059 = CARTESIAN_POINT ( 'NONE',  ( 189.0333336900361019, 10.00000000000000178, 34.78573541459059726 ) ) ;
#3060 = CARTESIAN_POINT ( 'NONE',  ( 296.4644660940673475, 0.000000000000000000, 3.535533905932737309 ) ) ;
#3061 = DIRECTION ( 'NONE',  ( -0.000000000000000000, -1.000000000000000000, -0.000000000000000000 ) ) ;
#3062 = EDGE_LOOP ( 'NONE', ( #4911, #1862, #1471, #5858 ) ) ;
#3063 = B_SPLINE_SURFACE_WITH_KNOTS ( 'NONE', 3, 1, ( 
 ( #982, #1073 ),
 ( #4407, #2865 ),
 ( #1540, #3422 ),
 ( #1101, #5759 ),
 ( #4809, #5303 ),
 ( #4873, #583 ),
 ( #2956, #5726 ) ),
 .UNSPECIFIED., .F., .F., .F.,
 ( 4, 1, 1, 1, 4 ),
 ( 2, 2 ),
 ( 0.000000000000000000, 0.2951388013693759804, 0.5602299448882313015, 0.7949833567408980395, 1.000000000000000000 ),
 ( 0.000000000000000000, 1.000000000000000000 ),
 .UNSPECIFIED. ) ;
#3064 = CARTESIAN_POINT ( 'NONE',  ( 229.8533816835456491, 10.00000000000000355, 44.28695503713617398 ) ) ;
#3065 = ORIENTED_EDGE ( 'NONE', *, *, #280, .T. ) ;
#3066 = EDGE_CURVE ( 'NONE', #4671, #1385, #1317, .T. ) ;
#3067 = EDGE_CURVE ( 'NONE', #2554, #4896, #5999, .T. ) ;
#3068 = DIRECTION ( 'NONE',  ( 0.000000000000000000, 0.000000000000000000, -1.000000000000000000 ) ) ;
#3069 = DIRECTION ( 'NONE',  ( 0.000000000000000000, 1.000000000000000000, 0.000000000000000000 ) ) ;
#3070 = CARTESIAN_POINT ( 'NONE',  ( 80.01564129893030497, 13.00000000000000178, 56.10486369098233439 ) ) ;
#3071 = CARTESIAN_POINT ( 'NONE',  ( 187.4855932220071963, 13.00000000000000178, 59.56640215252078718 ) ) ;
#3072 = CARTESIAN_POINT ( 'NONE',  ( 171.5346249365776430, 12.99999999999999822, 48.25755859981659057 ) ) ;
#3073 = ORIENTED_EDGE ( 'NONE', *, *, #1078, .F. ) ;
#3074 = CARTESIAN_POINT ( 'NONE',  ( 224.6002774069886527, 10.00000000000000000, 40.37337544766724307 ) ) ;
#3075 = EDGE_CURVE ( 'NONE', #3867, #1768, #1867, .T. ) ;
#3076 = CARTESIAN_POINT ( 'NONE',  ( 223.8786320756604482, 9.999999999999996447, 52.91788648765849246 ) ) ;
#3077 = LINE ( 'NONE', #2611, #2489 ) ;
#3078 = CARTESIAN_POINT ( 'NONE',  ( 230.6861056367430933, 13.00000000000000178, 60.13425514878924361 ) ) ;
#3079 = ORIENTED_EDGE ( 'NONE', *, *, #3363, .F. ) ;
#3080 = CARTESIAN_POINT ( 'NONE',  ( 86.14695601642422673, 13.00000000000000178, 20.89300938138210029 ) ) ;
#3081 = CARTESIAN_POINT ( 'NONE',  ( 228.1544581704017673, 10.00000000000000178, 37.94673607004443738 ) ) ;
#3082 = VERTEX_POINT ( 'NONE', #1803 ) ;
#3083 = AXIS2_PLACEMENT_3D ( 'NONE', #6079, #303, #3732 ) ;
#3084 = VERTEX_POINT ( 'NONE', #850 ) ;
#3085 = CARTESIAN_POINT ( 'NONE',  ( 159.0684832742441017, 13.00000000000000178, 30.15572712239876196 ) ) ;
#3086 = CARTESIAN_POINT ( 'NONE',  ( 80.30410283739183797, 13.00000000000000178, 13.41255599867463566 ) ) ;
#3087 = VECTOR ( 'NONE', #5286, 1000.000000000000000 ) ;
#3088 = CARTESIAN_POINT ( 'NONE',  ( 69.21636245277645116, 13.00000000000000178, 23.91435888329002069 ) ) ;
#3089 = DIRECTION ( 'NONE',  ( 0.000000000000000000, 0.000000000000000000, -1.000000000000000000 ) ) ;
#3090 = AXIS2_PLACEMENT_3D ( 'NONE', #3060, #4947, #717 ) ;
#3091 = DIRECTION ( 'NONE',  ( -0.000000000000000000, -1.000000000000000000, -0.000000000000000000 ) ) ;
#3092 = ORIENTED_EDGE ( 'NONE', *, *, #3707, .F. ) ;
#3093 = EDGE_CURVE ( 'NONE', #4697, #1684, #377, .T. ) ;
#3094 = CARTESIAN_POINT ( 'NONE',  ( 235.0099512729138382, 9.999999999999996447, 47.90811707410352938 ) ) ;
#3095 = EDGE_LOOP ( 'NONE', ( #5670, #5363, #4410, #2693 ) ) ;
#3096 = CARTESIAN_POINT ( 'NONE',  ( 195.5084297604687436, 13.00000000000000178, 26.10486369098232728 ) ) ;
#3097 = CARTESIAN_POINT ( 'NONE',  ( 238.4531412989302908, 13.00000000000000178, 45.55798869098232018 ) ) ;
#3098 = CARTESIAN_POINT ( 'NONE',  ( 237.4899621384279840, 12.99999999999999822, 44.40840200862168530 ) ) ;
#3099 = DIRECTION ( 'NONE',  ( 0.000000000000000000, 1.000000000000000000, 0.000000000000000000 ) ) ;
#3100 = ORIENTED_EDGE ( 'NONE', *, *, #2346, .F. ) ;
#3101 = CARTESIAN_POINT ( 'NONE',  ( 183.4471316835456491, 10.00000000000000000, 26.68178676790540393 ) ) ;
#3102 = EDGE_CURVE ( 'NONE', #276, #2271, #5590, .T. ) ;
#3103 = CARTESIAN_POINT ( 'NONE',  ( 201.3317470681610644, 13.00000000000000178, 30.72024830636694048 ) ) ;
#3104 = CARTESIAN_POINT ( 'NONE',  ( 79.80436033963079012, 10.00000000000000355, 13.43110159011781946 ) ) ;
#3105 = FACE_OUTER_BOUND ( 'NONE', #4046, .T. ) ;
#3106 = CIRCLE ( 'NONE', #2715, 1.500000000000001332 ) ;
#3107 = ORIENTED_EDGE ( 'NONE', *, *, #4349, .T. ) ;
#3108 = CARTESIAN_POINT ( 'NONE',  ( 296.4644660940673475, 0.000000000000000000, 5.185533905932724785 ) ) ;
#3109 = CARTESIAN_POINT ( 'NONE',  ( 194.8899142931276742, 10.00000000000000178, 30.15142126571570103 ) ) ;
#3110 = ADVANCED_FACE ( 'NONE', ( #5131 ), #3960, .T. ) ;
#3111 = ORIENTED_EDGE ( 'NONE', *, *, #4340, .F. ) ;
#3112 = VECTOR ( 'NONE', #676, 1000.000000000000114 ) ;
#3113 = CARTESIAN_POINT ( 'NONE',  ( 239.8313650982139507, 13.00000000000000178, 52.55011802284695221 ) ) ;
#3114 = CARTESIAN_POINT ( 'NONE',  ( 100.9471316835456918, 13.00000000000000178, 71.68178676790540749 ) ) ;
#3115 = PLANE ( 'NONE',  #2622 ) ;
#3116 = AXIS2_PLACEMENT_3D ( 'NONE', #2332, #3662, #5527 ) ;
#3117 = DIRECTION ( 'NONE',  ( 1.445602896647337931E-16, 0.000000000000000000, 1.000000000000000000 ) ) ;
#3118 = CARTESIAN_POINT ( 'NONE',  ( 71.41176306255206896, 10.00000000000000178, 17.43678373307443508 ) ) ;
#3119 = CARTESIAN_POINT ( 'NONE',  ( 135.2746792519663757, 10.00000000000000000, 46.45946993299343575 ) ) ;
#3120 = VERTEX_POINT ( 'NONE', #3812 ) ;
#3121 = CARTESIAN_POINT ( 'NONE',  ( 172.4649885760087784, 13.00000000000000178, 43.81669059318522130 ) ) ;
#3122 = DIRECTION ( 'NONE',  ( -0.000000000000000000, -1.000000000000000000, -0.000000000000000000 ) ) ;
#3123 = ORIENTED_EDGE ( 'NONE', *, *, #2312, .T. ) ;
#3124 = CARTESIAN_POINT ( 'NONE',  ( 81.80200527779297204, 10.00000000000000000, 38.87230492652902569 ) ) ;
#3125 = CARTESIAN_POINT ( 'NONE',  ( 142.7589890578458380, 13.00000000000000178, 46.49129759204190293 ) ) ;
#3126 = DIRECTION ( 'NONE',  ( 1.000000000000000000, 0.000000000000000000, -0.000000000000000000 ) ) ;
#3127 = PLANE ( 'NONE',  #4002 ) ;
#3128 = ORIENTED_EDGE ( 'NONE', *, *, #469, .T. ) ;
#3129 = CARTESIAN_POINT ( 'NONE',  ( 73.87963974877493456, 13.00000000000000178, 26.57896168390463743 ) ) ;
#3130 = CARTESIAN_POINT ( 'NONE',  ( 195.1466628792109930, 10.00000000000000000, 26.12118424822376639 ) ) ;
#3131 = ADVANCED_FACE ( 'NONE', ( #1461 ), #132, .T. ) ;
#3132 = CARTESIAN_POINT ( 'NONE',  ( 221.7979841055999941, 13.00000000000000533, 56.69523493568479466 ) ) ;
#3133 = DIRECTION ( 'NONE',  ( -0.000000000000000000, -1.000000000000000000, -0.000000000000000000 ) ) ;
#3134 = CARTESIAN_POINT ( 'NONE',  ( 87.13624509332558432, 12.99999999999999822, 53.09688633707701655 ) ) ;
#3135 = ORIENTED_EDGE ( 'NONE', *, *, #1212, .F. ) ;
#3136 = CARTESIAN_POINT ( 'NONE',  ( 75.95474079065283490, 13.00000000000000178, 55.07287646667025172 ) ) ;
#3137 = LINE ( 'NONE', #333, #854 ) ;
#3138 = EDGE_CURVE ( 'NONE', #1194, #2970, #1025, .T. ) ;
#3139 = CARTESIAN_POINT ( 'NONE',  ( 238.4456106653309178, 13.00000000000000178, 55.93958270511452469 ) ) ;
#3140 = CARTESIAN_POINT ( 'NONE',  ( 110.8355444295986132, 12.99999999999999822, 27.66446616269790937 ) ) ;
#3141 = CARTESIAN_POINT ( 'NONE',  ( 128.7911378457618525, 12.99999999999999822, 35.13113771875837443 ) ) ;
#3142 = ORIENTED_EDGE ( 'NONE', *, *, #4465, .F. ) ;
#3143 = CARTESIAN_POINT ( 'NONE',  ( 107.6053183376306492, 13.00000000000000178, 51.18237274428184236 ) ) ;
#3144 = CARTESIAN_POINT ( 'NONE',  ( 230.5316451271820881, 13.00000000000000178, 56.08723879992261629 ) ) ;
#3145 = CARTESIAN_POINT ( 'NONE',  ( 216.9086701450841304, 13.00000000000000178, 26.68178676790540393 ) ) ;
#3146 = ORIENTED_EDGE ( 'NONE', *, *, #4258, .F. ) ;
#3147 = DIRECTION ( 'NONE',  ( 1.000000000000000000, -0.000000000000000000, -0.000000000000000000 ) ) ;
#3148 = CARTESIAN_POINT ( 'NONE',  ( 79.10518456816106436, 10.00000000000000355, 36.88611369098232728 ) ) ;
#3149 = VERTEX_POINT ( 'NONE', #1085 ) ;
#3150 = CARTESIAN_POINT ( 'NONE',  ( 128.7588237258805179, 13.00000000000000178, 51.04135687157364032 ) ) ;
#3151 = CARTESIAN_POINT ( 'NONE',  ( 143.6507978439572071, 9.999999999999998224, 49.57770030381110615 ) ) ;
#3152 = CARTESIAN_POINT ( 'NONE',  ( 115.5586681121336596, 10.00000000000000178, 30.36028579158693574 ) ) ;
#3153 = FACE_BOUND ( 'NONE', #1927, .T. ) ;
#3154 = ORIENTED_EDGE ( 'NONE', *, *, #1736, .T. ) ;
#3155 = CARTESIAN_POINT ( 'NONE',  ( 228.9913307793628690, 10.00000000000000000, 60.10521270458697529 ) ) ;
#3156 = CARTESIAN_POINT ( 'NONE',  ( 300.0000000000000000, 10.00000000000000000, 0.000000000000000000 ) ) ;
#3157 = CARTESIAN_POINT ( 'NONE',  ( 194.4245809962810085, 10.00000000000000000, 26.15375986338893100 ) ) ;
#3158 = CARTESIAN_POINT ( 'NONE',  ( 78.00115092153336604, 13.00000000000000533, 60.58514046825276012 ) ) ;
#3159 = DIRECTION ( 'NONE',  ( 0.000000000000000000, 1.000000000000000000, 0.000000000000000000 ) ) ;
#3160 = CARTESIAN_POINT ( 'NONE',  ( 0.000000000000000000, 0.000000000000000000, 0.000000000000000000 ) ) ;
#3161 = CARTESIAN_POINT ( 'NONE',  ( 106.3339550229730577, 9.999999999999998224, 55.13734370614695735 ) ) ;
#3162 = ORIENTED_EDGE ( 'NONE', *, *, #2198, .F. ) ;
#3163 = CARTESIAN_POINT ( 'NONE',  ( 120.0090123183764774, 10.00000000000000000, 56.04513576709344136 ) ) ;
#3164 = CARTESIAN_POINT ( 'NONE',  ( 183.4471316835456491, 10.00000000000000000, 59.56640215252078718 ) ) ;
#3165 = ADVANCED_FACE ( 'NONE', ( #1027 ), #5975, .T. ) ;
#3166 = CARTESIAN_POINT ( 'NONE',  ( 134.8784978097235694, 12.99999999999999467, 38.06889456260356042 ) ) ;
#3167 = CARTESIAN_POINT ( 'NONE',  ( 114.8415233041211252, 10.00000000000000000, 55.71329067602535901 ) ) ;
#3168 = CARTESIAN_POINT ( 'NONE',  ( 222.6779009143148755, 13.00000000000000178, 34.73166657559770698 ) ) ;
#3169 = ORIENTED_EDGE ( 'NONE', *, *, #4380, .F. ) ;
#3170 = CARTESIAN_POINT ( 'NONE',  ( 33.33333333333334991, 20.00000000000000000, 96.43724644492834841 ) ) ;
#3171 = DIRECTION ( 'NONE',  ( 0.000000000000000000, 0.000000000000000000, -1.000000000000000000 ) ) ;
#3172 = EDGE_CURVE ( 'NONE', #2636, #1365, #5836, .T. ) ;
#3173 = EDGE_LOOP ( 'NONE', ( #3950, #2880, #739, #3629 ) ) ;
#3174 = VECTOR ( 'NONE', #3253, 1000.000000000000000 ) ;
#3175 = CARTESIAN_POINT ( 'NONE',  ( 228.8690467009625138, 13.00000000000000178, 43.73750313501459175 ) ) ;
#3176 = CARTESIAN_POINT ( 'NONE',  ( 230.9891989912379984, 10.00000000000000178, 30.14332522944386383 ) ) ;
#3177 = LINE ( 'NONE', #2261, #2614 ) ;
#3178 = EDGE_LOOP ( 'NONE', ( #4420, #3823 ) ) ;
#3179 = EDGE_CURVE ( 'NONE', #5467, #933, #1464, .T. ) ;
#3180 = AXIS2_PLACEMENT_3D ( 'NONE', #2152, #1682, #4034 ) ;
#3181 = ORIENTED_EDGE ( 'NONE', *, *, #5578, .F. ) ;
#3182 = CARTESIAN_POINT ( 'NONE',  ( 72.29832116845338419, 10.00000000000000000, 51.86517809607312302 ) ) ;
#3183 = AXIS2_PLACEMENT_3D ( 'NONE', #1821, #3203, #5483 ) ;
#3184 = CARTESIAN_POINT ( 'NONE',  ( 146.1209319088863197, 13.00000000000000178, 53.80053652073049619 ) ) ;
#3185 = DIRECTION ( 'NONE',  ( -0.000000000000000000, -1.000000000000000000, -0.000000000000000000 ) ) ;
#3186 = DIRECTION ( 'NONE',  ( 0.000000000000000000, 0.000000000000000000, 1.000000000000000000 ) ) ;
#3187 = VERTEX_POINT ( 'NONE', #5900 ) ;
#3188 = CARTESIAN_POINT ( 'NONE',  ( 187.4855932220071963, 13.00000000000000178, 26.68178676790540393 ) ) ;
#3189 = FACE_OUTER_BOUND ( 'NONE', #5893, .T. ) ;
#3190 = DIRECTION ( 'NONE',  ( -1.000000000000000000, 5.771328749889002138E-14, 0.000000000000000000 ) ) ;
#3191 = CARTESIAN_POINT ( 'NONE',  ( 229.2844338524181751, 13.00000000000000178, 56.07440063413779541 ) ) ;
#3192 = DIRECTION ( 'NONE',  ( 0.000000000000000000, 1.000000000000000000, 0.000000000000000000 ) ) ;
#3193 = CARTESIAN_POINT ( 'NONE',  ( 148.0056551857899763, 9.999999999999996447, 37.06099428039627952 ) ) ;
#3194 = DIRECTION ( 'NONE',  ( -1.051669361989187345E-14, 1.000000000000000000, -1.004422370475659526E-14 ) ) ;
#3195 = CARTESIAN_POINT ( 'NONE',  ( 118.3990547604687436, 10.00000000000000000, 60.14332522944386739 ) ) ;
#3196 = ORIENTED_EDGE ( 'NONE', *, *, #2754, .F. ) ;
#3197 = CARTESIAN_POINT ( 'NONE',  ( 71.16751797934990975, 13.00000000000000178, 50.33186043341741112 ) ) ;
#3198 = DIRECTION ( 'NONE',  ( -0.000000000000000000, -0.000000000000000000, -1.000000000000000000 ) ) ;
#3199 = CARTESIAN_POINT ( 'NONE',  ( 161.2341349686405749, 10.00000000000000178, 56.05476278518530364 ) ) ;
#3200 = VECTOR ( 'NONE', #5015, 1000.000000000000000 ) ;
#3201 = CARTESIAN_POINT ( 'NONE',  ( 80.30410283739183797, 13.00000000000000178, 13.41255599867463566 ) ) ;
#3202 = CARTESIAN_POINT ( 'NONE',  ( 70.05710829385961347, 10.00000000000000000, 56.32575604325621299 ) ) ;
#3203 = DIRECTION ( 'NONE',  ( -0.000000000000000000, -1.000000000000000000, -0.000000000000000000 ) ) ;
#3204 = CARTESIAN_POINT ( 'NONE',  ( 77.21932332162225521, 13.00000000000000178, 18.40167634276969011 ) ) ;
#3205 = AXIS2_PLACEMENT_3D ( 'NONE', #3188, #3221, #880 ) ;
#3206 = EDGE_CURVE ( 'NONE', #3149, #4475, #3535, .T. ) ;
#3207 = CARTESIAN_POINT ( 'NONE',  ( 143.0902175594972334, 13.00000000000000533, 38.41581928789208433 ) ) ;
#3208 = CARTESIAN_POINT ( 'NONE',  ( 159.5228528373918095, 13.00000000000000178, 60.14332522944386739 ) ) ;
#3209 = CARTESIAN_POINT ( 'NONE',  ( 236.6682855296995740, 10.00000000000000000, 33.60486369098232728 ) ) ;
#3210 = CARTESIAN_POINT ( 'NONE',  ( 228.5634247915315882, 12.99999999999999822, 38.31835704255590258 ) ) ;
#3211 = VERTEX_POINT ( 'NONE', #5429 ) ;
#3212 = PRODUCT ( '1_Sports', '1_Sports', '', ( #2145 ) ) ;
#3213 = CARTESIAN_POINT ( 'NONE',  ( 92.84120865552840485, 9.999999999999992895, 47.97130116179796744 ) ) ;
#3214 = ORIENTED_EDGE ( 'NONE', *, *, #1486, .F. ) ;
#3215 = CARTESIAN_POINT ( 'NONE',  ( 70.13583360662261157, 10.00000000000000000, 48.60486369098232728 ) ) ;
#3216 = CARTESIAN_POINT ( 'NONE',  ( 147.2266282630787373, 9.999999999999994671, 55.08637881637243794 ) ) ;
#3217 = CARTESIAN_POINT ( 'NONE',  ( 216.9086701450841304, 10.00000000000000000, 30.72024830636694048 ) ) ;
#3218 = FACE_BOUND ( 'NONE', #2464, .T. ) ;
#3219 = AXIS2_PLACEMENT_3D ( 'NONE', #5350, #1158, #2602 ) ;
#3220 = VERTEX_POINT ( 'NONE', #1208 ) ;
#3221 = DIRECTION ( 'NONE',  ( 1.000000000000000000, 0.000000000000000000, 0.000000000000000000 ) ) ;
#3222 = CARTESIAN_POINT ( 'NONE',  ( 70.48963951412945050, 13.00000000000000178, 49.19712006887371558 ) ) ;
#3223 = CARTESIAN_POINT ( 'NONE',  ( 238.3953347306543549, 9.999999999999991118, 29.68921212755035199 ) ) ;
#3224 = CARTESIAN_POINT ( 'NONE',  ( 237.4899621384279840, 12.99999999999999822, 44.40840200862168530 ) ) ;
#3225 = CARTESIAN_POINT ( 'NONE',  ( 104.9855932220072106, 10.00000000000000178, 43.19620984482848058 ) ) ;
#3226 = CARTESIAN_POINT ( 'NONE',  ( 126.3436110733212843, 10.00000000000000178, 32.73039348203393217 ) ) ;
#3227 = CARTESIAN_POINT ( 'NONE',  ( 109.3777107772463637, 10.00000000000000000, 57.60451152959881682 ) ) ;
#3228 = ORIENTED_EDGE ( 'NONE', *, *, #6052, .F. ) ;
#3229 = B_SPLINE_CURVE_WITH_KNOTS ( 'NONE', 3,
 ( #281, #506, #1897, #3784, #971, #4708, #2389, #3374, #5256, #1991, #1526, #5291, #2944, #2898, #3866 ),
 .UNSPECIFIED., .F., .F.,
 ( 4, 1, 1, 1, 1, 1, 1, 1, 1, 1, 1, 1, 4 ),
 ( 0.000000000000000000, 0.08473274469801528319, 0.1681786536463125981, 0.2514881976122794738, 0.3358406713894902529, 0.4198344941507956563, 0.5023448759880094761, 0.5836490197324388784, 0.6659310052762719145, 0.7487165252643903646, 0.8310473361373620360, 0.9144098067945607422, 1.000000000000000000 ),
 .UNSPECIFIED. ) ;
#3230 = CARTESIAN_POINT ( 'NONE',  ( 187.8801007736855126, 10.00000000000000178, 39.03558015713939966 ) ) ;
#3231 = CARTESIAN_POINT ( 'NONE',  ( 187.4855932220071963, 13.00000000000000178, 31.52253196021309734 ) ) ;
#3232 = CARTESIAN_POINT ( 'NONE',  ( 224.1833095681610359, 13.00000000000000178, 39.79777234482848058 ) ) ;
#3233 = CARTESIAN_POINT ( 'NONE',  ( 87.16373393591851482, 13.00000000000000178, 58.69814210558249101 ) ) ;
#3234 = B_SPLINE_CURVE_WITH_KNOTS ( 'NONE', 3,
 ( #857, #2735, #4619, #4302, #78, #2028, #5294, #5719, #3916, #3345, #2915 ),
 .UNSPECIFIED., .F., .F.,
 ( 4, 1, 1, 1, 1, 1, 1, 1, 4 ),
 ( 0.000000000000000000, 0.1249584925460638790, 0.2459006286062690450, 0.3691660295860718644, 0.4985108411773568338, 0.6285038663666073777, 0.7510283288509913557, 0.8737241742784346288, 1.000000000000000000 ),
 .UNSPECIFIED. ) ;
#3235 = ORIENTED_EDGE ( 'NONE', *, *, #2432, .T. ) ;
#3236 = FACE_OUTER_BOUND ( 'NONE', #82, .T. ) ;
#3237 = CARTESIAN_POINT ( 'NONE',  ( 82.26924706816106436, 13.00000000000000178, 34.01952715252078718 ) ) ;
#3238 = CARTESIAN_POINT ( 'NONE',  ( 90.76497975532697637, 10.00000000000000000, 19.03603176458912927 ) ) ;
#3239 = B_SPLINE_CURVE_WITH_KNOTS ( 'NONE', 3,
 ( #4994, #328, #3664, #4126, #272, #2703, #4069, #4588, #858, #1310, #3607, #2673, #3193, #6036, #765, #2277, #1812, #2643, #2219 ),
 .UNSPECIFIED., .F., .F.,
 ( 4, 1, 1, 1, 1, 1, 1, 1, 1, 1, 1, 1, 1, 1, 1, 1, 4 ),
 ( 0.000000000000000000, 0.06384589973478796421, 0.1260436278408453015, 0.1871653577195687146, 0.2473992895212633603, 0.3083800306041652450, 0.3697796166640502369, 0.4325839246869355725, 0.4976407859952569623, 0.5624011369620618428, 0.6255571033330417086, 0.6873320046201732980, 0.7483127457030734897, 0.8097910391226144089, 0.8717675719729278683, 0.9348361909503147826, 1.000000000000000000 ),
 .UNSPECIFIED. ) ;
#3240 = CARTESIAN_POINT ( 'NONE',  ( 108.7508660628741808, 12.99999999999999822, 52.42553768471240261 ) ) ;
#3241 = CARTESIAN_POINT ( 'NONE',  ( 236.4318361986253478, 10.00000000000000178, 33.33083752382084697 ) ) ;
#3242 = CARTESIAN_POINT ( 'NONE',  ( 76.22056918354569177, 10.00000000000000355, 29.53935888329002424 ) ) ;
#3243 = VERTEX_POINT ( 'NONE', #665 ) ;
#3244 = ADVANCED_FACE ( 'NONE', ( #2538 ), #5007, .F. ) ;
#3245 = DIRECTION ( 'NONE',  ( 0.000000000000000000, 0.000000000000000000, 1.000000000000000000 ) ) ;
#3246 = ORIENTED_EDGE ( 'NONE', *, *, #732, .F. ) ;
#3247 = CARTESIAN_POINT ( 'NONE',  ( 187.4855932220071963, 13.00000000000000178, 48.51471946021309378 ) ) ;
#3248 = CARTESIAN_POINT ( 'NONE',  ( 151.1873790801220139, 9.999999999999998224, 58.18890744036980323 ) ) ;
#3249 = DIRECTION ( 'NONE',  ( 0.000000000000000000, 0.000000000000000000, 1.000000000000000000 ) ) ;
#3250 = ORIENTED_EDGE ( 'NONE', *, *, #3828, .T. ) ;
#3251 = CARTESIAN_POINT ( 'NONE',  ( 227.3340460404872374, 13.00000000000000178, 36.86034702168794297 ) ) ;
#3252 = ADVANCED_FACE ( 'NONE', ( #3470 ), #4424, .T. ) ;
#3253 = DIRECTION ( 'NONE',  ( -0.000000000000000000, -1.000000000000000000, -0.000000000000000000 ) ) ;
#3254 = CARTESIAN_POINT ( 'NONE',  ( 190.2724218832905763, 10.00000000000000000, 28.12587827876526347 ) ) ;
#3255 = CARTESIAN_POINT ( 'NONE',  ( 238.0169564174802019, 13.00000000000000178, 44.97397882941536551 ) ) ;
#3256 = PLANE ( 'NONE',  #522 ) ;
#3257 = CARTESIAN_POINT ( 'NONE',  ( 232.5306653373918380, 13.00000000000000178, 40.94260407559771409 ) ) ;
#3258 = FACE_OUTER_BOUND ( 'NONE', #4041, .T. ) ;
#3259 = ORIENTED_EDGE ( 'NONE', *, *, #1436, .F. ) ;
#3260 = CARTESIAN_POINT ( 'NONE',  ( 131.5240547604687436, 13.00000000000000178, 43.07902234482848058 ) ) ;
#3261 = LINE ( 'NONE', #3231, #62 ) ;
#3262 = B_SPLINE_SURFACE_WITH_KNOTS ( 'NONE', 3, 1, ( 
 ( #1405, #1377 ),
 ( #3820, #5228 ),
 ( #2768, #3287 ),
 ( #1468, #3347 ),
 ( #4651, #2306 ),
 ( #17, #2885 ),
 ( #542, #914 ),
 ( #6072, #3790 ),
 ( #3726, #2797 ),
 ( #2828, #4681 ),
 ( #5658, #3321 ) ),
 .UNSPECIFIED., .F., .F., .F.,
 ( 4, 1, 1, 1, 1, 1, 1, 1, 4 ),
 ( 2, 2 ),
 ( 0.000000000000000000, 0.1815353013762859569, 0.3470816724816292442, 0.4955678164315537870, 0.6283573018772138363, 0.7455196699921556869, 0.8458307507576513506, 0.9307818073847575757, 1.000000000000000000 ),
 ( 0.000000000000000000, 1.000000000000000000 ),
 .UNSPECIFIED. ) ;
#3263 = EDGE_CURVE ( 'NONE', #5399, #2281, #4635, .T. ) ;
#3264 = B_SPLINE_CURVE_WITH_KNOTS ( 'NONE', 3,
 ( #5484, #5989, #2228, #5866, #2140, #3530, #3057, #2195, #309, #3557, #4077, #1263, #4049, #1729, #3086 ),
 .UNSPECIFIED., .F., .F.,
 ( 4, 1, 1, 1, 1, 1, 1, 1, 1, 1, 1, 1, 4 ),
 ( 0.000000000000000000, 0.08378537065371018111, 0.1657798879221419885, 0.2462800078932625980, 0.3274609277363898507, 0.4087969540320675610, 0.4897152412309882519, 0.5713760321300522804, 0.6555233211112766467, 0.7410194827999729839, 0.8265467605037606358, 0.9119888516548328994, 1.000000000000000000 ),
 .UNSPECIFIED. ) ;
#3265 = CARTESIAN_POINT ( 'NONE',  ( 73.47003002630087565, 13.00000000000000178, 53.16840582583161989 ) ) ;
#3266 = CARTESIAN_POINT ( 'NONE',  ( 135.5467600560192523, 9.999999999999996447, 43.61769419655626479 ) ) ;
#3267 = CARTESIAN_POINT ( 'NONE',  ( 86.38479506673236585, 13.00000000000000178, 53.85039469625309039 ) ) ;
#3268 = EDGE_LOOP ( 'NONE', ( #1583, #3667, #3987, #1919 ) ) ;
#3269 = DIRECTION ( 'NONE',  ( 1.000000000000000000, 0.000000000000000000, 0.000000000000000000 ) ) ;
#3270 = CARTESIAN_POINT ( 'NONE',  ( 88.83174706816106436, 13.00000000000000178, 48.47866176790540038 ) ) ;
#3271 = CARTESIAN_POINT ( 'NONE',  ( 235.0099512729138382, 9.999999999999998224, 47.90811707410352938 ) ) ;
#3272 = CARTESIAN_POINT ( 'NONE',  ( 235.9759897241865474, 10.00000000000000000, 32.80254733311901560 ) ) ;
#3273 = DIRECTION ( 'NONE',  ( -0.000000000000000000, 1.000000000000000000, -0.000000000000000000 ) ) ;
#3274 = ORIENTED_EDGE ( 'NONE', *, *, #3066, .T. ) ;
#3275 = DIRECTION ( 'NONE',  ( -1.000000000000000000, 0.000000000000000000, 0.000000000000000000 ) ) ;
#3276 = FACE_OUTER_BOUND ( 'NONE', #2344, .T. ) ;
#3277 = CARTESIAN_POINT ( 'NONE',  ( 147.2266282630787373, 9.999999999999996447, 55.08637881637243794 ) ) ;
#3278 = CARTESIAN_POINT ( 'NONE',  ( 108.7927669332489415, 10.00000000000000178, 33.86850913454961187 ) ) ;
#3279 = EDGE_CURVE ( 'NONE', #244, #1462, #2169, .T. ) ;
#3280 = CIRCLE ( 'NONE', #1115, 1.500000000000001332 ) ;
#3281 = ORIENTED_EDGE ( 'NONE', *, *, #5535, .F. ) ;
#3282 = CARTESIAN_POINT ( 'NONE',  ( 187.4855932220071963, 10.00000000000000000, 31.52253196021309734 ) ) ;
#3283 = CARTESIAN_POINT ( 'NONE',  ( 91.62014818008013606, 10.00000000000000000, 43.38128321943272425 ) ) ;
#3284 = CIRCLE ( 'NONE', #630, 1.500000000000001332 ) ;
#3285 = CARTESIAN_POINT ( 'NONE',  ( 170.5608690513696786, 10.00000000000000355, 56.27129001413949538 ) ) ;
#3286 = CARTESIAN_POINT ( 'NONE',  ( 234.5167598084004794, 12.99999999999999822, 42.10492500194359877 ) ) ;
#3287 = CARTESIAN_POINT ( 'NONE',  ( 77.72653020411370051, 9.999999999999996447, 35.90414104987198840 ) ) ;
#3288 = CARTESIAN_POINT ( 'NONE',  ( 229.0265712568784409, 10.00000000000000000, 38.72904312652238445 ) ) ;
#3289 = EDGE_CURVE ( 'NONE', #1989, #1365, #4054, .T. ) ;
#3290 = CARTESIAN_POINT ( 'NONE',  ( 87.79241324720165096, 13.00000000000000178, 16.03399440436821877 ) ) ;
#3291 = VERTEX_POINT ( 'NONE', #3588 ) ;
#3292 = CARTESIAN_POINT ( 'NONE',  ( 118.8271227016149254, 12.99999999999999822, 30.16432891706743646 ) ) ;
#3293 = PLANE ( 'NONE',  #3912 ) ;
#3294 = AXIS2_PLACEMENT_3D ( 'NONE', #3335, #95, #3805 ) ;
#3295 = CARTESIAN_POINT ( 'NONE',  ( 172.0168432220072248, 13.00000000000000178, 31.52253196021309734 ) ) ;
#3296 = FACE_OUTER_BOUND ( 'NONE', #2294, .T. ) ;
#3297 = CARTESIAN_POINT ( 'NONE',  ( 87.13624509332558432, 9.999999999999996447, 53.09688633707701655 ) ) ;
#3298 = EDGE_CURVE ( 'NONE', #752, #1385, #5456, .T. ) ;
#3299 = EDGE_LOOP ( 'NONE', ( #3564, #2549 ) ) ;
#3300 = CARTESIAN_POINT ( 'NONE',  ( 81.09538595294414165, 13.00000000000000178, 33.18697064274930852 ) ) ;
#3301 = CARTESIAN_POINT ( 'NONE',  ( 73.27699713423039896, 13.00000000000000178, 23.33780020831285285 ) ) ;
#3302 = CARTESIAN_POINT ( 'NONE',  ( 133.3333333333333428, 20.00000000000000000, 94.93724644492834841 ) ) ;
#3303 = CARTESIAN_POINT ( 'NONE',  ( 118.8564591642121968, 9.999999999999998224, 26.12174741959006852 ) ) ;
#3304 = ORIENTED_EDGE ( 'NONE', *, *, #916, .F. ) ;
#3305 = CARTESIAN_POINT ( 'NONE',  ( 105.9187384745024474, 13.00000000000000178, 38.07649769796326922 ) ) ;
#3306 = AXIS2_PLACEMENT_3D ( 'NONE', #4227, #1828, #5155 ) ;
#3307 = LINE ( 'NONE', #1485, #747 ) ;
#3308 = DIRECTION ( 'NONE',  ( 0.000000000000000000, 0.000000000000000000, 1.000000000000000000 ) ) ;
#3309 = B_SPLINE_CURVE_WITH_KNOTS ( 'NONE', 3,
 ( #4249, #955, #25, #3735, #58, #3355, #4313, #88, #5268, #6082, #6100 ),
 .UNSPECIFIED., .F., .F.,
 ( 4, 1, 1, 1, 1, 1, 1, 1, 4 ),
 ( 0.000000000000000000, 0.05259428152913703247, 0.1249519739750388631, 0.2180938989285933494, 0.3335024107325197940, 0.4687891785044467907, 0.6249375859645976972, 0.8016830479282273103, 1.000000000000000000 ),
 .UNSPECIFIED. ) ;
#3310 = CARTESIAN_POINT ( 'NONE',  ( 89.22328465872247705, 13.00000000000000178, 39.95563594253312090 ) ) ;
#3311 = CIRCLE ( 'NONE', #659, 1.649999999999987477 ) ;
#3312 = CARTESIAN_POINT ( 'NONE',  ( 105.3718840979878877, 13.00000000000000178, 46.66828738889905992 ) ) ;
#3313 = CARTESIAN_POINT ( 'NONE',  ( 187.5748184792696236, 13.00000000000000178, 43.00307195739861044 ) ) ;
#3314 = CARTESIAN_POINT ( 'NONE',  ( 80.01564129893029076, 13.00000000000000178, 60.72024830636693338 ) ) ;
#3315 = LINE ( 'NONE', #4825, #3087 ) ;
#3316 = CARTESIAN_POINT ( 'NONE',  ( 172.0168432220072248, 10.00000000000000000, 31.52253196021309734 ) ) ;
#3317 = ORIENTED_EDGE ( 'NONE', *, *, #4087, .T. ) ;
#3318 = CARTESIAN_POINT ( 'NONE',  ( 149.1740543963610719, 9.999999999999996447, 51.21602859396574559 ) ) ;
#3319 = CARTESIAN_POINT ( 'NONE',  ( 176.5240547604687436, 10.00000000000000000, 43.21423869098232728 ) ) ;
#3320 = CARTESIAN_POINT ( 'NONE',  ( 231.6944091315541243, 13.00000000000000533, 30.17619203732206046 ) ) ;
#3321 = CARTESIAN_POINT ( 'NONE',  ( 71.73138649123798416, 10.00000000000000000, 30.76532042175155723 ) ) ;
#3322 = LINE ( 'NONE', #3853, #325 ) ;
#3323 = DIRECTION ( 'NONE',  ( -0.000000000000000000, -1.000000000000000000, -0.000000000000000000 ) ) ;
#3324 = VERTEX_POINT ( 'NONE', #4572 ) ;
#3325 = CARTESIAN_POINT ( 'NONE',  ( 233.1119047170183762, 13.00000000000000533, 30.62357776362098605 ) ) ;
#3326 = DIRECTION ( 'NONE',  ( 0.000000000000000000, 0.000000000000000000, 1.000000000000000000 ) ) ;
#3327 = ADVANCED_FACE ( 'NONE', ( #2657 ), #4540, .T. ) ;
#3328 = LINE ( 'NONE', #582, #3721 ) ;
#3329 = CARTESIAN_POINT ( 'NONE',  ( 88.58500361392343336, 9.999999999999996447, 50.42419806380907943 ) ) ;
#3330 = CARTESIAN_POINT ( 'NONE',  ( 88.81645567680575937, 9.999999999999998224, 48.80703909217903202 ) ) ;
#3331 = ORIENTED_EDGE ( 'NONE', *, *, #2082, .T. ) ;
#3332 = CARTESIAN_POINT ( 'NONE',  ( 183.4471316835456491, 13.00000000000000178, 26.68178676790540393 ) ) ;
#3333 = CARTESIAN_POINT ( 'NONE',  ( 79.67575831774630046, 12.99999999999999822, 60.71367597154306139 ) ) ;
#3334 = EDGE_CURVE ( 'NONE', #3430, #2771, #2112, .T. ) ;
#3335 = CARTESIAN_POINT ( 'NONE',  ( 133.3333333333333428, 20.00000000000000000, 96.43724644492834841 ) ) ;
#3336 = PLANE ( 'NONE',  #4785 ) ;
#3337 = CARTESIAN_POINT ( 'NONE',  ( 227.5952105029099073, 10.00000000000000178, 55.63259338383087282 ) ) ;
#3338 = DIRECTION ( 'NONE',  ( -0.000000000000000000, -1.000000000000000000, -0.000000000000000000 ) ) ;
#3339 = CARTESIAN_POINT ( 'NONE',  ( 188.2067470681610359, 10.00000000000000000, 37.22866176790540038 ) ) ;
#3340 = CARTESIAN_POINT ( 'NONE',  ( 104.9979318560635448, 13.00000000000000178, 42.74186648505232000 ) ) ;
#3341 = CARTESIAN_POINT ( 'NONE',  ( 225.0221437969645990, 13.00000000000000888, 28.55540241664091639 ) ) ;
#3342 = VERTEX_POINT ( 'NONE', #842 ) ;
#3343 = CARTESIAN_POINT ( 'NONE',  ( 152.9636106893647707, 13.00000000000000533, 54.48866184002839219 ) ) ;
#3344 = CARTESIAN_POINT ( 'NONE',  ( 175.3588498824090607, 12.99999999999999822, 49.57769991817743005 ) ) ;
#3345 = CARTESIAN_POINT ( 'NONE',  ( 226.7320437303503411, 13.00000000000000178, 34.28228789349729055 ) ) ;
#3346 = DIRECTION ( 'NONE',  ( 1.445602896647337931E-16, 0.000000000000000000, 1.000000000000000000 ) ) ;
#3347 = CARTESIAN_POINT ( 'NONE',  ( 76.46063414537469782, 10.00000000000000000, 34.94725739826831301 ) ) ;
#3348 = DIRECTION ( 'NONE',  ( 0.000000000000000000, 1.000000000000000000, 0.000000000000000000 ) ) ;
#3349 = FACE_OUTER_BOUND ( 'NONE', #2301, .T. ) ;
#3350 = VERTEX_POINT ( 'NONE', #4138 ) ;
#3351 = CARTESIAN_POINT ( 'NONE',  ( 230.9891989912379984, 13.00000000000000178, 30.14332522944386383 ) ) ;
#3352 = CARTESIAN_POINT ( 'NONE',  ( 135.5625162989302908, 10.00000000000000178, 43.03395022944386739 ) ) ;
#3353 = CARTESIAN_POINT ( 'NONE',  ( 89.13254303993784333, 10.00000000000000000, 57.11060308112401884 ) ) ;
#3354 = LINE ( 'NONE', #87, #4590 ) ;
#3355 = CARTESIAN_POINT ( 'NONE',  ( 78.23327730100218957, 10.00000000000000533, 31.12159235761850695 ) ) ;
#3356 = ORIENTED_EDGE ( 'NONE', *, *, #4048, .F. ) ;
#3357 = CARTESIAN_POINT ( 'NONE',  ( 196.8065066835456491, 10.00000000000000000, 30.72926272944386028 ) ) ;
#3358 = EDGE_CURVE ( 'NONE', #1339, #5544, #4050, .T. ) ;
#3359 = CARTESIAN_POINT ( 'NONE',  ( 84.97780635512353342, 12.99999999999999822, 59.82981708987858838 ) ) ;
#3360 = SURFACE_STYLE_FILL_AREA ( #1 ) ;
#3361 = ORIENTED_EDGE ( 'NONE', *, *, #5962, .F. ) ;
#3362 = CARTESIAN_POINT ( 'NONE',  ( 109.7728287523849531, 9.999999999999998224, 32.99834614147708578 ) ) ;
#3363 = EDGE_CURVE ( 'NONE', #1704, #879, #1839, .T. ) ;
#3364 = FACE_OUTER_BOUND ( 'NONE', #4988, .T. ) ;
#3365 = CARTESIAN_POINT ( 'NONE',  ( 162.0590064644637209, 13.00000000000000178, 30.36472881637035215 ) ) ;
#3366 = CARTESIAN_POINT ( 'NONE',  ( 86.13505689383481467, 10.00000000000000000, 14.90062131875532359 ) ) ;
#3367 = LINE ( 'NONE', #5247, #1900 ) ;
#3368 = DIRECTION ( 'NONE',  ( 0.000000000000000000, 1.000000000000000000, 0.000000000000000000 ) ) ;
#3369 = CARTESIAN_POINT ( 'NONE',  ( 115.5586681121336596, 13.00000000000000178, 30.36028579158693574 ) ) ;
#3370 = CARTESIAN_POINT ( 'NONE',  ( 167.9525863496833153, 9.999999999999998224, 28.20239613848900007 ) ) ;
#3371 = ADVANCED_FACE ( 'NONE', ( #6088 ), #6057, .T. ) ;
#3372 = ORIENTED_EDGE ( 'NONE', *, *, #1758, .F. ) ;
#3373 = CARTESIAN_POINT ( 'NONE',  ( 152.9636106893647707, 10.00000000000000355, 54.48866184002839219 ) ) ;
#3374 = CARTESIAN_POINT ( 'NONE',  ( 150.2860309679139164, 13.00000000000000533, 52.48466196422896246 ) ) ;
#3375 = ORIENTED_EDGE ( 'NONE', *, *, #4123, .T. ) ;
#3376 = CARTESIAN_POINT ( 'NONE',  ( 172.8887302744956003, 13.00000000000000533, 53.80055790354976608 ) ) ;
#3377 = VECTOR ( 'NONE', #4005, 1000.000000000000000 ) ;
#3378 = CARTESIAN_POINT ( 'NONE',  ( 73.27699713423039896, 13.00000000000000178, 23.33780020831285285 ) ) ;
#3379 = CARTESIAN_POINT ( 'NONE',  ( 155.7184406945673345, 10.00000000000000000, 30.66147172544956945 ) ) ;
#3380 = CARTESIAN_POINT ( 'NONE',  ( 194.4181300823600225, 13.00000000000000178, 30.16492570989688460 ) ) ;
#3381 = CARTESIAN_POINT ( 'NONE',  ( 104.9855932220072106, 13.00000000000000178, 32.76652234482848058 ) ) ;
#3382 = VERTEX_POINT ( 'NONE', #433 ) ;
#3383 = CARTESIAN_POINT ( 'NONE',  ( 112.5638490155022140, 13.00000000000000178, 26.97248429524906399 ) ) ;
#3384 = VECTOR ( 'NONE', #440, 1000.000000000000000 ) ;
#3385 = DIRECTION ( 'NONE',  ( 0.000000000000000000, 0.000000000000000000, 1.000000000000000000 ) ) ;
#3386 = CARTESIAN_POINT ( 'NONE',  ( 71.73138649123798416, 10.00000000000000000, 30.76532042175155723 ) ) ;
#3387 = CARTESIAN_POINT ( 'NONE',  ( 3.535533905932737309, 0.000000000000000000, 1.885533905932736509 ) ) ;
#3388 = VECTOR ( 'NONE', #2187, 1000.000000000000000 ) ;
#3389 = VERTEX_POINT ( 'NONE', #5581 ) ;
#3390 = CARTESIAN_POINT ( 'NONE',  ( 82.26924706816106436, 13.00000000000000178, 34.01952715252078718 ) ) ;
#3391 = CARTESIAN_POINT ( 'NONE',  ( 239.9262021310535999, 10.00000000000000355, 49.27416633585452388 ) ) ;
#3392 = ORIENTED_EDGE ( 'NONE', *, *, #2649, .T. ) ;
#3393 = CARTESIAN_POINT ( 'NONE',  ( 224.1833095681610359, 13.00000000000000178, 39.79777234482848058 ) ) ;
#3394 = EDGE_LOOP ( 'NONE', ( #4745, #3281 ) ) ;
#3395 = CARTESIAN_POINT ( 'NONE',  ( 76.22056918354569177, 13.00000000000000178, 29.53935888329002424 ) ) ;
#3396 = CARTESIAN_POINT ( 'NONE',  ( 230.6861056367430933, 10.00000000000000000, 60.13425514878924361 ) ) ;
#3397 = CARTESIAN_POINT ( 'NONE',  ( 171.9652067524605741, 13.00000000000000178, 39.38988581400252542 ) ) ;
#3398 = CARTESIAN_POINT ( 'NONE',  ( 87.07533525548682007, 10.00000000000000178, 15.49373952078310523 ) ) ;
#3399 = ORIENTED_EDGE ( 'NONE', *, *, #4455, .F. ) ;
#3400 = ADVANCED_FACE ( 'NONE', ( #5063 ), #1687, .T. ) ;
#3401 = CARTESIAN_POINT ( 'NONE',  ( 110.0808417190557407, 13.00000000000000178, 53.51570242653757248 ) ) ;
#3402 = CARTESIAN_POINT ( 'NONE',  ( 174.0028867617658932, 13.00000000000000533, 34.08719948693347845 ) ) ;
#3403 = VECTOR ( 'NONE', #2783, 1000.000000000000000 ) ;
#3404 = LINE ( 'NONE', #2417, #5639 ) ;
#3405 = CARTESIAN_POINT ( 'NONE',  ( 223.9931774513234757, 9.999999999999992895, 29.86347591780389266 ) ) ;
#3406 = CARTESIAN_POINT ( 'NONE',  ( 119.9923354025704612, 10.00000000000000533, 30.20578685565617505 ) ) ;
#3407 = ORIENTED_EDGE ( 'NONE', *, *, #3493, .F. ) ;
#3408 = CARTESIAN_POINT ( 'NONE',  ( 100.0000000000000142, 20.00000000000000000, 94.93724644492834841 ) ) ;
#3409 = VECTOR ( 'NONE', #4614, 1000.000000000000000 ) ;
#3410 = CARTESIAN_POINT ( 'NONE',  ( 160.0863058775224488, 10.00000000000000000, 56.08801723040462406 ) ) ;
#3411 = ADVANCED_FACE ( 'NONE', ( #1548 ), #1455, .T. ) ;
#3412 = CARTESIAN_POINT ( 'NONE',  ( 173.8642224950175716, 10.00000000000000000, 52.44860190432402902 ) ) ;
#3413 = CARTESIAN_POINT ( 'NONE',  ( 69.22261829384936505, 13.00000000000000178, 24.21823156704648738 ) ) ;
#3414 = CARTESIAN_POINT ( 'NONE',  ( 73.32053501545804863, 10.00000000000000000, 22.57740748404799547 ) ) ;
#3415 = CARTESIAN_POINT ( 'NONE',  ( 193.7571136399562022, 13.00000000000000178, 30.20898442867970601 ) ) ;
#3416 = CARTESIAN_POINT ( 'NONE',  ( 76.22056918354569177, 10.00000000000000355, 29.53935888329002424 ) ) ;
#3417 = VERTEX_POINT ( 'NONE', #559 ) ;
#3418 = CARTESIAN_POINT ( 'NONE',  ( 231.6944091315541243, 10.00000000000000355, 30.17619203732206046 ) ) ;
#3419 = B_SPLINE_SURFACE_WITH_KNOTS ( 'NONE', 3, 1, ( 
 ( #6102, #2734 ),
 ( #1871, #2247 ),
 ( #6070, #2304 ),
 ( #2701, #4149 ),
 ( #326, #2764 ),
 ( #6004, #5045 ),
 ( #358, #4095 ),
 ( #5561, #4552 ),
 ( #1343, #3223 ),
 ( #4618, #4649 ),
 ( #382, #2794 ) ),
 .UNSPECIFIED., .F., .F., .F.,
 ( 4, 1, 1, 1, 1, 1, 1, 1, 4 ),
 ( 2, 2 ),
 ( 0.000000000000000000, 0.1057142614175169137, 0.2134116126389970225, 0.3261267300734704833, 0.4444516715568702092, 0.5690610798550862492, 0.7027122044812157409, 0.8463179465861956352, 0.9999999999999998890 ),
 ( 0.000000000000000000, 1.000000000000000000 ),
 .UNSPECIFIED. ) ;
#3420 = CARTESIAN_POINT ( 'NONE',  ( 159.5228528373918095, 10.00000000000000000, 26.10486369098232728 ) ) ;
#3421 = CARTESIAN_POINT ( 'NONE',  ( 149.6106885368070891, 10.00000000000000355, 29.15396603518753338 ) ) ;
#3422 = CARTESIAN_POINT ( 'NONE',  ( 196.2435073677883963, 10.00000000000000355, 30.47810382413060992 ) ) ;
#3423 = CARTESIAN_POINT ( 'NONE',  ( 239.9855932220072248, 10.00000000000000178, 50.64212330636694048 ) ) ;
#3424 = ORIENTED_EDGE ( 'NONE', *, *, #314, .T. ) ;
#3425 = CARTESIAN_POINT ( 'NONE',  ( 87.99746574654581366, 12.99999999999999822, 22.96626125068805635 ) ) ;
#3426 = CARTESIAN_POINT ( 'NONE',  ( 120.0099877280295289, 13.00000000000000178, 26.15511899614387659 ) ) ;
#3427 = EDGE_LOOP ( 'NONE', ( #1289, #5334, #5705, #4781, #4978, #943, #174, #4244, #5717, #214, #1895 ) ) ;
#3428 = VECTOR ( 'NONE', #239, 1000.000000000000000 ) ;
#3429 = DIRECTION ( 'NONE',  ( -0.000000000000000000, -1.000000000000000000, -0.000000000000000000 ) ) ;
#3430 = VERTEX_POINT ( 'NONE', #2442 ) ;
#3431 = DIRECTION ( 'NONE',  ( 1.000000000000000000, 0.000000000000000000, -0.000000000000000000 ) ) ;
#3432 = CARTESIAN_POINT ( 'NONE',  ( 163.1215454754359371, 10.00000000000000355, 26.41909914840244866 ) ) ;
#3433 = CARTESIAN_POINT ( 'NONE',  ( 229.8555755986735392, 10.00000000000000178, 56.09469283538910389 ) ) ;
#3434 = CARTESIAN_POINT ( 'NONE',  ( 70.13583360662261157, 10.00000000000000000, 48.60486369098232728 ) ) ;
#3435 = CARTESIAN_POINT ( 'NONE',  ( 172.4855932220072248, 10.00000000000000000, 43.24128196021309378 ) ) ;
#3436 = FACE_BOUND ( 'NONE', #4776, .T. ) ;
#3437 = CARTESIAN_POINT ( 'NONE',  ( 226.2821619895503886, 13.00000000000000533, 27.48430014734525528 ) ) ;
#3438 = CARTESIAN_POINT ( 'NONE',  ( 216.9086701450841304, 13.00000000000000178, 26.68178676790540393 ) ) ;
#3439 = ORIENTED_EDGE ( 'NONE', *, *, #3989, .T. ) ;
#3440 = CARTESIAN_POINT ( 'NONE',  ( 159.5048239912379984, 13.00000000000000178, 56.10486369098232728 ) ) ;
#3441 = EDGE_CURVE ( 'NONE', #4331, #4565, #4818, .T. ) ;
#3442 = EDGE_LOOP ( 'NONE', ( #2753, #2331, #2235, #1005 ) ) ;
#3443 = CARTESIAN_POINT ( 'NONE',  ( 230.9891989912379984, 13.00000000000000178, 26.10486369098232728 ) ) ;
#3444 = CARTESIAN_POINT ( 'NONE',  ( 234.5167598084004794, 9.999999999999996447, 42.10492500194359877 ) ) ;
#3445 = CARTESIAN_POINT ( 'NONE',  ( 79.38851210976102379, 10.00000000000000000, 18.04351961344066879 ) ) ;
#3446 = DIRECTION ( 'NONE',  ( -7.869327825786364176E-15, 1.000000000000000000, 1.430126660546020495E-13 ) ) ;
#3447 = LINE ( 'NONE', #3822, #5462 ) ;
#3448 = B_SPLINE_CURVE_WITH_KNOTS ( 'NONE', 3,
 ( #5741, #4262, #1460, #1057, #5193, #4360, #5221, #131, #4704, #473, #2357, #4233, #8, #39, #1893, #3778, #5649, #2852, #4734 ),
 .UNSPECIFIED., .F., .F.,
 ( 4, 1, 1, 1, 1, 1, 1, 1, 1, 1, 1, 1, 1, 1, 1, 1, 4 ),
 ( 0.000000000000000000, 0.06518479598607240799, 0.1282737271139273438, 0.1902702203927573998, 0.2517683137756833722, 0.3127686945781244510, 0.3747932794097878495, 0.4379695860627112469, 0.5030473998633715471, 0.5681252136640317918, 0.6309497487122636139, 0.6923691093867025970, 0.7529731677502617959, 0.8136410669177470689, 0.8743552086918149335, 0.9365729684654838794, 1.000000000000000000 ),
 .UNSPECIFIED. ) ;
#3449 = VERTEX_POINT ( 'NONE', #931 ) ;
#3450 = CARTESIAN_POINT ( 'NONE',  ( 72.19071214480192111, 10.00000000000000000, 31.31380328760604570 ) ) ;
#3451 = EDGE_CURVE ( 'NONE', #59, #1501, #5060, .T. ) ;
#3452 = CARTESIAN_POINT ( 'NONE',  ( 223.9931774513234757, 12.99999999999999822, 29.86347591780389266 ) ) ;
#3453 = CARTESIAN_POINT ( 'NONE',  ( 159.5228528373918095, 13.00000000000000178, 26.10486369098232728 ) ) ;
#3454 = DIRECTION ( 'NONE',  ( -0.000000000000000000, 1.000000000000000000, -0.000000000000000000 ) ) ;
#3455 = CARTESIAN_POINT ( 'NONE',  ( 239.9581116731287693, 12.99999999999999822, 51.60724164097663191 ) ) ;
#3456 = VERTEX_POINT ( 'NONE', #5188 ) ;
#3457 = CARTESIAN_POINT ( 'NONE',  ( 88.42199648033019344, 9.999999999999994671, 23.51317393499916975 ) ) ;
#3458 = CARTESIAN_POINT ( 'NONE',  ( 130.5029794218297354, 13.00000000000000178, 31.05500840386931571 ) ) ;
#3459 = EDGE_CURVE ( 'NONE', #1870, #4845, #961, .T. ) ;
#3460 = ORIENTED_EDGE ( 'NONE', *, *, #2049, .T. ) ;
#3461 = CARTESIAN_POINT ( 'NONE',  ( 131.6899684328765545, 9.999999999999998224, 32.31022897209800959 ) ) ;
#3462 = B_SPLINE_SURFACE_WITH_KNOTS ( 'NONE', 3, 1, ( 
 ( #3596, #4459 ),
 ( #1588, #1190 ),
 ( #757, #2603 ),
 ( #262, #4983 ),
 ( #4519, #2177 ),
 ( #5352, #1126 ),
 ( #3009, #205 ),
 ( #3972, #4089 ),
 ( #5554, #4547 ),
 ( #3688, #3216 ),
 ( #3184, #1334 ),
 ( #1271, #5069 ),
 ( #6027, #2664 ),
 ( #1834, #3151 ),
 ( #350, #905 ),
 ( #3125, #406 ),
 ( #5013, #2298 ),
 ( #5102, #4674 ),
 ( #376, #4175 ) ),
 .UNSPECIFIED., .F., .F., .F.,
 ( 4, 1, 1, 1, 1, 1, 1, 1, 1, 1, 1, 1, 1, 1, 1, 1, 4 ),
 ( 2, 2 ),
 ( 0.000000000000000000, 0.06874226160548868592, 0.1346351922242763899, 0.1983241870671471341, 0.2608250125604207881, 0.3227135881590241229, 0.3845545346076184035, 0.4469128577247556966, 0.5109576325148288412, 0.5749307010013360308, 0.6366845377960930197, 0.6974831152940622614, 0.7571338075238543963, 0.8169656636752641310, 0.8768183516571963487, 0.9376625803840034079, 1.000000000000000000 ),
 ( 0.000000000000000000, 1.000000000000000000 ),
 .UNSPECIFIED. ) ;
#3463 = CARTESIAN_POINT ( 'NONE',  ( 193.3500392409706876, 9.999999999999998224, 26.39775391644039004 ) ) ;
#3464 = CARTESIAN_POINT ( 'NONE',  ( 170.7758638881633999, 13.00000000000000178, 30.23629179878570028 ) ) ;
#3465 = CARTESIAN_POINT ( 'NONE',  ( 233.0245319314130654, 10.00000000000000000, 46.13207568542810577 ) ) ;
#3466 = B_SPLINE_CURVE_WITH_KNOTS ( 'NONE', 3,
 ( #3995, #3533, #1180, #252, #1985, #5192, #2415, #2648, #3025, #2190, #2103 ),
 .UNSPECIFIED., .F., .F.,
 ( 4, 1, 1, 1, 1, 1, 1, 1, 4 ),
 ( 0.000000000000000000, 0.1057142614175169137, 0.2134116126389970225, 0.3261267300734704833, 0.4444516715568702092, 0.5690610798550862492, 0.7027122044812157409, 0.8463179465861956352, 0.9999999999999998890 ),
 .UNSPECIFIED. ) ;
#3467 = CARTESIAN_POINT ( 'NONE',  ( 88.64244418354567756, 13.00000000000000178, 23.79717138329001713 ) ) ;
#3468 = CARTESIAN_POINT ( 'NONE',  ( 296.5030604351463808, 0.000000000000000000, 91.13552925583975650 ) ) ;
#3469 = CARTESIAN_POINT ( 'NONE',  ( 71.14122586621158462, 10.00000000000000355, 29.97954661372991225 ) ) ;
#3470 = FACE_OUTER_BOUND ( 'NONE', #3492, .T. ) ;
#3471 = CARTESIAN_POINT ( 'NONE',  ( 121.7028960048311603, 10.00000000000000178, 30.52944934861574211 ) ) ;
#3472 = EDGE_LOOP ( 'NONE', ( #828, #4426, #599, #4415 ) ) ;
#3473 = CARTESIAN_POINT ( 'NONE',  ( 169.8261633243445203, 9.999999999999996447, 51.21266849727685155 ) ) ;
#3474 = VERTEX_POINT ( 'NONE', #1978 ) ;
#3475 = FACE_OUTER_BOUND ( 'NONE', #1169, .T. ) ;
#3476 = EDGE_CURVE ( 'NONE', #2807, #2739, #5006, .T. ) ;
#3477 = CARTESIAN_POINT ( 'NONE',  ( 235.9331650420467668, 13.00000000000000178, 50.52655939060169032 ) ) ;
#3478 = CARTESIAN_POINT ( 'NONE',  ( 159.5048239912379984, 10.00000000000000000, 30.14332522944386383 ) ) ;
#3479 = CARTESIAN_POINT ( 'NONE',  ( 188.2067470681610359, 10.00000000000000000, 37.22866176790540038 ) ) ;
#3480 = CARTESIAN_POINT ( 'NONE',  ( 73.87963974877493456, 13.00000000000000178, 26.57896168390463743 ) ) ;
#3481 = VERTEX_POINT ( 'NONE', #3868 ) ;
#3482 = CARTESIAN_POINT ( 'NONE',  ( 226.3593938760252797, 9.999999999999998224, 42.04683778116520187 ) ) ;
#3483 = VECTOR ( 'NONE', #4440, 1000.000000000000000 ) ;
#3484 = CARTESIAN_POINT ( 'NONE',  ( 223.8786320756604482, 13.00000000000000178, 52.91788648765849246 ) ) ;
#3485 = ADVANCED_FACE ( 'NONE', ( #495 ), #4013, .T. ) ;
#3486 = FACE_OUTER_BOUND ( 'NONE', #1398, .T. ) ;
#3487 = CARTESIAN_POINT ( 'NONE',  ( 234.1373935718217467, 10.00000000000000533, 59.46455195120336157 ) ) ;
#3488 = ORIENTED_EDGE ( 'NONE', *, *, #5205, .F. ) ;
#3489 = CARTESIAN_POINT ( 'NONE',  ( 226.7629617137490072, 13.00000000000000178, 33.71618972347543775 ) ) ;
#3490 = CARTESIAN_POINT ( 'NONE',  ( 92.84502592270578702, 13.00000000000000178, 49.74423664051275296 ) ) ;
#3491 = VECTOR ( 'NONE', #1245, 1000.000000000000000 ) ;
#3492 = EDGE_LOOP ( 'NONE', ( #346, #5816, #5407, #4952 ) ) ;
#3493 = EDGE_CURVE ( 'NONE', #5964, #1185, #2062, .T. ) ;
#3494 = VECTOR ( 'NONE', #3503, 1000.000000000000000 ) ;
#3495 = CARTESIAN_POINT ( 'NONE',  ( 83.46222574046329612, 13.00000000000000178, 55.54118091434877158 ) ) ;
#3496 = VERTEX_POINT ( 'NONE', #2072 ) ;
#3497 = CARTESIAN_POINT ( 'NONE',  ( 81.80200527779297204, 13.00000000000000178, 38.87230492652902569 ) ) ;
#3498 = CARTESIAN_POINT ( 'NONE',  ( 172.0168432220072248, 10.00000000000000000, 31.52253196021309734 ) ) ;
#3499 = CARTESIAN_POINT ( 'NONE',  ( 234.5105253565372436, 9.999999999999996447, 47.30715126054657560 ) ) ;
#3500 = CARTESIAN_POINT ( 'NONE',  ( 66.66666666666668561, 10.00000000000000000, 96.43724644492834841 ) ) ;
#3501 = CARTESIAN_POINT ( 'NONE',  ( 172.4240922066626638, 10.00000000000000000, 44.95876913123572649 ) ) ;
#3502 = CARTESIAN_POINT ( 'NONE',  ( 69.55203519027782022, 13.00000000000000178, 26.61253197144581151 ) ) ;
#3503 = DIRECTION ( 'NONE',  ( 0.000000000000000000, 0.000000000000000000, 1.000000000000000000 ) ) ;
#3504 = CARTESIAN_POINT ( 'NONE',  ( 127.9142333418047173, 10.00000000000000000, 57.35896712517620699 ) ) ;
#3505 = ORIENTED_EDGE ( 'NONE', *, *, #5509, .F. ) ;
#3506 = CARTESIAN_POINT ( 'NONE',  ( 234.0983865402657784, 10.00000000000000178, 46.94168596089716772 ) ) ;
#3507 = ORIENTED_EDGE ( 'NONE', *, *, #2754, .T. ) ;
#3508 = CARTESIAN_POINT ( 'NONE',  ( 133.6020581027254082, 13.00000000000000178, 35.06146327894749959 ) ) ;
#3509 = LINE ( 'NONE', #5811, #4905 ) ;
#3510 = DIRECTION ( 'NONE',  ( 0.000000000000000000, 0.000000000000000000, -1.000000000000000000 ) ) ;
#3511 = CARTESIAN_POINT ( 'NONE',  ( 159.0684832742441017, 10.00000000000000000, 30.15572712239876196 ) ) ;
#3512 = CARTESIAN_POINT ( 'NONE',  ( 237.4899621384279840, 9.999999999999996447, 44.40840200862168530 ) ) ;
#3513 = CARTESIAN_POINT ( 'NONE',  ( 162.9114672422195156, 13.00000000000000533, 55.72409224583306298 ) ) ;
#3514 = ORIENTED_EDGE ( 'NONE', *, *, #3952, .F. ) ;
#3515 = CARTESIAN_POINT ( 'NONE',  ( 74.79700305691676476, 13.00000000000000178, 28.02559721175794039 ) ) ;
#3516 = VECTOR ( 'NONE', #2830, 1000.000000000000000 ) ;
#3517 = CARTESIAN_POINT ( 'NONE',  ( 171.9652067524605741, 10.00000000000000000, 39.38988581400252542 ) ) ;
#3518 = B_SPLINE_SURFACE_WITH_KNOTS ( 'NONE', 3, 1, ( 
 ( #5904, #3566 ),
 ( #4544, #4085 ),
 ( #5432, #5963 ),
 ( #1213, #4456 ),
 ( #1738, #3622 ),
 ( #5489, #3094 ),
 ( #2692, #2084 ) ),
 .UNSPECIFIED., .F., .F., .F.,
 ( 4, 1, 1, 1, 4 ),
 ( 2, 2 ),
 ( 0.000000000000000000, 0.2534754346498635513, 0.5004533151029020299, 0.7455781350009794695, 1.000000000000000000 ),
 ( 0.000000000000000000, 1.000000000000000000 ),
 .UNSPECIFIED. ) ;
#3519 =( GEOMETRIC_REPRESENTATION_CONTEXT ( 3 ) GLOBAL_UNCERTAINTY_ASSIGNED_CONTEXT ( ( #777 ) ) GLOBAL_UNIT_ASSIGNED_CONTEXT ( ( #633, #5381, #4515 ) ) REPRESENTATION_CONTEXT ( 'NONE', 'WORKASPACE' ) );
#3520 = DIRECTION ( 'NONE',  ( -0.000000000000000000, -1.000000000000000000, -0.000000000000000000 ) ) ;
#3521 = CARTESIAN_POINT ( 'NONE',  ( 237.8815046572989047, 13.00000000000000178, 56.69013038669210403 ) ) ;
#3522 = ORIENTED_EDGE ( 'NONE', *, *, #2101, .F. ) ;
#3523 = CARTESIAN_POINT ( 'NONE',  ( 226.7163624527764227, 13.00000000000000178, 34.56940696021309378 ) ) ;
#3524 = CARTESIAN_POINT ( 'NONE',  ( 230.2103408148026631, 9.999999999999998224, 39.57206749747034991 ) ) ;
#3525 = ORIENTED_EDGE ( 'NONE', *, *, #5651, .F. ) ;
#3526 = EDGE_CURVE ( 'NONE', #1890, #4121, #1176, .T. ) ;
#3527 = VECTOR ( 'NONE', #4953, 1000.000000000000000 ) ;
#3528 = ORIENTED_EDGE ( 'NONE', *, *, #1222, .F. ) ;
#3529 = CARTESIAN_POINT ( 'NONE',  ( 187.7837344059525435, 10.00000000000000178, 31.07181416745163460 ) ) ;
#3530 = CARTESIAN_POINT ( 'NONE',  ( 70.61131138217474756, 12.99999999999999822, 18.56777491592289309 ) ) ;
#3531 = EDGE_CURVE ( 'NONE', #103, #1905, #278, .T. ) ;
#3532 = EDGE_CURVE ( 'NONE', #3481, #2360, #4882, .T. ) ;
#3533 = CARTESIAN_POINT ( 'NONE',  ( 231.3388112357961290, 10.00000000000000000, 26.11906235709153989 ) ) ;
#3534 = CARTESIAN_POINT ( 'NONE',  ( 232.3841009868725678, 10.00000000000000355, 55.74015439321492238 ) ) ;
#3535 = LINE ( 'NONE', #1675, #2018 ) ;
#3536 = CARTESIAN_POINT ( 'NONE',  ( 71.73138649123798416, 13.00000000000000178, 30.76532042175155723 ) ) ;
#3537 = ORIENTED_EDGE ( 'NONE', *, *, #2279, .T. ) ;
#3538 = EDGE_CURVE ( 'NONE', #5121, #3867, #2214, .T. ) ;
#3539 = CARTESIAN_POINT ( 'NONE',  ( 69.21636245277645116, 13.00000000000000178, 23.91435888329002069 ) ) ;
#3540 = EDGE_LOOP ( 'NONE', ( #201, #2353, #3558, #4923 ) ) ;
#3541 = DIRECTION ( 'NONE',  ( -0.000000000000000000, -1.000000000000000000, -0.000000000000000000 ) ) ;
#3542 = B_SPLINE_CURVE_WITH_KNOTS ( 'NONE', 3,
 ( #4212, #6103, #1309, #3754, #5562, #4711, #1278 ),
 .UNSPECIFIED., .F., .F.,
 ( 4, 1, 1, 1, 4 ),
 ( 0.000000000000000000, 0.2252775478670093756, 0.4635231951764776648, 0.7203235553269164981, 0.9999999999999998890 ),
 .UNSPECIFIED. ) ;
#3543 = CARTESIAN_POINT ( 'NONE',  ( 235.0099512729138382, 12.99999999999999822, 47.90811707410352938 ) ) ;
#3544 = CARTESIAN_POINT ( 'NONE',  ( 146.5363796184722673, 10.00000000000000000, 42.79594459398933992 ) ) ;
#3545 = CARTESIAN_POINT ( 'NONE',  ( 296.5030604351463808, 0.000000000000000000, 85.13552925583971387 ) ) ;
#3546 = CARTESIAN_POINT ( 'NONE',  ( 230.1444001598086402, 10.00000000000000178, 30.18434042642948967 ) ) ;
#3547 = ORIENTED_EDGE ( 'NONE', *, *, #2164, .T. ) ;
#3548 = CARTESIAN_POINT ( 'NONE',  ( 230.1418432220071963, 13.00000000000000178, 56.10486369098232728 ) ) ;
#3549 = CARTESIAN_POINT ( 'NONE',  ( 163.2779552682173403, 10.00000000000000000, 30.66528550712544288 ) ) ;
#3550 = CARTESIAN_POINT ( 'NONE',  ( 78.81946289447257925, 10.00000000000000355, 13.46765142470898091 ) ) ;
#3551 = ORIENTED_EDGE ( 'NONE', *, *, #14, .F. ) ;
#3552 = CARTESIAN_POINT ( 'NONE',  ( 87.35294377262492560, 13.00000000000000533, 22.20034433575041888 ) ) ;
#3553 = CARTESIAN_POINT ( 'NONE',  ( 131.6899684328765545, 9.999999999999998224, 32.31022897209800959 ) ) ;
#3554 = ORIENTED_EDGE ( 'NONE', *, *, #1022, .T. ) ;
#3555 = EDGE_CURVE ( 'NONE', #2076, #796, #4174, .T. ) ;
#3556 = CARTESIAN_POINT ( 'NONE',  ( 216.9086701450841304, 13.00000000000000178, 30.72024830636694048 ) ) ;
#3557 = CARTESIAN_POINT ( 'NONE',  ( 74.65189271225891332, 12.99999999999999822, 14.76771637831841311 ) ) ;
#3558 = ORIENTED_EDGE ( 'NONE', *, *, #3864, .T. ) ;
#3559 = CARTESIAN_POINT ( 'NONE',  ( 223.4839049769891801, 12.99999999999999822, 38.67345338379559649 ) ) ;
#3560 = ADVANCED_FACE ( 'NONE', ( #4973 ), #5800, .T. ) ;
#3561 = FACE_OUTER_BOUND ( 'NONE', #3925, .T. ) ;
#3562 = CARTESIAN_POINT ( 'NONE',  ( 69.26634754063431387, 10.00000000000000000, 22.49624381943636919 ) ) ;
#3563 = CARTESIAN_POINT ( 'NONE',  ( 154.2122806037125144, 12.99999999999999822, 26.83671280181727781 ) ) ;
#3564 = ORIENTED_EDGE ( 'NONE', *, *, #5026, .T. ) ;
#3565 = B_SPLINE_SURFACE_WITH_KNOTS ( 'NONE', 3, 1, ( 
 ( #3926, #5364 ),
 ( #5762, #3457 ),
 ( #3425, #1667 ),
 ( #3552, #615 ),
 ( #5420, #2067 ),
 ( #3080, #3894 ),
 ( #740, #4345 ),
 ( #4909, #4443 ),
 ( #152, #2099 ),
 ( #5795, #710 ),
 ( #2586, #2005 ),
 ( #1542, #1076 ),
 ( #2961, #4846 ),
 ( #2039, #1572 ),
 ( #1104, #1816 ) ),
 .UNSPECIFIED., .F., .F., .F.,
 ( 4, 1, 1, 1, 1, 1, 1, 1, 1, 1, 1, 1, 4 ),
 ( 2, 2 ),
 ( 0.000000000000000000, 0.09846943102555746896, 0.1896291011376321500, 0.2741840894379700133, 0.3521831609671534080, 0.4231988731834701589, 0.4885509460005328375, 0.5484733460279378470, 0.6014401636178723365, 0.7011980824257653122, 0.7995918021381838159, 0.8985450984822281884, 0.9999999999999998890 ),
 ( 0.000000000000000000, 1.000000000000000000 ),
 .UNSPECIFIED. ) ;
#3566 = CARTESIAN_POINT ( 'NONE',  ( 235.9471316835456776, 10.00000000000000000, 50.81339734482848058 ) ) ;
#3567 = ORIENTED_EDGE ( 'NONE', *, *, #5735, .F. ) ;
#3568 = CARTESIAN_POINT ( 'NONE',  ( 227.6640913955486951, 13.00000000000000178, 37.31758438908858011 ) ) ;
#3569 = EDGE_CURVE ( 'NONE', #1139, #3350, #5809, .T. ) ;
#3570 = DIRECTION ( 'NONE',  ( 0.000000000000000000, 1.000000000000000000, 0.000000000000000000 ) ) ;
#3571 = CARTESIAN_POINT ( 'NONE',  ( 236.1784517763666145, 9.999999999999996447, 43.26333683531552055 ) ) ;
#3572 = CARTESIAN_POINT ( 'NONE',  ( 73.59237734051664859, 13.00000000000000178, 25.87281419032247953 ) ) ;
#3573 = VERTEX_POINT ( 'NONE', #1262 ) ;
#3574 = CARTESIAN_POINT ( 'NONE',  ( 229.8533816835456491, 10.00000000000000355, 44.28695503713617398 ) ) ;
#3575 = CARTESIAN_POINT ( 'NONE',  ( 164.4537739951128117, 13.00000000000000178, 31.07603702560156833 ) ) ;
#3576 = CARTESIAN_POINT ( 'NONE',  ( 75.97690321046491135, 10.00000000000000711, 14.17184019708478004 ) ) ;
#3577 = CARTESIAN_POINT ( 'NONE',  ( 239.1532494572123255, 13.00000000000000178, 46.69850866596841854 ) ) ;
#3578 = ORIENTED_EDGE ( 'NONE', *, *, #4505, .F. ) ;
#3579 = CARTESIAN_POINT ( 'NONE',  ( 131.4998565526254879, 10.00000000000000000, 43.63939158557091247 ) ) ;
#3580 = CARTESIAN_POINT ( 'NONE',  ( 135.5464106026345235, 10.00000000000000178, 42.46227158725938722 ) ) ;
#3581 = EDGE_LOOP ( 'NONE', ( #5727, #1936, #782, #3681 ) ) ;
#3582 = FACE_OUTER_BOUND ( 'NONE', #1028, .T. ) ;
#3583 = AXIS2_PLACEMENT_3D ( 'NONE', #5655, #942, #3190 ) ;
#3584 = ORIENTED_EDGE ( 'NONE', *, *, #2497, .F. ) ;
#3585 = CARTESIAN_POINT ( 'NONE',  ( 146.5363796184722673, 13.00000000000000178, 42.79594459398933992 ) ) ;
#3586 = CARTESIAN_POINT ( 'NONE',  ( 104.9855932220072106, 13.00000000000000178, 53.60786849867463388 ) ) ;
#3587 = CARTESIAN_POINT ( 'NONE',  ( 114.8415233041211252, 13.00000000000000178, 55.71329067602535901 ) ) ;
#3588 = CARTESIAN_POINT ( 'NONE',  ( 118.2998961066225974, 13.00000000000000000, 56.10486369098232728 ) ) ;
#3589 = VECTOR ( 'NONE', #4222, 1000.000000000000000 ) ;
#3590 = DIRECTION ( 'NONE',  ( -0.000000000000000000, -1.000000000000000000, -0.000000000000000000 ) ) ;
#3591 = EDGE_LOOP ( 'NONE', ( #4760, #4700, #5488, #507 ) ) ;
#3592 = EDGE_CURVE ( 'NONE', #3474, #1704, #1358, .T. ) ;
#3593 = LINE ( 'NONE', #4575, #1013 ) ;
#3594 = EDGE_LOOP ( 'NONE', ( #3505, #3007, #353, #1179 ) ) ;
#3595 = CARTESIAN_POINT ( 'NONE',  ( 81.80200527779297204, 13.00000000000000178, 38.87230492652902569 ) ) ;
#3596 = CARTESIAN_POINT ( 'NONE',  ( 159.5228528373918095, 13.00000000000000178, 60.14332522944386739 ) ) ;
#3597 = CARTESIAN_POINT ( 'NONE',  ( 225.1099758962513704, 12.99999999999999822, 40.92314669725829646 ) ) ;
#3598 = DIRECTION ( 'NONE',  ( -0.000000000000000000, 1.000000000000000000, -0.000000000000000000 ) ) ;
#3599 = VERTEX_POINT ( 'NONE', #4195 ) ;
#3600 = CARTESIAN_POINT ( 'NONE',  ( 231.2932526618354530, 12.99999999999999822, 56.05280271931262348 ) ) ;
#3601 = B_SPLINE_CURVE_WITH_KNOTS ( 'NONE', 3,
 ( #3981, #3050, #4680, #3286, #1750, #4096, #2305, #3224, #3255, #1344, #2218 ),
 .UNSPECIFIED., .F., .F.,
 ( 4, 1, 1, 1, 1, 1, 1, 1, 4 ),
 ( 0.000000000000000000, 0.1589891012267982962, 0.3071145916055731950, 0.4462131585962152425, 0.5748760724117290000, 0.6941521095829585875, 0.8045811801532382068, 0.9065933190457645674, 1.000000000000000000 ),
 .UNSPECIFIED. ) ;
#3602 = EDGE_CURVE ( 'NONE', #3052, #1047, #4162, .T. ) ;
#3603 = ADVANCED_FACE ( 'NONE', ( #2289 ), #775, .T. ) ;
#3604 = CARTESIAN_POINT ( 'NONE',  ( 226.9705110027323087, 13.00000000000000178, 27.05864701424825469 ) ) ;
#3605 = CARTESIAN_POINT ( 'NONE',  ( 169.4025023453571634, 13.00000000000000178, 29.13337273867309207 ) ) ;
#3606 = CARTESIAN_POINT ( 'NONE',  ( 69.21636245277646537, 10.00000000000000355, 23.91435888329002424 ) ) ;
#3607 = CARTESIAN_POINT ( 'NONE',  ( 149.4444091096514455, 10.00000000000000000, 34.93500521403434078 ) ) ;
#3608 = CARTESIAN_POINT ( 'NONE',  ( 157.6900703492646016, 10.00000000000000178, 26.14475590073910283 ) ) ;
#3609 = VECTOR ( 'NONE', #612, 1000.000000000000000 ) ;
#3610 = ORIENTED_EDGE ( 'NONE', *, *, #1668, .T. ) ;
#3611 = CARTESIAN_POINT ( 'NONE',  ( 127.6144491233133493, 9.999999999999998224, 52.34622757022088280 ) ) ;
#3612 = DIRECTION ( 'NONE',  ( 0.000000000000000000, 0.000000000000000000, 1.000000000000000000 ) ) ;
#3613 = EDGE_LOOP ( 'NONE', ( #1837, #2684, #1392, #570 ) ) ;
#3614 = ORIENTED_EDGE ( 'NONE', *, *, #5168, .F. ) ;
#3615 = FACE_OUTER_BOUND ( 'NONE', #5203, .T. ) ;
#3616 = CARTESIAN_POINT ( 'NONE',  ( 84.53023426706349142, 9.999999999999996447, 19.47824170947943045 ) ) ;
#3617 = EDGE_LOOP ( 'NONE', ( #3578, #3838, #2238, #4437 ) ) ;
#3618 = CARTESIAN_POINT ( 'NONE',  ( 229.5184963116103916, 10.00000000000000000, 44.10002334430974713 ) ) ;
#3619 = DIRECTION ( 'NONE',  ( 0.000000000000000000, 0.000000000000000000, -1.000000000000000000 ) ) ;
#3620 = DIRECTION ( 'NONE',  ( 0.000000000000000000, 0.000000000000000000, -1.000000000000000000 ) ) ;
#3621 = VERTEX_POINT ( 'NONE', #5453 ) ;
#3622 = CARTESIAN_POINT ( 'NONE',  ( 235.3468681803191771, 9.999999999999996447, 48.36312682435463017 ) ) ;
#3623 = VERTEX_POINT ( 'NONE', #2316 ) ;
#3624 = CARTESIAN_POINT ( 'NONE',  ( 79.10518456816106436, 13.00000000000000178, 36.88611369098232728 ) ) ;
#3625 = CARTESIAN_POINT ( 'NONE',  ( 145.9239126601768817, 9.999999999999996447, 32.78344515732614184 ) ) ;
#3626 = PLANE ( 'NONE',  #4264 ) ;
#3627 = EDGE_CURVE ( 'NONE', #1257, #3243, #1290, .T. ) ;
#3628 = CARTESIAN_POINT ( 'NONE',  ( 296.5030604351463808, 0.000000000000000000, 85.13552925583971387 ) ) ;
#3629 = ORIENTED_EDGE ( 'NONE', *, *, #1941, .T. ) ;
#3630 = CARTESIAN_POINT ( 'NONE',  ( 222.7945600515236890, 13.00000000000000178, 57.56939204516324082 ) ) ;
#3631 = CARTESIAN_POINT ( 'NONE',  ( 129.2183427047863233, 13.00000000000000178, 29.89488075045933968 ) ) ;
#3632 = CARTESIAN_POINT ( 'NONE',  ( 188.3539271037342644, 10.00000000000000355, 30.20981989080710051 ) ) ;
#3633 = CARTESIAN_POINT ( 'NONE',  ( 75.14954871315407559, 12.99999999999999822, 59.84767853183571162 ) ) ;
#3634 = PLANE ( 'NONE',  #4784 ) ;
#3635 = CARTESIAN_POINT ( 'NONE',  ( 223.0311382332708092, 10.00000000000000355, 37.42231868295446162 ) ) ;
#3636 = EDGE_CURVE ( 'NONE', #1462, #3342, #421, .T. ) ;
#3637 = CARTESIAN_POINT ( 'NONE',  ( 230.9891989912379984, 13.00000000000000178, 26.10486369098232728 ) ) ;
#3638 = ORIENTED_EDGE ( 'NONE', *, *, #2572, .T. ) ;
#3639 = CARTESIAN_POINT ( 'NONE',  ( 80.01564129893029076, 13.00000000000000178, 56.10486369098232728 ) ) ;
#3640 = CARTESIAN_POINT ( 'NONE',  ( 196.6122478402674005, 10.00000000000000178, 30.64260216510630030 ) ) ;
#3641 = B_SPLINE_CURVE_WITH_KNOTS ( 'NONE', 3,
 ( #4560, #4999, #3054, #2618, #4939, #246, #2646 ),
 .UNSPECIFIED., .F., .F.,
 ( 4, 1, 1, 1, 4 ),
 ( 0.000000000000000000, 0.2951388013693759804, 0.5602299448882313015, 0.7949833567408980395, 1.000000000000000000 ),
 .UNSPECIFIED. ) ;
#3642 = CARTESIAN_POINT ( 'NONE',  ( 83.05893189460195458, 12.99999999999999822, 18.63738375001473813 ) ) ;
#3643 = EDGE_CURVE ( 'NONE', #5337, #5827, #3706, .T. ) ;
#3644 = CARTESIAN_POINT ( 'NONE',  ( 78.00115092153336604, 10.00000000000000355, 60.58514046825276012 ) ) ;
#3645 = CARTESIAN_POINT ( 'NONE',  ( 77.54590614301413609, 9.999999999999996447, 30.59975543151405475 ) ) ;
#3646 = CARTESIAN_POINT ( 'NONE',  ( 131.5240547604687436, 13.00000000000000178, 43.07902234482848058 ) ) ;
#3647 = CARTESIAN_POINT ( 'NONE',  ( 142.5286295737414264, 13.00000000000000178, 41.57384792709420651 ) ) ;
#3648 = CARTESIAN_POINT ( 'NONE',  ( 176.5114375663814030, 12.99999999999999822, 43.77095371826708714 ) ) ;
#3649 = CARTESIAN_POINT ( 'NONE',  ( 235.0103541259182975, 12.99999999999999822, 53.74510867426685223 ) ) ;
#3650 = CARTESIAN_POINT ( 'NONE',  ( 231.6916609614645779, 13.00000000000000178, 40.48449466999393564 ) ) ;
#3651 = EDGE_LOOP ( 'NONE', ( #266, #4789, #3525, #1231, #1599, #5882 ) ) ;
#3652 = DIRECTION ( 'NONE',  ( 0.000000000000000000, 1.000000000000000000, 0.000000000000000000 ) ) ;
#3653 = EDGE_LOOP ( 'NONE', ( #3567, #3699, #186, #1482 ) ) ;
#3654 = CARTESIAN_POINT ( 'NONE',  ( 121.6824738803362891, 13.00000000000000533, 55.70135906926023495 ) ) ;
#3655 = CARTESIAN_POINT ( 'NONE',  ( 142.7384646904111491, 9.999999999999998224, 39.96764286157956292 ) ) ;
#3656 = CARTESIAN_POINT ( 'NONE',  ( 104.9855932220072106, 10.00000000000000178, 43.19620984482848058 ) ) ;
#3657 = LINE ( 'NONE', #5466, #1832 ) ;
#3658 = ORIENTED_EDGE ( 'NONE', *, *, #1716, .F. ) ;
#3659 = CARTESIAN_POINT ( 'NONE',  ( 211.1394393758533568, 13.00000000000000178, 59.56640215252078718 ) ) ;
#3660 = CARTESIAN_POINT ( 'NONE',  ( 230.1169680079472357, 13.00000000000000178, 26.12162961496511215 ) ) ;
#3661 = ADVANCED_FACE ( 'NONE', ( #3236 ), #5122, .T. ) ;
#3662 = DIRECTION ( 'NONE',  ( -0.000000000000000000, -1.000000000000000000, -0.000000000000000000 ) ) ;
#3663 = CARTESIAN_POINT ( 'NONE',  ( 66.33174706816106436, 13.00000000000000178, 50.88551272944386028 ) ) ;
#3664 = CARTESIAN_POINT ( 'NONE',  ( 158.2070659056574584, 10.00000000000000000, 30.18021075543741105 ) ) ;
#3665 = PLANE ( 'NONE',  #2010 ) ;
#3666 = CARTESIAN_POINT ( 'NONE',  ( 104.9855932220072106, 10.00000000000000000, 53.60786849867463388 ) ) ;
#3667 = ORIENTED_EDGE ( 'NONE', *, *, #4348, .F. ) ;
#3668 = CARTESIAN_POINT ( 'NONE',  ( 187.4872199006195217, 9.999999999999998224, 46.53736291581414974 ) ) ;
#3669 = LINE ( 'NONE', #920, #1731 ) ;
#3670 = ADVANCED_FACE ( 'NONE', ( #3615 ), #2746, .T. ) ;
#3671 = CARTESIAN_POINT ( 'NONE',  ( 134.3359142301048621, 9.999999999999996447, 49.64501527100944855 ) ) ;
#3672 = PLANE ( 'NONE',  #5481 ) ;
#3673 = CARTESIAN_POINT ( 'NONE',  ( 216.9086701450841304, 10.00000000000000000, 30.72024830636694048 ) ) ;
#3674 = CARTESIAN_POINT ( 'NONE',  ( 74.27010731524740095, 10.00000000000000355, 20.50019131388360094 ) ) ;
#3675 = ADVANCED_FACE ( 'NONE', ( #5029 ), #4397, .T. ) ;
#3676 = EDGE_LOOP ( 'NONE', ( #4022, #5099, #4767, #118 ) ) ;
#3677 = VECTOR ( 'NONE', #6032, 1000.000000000000000 ) ;
#3678 = CARTESIAN_POINT ( 'NONE',  ( 145.9239126601768817, 12.99999999999999822, 32.78344515732614184 ) ) ;
#3679 = CARTESIAN_POINT ( 'NONE',  ( 167.8316809961842182, 10.00000000000000533, 58.18893022170470175 ) ) ;
#3680 = DIRECTION ( 'NONE',  ( 0.000000000000000000, 0.000000000000000000, 1.000000000000000000 ) ) ;
#3681 = ORIENTED_EDGE ( 'NONE', *, *, #423, .T. ) ;
#3682 = B_SPLINE_CURVE_WITH_KNOTS ( 'NONE', 3,
 ( #5283, #2445, #2875, #1055, #499, #69, #471, #1426, #1023, #2355, #4762, #3776, #2937, #2413, #5711, #4790, #1487, #4294, #1953 ),
 .UNSPECIFIED., .F., .F.,
 ( 4, 1, 1, 1, 1, 1, 1, 1, 1, 1, 1, 1, 1, 1, 1, 1, 4 ),
 ( 0.000000000000000000, 0.06797848961925527511, 0.1330435352439082453, 0.1965074380533949894, 0.2586134167685746887, 0.3197283376065477856, 0.3808728540495674442, 0.4426356023162050235, 0.5050793035048781743, 0.5678805200585764767, 0.6288138541554867400, 0.6889100905404389463, 0.7487650058898458472, 0.8093857829631169176, 0.8708843357532255469, 0.9340374630737016126, 0.9999999999999998890 ),
 .UNSPECIFIED. ) ;
#3683 = VECTOR ( 'NONE', #5485, 1000.000000000000000 ) ;
#3684 = CARTESIAN_POINT ( 'NONE',  ( 232.0445940876936390, 12.99999999999999822, 26.14772604154677538 ) ) ;
#3685 = ORIENTED_EDGE ( 'NONE', *, *, #1224, .F. ) ;
#3686 = LINE ( 'NONE', #3247, #5392 ) ;
#3687 = VECTOR ( 'NONE', #332, 1000.000000000000000 ) ;
#3688 = CARTESIAN_POINT ( 'NONE',  ( 147.2266282630787373, 12.99999999999999822, 55.08637881637243794 ) ) ;
#3689 = CARTESIAN_POINT ( 'NONE',  ( 224.6002774069886527, 13.00000000000000178, 40.37337544766724307 ) ) ;
#3690 = FACE_OUTER_BOUND ( 'NONE', #5431, .T. ) ;
#3691 = VERTEX_POINT ( 'NONE', #5149 ) ;
#3692 = LINE ( 'NONE', #3659, #1041 ) ;
#3693 = CARTESIAN_POINT ( 'NONE',  ( 86.26899823849026916, 10.00000000000000000, 37.10817890843414091 ) ) ;
#3694 = CARTESIAN_POINT ( 'NONE',  ( 228.4340826859140634, 13.00000000000000178, 55.90154673409737285 ) ) ;
#3695 = CARTESIAN_POINT ( 'NONE',  ( 106.3339550229730577, 12.99999999999999822, 55.13734370614695735 ) ) ;
#3696 = CARTESIAN_POINT ( 'NONE',  ( 0.000000000000000000, 13.00000000000000178, 0.000000000000000000 ) ) ;
#3697 = FACE_OUTER_BOUND ( 'NONE', #273, .T. ) ;
#3698 = CARTESIAN_POINT ( 'NONE',  ( 111.0255826525438323, 10.00000000000000178, 58.53351101922167743 ) ) ;
#3699 = ORIENTED_EDGE ( 'NONE', *, *, #3075, .F. ) ;
#3700 = LINE ( 'NONE', #4130, #5543 ) ;
#3701 = CARTESIAN_POINT ( 'NONE',  ( 187.4872199006195217, 12.99999999999999822, 46.53736291581414974 ) ) ;
#3702 = CARTESIAN_POINT ( 'NONE',  ( 131.6899684328765545, 12.99999999999999822, 32.31022897209800959 ) ) ;
#3703 = PLANE ( 'NONE',  #321 ) ;
#3704 = AXIS2_PLACEMENT_3D ( 'NONE', #127, #1922, #2874 ) ;
#3705 = CARTESIAN_POINT ( 'NONE',  ( 80.01564129893029076, 10.00000000000000355, 60.72024830636693338 ) ) ;
#3706 = LINE ( 'NONE', #5575, #1913 ) ;
#3707 = EDGE_CURVE ( 'NONE', #918, #4862, #3802, .T. ) ;
#3708 = CARTESIAN_POINT ( 'NONE',  ( 74.24765569782037744, 13.00000000000000533, 59.46018568414470451 ) ) ;
#3709 = VECTOR ( 'NONE', #3612, 1000.000000000000000 ) ;
#3710 = B_SPLINE_SURFACE_WITH_KNOTS ( 'NONE', 3, 1, ( 
 ( #1270, #5039 ),
 ( #349, #4763 ),
 ( #7, #5712 ),
 ( #3810, #2356 ),
 ( #5219, #2414 ),
 ( #70, #994 ),
 ( #2446, #1923 ),
 ( #5680, #1892 ),
 ( #3777, #4791 ),
 ( #4823, #4231 ),
 ( #1395, #100 ),
 ( #4733, #38 ),
 ( #6094, #2876 ),
 ( #1518, #5191 ),
 ( #5284, #500 ) ),
 .UNSPECIFIED., .F., .F., .F.,
 ( 4, 1, 1, 1, 1, 1, 1, 1, 1, 1, 1, 1, 4 ),
 ( 2, 2 ),
 ( 0.000000000000000000, 0.08342004667102766169, 0.1655737957865938137, 0.2481587766688900243, 0.3320333067748058586, 0.4162573489175284136, 0.4995253498660663927, 0.5830385602711591897, 0.6685959042141670361, 0.7540353502552541443, 0.8369197002092049198, 0.9182997313725116406, 1.000000000000000000 ),
 ( 0.000000000000000000, 1.000000000000000000 ),
 .UNSPECIFIED. ) ;
#3711 = CARTESIAN_POINT ( 'NONE',  ( 146.6336520370211645, 13.00000000000000178, 31.96416127125107565 ) ) ;
#3712 = CARTESIAN_POINT ( 'NONE',  ( 233.3333333333332860, 20.00000000000000000, 96.43724644492834841 ) ) ;
#3713 = EDGE_CURVE ( 'NONE', #32, #3082, #5636, .T. ) ;
#3714 = CARTESIAN_POINT ( 'NONE',  ( 201.3317470681610644, 10.00000000000000000, 26.68178676790540393 ) ) ;
#3715 = ORIENTED_EDGE ( 'NONE', *, *, #4340, .T. ) ;
#3716 = CARTESIAN_POINT ( 'NONE',  ( 92.87020860662259736, 9.999999999999992895, 48.54176272944386028 ) ) ;
#3717 = LINE ( 'NONE', #5129, #3819 ) ;
#3718 = CARTESIAN_POINT ( 'NONE',  ( 300.0000000000000000, 0.000000000000000000, 0.000000000000000000 ) ) ;
#3719 = CARTESIAN_POINT ( 'NONE',  ( 70.13583360662261157, 13.00000000000000178, 48.60486369098232728 ) ) ;
#3720 = EDGE_CURVE ( 'NONE', #2540, #2271, #1416, .T. ) ;
#3721 = VECTOR ( 'NONE', #1910, 1000.000000000000114 ) ;
#3722 = EDGE_LOOP ( 'NONE', ( #2960, #5635, #4663, #247 ) ) ;
#3723 = CARTESIAN_POINT ( 'NONE',  ( 229.8944541257167771, 9.999999999999996447, 60.13056193954390949 ) ) ;
#3724 = CARTESIAN_POINT ( 'NONE',  ( 187.4855932220071963, 13.00000000000000178, 31.52253196021309734 ) ) ;
#3725 = CARTESIAN_POINT ( 'NONE',  ( 71.67259098097295578, 13.00000000000000178, 57.84700034734961349 ) ) ;
#3726 = CARTESIAN_POINT ( 'NONE',  ( 72.19071214480192111, 13.00000000000000178, 31.31380328760604570 ) ) ;
#3727 = CARTESIAN_POINT ( 'NONE',  ( 118.8271227016149254, 9.999999999999998224, 30.16432891706743646 ) ) ;
#3728 = CARTESIAN_POINT ( 'NONE',  ( 83.44014856386206702, 9.999999999999996447, 13.78347279319823571 ) ) ;
#3729 = ORIENTED_EDGE ( 'NONE', *, *, #1337, .T. ) ;
#3730 = DIRECTION ( 'NONE',  ( -0.000000000000000000, -1.000000000000000000, -0.000000000000000000 ) ) ;
#3731 = CARTESIAN_POINT ( 'NONE',  ( 187.5748184792696236, 13.00000000000000178, 43.00307195739861044 ) ) ;
#3732 = DIRECTION ( 'NONE',  ( 0.000000000000000000, -0.000000000000000000, 1.000000000000000000 ) ) ;
#3733 = CARTESIAN_POINT ( 'NONE',  ( 135.5625162989302908, 10.00000000000000000, 43.03395022944386739 ) ) ;
#3734 = CARTESIAN_POINT ( 'NONE',  ( 88.83174706816106436, 13.00000000000000178, 48.47866176790540038 ) ) ;
#3735 = CARTESIAN_POINT ( 'NONE',  ( 76.98092730862917676, 10.00000000000000178, 30.17800550200342968 ) ) ;
#3736 = ORIENTED_EDGE ( 'NONE', *, *, #1926, .T. ) ;
#3737 = DIRECTION ( 'NONE',  ( 0.000000000000000000, 0.000000000000000000, 1.000000000000000000 ) ) ;
#3738 = CARTESIAN_POINT ( 'NONE',  ( 88.44856758121396467, 13.00000000000000178, 46.21863844462018989 ) ) ;
#3739 = EDGE_CURVE ( 'NONE', #5337, #918, #1386, .T. ) ;
#3740 = CARTESIAN_POINT ( 'NONE',  ( 224.1833095681610359, 10.00000000000000000, 39.79777234482848058 ) ) ;
#3741 = CARTESIAN_POINT ( 'NONE',  ( 166.3319807397952843, 9.999999999999998224, 58.90168413675156955 ) ) ;
#3742 = LINE ( 'NONE', #5582, #2034 ) ;
#3743 = ORIENTED_EDGE ( 'NONE', *, *, #657, .T. ) ;
#3744 = ADVANCED_FACE ( 'NONE', ( #4782 ), #2437, .T. ) ;
#3745 = CARTESIAN_POINT ( 'NONE',  ( 207.1009778373918095, 13.00000000000000178, 30.72024830636694048 ) ) ;
#3746 = CARTESIAN_POINT ( 'NONE',  ( 176.4813861678022704, 12.99999999999999822, 41.56782535929008304 ) ) ;
#3747 = CARTESIAN_POINT ( 'NONE',  ( 207.1009778373918095, 13.00000000000000178, 30.72024830636694048 ) ) ;
#3748 = CARTESIAN_POINT ( 'NONE',  ( 118.2367951450841446, 10.00000000000000355, 30.14332522944386383 ) ) ;
#3749 = EDGE_LOOP ( 'NONE', ( #5876, #5948, #3958, #293 ) ) ;
#3750 = FACE_OUTER_BOUND ( 'NONE', #5996, .T. ) ;
#3751 = EDGE_LOOP ( 'NONE', ( #338, #4613, #1242, #5409 ) ) ;
#3752 = EDGE_CURVE ( 'NONE', #1501, #59, #3284, .T. ) ;
#3753 = CARTESIAN_POINT ( 'NONE',  ( 187.4855932220071963, 10.00000000000000000, 48.51471946021309378 ) ) ;
#3754 = CARTESIAN_POINT ( 'NONE',  ( 197.2405183511389737, 13.00000000000000533, 26.37294716767769742 ) ) ;
#3755 = DIRECTION ( 'NONE',  ( 0.000000000000000000, 1.000000000000000000, 0.000000000000000000 ) ) ;
#3756 = CARTESIAN_POINT ( 'NONE',  ( 121.7028960048311603, 10.00000000000000000, 30.52944934861574211 ) ) ;
#3757 = FACE_OUTER_BOUND ( 'NONE', #5419, .T. ) ;
#3758 = VERTEX_POINT ( 'NONE', #4692 ) ;
#3759 = CARTESIAN_POINT ( 'NONE',  ( 118.8271227016149254, 9.999999999999998224, 30.16432891706743646 ) ) ;
#3760 = CARTESIAN_POINT ( 'NONE',  ( 158.9091207294196408, 13.00000000000000178, 60.12762413521640070 ) ) ;
#3761 = CARTESIAN_POINT ( 'NONE',  ( 77.26853576726756501, 10.00000000000000000, 55.66690516019445312 ) ) ;
#3762 = LINE ( 'NONE', #3295, #864 ) ;
#3763 = CARTESIAN_POINT ( 'NONE',  ( 81.31892537533755672, 12.99999999999999822, 60.69255834435801944 ) ) ;
#3764 = VERTEX_POINT ( 'NONE', #5210 ) ;
#3765 = LINE ( 'NONE', #1972, #831 ) ;
#3766 = CARTESIAN_POINT ( 'NONE',  ( 87.21816533739183797, 13.00000000000000178, 44.06159446021309378 ) ) ;
#3767 = CARTESIAN_POINT ( 'NONE',  ( 225.1099758962513704, 12.99999999999999822, 40.92314669725829646 ) ) ;
#3768 = ORIENTED_EDGE ( 'NONE', *, *, #4616, .T. ) ;
#3769 = CARTESIAN_POINT ( 'NONE',  ( 211.1394393758533568, 13.00000000000000178, 30.72024830636694048 ) ) ;
#3770 = CARTESIAN_POINT ( 'NONE',  ( 159.5048239912379984, 13.00000000000000178, 30.14332522944386383 ) ) ;
#3771 = CARTESIAN_POINT ( 'NONE',  ( 66.66666666666668561, 20.00000000000000000, 94.93724644492834841 ) ) ;
#3772 = EDGE_LOOP ( 'NONE', ( #6107, #5794, #5767, #257 ) ) ;
#3773 = AXIS2_PLACEMENT_3D ( 'NONE', #437, #3652, #2785 ) ;
#3774 = CARTESIAN_POINT ( 'NONE',  ( 142.7384646904111491, 9.999999999999996447, 39.96764286157956292 ) ) ;
#3775 = ORIENTED_EDGE ( 'NONE', *, *, #1140, .T. ) ;
#3776 = CARTESIAN_POINT ( 'NONE',  ( 226.2821619895503886, 10.00000000000000355, 27.48430014734525528 ) ) ;
#3777 = CARTESIAN_POINT ( 'NONE',  ( 128.7588237258805179, 13.00000000000000178, 51.04135687157364032 ) ) ;
#3778 = CARTESIAN_POINT ( 'NONE',  ( 162.0590064644637209, 10.00000000000000000, 30.36472881637035215 ) ) ;
#3779 = CARTESIAN_POINT ( 'NONE',  ( 223.0311382332708092, 10.00000000000000355, 37.42231868295446162 ) ) ;
#3780 = AXIS2_PLACEMENT_3D ( 'NONE', #1532, #48, #2427 ) ;
#3781 = ORIENTED_EDGE ( 'NONE', *, *, #4025, .T. ) ;
#3782 = CARTESIAN_POINT ( 'NONE',  ( 151.5542556868656447, 9.999999999999996447, 53.57990811141051068 ) ) ;
#3783 = ADVANCED_FACE ( 'NONE', ( #1943 ), #520, .T. ) ;
#3784 = CARTESIAN_POINT ( 'NONE',  ( 146.9191715328620660, 13.00000000000000178, 46.64055052853878891 ) ) ;
#3785 = DIRECTION ( 'NONE',  ( 0.000000000000000000, 0.000000000000000000, 1.000000000000000000 ) ) ;
#3786 = ORIENTED_EDGE ( 'NONE', *, *, #5058, .F. ) ;
#3787 = AXIS2_PLACEMENT_3D ( 'NONE', #1881, #90, #27 ) ;
#3788 = CARTESIAN_POINT ( 'NONE',  ( 112.5638490155022140, 10.00000000000000178, 26.97248429524906399 ) ) ;
#3789 = CARTESIAN_POINT ( 'NONE',  ( 234.5327100653429682, 13.00000000000000533, 31.50302440595834241 ) ) ;
#3790 = CARTESIAN_POINT ( 'NONE',  ( 72.76077930745917399, 10.00000000000000000, 31.89730621305636404 ) ) ;
#3791 = CARTESIAN_POINT ( 'NONE',  ( 227.9365386913793259, 10.00000000000000000, 37.67898279724227706 ) ) ;
#3792 = CARTESIAN_POINT ( 'NONE',  ( 172.0168432220072248, 10.00000000000000000, 31.52253196021309734 ) ) ;
#3793 = ORIENTED_EDGE ( 'NONE', *, *, #688, .T. ) ;
#3794 = CARTESIAN_POINT ( 'NONE',  ( 128.7911378457618525, 9.999999999999998224, 35.13113771875837443 ) ) ;
#3795 = CARTESIAN_POINT ( 'NONE',  ( 231.2214458216427886, 10.00000000000000000, 30.15414925411233682 ) ) ;
#3796 = EDGE_CURVE ( 'NONE', #4156, #4404, #4316, .T. ) ;
#3797 = VECTOR ( 'NONE', #2053, 1000.000000000000114 ) ;
#3798 = B_SPLINE_CURVE_WITH_KNOTS ( 'NONE', 3,
 ( #97, #1457, #1083, #2902, #3397, #5312, #4854, #4788, #3808, #5737, #1950, #5677, #4291, #2935, #1550, #3365, #561, #2444, #3770 ),
 .UNSPECIFIED., .F., .F.,
 ( 4, 1, 1, 1, 1, 1, 1, 1, 1, 1, 1, 1, 1, 1, 1, 1, 4 ),
 ( 0.000000000000000000, 0.06518479598607240799, 0.1282737271139273438, 0.1902702203927573998, 0.2517683137756833722, 0.3127686945781244510, 0.3747932794097878495, 0.4379695860627112469, 0.5030473998633715471, 0.5681252136640317918, 0.6309497487122636139, 0.6923691093867025970, 0.7529731677502617959, 0.8136410669177470689, 0.8743552086918149335, 0.9365729684654838794, 1.000000000000000000 ),
 .UNSPECIFIED. ) ;
#3799 = CARTESIAN_POINT ( 'NONE',  ( 158.9058369062077816, 9.999999999999996447, 26.11829361466913113 ) ) ;
#3800 = FACE_OUTER_BOUND ( 'NONE', #3749, .T. ) ;
#3801 = ORIENTED_EDGE ( 'NONE', *, *, #3739, .T. ) ;
#3802 = LINE ( 'NONE', #5270, #139 ) ;
#3803 = CARTESIAN_POINT ( 'NONE',  ( 72.51054465422315332, 13.00000000000000178, 58.46488563459584498 ) ) ;
#3804 = ORIENTED_EDGE ( 'NONE', *, *, #1941, .F. ) ;
#3805 = DIRECTION ( 'NONE',  ( 0.000000000000000000, 0.000000000000000000, 1.000000000000000000 ) ) ;
#3806 = CARTESIAN_POINT ( 'NONE',  ( 228.4340826859140634, 13.00000000000000178, 55.90154673409737285 ) ) ;
#3807 = VECTOR ( 'NONE', #808, 1000.000000000000000 ) ;
#3808 = CARTESIAN_POINT ( 'NONE',  ( 169.5574052577676696, 13.00000000000000178, 34.93140434767980196 ) ) ;
#3809 = VECTOR ( 'NONE', #352, 1000.000000000000000 ) ;
#3810 = CARTESIAN_POINT ( 'NONE',  ( 121.6824738803362891, 13.00000000000000533, 55.70135906926023495 ) ) ;
#3811 = CARTESIAN_POINT ( 'NONE',  ( 148.4489823484260285, 10.00000000000000000, 56.27098372129918147 ) ) ;
#3812 = CARTESIAN_POINT ( 'NONE',  ( 172.4855932220072248, 10.00000000000000000, 43.24128196021309378 ) ) ;
#3813 = ORIENTED_EDGE ( 'NONE', *, *, #463, .T. ) ;
#3814 = CYLINDRICAL_SURFACE ( 'NONE', #2819, 1.650000000000000355 ) ;
#3815 = CARTESIAN_POINT ( 'NONE',  ( 171.5346249365776430, 12.99999999999999822, 48.25755859981659057 ) ) ;
#3816 = CARTESIAN_POINT ( 'NONE',  ( 171.7829646018874143, 9.999999999999996447, 55.08629582393788127 ) ) ;
#3817 = EDGE_CURVE ( 'NONE', #5806, #5141, #2995, .T. ) ;
#3818 = CARTESIAN_POINT ( 'NONE',  ( 100.9471316835456918, 13.00000000000000178, 71.68178676790540749 ) ) ;
#3819 = VECTOR ( 'NONE', #4173, 1000.000000000000000 ) ;
#3820 = CARTESIAN_POINT ( 'NONE',  ( 78.63173318871606909, 13.00000000000000178, 36.54888899301955263 ) ) ;
#3821 = CARTESIAN_POINT ( 'NONE',  ( 189.7255174493029699, 9.999999999999996447, 33.44268431670450781 ) ) ;
#3822 = CARTESIAN_POINT ( 'NONE',  ( 296.5030604351463808, 10.00000000000000000, 91.13552925583975650 ) ) ;
#3823 = ORIENTED_EDGE ( 'NONE', *, *, #3334, .F. ) ;
#3824 = CARTESIAN_POINT ( 'NONE',  ( 110.8355444295986132, 12.99999999999999822, 27.66446616269790937 ) ) ;
#3825 = CARTESIAN_POINT ( 'NONE',  ( 75.95474079065283490, 10.00000000000000000, 55.07287646667025172 ) ) ;
#3826 = CARTESIAN_POINT ( 'NONE',  ( 151.0570376653702453, 9.999999999999996447, 28.20361651411979409 ) ) ;
#3827 = DIRECTION ( 'NONE',  ( -0.000000000000000000, -1.000000000000000000, -0.000000000000000000 ) ) ;
#3828 = EDGE_CURVE ( 'NONE', #2970, #1339, #700, .T. ) ;
#3829 = CARTESIAN_POINT ( 'NONE',  ( 88.78615456093409364, 10.00000000000000000, 49.45774504307920694 ) ) ;
#3830 = CARTESIAN_POINT ( 'NONE',  ( 88.83174706816106436, 10.00000000000000000, 48.47866176790540038 ) ) ;
#3831 = DIRECTION ( 'NONE',  ( -0.000000000000000000, -1.000000000000000000, -0.000000000000000000 ) ) ;
#3832 = B_SPLINE_CURVE_WITH_KNOTS ( 'NONE', 3,
 ( #4039, #2584, #4014, #4993, #5856, #1718, #5914, #1688, #3132, #3018, #5020 ),
 .UNSPECIFIED., .F., .F.,
 ( 4, 1, 1, 1, 1, 1, 1, 1, 4 ),
 ( 0.000000000000000000, 0.1267425189618447690, 0.2517239612496070533, 0.3772186880262415887, 0.5046935492516291255, 0.6314582385934868203, 0.7554010672029504159, 0.8777005336014760406, 0.9999999999999998890 ),
 .UNSPECIFIED. ) ;
#3833 = ORIENTED_EDGE ( 'NONE', *, *, #5611, .F. ) ;
#3834 = DIRECTION ( 'NONE',  ( 1.000000000000000000, 0.000000000000000000, 0.000000000000000000 ) ) ;
#3835 = CARTESIAN_POINT ( 'NONE',  ( 118.8564591642121968, 12.99999999999999822, 26.12174741959006852 ) ) ;
#3836 = EDGE_CURVE ( 'NONE', #4338, #32, #5237, .T. ) ;
#3837 = CARTESIAN_POINT ( 'NONE',  ( 300.0000000000000000, 10.00000000000000000, 100.0000000000000000 ) ) ;
#3838 = ORIENTED_EDGE ( 'NONE', *, *, #5855, .F. ) ;
#3839 = CARTESIAN_POINT ( 'NONE',  ( 117.7793436273162655, 10.00000000000000178, 30.15155712071386063 ) ) ;
#3840 = CARTESIAN_POINT ( 'NONE',  ( 235.7800945550936547, 10.00000000000000178, 58.60518460552032138 ) ) ;
#3841 = PLANE ( 'NONE',  #1827 ) ;
#3842 = CARTESIAN_POINT ( 'NONE',  ( 83.44014856386206702, 9.999999999999998224, 13.78347279319823571 ) ) ;
#3843 = CARTESIAN_POINT ( 'NONE',  ( 146.9928047604687436, 10.00000000000000000, 31.54957522944386383 ) ) ;
#3844 = CARTESIAN_POINT ( 'NONE',  ( 188.0111348316749798, 10.00000000000000000, 38.06681341071663383 ) ) ;
#3845 = CARTESIAN_POINT ( 'NONE',  ( 111.9166510252593696, 13.00000000000000178, 31.58233735092026606 ) ) ;
#3846 = CARTESIAN_POINT ( 'NONE',  ( 225.0221437969645990, 10.00000000000000355, 28.55540241664091639 ) ) ;
#3847 = VERTEX_POINT ( 'NONE', #3357 ) ;
#3848 = CARTESIAN_POINT ( 'NONE',  ( 221.7979841055999941, 10.00000000000000355, 56.69523493568479466 ) ) ;
#3849 = ORIENTED_EDGE ( 'NONE', *, *, #3531, .T. ) ;
#3850 = CARTESIAN_POINT ( 'NONE',  ( 1.224646799147353533E-14, 0.000000000000000000, 100.0000000000000000 ) ) ;
#3851 = CARTESIAN_POINT ( 'NONE',  ( 233.1119047170183762, 13.00000000000000533, 30.62357776362098605 ) ) ;
#3852 = CARTESIAN_POINT ( 'NONE',  ( 195.1466628792109930, 13.00000000000000178, 26.12118424822376639 ) ) ;
#3853 = CARTESIAN_POINT ( 'NONE',  ( 80.01564129893029076, 13.00000000000000178, 56.10486369098232728 ) ) ;
#3854 = CARTESIAN_POINT ( 'NONE',  ( 176.5097100284805265, 10.00000000000000000, 42.66073184885191694 ) ) ;
#3855 = ORIENTED_EDGE ( 'NONE', *, *, #4055, .F. ) ;
#3856 = LINE ( 'NONE', #978, #4894 ) ;
#3857 = EDGE_CURVE ( 'NONE', #4299, #2812, #3765, .T. ) ;
#3858 = CARTESIAN_POINT ( 'NONE',  ( 224.4713014860594740, 13.00000000000000178, 29.18544268634416738 ) ) ;
#3859 = CARTESIAN_POINT ( 'NONE',  ( 148.2304906088730547, 13.00000000000000178, 30.25366991630549407 ) ) ;
#3860 = DIRECTION ( 'NONE',  ( -0.000000000000000000, -1.000000000000000000, -0.000000000000000000 ) ) ;
#3861 = ORIENTED_EDGE ( 'NONE', *, *, #5669, .F. ) ;
#3862 = DIRECTION ( 'NONE',  ( 0.000000000000000000, 1.000000000000000000, 0.000000000000000000 ) ) ;
#3863 = CARTESIAN_POINT ( 'NONE',  ( 69.21636245277645116, 10.00000000000000355, 23.91435888329002069 ) ) ;
#3864 = EDGE_CURVE ( 'NONE', #3941, #1257, #1507, .T. ) ;
#3865 = CARTESIAN_POINT ( 'NONE',  ( 100.0000000000000142, 20.00000000000000000, 94.93724644492834841 ) ) ;
#3866 = CARTESIAN_POINT ( 'NONE',  ( 159.5048239912379984, 13.00000000000000178, 56.10486369098232728 ) ) ;
#3867 = VERTEX_POINT ( 'NONE', #5701 ) ;
#3868 = CARTESIAN_POINT ( 'NONE',  ( 142.4855932220072532, 13.00000000000000178, 43.21423869098233439 ) ) ;
#3869 = CARTESIAN_POINT ( 'NONE',  ( 166.4300911224337938, 13.00000000000000533, 27.42219963146050432 ) ) ;
#3870 = CARTESIAN_POINT ( 'NONE',  ( 230.1418432220071963, 9.999999999999996447, 56.10486369098232728 ) ) ;
#3871 = ADVANCED_FACE ( 'NONE', ( #1478 ), #1642, .T. ) ;
#3872 = CARTESIAN_POINT ( 'NONE',  ( 107.6053183376306492, 13.00000000000000178, 51.18237274428184236 ) ) ;
#3873 = CARTESIAN_POINT ( 'NONE',  ( 174.7900211066471172, 13.00000000000000178, 35.46471506596908085 ) ) ;
#3874 = CARTESIAN_POINT ( 'NONE',  ( 104.9855932220072106, 13.00000000000000178, 43.19620984482848058 ) ) ;
#3875 = CARTESIAN_POINT ( 'NONE',  ( 164.8128400803313411, 9.999999999999996447, 26.84013669050321838 ) ) ;
#3876 = ORIENTED_EDGE ( 'NONE', *, *, #4011, .T. ) ;
#3877 = CARTESIAN_POINT ( 'NONE',  ( 146.5447139214968786, 10.00000000000000000, 43.81666516655437249 ) ) ;
#3878 = DIRECTION ( 'NONE',  ( -0.7511982922681768038, 0.000000000000000000, -0.6600766059279596920 ) ) ;
#3879 = EDGE_LOOP ( 'NONE', ( #2114, #1220, #483, #3849 ) ) ;
#3880 = FACE_OUTER_BOUND ( 'NONE', #5761, .T. ) ;
#3881 = VECTOR ( 'NONE', #3338, 1000.000000000000000 ) ;
#3882 = CARTESIAN_POINT ( 'NONE',  ( 69.35714750962078767, 12.99999999999999822, 25.72730166959357945 ) ) ;
#3883 = DIRECTION ( 'NONE',  ( 0.000000000000000000, 1.000000000000000000, 0.000000000000000000 ) ) ;
#3884 = CARTESIAN_POINT ( 'NONE',  ( 195.7890539581547102, 12.99999999999999822, 26.12017046148841715 ) ) ;
#3885 = CARTESIAN_POINT ( 'NONE',  ( 73.25482399123798416, 13.00000000000000178, 23.72505599867463744 ) ) ;
#3886 = ORIENTED_EDGE ( 'NONE', *, *, #4806, .T. ) ;
#3887 = CARTESIAN_POINT ( 'NONE',  ( 118.2728528373918380, 13.00000000000000178, 26.10486369098232728 ) ) ;
#3888 = VECTOR ( 'NONE', #1575, 1000.000000000000000 ) ;
#3889 = CARTESIAN_POINT ( 'NONE',  ( 69.84178657535807133, 9.999999999999996447, 27.47698105705316607 ) ) ;
#3890 = CARTESIAN_POINT ( 'NONE',  ( 87.75093370918887103, 9.999999999999998224, 52.25625220596667475 ) ) ;
#3891 = CARTESIAN_POINT ( 'NONE',  ( 230.3491749527764227, 10.00000000000000178, 60.14332522944386739 ) ) ;
#3892 = VECTOR ( 'NONE', #1836, 1000.000000000000000 ) ;
#3893 = ORIENTED_EDGE ( 'NONE', *, *, #374, .T. ) ;
#3894 = CARTESIAN_POINT ( 'NONE',  ( 86.14695601642422673, 9.999999999999994671, 20.89300938138210029 ) ) ;
#3895 = CARTESIAN_POINT ( 'NONE',  ( 87.16373393591851482, 13.00000000000000178, 58.69814210558249101 ) ) ;
#3896 = ORIENTED_EDGE ( 'NONE', *, *, #5259, .F. ) ;
#3897 = ADVANCED_FACE ( 'NONE', ( #3984 ), #5335, .T. ) ;
#3898 = CARTESIAN_POINT ( 'NONE',  ( 172.4855932220072248, 13.00000000000000178, 43.24128196021309378 ) ) ;
#3899 = ORIENTED_EDGE ( 'NONE', *, *, #772, .F. ) ;
#3900 = CARTESIAN_POINT ( 'NONE',  ( 235.9269443212340889, 9.999999999999996447, 51.16162166358407859 ) ) ;
#3901 = DIRECTION ( 'NONE',  ( 0.000000000000000000, 1.000000000000000000, 0.000000000000000000 ) ) ;
#3902 = CARTESIAN_POINT ( 'NONE',  ( 224.3714696612190949, 10.00000000000000000, 53.45016500129234061 ) ) ;
#3903 = B_SPLINE_CURVE_WITH_KNOTS ( 'NONE', 3,
 ( #1561, #5227, #1001, #3444, #4772, #541, #2425, #1033, #4271, #5322, #1960 ),
 .UNSPECIFIED., .F., .F.,
 ( 4, 1, 1, 1, 1, 1, 1, 1, 4 ),
 ( 0.000000000000000000, 0.1589891012267982962, 0.3071145916055731950, 0.4462131585962152425, 0.5748760724117290000, 0.6941521095829585875, 0.8045811801532382068, 0.9065933190457645674, 1.000000000000000000 ),
 .UNSPECIFIED. ) ;
#3904 = CARTESIAN_POINT ( 'NONE',  ( 104.9855932220072106, 10.00000000000000000, 32.76652234482848058 ) ) ;
#3905 = EDGE_CURVE ( 'NONE', #74, #5121, #1725, .T. ) ;
#3906 = CIRCLE ( 'NONE', #4888, 1.500000000000001332 ) ;
#3907 = CARTESIAN_POINT ( 'NONE',  ( 142.4982104177162228, 10.00000000000000000, 43.77095371582520755 ) ) ;
#3908 = DIRECTION ( 'NONE',  ( -0.000000000000000000, -1.000000000000000000, -0.000000000000000000 ) ) ;
#3909 = CARTESIAN_POINT ( 'NONE',  ( 123.3398020665662784, 10.00000000000000178, 31.06795327730089085 ) ) ;
#3910 = ORIENTED_EDGE ( 'NONE', *, *, #5781, .T. ) ;
#3911 = CARTESIAN_POINT ( 'NONE',  ( 148.2302601561823678, 10.00000000000000000, 49.79309930489683467 ) ) ;
#3912 = AXIS2_PLACEMENT_3D ( 'NONE', #365, #4188, #2833 ) ;
#3913 = ORIENTED_EDGE ( 'NONE', *, *, #122, .T. ) ;
#3914 = CARTESIAN_POINT ( 'NONE',  ( 199.9999999999999432, 20.00000000000000000, 96.43724644492834841 ) ) ;
#3915 = ADVANCED_FACE ( 'NONE', ( #4938 ), #3565, .T. ) ;
#3916 = CARTESIAN_POINT ( 'NONE',  ( 226.7629617137490072, 13.00000000000000178, 33.71618972347543775 ) ) ;
#3917 = CARTESIAN_POINT ( 'NONE',  ( 156.9390998165544318, 13.00000000000000533, 30.36643238742645678 ) ) ;
#3918 = CARTESIAN_POINT ( 'NONE',  ( 190.1045813387073906, 13.00000000000000178, 32.85667333991031569 ) ) ;
#3919 = DIRECTION ( 'NONE',  ( 0.000000000000000000, 1.000000000000000000, 0.000000000000000000 ) ) ;
#3920 = ORIENTED_EDGE ( 'NONE', *, *, #128, .F. ) ;
#3921 = CARTESIAN_POINT ( 'NONE',  ( 232.3560959922155860, 12.99999999999999822, 45.70009361738615183 ) ) ;
#3922 = APPLICATION_CONTEXT ( 'automotive_design' ) ;
#3923 = CARTESIAN_POINT ( 'NONE',  ( 159.5228528373918095, 10.00000000000000000, 26.10486369098232728 ) ) ;
#3924 = CARTESIAN_POINT ( 'NONE',  ( 70.13583360662261157, 13.00000000000000178, 48.60486369098232728 ) ) ;
#3925 = EDGE_LOOP ( 'NONE', ( #5082, #1829, #1477, #5723, #3855, #602, #1111, #755, #766 ) ) ;
#3926 = CARTESIAN_POINT ( 'NONE',  ( 88.64244418354567756, 13.00000000000000178, 23.79717138329001713 ) ) ;
#3927 = CARTESIAN_POINT ( 'NONE',  ( 121.7079435285519935, 13.00000000000000178, 26.38105826915124652 ) ) ;
#3928 = VERTEX_POINT ( 'NONE', #1756 ) ;
#3929 = B_SPLINE_CURVE_WITH_KNOTS ( 'NONE', 3,
 ( #5942, #1250, #5390, #1662, #2124, #5017, #790, #210, #5416, #4933, #1195 ),
 .UNSPECIFIED., .F., .F.,
 ( 4, 1, 1, 1, 1, 1, 1, 1, 4 ),
 ( 0.000000000000000000, 0.05259428152913703247, 0.1249519739750388631, 0.2180938989285933494, 0.3335024107325197940, 0.4687891785044467907, 0.6249375859645976972, 0.8016830479282273103, 1.000000000000000000 ),
 .UNSPECIFIED. ) ;
#3930 = CARTESIAN_POINT ( 'NONE',  ( 88.78615456093409364, 13.00000000000000178, 49.45774504307920694 ) ) ;
#3931 = ORIENTED_EDGE ( 'NONE', *, *, #585, .T. ) ;
#3932 = CARTESIAN_POINT ( 'NONE',  ( 150.3338959803099044, 12.99999999999999822, 33.95941814138306825 ) ) ;
#3933 = DIRECTION ( 'NONE',  ( -0.000000000000000000, 1.000000000000000000, -0.000000000000000000 ) ) ;
#3934 = CARTESIAN_POINT ( 'NONE',  ( 230.7573099187241326, 12.99999999999999822, 44.77287404261225134 ) ) ;
#3935 = EDGE_CURVE ( 'NONE', #2667, #4338, #5115, .T. ) ;
#3936 = ORIENTED_EDGE ( 'NONE', *, *, #5620, .F. ) ;
#3937 = CARTESIAN_POINT ( 'NONE',  ( 117.7155215978539076, 9.999999999999996447, 56.08382128585544280 ) ) ;
#3938 = CARTESIAN_POINT ( 'NONE',  ( 189.7255174493029699, 9.999999999999998224, 33.44268431670450781 ) ) ;
#3939 = CARTESIAN_POINT ( 'NONE',  ( 78.81946289447257925, 10.00000000000000178, 13.46765142470898091 ) ) ;
#3940 = CARTESIAN_POINT ( 'NONE',  ( 104.9855932220072106, 10.00000000000000178, 43.19620984482848058 ) ) ;
#3941 = VERTEX_POINT ( 'NONE', #829 ) ;
#3942 = EDGE_CURVE ( 'NONE', #2419, #4925, #2707, .T. ) ;
#3943 = CARTESIAN_POINT ( 'NONE',  ( 168.7236811811925463, 13.00000000000000178, 52.49084658609404386 ) ) ;
#3944 = ORIENTED_EDGE ( 'NONE', *, *, #1888, .T. ) ;
#3945 = DIRECTION ( 'NONE',  ( 0.000000000000000000, 1.000000000000000000, 0.000000000000000000 ) ) ;
#3946 = CARTESIAN_POINT ( 'NONE',  ( 3.535533905932737309, 0.000000000000000000, 3.535533905932737309 ) ) ;
#3947 = CARTESIAN_POINT ( 'NONE',  ( 153.4160604818089553, 10.00000000000000000, 31.62193829193542882 ) ) ;
#3948 = CARTESIAN_POINT ( 'NONE',  ( 104.9855932220072106, 13.00000000000000178, 53.60786849867463388 ) ) ;
#3949 = CARTESIAN_POINT ( 'NONE',  ( 100.0000000000000142, 20.00000000000000000, 96.43724644492834841 ) ) ;
#3950 = ORIENTED_EDGE ( 'NONE', *, *, #6089, .F. ) ;
#3951 = PLANE ( 'NONE',  #1236 ) ;
#3952 = EDGE_CURVE ( 'NONE', #2186, #1194, #3700, .T. ) ;
#3953 = CARTESIAN_POINT ( 'NONE',  ( 163.2779552682173403, 13.00000000000000178, 30.66528550712544288 ) ) ;
#3954 = LINE ( 'NONE', #5821, #3483 ) ;
#3955 = ORIENTED_EDGE ( 'NONE', *, *, #538, .F. ) ;
#3956 = CARTESIAN_POINT ( 'NONE',  ( 229.3417824955186575, 12.99999999999999467, 30.45579881644802001 ) ) ;
#3957 = CARTESIAN_POINT ( 'NONE',  ( 91.42764200789909523, 12.99999999999999822, 54.21263149087095456 ) ) ;
#3958 = ORIENTED_EDGE ( 'NONE', *, *, #5440, .T. ) ;
#3959 = CARTESIAN_POINT ( 'NONE',  ( 80.01564129893029076, 13.00000000000000178, 56.10486369098232728 ) ) ;
#3960 = B_SPLINE_SURFACE_WITH_KNOTS ( 'NONE', 3, 1, ( 
 ( #906, #2879 ),
 ( #535, #2418 ),
 ( #4793, #1925 ),
 ( #4297, #3779 ),
 ( #102, #73 ),
 ( #4327, #1490 ),
 ( #1894, #2973 ) ),
 .UNSPECIFIED., .F., .F., .F.,
 ( 4, 1, 1, 1, 4 ),
 ( 2, 2 ),
 ( 0.000000000000000000, 0.2462523706929827250, 0.4925907964763731606, 0.7405699911180891881, 1.000000000000000000 ),
 ( 0.000000000000000000, 1.000000000000000000 ),
 .UNSPECIFIED. ) ;
#3961 = DIRECTION ( 'NONE',  ( -0.000000000000000000, -1.000000000000000000, -0.000000000000000000 ) ) ;
#3962 = DIRECTION ( 'NONE',  ( 0.000000000000000000, -0.000000000000000000, 1.000000000000000000 ) ) ;
#3963 = CARTESIAN_POINT ( 'NONE',  ( 1.224646799147353533E-14, 10.00000000000000000, 100.0000000000000000 ) ) ;
#3964 = DIRECTION ( 'NONE',  ( 0.000000000000000000, 0.000000000000000000, -1.000000000000000000 ) ) ;
#3965 = CARTESIAN_POINT ( 'NONE',  ( 233.3913118983784329, 9.999999999999998224, 55.24991215546419454 ) ) ;
#3966 = CARTESIAN_POINT ( 'NONE',  ( 75.97690321046491135, 10.00000000000000355, 14.17184019708478004 ) ) ;
#3967 = CARTESIAN_POINT ( 'NONE',  ( 157.6900703492646016, 13.00000000000000178, 26.14475590073910283 ) ) ;
#3968 = ORIENTED_EDGE ( 'NONE', *, *, #3836, .T. ) ;
#3969 = CARTESIAN_POINT ( 'NONE',  ( 172.4240922066626638, 13.00000000000000178, 44.95876913123572649 ) ) ;
#3970 = EDGE_LOOP ( 'NONE', ( #408, #106, #2601, #2160 ) ) ;
#3971 = LINE ( 'NONE', #3041, #5295 ) ;
#3972 = CARTESIAN_POINT ( 'NONE',  ( 149.7758384050585505, 13.00000000000000178, 57.30675714579338376 ) ) ;
#3973 = DIRECTION ( 'NONE',  ( -1.000000000000000000, 0.000000000000000000, 0.000000000000000000 ) ) ;
#3974 = DIRECTION ( 'NONE',  ( -1.420944294689305296E-16, 0.000000000000000000, -1.000000000000000000 ) ) ;
#3975 = EDGE_CURVE ( 'NONE', #3220, #276, #5920, .T. ) ;
#3976 = CARTESIAN_POINT ( 'NONE',  ( 233.3333333333332860, 10.00000000000000000, 96.43724644492834841 ) ) ;
#3977 = ORIENTED_EDGE ( 'NONE', *, *, #5367, .T. ) ;
#3978 = DIRECTION ( 'NONE',  ( 0.7173448312365564572, -0.000000000000000000, 0.6967183025428543841 ) ) ;
#3979 = CIRCLE ( 'NONE', #5245, 1.500000000000001332 ) ;
#3980 = FACE_OUTER_BOUND ( 'NONE', #2349, .T. ) ;
#3981 = CARTESIAN_POINT ( 'NONE',  ( 232.5306653373918380, 13.00000000000000178, 40.94260407559771409 ) ) ;
#3982 = CARTESIAN_POINT ( 'NONE',  ( 234.9798810186810840, 9.999999999999998224, 59.07542608379440452 ) ) ;
#3983 = ORIENTED_EDGE ( 'NONE', *, *, #2869, .F. ) ;
#3984 = FACE_OUTER_BOUND ( 'NONE', #5599, .T. ) ;
#3985 = CARTESIAN_POINT ( 'NONE',  ( 188.2067470681610359, 13.00000000000000178, 37.22866176790540038 ) ) ;
#3986 = AXIS2_PLACEMENT_3D ( 'NONE', #2456, #3446, #5814 ) ;
#3987 = ORIENTED_EDGE ( 'NONE', *, *, #3526, .T. ) ;
#3988 = VECTOR ( 'NONE', #427, 1000.000000000000000 ) ;
#3989 = EDGE_CURVE ( 'NONE', #4073, #1876, #1229, .T. ) ;
#3990 = LINE ( 'NONE', #1720, #523 ) ;
#3991 = ORIENTED_EDGE ( 'NONE', *, *, #2572, .F. ) ;
#3992 = CARTESIAN_POINT ( 'NONE',  ( 195.1466628792109930, 10.00000000000000178, 26.12118424822376639 ) ) ;
#3993 = CARTESIAN_POINT ( 'NONE',  ( 129.7451541670604627, 13.00000000000000178, 36.58109020984875315 ) ) ;
#3994 = CARTESIAN_POINT ( 'NONE',  ( 230.1636875160652664, 13.00000000000000178, 44.45376418819846265 ) ) ;
#3995 = CARTESIAN_POINT ( 'NONE',  ( 230.9891989912379984, 9.999999999999996447, 26.10486369098232728 ) ) ;
#3996 = CARTESIAN_POINT ( 'NONE',  ( 69.55203519027782022, 10.00000000000000000, 26.61253197144581151 ) ) ;
#3997 = CARTESIAN_POINT ( 'NONE',  ( 230.6942681988808204, 9.999999999999992895, 26.11053281686706029 ) ) ;
#3998 = CARTESIAN_POINT ( 'NONE',  ( 155.9122422933567123, 13.00000000000000178, 26.41801332176901340 ) ) ;
#3999 = ORIENTED_EDGE ( 'NONE', *, *, #1256, .T. ) ;
#4000 = CARTESIAN_POINT ( 'NONE',  ( 172.0898375310392225, 13.00000000000000178, 46.64025252729338433 ) ) ;
#4001 = VERTEX_POINT ( 'NONE', #4559 ) ;
#4002 = AXIS2_PLACEMENT_3D ( 'NONE', #788, #2380, #3186 ) ;
#4003 = FACE_OUTER_BOUND ( 'NONE', #225, .T. ) ;
#4004 = CARTESIAN_POINT ( 'NONE',  ( 104.9855932220072106, 13.00000000000000178, 43.19620984482848058 ) ) ;
#4005 = DIRECTION ( 'NONE',  ( -0.000000000000000000, -1.000000000000000000, -0.000000000000000000 ) ) ;
#4006 = CARTESIAN_POINT ( 'NONE',  ( 233.5564242294013297, 10.00000000000000000, 41.51722881396347731 ) ) ;
#4007 = CARTESIAN_POINT ( 'NONE',  ( 168.7236811811925463, 13.00000000000000178, 52.49084658609404386 ) ) ;
#4008 = ORIENTED_EDGE ( 'NONE', *, *, #4833, .T. ) ;
#4009 = CARTESIAN_POINT ( 'NONE',  ( 73.59237734051664859, 13.00000000000000178, 25.87281419032247953 ) ) ;
#4010 = CARTESIAN_POINT ( 'NONE',  ( 230.9891989912379984, 13.00000000000000178, 26.10486369098232728 ) ) ;
#4011 = EDGE_CURVE ( 'NONE', #2451, #4875, #6054, .T. ) ;
#4012 = CARTESIAN_POINT ( 'NONE',  ( 172.0168432220072248, 13.00000000000000178, 31.52253196021309734 ) ) ;
#4013 = B_SPLINE_SURFACE_WITH_KNOTS ( 'NONE', 3, 1, ( 
 ( #2872, #527 ),
 ( #2813, #3839 ),
 ( #2409, #5734 ),
 ( #466, #4288 ),
 ( #65, #5277 ),
 ( #1920, #5642 ),
 ( #1948, #1051 ),
 ( #1421, #4255 ),
 ( #2350, #3362 ),
 ( #2900, #4786 ),
 ( #33, #4226 ),
 ( #2, #2933 ),
 ( #4354, #5675 ),
 ( #3305, #219 ),
 ( #3029, #5865 ),
 ( #4943, #4386 ),
 ( #4915, #4476 ),
 ( #2106, #5425 ),
 ( #1643, #2967 ) ),
 .UNSPECIFIED., .F., .F., .F.,
 ( 4, 1, 1, 1, 1, 1, 1, 1, 1, 1, 1, 1, 1, 1, 1, 1, 4 ),
 ( 2, 2 ),
 ( 0.000000000000000000, 0.06604406936999875077, 0.1300237494418061135, 0.1923740566421971443, 0.2538843037504080469, 0.3148960853343819033, 0.3758058275294917094, 0.4382422362453591291, 0.5015912675509482943, 0.5648807602801259042, 0.6265333410400654168, 0.6875157651495297229, 0.7481059155492407742, 0.8087955368148519453, 0.8708215189810369905, 0.9343710811645482561, 1.000000000000000000 ),
 ( 0.000000000000000000, 1.000000000000000000 ),
 .UNSPECIFIED. ) ;
#4014 = CARTESIAN_POINT ( 'NONE',  ( 228.9913307793628690, 13.00000000000000178, 60.10521270458697529 ) ) ;
#4015 = CARTESIAN_POINT ( 'NONE',  ( 231.3473460269986219, 13.00000000000000178, 60.11645474070200379 ) ) ;
#4016 = ORIENTED_EDGE ( 'NONE', *, *, #5026, .F. ) ;
#4017 = CARTESIAN_POINT ( 'NONE',  ( 226.7629617137490072, 10.00000000000000178, 33.71618972347543775 ) ) ;
#4018 = CARTESIAN_POINT ( 'NONE',  ( 134.3178190572418771, 10.00000000000000533, 36.53479017898678904 ) ) ;
#4019 = ORIENTED_EDGE ( 'NONE', *, *, #4662, .F. ) ;
#4020 = EDGE_CURVE ( 'NONE', #4697, #2756, #4383, .T. ) ;
#4021 = AXIS2_PLACEMENT_3D ( 'NONE', #5434, #261, #5906 ) ;
#4022 = ORIENTED_EDGE ( 'NONE', *, *, #1646, .T. ) ;
#4023 = CARTESIAN_POINT ( 'NONE',  ( 79.10518456816106436, 13.00000000000000178, 36.88611369098232728 ) ) ;
#4024 = CARTESIAN_POINT ( 'NONE',  ( 126.3436110733212843, 13.00000000000000178, 32.73039348203393217 ) ) ;
#4025 = EDGE_CURVE ( 'NONE', #796, #2449, #5504, .T. ) ;
#4026 = CARTESIAN_POINT ( 'NONE',  ( 192.7865986475451621, 9.999999999999998224, 30.55534052854091698 ) ) ;
#4027 = CARTESIAN_POINT ( 'NONE',  ( 230.9891989912379984, 9.999999999999996447, 26.10486369098232728 ) ) ;
#4028 = CARTESIAN_POINT ( 'NONE',  ( 151.0570376653702453, 12.99999999999999822, 28.20361651411979409 ) ) ;
#4029 = ORIENTED_EDGE ( 'NONE', *, *, #2504, .F. ) ;
#4030 = CARTESIAN_POINT ( 'NONE',  ( 233.0245319314130654, 10.00000000000000178, 46.13207568542810577 ) ) ;
#4031 = EDGE_LOOP ( 'NONE', ( #2528, #2026 ) ) ;
#4032 = CARTESIAN_POINT ( 'NONE',  ( 199.9999999999999432, 20.00000000000000000, 96.43724644492834841 ) ) ;
#4033 = CARTESIAN_POINT ( 'NONE',  ( 191.8448488625280390, 13.00000000000000178, 31.11495075856722892 ) ) ;
#4034 = DIRECTION ( 'NONE',  ( 1.000000000000000000, 0.000000000000000000, -0.000000000000000000 ) ) ;
#4035 = CARTESIAN_POINT ( 'NONE',  ( 172.0898375310392225, 13.00000000000000178, 46.64025252729338433 ) ) ;
#4036 = ORIENTED_EDGE ( 'NONE', *, *, #4995, .T. ) ;
#4037 = CARTESIAN_POINT ( 'NONE',  ( 199.0240547604687436, 10.00000000000000000, 27.23166657559771053 ) ) ;
#4038 = LINE ( 'NONE', #3103, #3428 ) ;
#4039 = CARTESIAN_POINT ( 'NONE',  ( 230.3491749527764227, 13.00000000000000178, 60.14332522944386739 ) ) ;
#4040 = CARTESIAN_POINT ( 'NONE',  ( 74.33556083709041218, 13.00000000000000178, 33.27135606283982838 ) ) ;
#4041 = EDGE_LOOP ( 'NONE', ( #4715, #5961, #3801, #4494 ) ) ;
#4042 = CARTESIAN_POINT ( 'NONE',  ( 70.13583360662261157, 13.00000000000000178, 48.60486369098232728 ) ) ;
#4043 = CARTESIAN_POINT ( 'NONE',  ( 194.7422037989302908, 10.00000000000000178, 30.14332522944386383 ) ) ;
#4044 = ORIENTED_EDGE ( 'NONE', *, *, #4394, .F. ) ;
#4045 = CARTESIAN_POINT ( 'NONE',  ( 234.8383576450841304, 13.00000000000000178, 47.67637811405924708 ) ) ;
#4046 = EDGE_LOOP ( 'NONE', ( #3214, #4044, #960, #5829, #1693, #6039, #416, #675, #2148, #2824, #4344, #260 ) ) ;
#4047 = CARTESIAN_POINT ( 'NONE',  ( 155.7184406945673345, 13.00000000000000178, 30.66147172544956945 ) ) ;
#4048 = EDGE_CURVE ( 'NONE', #3623, #1556, #4678, .T. ) ;
#4049 = CARTESIAN_POINT ( 'NONE',  ( 78.81946289447257925, 13.00000000000000178, 13.46765142470898091 ) ) ;
#4050 = B_SPLINE_CURVE_WITH_KNOTS ( 'NONE', 3,
 ( #5958, #6020, #1795, #343, #2751, #2720, #2233, #1295, #1826, #2782, #2260, #1326, #3679, #3741, #371, #1363, #5608, #4602, #2201 ),
 .UNSPECIFIED., .F., .F.,
 ( 4, 1, 1, 1, 1, 1, 1, 1, 1, 1, 1, 1, 1, 1, 1, 1, 4 ),
 ( 0.000000000000000000, 0.06241602615881759047, 0.1233369785373298194, 0.1832651398530920350, 0.2431724430697090045, 0.3028983539197450114, 0.3637735975039096403, 0.4256053049523821907, 0.4896590425101839394, 0.5537845767921160123, 0.6162215328110728363, 0.6778544713083423101, 0.7395168974879384738, 0.8020965355763706173, 0.8658658412779717262, 0.9315077951965110570, 1.000000000000000000 ),
 .UNSPECIFIED. ) ;
#4051 = ORIENTED_EDGE ( 'NONE', *, *, #4189, .T. ) ;
#4052 = CARTESIAN_POINT ( 'NONE',  ( 187.4855932220071963, 10.00000000000000000, 59.56640215252078718 ) ) ;
#4053 = CARTESIAN_POINT ( 'NONE',  ( 175.8838306589967999, 13.00000000000000178, 48.06237385564428877 ) ) ;
#4054 = LINE ( 'NONE', #223, #1516 ) ;
#4055 = EDGE_CURVE ( 'NONE', #2408, #2580, #1503, .T. ) ;
#4056 = CARTESIAN_POINT ( 'NONE',  ( 207.1009778373918095, 13.00000000000000178, 26.68178676790540393 ) ) ;
#4057 = ORIENTED_EDGE ( 'NONE', *, *, #1747, .F. ) ;
#4058 = PRODUCT_DEFINITION_SHAPE ( 'NONE', 'NONE',  #834 ) ;
#4059 = CARTESIAN_POINT ( 'NONE',  ( 172.0898375310392225, 10.00000000000000000, 46.64025252729338433 ) ) ;
#4060 = EDGE_LOOP ( 'NONE', ( #4831, #3804, #1666, #5652 ) ) ;
#4061 = CARTESIAN_POINT ( 'NONE',  ( 80.01564129893029076, 10.00000000000000000, 56.10486369098232728 ) ) ;
#4062 = DIRECTION ( 'NONE',  ( 0.000000000000000000, 0.000000000000000000, 1.000000000000000000 ) ) ;
#4063 = CARTESIAN_POINT ( 'NONE',  ( 227.1192584061176660, 13.00000000000000178, 42.59857428580516370 ) ) ;
#4064 = DIRECTION ( 'NONE',  ( 0.000000000000000000, 1.000000000000000000, 0.000000000000000000 ) ) ;
#4065 = ORIENTED_EDGE ( 'NONE', *, *, #3739, .F. ) ;
#4066 = CARTESIAN_POINT ( 'NONE',  ( 74.27622222383487838, 12.99999999999999822, 27.29246058600514502 ) ) ;
#4067 = CARTESIAN_POINT ( 'NONE',  ( 226.7695235758930892, 10.00000000000000000, 55.24976677180527673 ) ) ;
#4068 = CARTESIAN_POINT ( 'NONE',  ( 80.30410283739183797, 13.00000000000000178, 13.41255599867463566 ) ) ;
#4069 = CARTESIAN_POINT ( 'NONE',  ( 153.4160604818089553, 10.00000000000000178, 31.62193829193542882 ) ) ;
#4070 = VERTEX_POINT ( 'NONE', #919 ) ;
#4071 = CARTESIAN_POINT ( 'NONE',  ( 118.2998961066225974, 10.00000000000000000, 56.10486369098232728 ) ) ;
#4072 = CARTESIAN_POINT ( 'NONE',  ( 232.5306653373918380, 10.00000000000000000, 40.94260407559771409 ) ) ;
#4073 = VERTEX_POINT ( 'NONE', #2339 ) ;
#4074 = VECTOR ( 'NONE', #2057, 1000.000000000000000 ) ;
#4075 = CARTESIAN_POINT ( 'NONE',  ( 0.000000000000000000, 10.00000000000000000, 0.000000000000000000 ) ) ;
#4076 = DIRECTION ( 'NONE',  ( -0.000000000000000000, -1.000000000000000000, -0.000000000000000000 ) ) ;
#4077 = CARTESIAN_POINT ( 'NONE',  ( 75.97690321046491135, 13.00000000000000533, 14.17184019708478004 ) ) ;
#4078 = VECTOR ( 'NONE', #3269, 1000.000000000000000 ) ;
#4079 = ADVANCED_FACE ( 'NONE', ( #6108 ), #2671, .T. ) ;
#4080 = CARTESIAN_POINT ( 'NONE',  ( 104.9855932220072106, 13.00000000000000178, 43.19620984482848058 ) ) ;
#4081 = CARTESIAN_POINT ( 'NONE',  ( 234.5327100653429682, 10.00000000000000533, 31.50302440595834241 ) ) ;
#4082 = VECTOR ( 'NONE', #2569, 1000.000000000000000 ) ;
#4083 = CARTESIAN_POINT ( 'NONE',  ( 148.2304906088730547, 13.00000000000000178, 30.25366991630549407 ) ) ;
#4084 = ORIENTED_EDGE ( 'NONE', *, *, #4197, .F. ) ;
#4085 = CARTESIAN_POINT ( 'NONE',  ( 235.9331650420467668, 10.00000000000000000, 50.52655939060169032 ) ) ;
#4086 = ORIENTED_EDGE ( 'NONE', *, *, #538, .T. ) ;
#4087 = EDGE_CURVE ( 'NONE', #4604, #993, #5628, .T. ) ;
#4088 = CARTESIAN_POINT ( 'NONE',  ( 79.57819070599717293, 10.00000000000000000, 37.22692309318750148 ) ) ;
#4089 = CARTESIAN_POINT ( 'NONE',  ( 149.7758384050585505, 9.999999999999998224, 57.30675714579338376 ) ) ;
#4090 = CARTESIAN_POINT ( 'NONE',  ( 100.9471316835456918, 10.00000000000000000, 26.68178676790540393 ) ) ;
#4091 = LINE ( 'NONE', #2666, #1328 ) ;
#4092 = VERTEX_POINT ( 'NONE', #1409 ) ;
#4093 = CARTESIAN_POINT ( 'NONE',  ( 226.3503389217620736, 12.99999999999999822, 59.49705113861298855 ) ) ;
#4094 = EDGE_CURVE ( 'NONE', #2662, #3211, #5362, .T. ) ;
#4095 = CARTESIAN_POINT ( 'NONE',  ( 236.2710147553788431, 9.999999999999991118, 27.93669337769686578 ) ) ;
#4096 = CARTESIAN_POINT ( 'NONE',  ( 236.1784517763666145, 12.99999999999999822, 43.26333683531552055 ) ) ;
#4097 = DIRECTION ( 'NONE',  ( 0.000000000000000000, 0.000000000000000000, 1.000000000000000000 ) ) ;
#4098 = CARTESIAN_POINT ( 'NONE',  ( 224.1833095681610359, 10.00000000000000000, 39.79777234482848058 ) ) ;
#4099 = AXIS2_PLACEMENT_3D ( 'NONE', #184, #518, #2893 ) ;
#4100 = CARTESIAN_POINT ( 'NONE',  ( 89.26115546225570085, 9.999999999999996447, 17.36129325031841830 ) ) ;
#4101 = ORIENTED_EDGE ( 'NONE', *, *, #4695, .F. ) ;
#4102 = CARTESIAN_POINT ( 'NONE',  ( 73.47003002630087565, 13.00000000000000178, 53.16840582583161989 ) ) ;
#4103 = CARTESIAN_POINT ( 'NONE',  ( 229.5835418848648715, 10.00000000000000355, 39.13965960196059513 ) ) ;
#4104 = AXIS2_PLACEMENT_3D ( 'NONE', #4944, #1697, #5454 ) ;
#4105 = CARTESIAN_POINT ( 'NONE',  ( 88.83174706816106436, 13.00000000000000178, 48.47866176790540038 ) ) ;
#4106 = CARTESIAN_POINT ( 'NONE',  ( 69.27684176972495322, 10.00000000000000355, 55.42047737146295816 ) ) ;
#4107 = CARTESIAN_POINT ( 'NONE',  ( 146.5606330574581762, 12.99999999999999822, 41.91958864434691634 ) ) ;
#4108 = FACE_OUTER_BOUND ( 'NONE', #3772, .T. ) ;
#4109 = DIRECTION ( 'NONE',  ( -1.000000000000000000, 0.000000000000000000, 1.445602896647337931E-16 ) ) ;
#4110 = CARTESIAN_POINT ( 'NONE',  ( 167.8316809961842182, 13.00000000000000533, 58.18893022170470175 ) ) ;
#4111 = B_SPLINE_CURVE_WITH_KNOTS ( 'NONE', 3,
 ( #1428, #596, #4296, #3369, #4326, #5251, #3845, #995, #1521, #2878, #2476, #2907, #967, #5681, #937, #2822, #101, #3340, #3874 ),
 .UNSPECIFIED., .F., .F.,
 ( 4, 1, 1, 1, 1, 1, 1, 1, 1, 1, 1, 1, 1, 1, 1, 1, 4 ),
 ( 0.000000000000000000, 0.06604406936999875077, 0.1300237494418061135, 0.1923740566421971443, 0.2538843037504080469, 0.3148960853343819033, 0.3758058275294917094, 0.4382422362453591291, 0.5015912675509482943, 0.5648807602801259042, 0.6265333410400654168, 0.6875157651495297229, 0.7481059155492407742, 0.8087955368148519453, 0.8708215189810369905, 0.9343710811645482561, 1.000000000000000000 ),
 .UNSPECIFIED. ) ;
#4112 = CARTESIAN_POINT ( 'NONE',  ( 233.3913118983784329, 9.999999999999992895, 55.24991215546419454 ) ) ;
#4113 = CARTESIAN_POINT ( 'NONE',  ( 71.73138649123798416, 10.00000000000000000, 30.76532042175155723 ) ) ;
#4114 = ORIENTED_EDGE ( 'NONE', *, *, #6014, .T. ) ;
#4115 = EDGE_CURVE ( 'NONE', #305, #4092, #2832, .T. ) ;
#4116 = VERTEX_POINT ( 'NONE', #4245 ) ;
#4117 = CARTESIAN_POINT ( 'NONE',  ( 85.86653735228924234, 10.00000000000000000, 42.45730771903676271 ) ) ;
#4118 = CARTESIAN_POINT ( 'NONE',  ( 158.9091207294196408, 10.00000000000000000, 60.12762413521640070 ) ) ;
#4119 = CARTESIAN_POINT ( 'NONE',  ( 117.7793436273162655, 10.00000000000000178, 30.15155712071386063 ) ) ;
#4120 = CARTESIAN_POINT ( 'NONE',  ( 230.1418432220071963, 13.00000000000000178, 56.10486369098232728 ) ) ;
#4121 = VERTEX_POINT ( 'NONE', #1086 ) ;
#4122 = LINE ( 'NONE', #2731, #3409 ) ;
#4123 = EDGE_CURVE ( 'NONE', #1876, #1684, #2509, .T. ) ;
#4124 = CARTESIAN_POINT ( 'NONE',  ( 187.4855932220071963, 10.00000000000000000, 31.52253196021309734 ) ) ;
#4125 = CARTESIAN_POINT ( 'NONE',  ( 80.01564129893029076, 13.00000000000000178, 60.72024830636693338 ) ) ;
#4126 = CARTESIAN_POINT ( 'NONE',  ( 156.9390998165544318, 10.00000000000000355, 30.36643238742645678 ) ) ;
#4127 = CARTESIAN_POINT ( 'NONE',  ( 116.4547085432453599, 13.00000000000000178, 60.09379395373005650 ) ) ;
#4128 = CARTESIAN_POINT ( 'NONE',  ( 211.1394393758533568, 10.00000000000000000, 13.41255599867463566 ) ) ;
#4129 = VERTEX_POINT ( 'NONE', #3940 ) ;
#4130 = CARTESIAN_POINT ( 'NONE',  ( 159.5228528373918095, 13.00000000000000178, 26.10486369098232728 ) ) ;
#4131 = CARTESIAN_POINT ( 'NONE',  ( 235.9759897241865474, 10.00000000000000000, 32.80254733311901560 ) ) ;
#4132 = CARTESIAN_POINT ( 'NONE',  ( 230.3491749527764227, 13.00000000000000178, 60.14332522944386739 ) ) ;
#4133 = CARTESIAN_POINT ( 'NONE',  ( 76.98092730862917676, 13.00000000000000178, 30.17800550200342968 ) ) ;
#4134 = CARTESIAN_POINT ( 'NONE',  ( 73.32053501545804863, 10.00000000000000000, 22.57740748404799547 ) ) ;
#4135 = CARTESIAN_POINT ( 'NONE',  ( 239.0633444705294721, 13.00000000000000178, 30.41048788295013949 ) ) ;
#4136 = ORIENTED_EDGE ( 'NONE', *, *, #3836, .F. ) ;
#4137 = CARTESIAN_POINT ( 'NONE',  ( 105.9020517783667117, 13.00000000000000178, 48.28380867423329903 ) ) ;
#4138 = CARTESIAN_POINT ( 'NONE',  ( 146.5240547604687720, 13.00000000000000178, 43.24128196021309378 ) ) ;
#4139 = CARTESIAN_POINT ( 'NONE',  ( 73.25482399123798416, 10.00000000000000000, 23.72505599867463744 ) ) ;
#4140 = ORIENTED_EDGE ( 'NONE', *, *, #3952, .T. ) ;
#4141 = CARTESIAN_POINT ( 'NONE',  ( 143.5881926567701896, 10.00000000000000000, 36.92534888238750312 ) ) ;
#4142 = CARTESIAN_POINT ( 'NONE',  ( 127.6144491233133493, 12.99999999999999822, 52.34622757022088280 ) ) ;
#4143 = CARTESIAN_POINT ( 'NONE',  ( 154.2778948076513927, 10.00000000000000000, 59.46384790939107745 ) ) ;
#4144 = CARTESIAN_POINT ( 'NONE',  ( 92.84502592270578702, 10.00000000000000000, 49.74423664051275296 ) ) ;
#4145 = DIRECTION ( 'NONE',  ( -0.000000000000000000, 1.000000000000000000, -0.000000000000000000 ) ) ;
#4146 = ORIENTED_EDGE ( 'NONE', *, *, #3358, .T. ) ;
#4147 = DIRECTION ( 'NONE',  ( -0.000000000000000000, -1.000000000000000000, -0.000000000000000000 ) ) ;
#4148 = CARTESIAN_POINT ( 'NONE',  ( 126.4137414202504459, 13.00000000000000178, 28.01615355428619125 ) ) ;
#4149 = CARTESIAN_POINT ( 'NONE',  ( 233.1034392797407691, 9.999999999999994671, 26.37537063503627977 ) ) ;
#4150 = B_SPLINE_SURFACE_WITH_KNOTS ( 'NONE', 3, 1, ( 
 ( #1444, #514 ),
 ( #4805, #2000 ),
 ( #1965, #5789 ),
 ( #642, #5724 ),
 ( #1937, #2920 ),
 ( #3824, #5695 ),
 ( #3383, #581 ),
 ( #5328, #2488 ),
 ( #4339, #1097 ),
 ( #113, #1070 ),
 ( #3887, #1536 ) ),
 .UNSPECIFIED., .F., .F., .F.,
 ( 4, 1, 1, 1, 1, 1, 1, 1, 4 ),
 ( 2, 2 ),
 ( 0.000000000000000000, 0.1353597999413055641, 0.2630446827611699900, 0.3860610822643577578, 0.5057706525454608304, 0.6251780311387009625, 0.7461477220466155025, 0.8705380668997052540, 1.000000000000000000 ),
 ( 0.000000000000000000, 1.000000000000000000 ),
 .UNSPECIFIED. ) ;
#4151 = EDGE_CURVE ( 'NONE', #1037, #1492, #1582, .T. ) ;
#4152 = CARTESIAN_POINT ( 'NONE',  ( 74.24765569782037744, 13.00000000000000533, 59.46018568414470451 ) ) ;
#4153 = PLANE ( 'NONE',  #270 ) ;
#4154 = CARTESIAN_POINT ( 'NONE',  ( 230.9205601832653372, 10.00000000000000000, 40.00923777857257591 ) ) ;
#4155 = CARTESIAN_POINT ( 'NONE',  ( 84.93364348901273786, 13.00000000000000533, 14.30676714475804445 ) ) ;
#4156 = VERTEX_POINT ( 'NONE', #3536 ) ;
#4157 = CARTESIAN_POINT ( 'NONE',  ( 187.6593933066203590, 9.999999999999996447, 41.50376910689365673 ) ) ;
#4158 = CARTESIAN_POINT ( 'NONE',  ( 234.8383576450841304, 13.00000000000000178, 47.67637811405924708 ) ) ;
#4159 = CARTESIAN_POINT ( 'NONE',  ( 134.8895194417185337, 12.99999999999999822, 48.08573616792504879 ) ) ;
#4160 = EDGE_CURVE ( 'NONE', #709, #1989, #5379, .T. ) ;
#4161 = CARTESIAN_POINT ( 'NONE',  ( 239.3164528517541214, 13.00000000000000178, 54.32221599447760241 ) ) ;
#4162 = LINE ( 'NONE', #3673, #1316 ) ;
#4163 = CARTESIAN_POINT ( 'NONE',  ( 70.05710829385961347, 13.00000000000000178, 56.32575604325621299 ) ) ;
#4164 = EDGE_CURVE ( 'NONE', #4328, #1768, #5330, .T. ) ;
#4165 = VECTOR ( 'NONE', #3964, 1000.000000000000000 ) ;
#4166 = LINE ( 'NONE', #5005, #5448 ) ;
#4167 = CARTESIAN_POINT ( 'NONE',  ( 233.3333333333332860, 20.00000000000000000, 96.43724644492834841 ) ) ;
#4168 = CARTESIAN_POINT ( 'NONE',  ( 230.2103408148026631, 12.99999999999999822, 39.57206749747034991 ) ) ;
#4169 = ORIENTED_EDGE ( 'NONE', *, *, #1591, .T. ) ;
#4170 = AXIS2_PLACEMENT_3D ( 'NONE', #1824, #2199, #5956 ) ;
#4171 = CARTESIAN_POINT ( 'NONE',  ( 89.97781483461483276, 9.999999999999989342, 40.84387901987598468 ) ) ;
#4172 = VERTEX_POINT ( 'NONE', #1184 ) ;
#4173 = DIRECTION ( 'NONE',  ( -0.000000000000000000, -1.000000000000000000, -0.000000000000000000 ) ) ;
#4174 = CIRCLE ( 'NONE', #1223, 1.649999999999987477 ) ;
#4175 = CARTESIAN_POINT ( 'NONE',  ( 142.4855932220072532, 9.999999999999998224, 43.21423869098233439 ) ) ;
#4176 = CARTESIAN_POINT ( 'NONE',  ( 92.87020860662259736, 10.00000000000000000, 48.54176272944386028 ) ) ;
#4177 = VERTEX_POINT ( 'NONE', #4481 ) ;
#4178 = CARTESIAN_POINT ( 'NONE',  ( 230.3491749527764227, 13.00000000000000178, 60.14332522944386739 ) ) ;
#4179 = CARTESIAN_POINT ( 'NONE',  ( 159.5048239912379984, 10.00000000000000355, 30.14332522944386383 ) ) ;
#4180 = CARTESIAN_POINT ( 'NONE',  ( 191.2708457200374994, 9.999999999999996447, 27.37369018029517065 ) ) ;
#4181 = CARTESIAN_POINT ( 'NONE',  ( 224.1833095681610359, 10.00000000000000000, 39.79777234482848058 ) ) ;
#4182 = CARTESIAN_POINT ( 'NONE',  ( 190.2724218832905763, 13.00000000000000178, 28.12587827876526347 ) ) ;
#4183 = CARTESIAN_POINT ( 'NONE',  ( 130.5494848352657016, 9.999999999999998224, 38.11778299235304246 ) ) ;
#4184 = CARTESIAN_POINT ( 'NONE',  ( 0.000000000000000000, 10.00000000000000000, 0.000000000000000000 ) ) ;
#4185 = B_SPLINE_CURVE_WITH_KNOTS ( 'NONE', 3,
 ( #877, #5130, #2758, #3655, #4610, #1370, #5616, #815, #3625, #5492, #2696 ),
 .UNSPECIFIED., .F., .F.,
 ( 4, 1, 1, 1, 1, 1, 1, 1, 4 ),
 ( 0.000000000000000000, 0.1289191318119615182, 0.2552377249249070945, 0.3786785959785508027, 0.5010878871851330851, 0.6227136794297779554, 0.7462407949383831340, 0.8715890472316694115, 1.000000000000000000 ),
 .UNSPECIFIED. ) ;
#4186 = VERTEX_POINT ( 'NONE', #691 ) ;
#4187 = CARTESIAN_POINT ( 'NONE',  ( 118.2367951450841446, 13.00000000000000178, 30.14332522944386383 ) ) ;
#4188 = DIRECTION ( 'NONE',  ( -0.5141968420297341469, 0.000000000000000000, -0.8576722029112571200 ) ) ;
#4189 = EDGE_CURVE ( 'NONE', #4514, #3082, #5901, .T. ) ;
#4190 = CARTESIAN_POINT ( 'NONE',  ( 135.2746792519663757, 13.00000000000000178, 46.45946993299343575 ) ) ;
#4191 = VECTOR ( 'NONE', #5531, 1000.000000000000000 ) ;
#4192 = CARTESIAN_POINT ( 'NONE',  ( 91.42764200789909523, 9.999999999999996447, 54.21263149087095456 ) ) ;
#4193 = B_SPLINE_CURVE_WITH_KNOTS ( 'NONE', 3,
 ( #5790, #5853, #1627, #5757, #4807, #549, #2433, #3452, #3858, #5329, #2954, #2984, #3604, #2125, #5912, #4466, #3660, #4990, #4010 ),
 .UNSPECIFIED., .F., .F.,
 ( 4, 1, 1, 1, 1, 1, 1, 1, 1, 1, 1, 1, 1, 1, 1, 1, 4 ),
 ( 0.000000000000000000, 0.06797848961925527511, 0.1330435352439082453, 0.1965074380533949894, 0.2586134167685746887, 0.3197283376065477856, 0.3808728540495674442, 0.4426356023162050235, 0.5050793035048781743, 0.5678805200585764767, 0.6288138541554867400, 0.6889100905404389463, 0.7487650058898458472, 0.8093857829631169176, 0.8708843357532255469, 0.9340374630737016126, 0.9999999999999998890 ),
 .UNSPECIFIED. ) ;
#4194 = ORIENTED_EDGE ( 'NONE', *, *, #3263, .T. ) ;
#4195 = CARTESIAN_POINT ( 'NONE',  ( 133.3333333333333428, 10.00000000000000000, 94.93724644492834841 ) ) ;
#4196 = CARTESIAN_POINT ( 'NONE',  ( 73.27699713423039896, 10.00000000000000000, 23.33780020831285285 ) ) ;
#4197 = EDGE_CURVE ( 'NONE', #2408, #158, #2628, .T. ) ;
#4198 = B_SPLINE_SURFACE_WITH_KNOTS ( 'NONE', 3, 1, ( 
 ( #5021, #4965 ),
 ( #5500, #1689 ),
 ( #3577, #4620 ),
 ( #738, #2612 ),
 ( #298, #2159 ),
 ( #4499, #5444 ),
 ( #2185, #5947 ) ),
 .UNSPECIFIED., .F., .F., .F.,
 ( 4, 1, 1, 1, 4 ),
 ( 2, 2 ),
 ( 0.000000000000000000, 0.2488386141270719221, 0.4952350254576683430, 0.7433356038750067452, 1.000000000000000000 ),
 ( 0.000000000000000000, 1.000000000000000000 ),
 .UNSPECIFIED. ) ;
#4199 = CARTESIAN_POINT ( 'NONE',  ( 225.1099758962513704, 9.999999999999996447, 40.92314669725829646 ) ) ;
#4200 = CARTESIAN_POINT ( 'NONE',  ( 231.2932526618354530, 12.99999999999999822, 56.05280271931262348 ) ) ;
#4201 = CARTESIAN_POINT ( 'NONE',  ( 74.27622222383487838, 9.999999999999998224, 27.29246058600514502 ) ) ;
#4202 = EDGE_LOOP ( 'NONE', ( #459, #4500, #2329, #4638 ) ) ;
#4203 = ADVANCED_FACE ( 'NONE', ( #718 ), #5430, .T. ) ;
#4204 = CARTESIAN_POINT ( 'NONE',  ( 92.78243202854608285, 13.00000000000000178, 46.81509897854723334 ) ) ;
#4205 = CARTESIAN_POINT ( 'NONE',  ( 176.5097100284805265, 13.00000000000000178, 42.66073184885191694 ) ) ;
#4206 = CARTESIAN_POINT ( 'NONE',  ( 3.535533905932737309, 10.00000000000000000, 1.885533905932736509 ) ) ;
#4207 = CARTESIAN_POINT ( 'NONE',  ( 104.9979318560635448, 10.00000000000000178, 42.74186648505232000 ) ) ;
#4208 = VERTEX_POINT ( 'NONE', #751 ) ;
#4209 = CARTESIAN_POINT ( 'NONE',  ( 221.2307491575637357, 13.00000000000000178, 56.02521179819084551 ) ) ;
#4210 = B_SPLINE_CURVE_WITH_KNOTS ( 'NONE', 3,
 ( #1275, #909, #3155, #820, #4329, #505, #104, #4707, #3848, #4266, #75 ),
 .UNSPECIFIED., .F., .F.,
 ( 4, 1, 1, 1, 1, 1, 1, 1, 4 ),
 ( 0.000000000000000000, 0.1267425189618447690, 0.2517239612496070533, 0.3772186880262415887, 0.5046935492516291255, 0.6314582385934868203, 0.7554010672029504159, 0.8777005336014760406, 0.9999999999999998890 ),
 .UNSPECIFIED. ) ;
#4211 = CARTESIAN_POINT ( 'NONE',  ( 194.4245809962810085, 13.00000000000000178, 26.15375986338893100 ) ) ;
#4212 = CARTESIAN_POINT ( 'NONE',  ( 195.5084297604687436, 13.00000000000000178, 26.10486369098232728 ) ) ;
#4213 = CARTESIAN_POINT ( 'NONE',  ( 193.3500392409706876, 12.99999999999999822, 26.39775391644039004 ) ) ;
#4214 = CARTESIAN_POINT ( 'NONE',  ( 107.8165989888762653, 10.00000000000000355, 56.47166602419947168 ) ) ;
#4215 = CARTESIAN_POINT ( 'NONE',  ( 91.53954892575015378, 13.00000000000000178, 19.99461605427405075 ) ) ;
#4216 = ORIENTED_EDGE ( 'NONE', *, *, #1856, .T. ) ;
#4217 = CARTESIAN_POINT ( 'NONE',  ( 131.5053510397327727, 13.00000000000000178, 42.51517248462518950 ) ) ;
#4218 = CARTESIAN_POINT ( 'NONE',  ( 152.6935271124018527, 13.00000000000000178, 58.89983728857677647 ) ) ;
#4219 = CARTESIAN_POINT ( 'NONE',  ( 73.47003002630087565, 10.00000000000000000, 53.16840582583161989 ) ) ;
#4220 = CARTESIAN_POINT ( 'NONE',  ( 82.59010480530332643, 13.00000000000000533, 60.51569920404160285 ) ) ;
#4221 = ORIENTED_EDGE ( 'NONE', *, *, #3289, .T. ) ;
#4222 = DIRECTION ( 'NONE',  ( 0.000000000000000000, 0.000000000000000000, -1.000000000000000000 ) ) ;
#4223 = CARTESIAN_POINT ( 'NONE',  ( 87.46355755987713110, 10.00000000000000000, 44.41871770116560469 ) ) ;
#4224 = EDGE_CURVE ( 'NONE', #5016, #2186, #396, .T. ) ;
#4225 = CARTESIAN_POINT ( 'NONE',  ( 235.9331650420467668, 10.00000000000000000, 50.52655939060169032 ) ) ;
#4226 = CARTESIAN_POINT ( 'NONE',  ( 107.9073817314687034, 9.999999999999998224, 34.82732655324060289 ) ) ;
#4227 = CARTESIAN_POINT ( 'NONE',  ( 235.6641820646948702, 13.00000000000000178, 27.55709483312955044 ) ) ;
#4228 = ORIENTED_EDGE ( 'NONE', *, *, #280, .F. ) ;
#4229 = CARTESIAN_POINT ( 'NONE',  ( 91.62014818008013606, 9.999999999999992895, 43.38128321943272425 ) ) ;
#4230 = CARTESIAN_POINT ( 'NONE',  ( 104.9855932220072106, 13.00000000000000178, 43.19620984482848058 ) ) ;
#4231 = CARTESIAN_POINT ( 'NONE',  ( 129.7342225767423258, 10.00000000000000355, 49.58839040595544390 ) ) ;
#4232 = EDGE_CURVE ( 'NONE', #1625, #32, #2170, .T. ) ;
#4233 = CARTESIAN_POINT ( 'NONE',  ( 166.6544483539666999, 10.00000000000000000, 32.28645777504619474 ) ) ;
#4234 = CARTESIAN_POINT ( 'NONE',  ( 222.6779009143148755, 9.999999999999996447, 34.73166657559770698 ) ) ;
#4235 = ORIENTED_EDGE ( 'NONE', *, *, #4232, .F. ) ;
#4236 = CARTESIAN_POINT ( 'NONE',  ( 158.9233086578474001, 9.999999999999998224, 56.08811481642090513 ) ) ;
#4237 = CARTESIAN_POINT ( 'NONE',  ( 3.535533905932737309, 10.00000000000000000, 3.535533905932737309 ) ) ;
#4238 = ORIENTED_EDGE ( 'NONE', *, *, #6052, .T. ) ;
#4239 = DIRECTION ( 'NONE',  ( -0.000000000000000000, -1.000000000000000000, -0.000000000000000000 ) ) ;
#4240 = DIRECTION ( 'NONE',  ( -0.000000000000000000, -1.000000000000000000, -0.000000000000000000 ) ) ;
#4241 = CARTESIAN_POINT ( 'NONE',  ( 117.7155215978539076, 9.999999999999998224, 56.08382128585544280 ) ) ;
#4242 = DIRECTION ( 'NONE',  ( -1.000000000000000000, -1.051669361989187345E-14, 0.000000000000000000 ) ) ;
#4243 = CARTESIAN_POINT ( 'NONE',  ( 173.0891846630453870, 9.999999999999996447, 32.75705589170277676 ) ) ;
#4244 = ORIENTED_EDGE ( 'NONE', *, *, #2453, .T. ) ;
#4245 = CARTESIAN_POINT ( 'NONE',  ( 176.5240547604687436, 13.00000000000000178, 43.21423869098233439 ) ) ;
#4246 = FACE_OUTER_BOUND ( 'NONE', #5994, .T. ) ;
#4247 = CARTESIAN_POINT ( 'NONE',  ( 69.22261829384936505, 10.00000000000000000, 24.21823156704648738 ) ) ;
#4248 = CARTESIAN_POINT ( 'NONE',  ( 211.1394393758533568, 13.00000000000000178, 13.41255599867463566 ) ) ;
#4249 = CARTESIAN_POINT ( 'NONE',  ( 76.22056918354569177, 10.00000000000000355, 29.53935888329002424 ) ) ;
#4250 = ORIENTED_EDGE ( 'NONE', *, *, #4473, .T. ) ;
#4251 = DIRECTION ( 'NONE',  ( -0.000000000000000000, -1.000000000000000000, -0.000000000000000000 ) ) ;
#4252 = CARTESIAN_POINT ( 'NONE',  ( 79.00027283133121614, 12.99999999999999822, 60.70061407368071116 ) ) ;
#4253 = CARTESIAN_POINT ( 'NONE',  ( 226.3593938760252797, 12.99999999999999822, 42.04683778116520187 ) ) ;
#4254 = VERTEX_POINT ( 'NONE', #5931 ) ;
#4255 = CARTESIAN_POINT ( 'NONE',  ( 110.8149974782791247, 10.00000000000000533, 32.23139178064173649 ) ) ;
#4256 = CARTESIAN_POINT ( 'NONE',  ( 225.1596281628985992, 13.00000000000000178, 54.15890652421098395 ) ) ;
#4257 = CARTESIAN_POINT ( 'NONE',  ( 228.4340826859140634, 10.00000000000000000, 55.90154673409737285 ) ) ;
#4258 = EDGE_CURVE ( 'NONE', #5641, #4430, #224, .T. ) ;
#4259 = VECTOR ( 'NONE', #3831, 1000.000000000000000 ) ;
#4260 = CARTESIAN_POINT ( 'NONE',  ( 131.5240547604687436, 10.00000000000000178, 43.07902234482848058 ) ) ;
#4261 = DIRECTION ( 'NONE',  ( -0.000000000000000000, -1.000000000000000000, -0.000000000000000000 ) ) ;
#4262 = CARTESIAN_POINT ( 'NONE',  ( 172.4732726073876847, 10.00000000000000000, 42.79594193249599954 ) ) ;
#4263 = CARTESIAN_POINT ( 'NONE',  ( 227.6957621113486425, 10.00000000000000000, 26.70166637807574972 ) ) ;
#4264 = AXIS2_PLACEMENT_3D ( 'NONE', #5163, #2823, #474 ) ;
#4265 = ORIENTED_EDGE ( 'NONE', *, *, #5459, .F. ) ;
#4266 = CARTESIAN_POINT ( 'NONE',  ( 221.2307491575637357, 10.00000000000000000, 56.02521179819084551 ) ) ;
#4267 = EDGE_CURVE ( 'NONE', #158, #302, #1798, .T. ) ;
#4268 = PLANE ( 'NONE',  #3583 ) ;
#4269 = VECTOR ( 'NONE', #2465, 1000.000000000000000 ) ;
#4270 = CARTESIAN_POINT ( 'NONE',  ( 163.0813793191791490, 10.00000000000000000, 59.85838049486210366 ) ) ;
#4271 = CARTESIAN_POINT ( 'NONE',  ( 238.0169564174802019, 10.00000000000000000, 44.97397882941536551 ) ) ;
#4272 = CARTESIAN_POINT ( 'NONE',  ( 113.1728472919154314, 10.00000000000000178, 55.17953654155762422 ) ) ;
#4273 = FACE_OUTER_BOUND ( 'NONE', #1806, .T. ) ;
#4274 = LINE ( 'NONE', #3381, #4981 ) ;
#4275 = ORIENTED_EDGE ( 'NONE', *, *, #43, .F. ) ;
#4276 = CARTESIAN_POINT ( 'NONE',  ( 233.8249396051154463, 9.999999999999992895, 31.00220964855297368 ) ) ;
#4277 = ADVANCED_FACE ( 'NONE', ( #4573 ), #900, .T. ) ;
#4278 = CARTESIAN_POINT ( 'NONE',  ( 146.9928047604687436, 13.00000000000000178, 31.54957522944386383 ) ) ;
#4279 = LINE ( 'NONE', #4248, #2104 ) ;
#4280 = CARTESIAN_POINT ( 'NONE',  ( 85.51556612668987611, 9.999999999999998224, 54.52341697848988389 ) ) ;
#4281 = CARTESIAN_POINT ( 'NONE',  ( 211.1394393758533568, 13.00000000000000178, 26.68178676790540393 ) ) ;
#4282 = ORIENTED_EDGE ( 'NONE', *, *, #5826, .T. ) ;
#4283 = CARTESIAN_POINT ( 'NONE',  ( 104.9855932220072106, 13.00000000000000178, 71.68178676790540749 ) ) ;
#4284 = CARTESIAN_POINT ( 'NONE',  ( 118.2728528373918380, 10.00000000000000178, 26.10486369098232728 ) ) ;
#4285 = AXIS2_PLACEMENT_3D ( 'NONE', #2179, #4064, #34 ) ;
#4286 = LINE ( 'NONE', #557, #2691 ) ;
#4287 = ORIENTED_EDGE ( 'NONE', *, *, #5573, .F. ) ;
#4288 = CARTESIAN_POINT ( 'NONE',  ( 115.5586681121336596, 10.00000000000000178, 30.36028579158693574 ) ) ;
#4289 = CARTESIAN_POINT ( 'NONE',  ( 166.6666666666666288, 20.00000000000000000, 96.43724644492834841 ) ) ;
#4290 = CIRCLE ( 'NONE', #1235, 1.500000000000001332 ) ;
#4291 = CARTESIAN_POINT ( 'NONE',  ( 165.5772129150406897, 13.00000000000000178, 31.62486011867594726 ) ) ;
#4292 = CARTESIAN_POINT ( 'NONE',  ( 80.30410283739183797, 10.00000000000000355, 13.41255599867463566 ) ) ;
#4293 = CARTESIAN_POINT ( 'NONE',  ( 146.6336520370211645, 13.00000000000000178, 31.96416127125107565 ) ) ;
#4294 = CARTESIAN_POINT ( 'NONE',  ( 230.6942681988808204, 9.999999999999998224, 26.11053281686706029 ) ) ;
#4295 = CARTESIAN_POINT ( 'NONE',  ( 188.2067470681610359, 13.00000000000000178, 37.22866176790540038 ) ) ;
#4296 = CARTESIAN_POINT ( 'NONE',  ( 116.8787394989605843, 13.00000000000000178, 30.16776359281849906 ) ) ;
#4297 = CARTESIAN_POINT ( 'NONE',  ( 223.0311382332708092, 13.00000000000000533, 37.42231868295446162 ) ) ;
#4298 = EDGE_CURVE ( 'NONE', #5050, #4845, #912, .T. ) ;
#4299 = VERTEX_POINT ( 'NONE', #5993 ) ;
#4300 = CARTESIAN_POINT ( 'NONE',  ( 146.5240547604687720, 13.00000000000000178, 43.24128196021309378 ) ) ;
#4301 = LINE ( 'NONE', #1930, #563 ) ;
#4302 = CARTESIAN_POINT ( 'NONE',  ( 229.3417824955186575, 12.99999999999999467, 30.45579881644802001 ) ) ;
#4303 = CIRCLE ( 'NONE', #2334, 1.500000000000001332 ) ;
#4304 = CARTESIAN_POINT ( 'NONE',  ( 33.33333333333334991, 10.00000000000000000, 94.93724644492834841 ) ) ;
#4305 = CARTESIAN_POINT ( 'NONE',  ( 183.4471316835456491, 13.00000000000000178, 59.56640215252078718 ) ) ;
#4306 = EDGE_CURVE ( 'NONE', #5910, #288, #372, .T. ) ;
#4307 = CARTESIAN_POINT ( 'NONE',  ( 175.9182094810001900, 12.99999999999999822, 38.40414075228841995 ) ) ;
#4308 = EDGE_LOOP ( 'NONE', ( #5043, #4641, #2760, #744 ) ) ;
#4309 = FACE_OUTER_BOUND ( 'NONE', #998, .T. ) ;
#4310 = CARTESIAN_POINT ( 'NONE',  ( 69.35714750962078767, 9.999999999999998224, 25.72730166959357945 ) ) ;
#4311 = CARTESIAN_POINT ( 'NONE',  ( 83.46222574046329612, 13.00000000000000178, 55.54118091434877158 ) ) ;
#4312 = LINE ( 'NONE', #4376, #1537 ) ;
#4313 = CARTESIAN_POINT ( 'NONE',  ( 79.05571480892136549, 9.999999999999996447, 31.72692544198341125 ) ) ;
#4314 = EDGE_CURVE ( 'NONE', #2554, #3941, #6021, .T. ) ;
#4315 = ORIENTED_EDGE ( 'NONE', *, *, #5367, .F. ) ;
#4316 = LINE ( 'NONE', #5728, #5852 ) ;
#4317 = CARTESIAN_POINT ( 'NONE',  ( 67.02898542159357476, 13.00000000000000178, 52.14827511413782446 ) ) ;
#4318 = FACE_BOUND ( 'NONE', #2458, .T. ) ;
#4319 = ORIENTED_EDGE ( 'NONE', *, *, #4806, .F. ) ;
#4320 = CARTESIAN_POINT ( 'NONE',  ( 235.0103541259182975, 9.999999999999992895, 53.74510867426685223 ) ) ;
#4321 = CARTESIAN_POINT ( 'NONE',  ( 234.1373935718217467, 10.00000000000000355, 59.46455195120336157 ) ) ;
#4322 = CARTESIAN_POINT ( 'NONE',  ( 234.8383576450841304, 10.00000000000000000, 47.67637811405924708 ) ) ;
#4323 = EDGE_LOOP ( 'NONE', ( #5586, #4363, #1964, #3861 ) ) ;
#4324 = FACE_OUTER_BOUND ( 'NONE', #1846, .T. ) ;
#4325 = CARTESIAN_POINT ( 'NONE',  ( 216.9086701450841304, 13.00000000000000178, 30.72024830636694048 ) ) ;
#4326 = CARTESIAN_POINT ( 'NONE',  ( 114.2871554695048815, 13.00000000000000178, 30.63977103548968017 ) ) ;
#4327 = CARTESIAN_POINT ( 'NONE',  ( 222.6921157026734477, 13.00000000000000178, 35.19633696141370649 ) ) ;
#4328 = VERTEX_POINT ( 'NONE', #5126 ) ;
#4329 = CARTESIAN_POINT ( 'NONE',  ( 226.3503389217620736, 9.999999999999998224, 59.49705113861298855 ) ) ;
#4330 = CARTESIAN_POINT ( 'NONE',  ( 159.5048239912379984, 13.00000000000000178, 56.10486369098232728 ) ) ;
#4331 = VERTEX_POINT ( 'NONE', #5096 ) ;
#4332 = CARTESIAN_POINT ( 'NONE',  ( 175.3588498824090607, 9.999999999999996447, 49.57769991817743005 ) ) ;
#4333 = UNCERTAINTY_MEASURE_WITH_UNIT (LENGTH_MEASURE( 1.000000000000000082E-05 ), #1016, 'distance_accuracy_value', 'NONE');
#4334 = CARTESIAN_POINT ( 'NONE',  ( 69.84178657535807133, 12.99999999999999822, 27.47698105705316607 ) ) ;
#4335 = CARTESIAN_POINT ( 'NONE',  ( 148.6668351248453632, 9.999999999999996447, 35.97448411398414692 ) ) ;
#4336 = CARTESIAN_POINT ( 'NONE',  ( 194.4181300823600225, 10.00000000000000000, 30.16492570989688460 ) ) ;
#4337 = CARTESIAN_POINT ( 'NONE',  ( 201.3317470681610644, 13.00000000000000178, 30.72024830636694048 ) ) ;
#4338 = VERTEX_POINT ( 'NONE', #3714 ) ;
#4339 = CARTESIAN_POINT ( 'NONE',  ( 116.2946200740171463, 13.00000000000000178, 26.15964383753818012 ) ) ;
#4340 = EDGE_CURVE ( 'NONE', #4902, #2023, #5612, .T. ) ;
#4341 = CARTESIAN_POINT ( 'NONE',  ( 70.18587370282398297, 10.00000000000000355, 28.33192788716930011 ) ) ;
#4342 = CARTESIAN_POINT ( 'NONE',  ( 81.19237373039972283, 10.00000000000000000, 56.07209002672843923 ) ) ;
#4343 = CARTESIAN_POINT ( 'NONE',  ( 79.10518456816106436, 13.00000000000000178, 36.88611369098232728 ) ) ;
#4344 = ORIENTED_EDGE ( 'NONE', *, *, #1022, .F. ) ;
#4345 = CARTESIAN_POINT ( 'NONE',  ( 85.58903789757675895, 9.999999999999994671, 20.34398195275216281 ) ) ;
#4346 = CARTESIAN_POINT ( 'NONE',  ( 92.86175968788597856, 12.99999999999999822, 48.94519885210144139 ) ) ;
#4347 = ORIENTED_EDGE ( 'NONE', *, *, #1778, .T. ) ;
#4348 = EDGE_CURVE ( 'NONE', #1890, #3013, #3742, .T. ) ;
#4349 = EDGE_CURVE ( 'NONE', #26, #713, #3177, .T. ) ;
#4350 = B_SPLINE_SURFACE_WITH_KNOTS ( 'NONE', 3, 1, ( 
 ( #2126, #1197 ),
 ( #3484, #3076 ),
 ( #5854, #5442 ),
 ( #1225, #4991 ),
 ( #762, #2640 ),
 ( #4525, #4067 ),
 ( #5945, #1308 ),
 ( #3694, #823 ),
 ( #3191, #2670 ),
 ( #5109, #883 ),
 ( #1777, #5076 ) ),
 .UNSPECIFIED., .F., .F., .F.,
 ( 4, 1, 1, 1, 1, 1, 1, 1, 4 ),
 ( 2, 2 ),
 ( 0.000000000000000000, 0.1474758177483584398, 0.2859041715443770282, 0.4171716482444384755, 0.5405007435864942478, 0.6592377183802364815, 0.7750060983159535732, 0.8872285734286348147, 1.000000000000000000 ),
 ( 0.000000000000000000, 1.000000000000000000 ),
 .UNSPECIFIED. ) ;
#4351 = DIRECTION ( 'NONE',  ( 0.000000000000000000, 0.000000000000000000, 1.000000000000000000 ) ) ;
#4352 = CARTESIAN_POINT ( 'NONE',  ( 135.5625162989302908, 10.00000000000000178, 43.03395022944386739 ) ) ;
#4353 = ORIENTED_EDGE ( 'NONE', *, *, #5928, .T. ) ;
#4354 = CARTESIAN_POINT ( 'NONE',  ( 106.4651930207323716, 12.99999999999999822, 36.93702875146797737 ) ) ;
#4355 = FACE_BOUND ( 'NONE', #2557, .T. ) ;
#4356 = CARTESIAN_POINT ( 'NONE',  ( 133.3333333333333428, 20.00000000000000000, 96.43724644492834841 ) ) ;
#4357 = CARTESIAN_POINT ( 'NONE',  ( 81.88894436368219942, 10.00000000000000178, 13.46721881908733565 ) ) ;
#4358 = EDGE_CURVE ( 'NONE', #2419, #1157, #5666, .T. ) ;
#4359 = CARTESIAN_POINT ( 'NONE',  ( 197.2405183511389737, 10.00000000000000355, 26.37294716767769742 ) ) ;
#4360 = CARTESIAN_POINT ( 'NONE',  ( 171.5541431020513699, 9.999999999999996447, 38.19607434322490747 ) ) ;
#4361 = CARTESIAN_POINT ( 'NONE',  ( 227.6957621113486425, 13.00000000000000533, 26.70166637807574972 ) ) ;
#4362 = CARTESIAN_POINT ( 'NONE',  ( 129.7451541670604627, 13.00000000000000178, 36.58109020984875315 ) ) ;
#4363 = ORIENTED_EDGE ( 'NONE', *, *, #5578, .T. ) ;
#4364 = CARTESIAN_POINT ( 'NONE',  ( 149.1740543963610719, 9.999999999999998224, 51.21602859396574559 ) ) ;
#4365 = ORIENTED_EDGE ( 'NONE', *, *, #4761, .F. ) ;
#4366 = CARTESIAN_POINT ( 'NONE',  ( 166.3319807397952843, 9.999999999999996447, 58.90168413675156955 ) ) ;
#4367 = VECTOR ( 'NONE', #498, 1000.000000000000000 ) ;
#4368 = LINE ( 'NONE', #2884, #1307 ) ;
#4369 = CARTESIAN_POINT ( 'NONE',  ( 78.49205492871953993, 10.00000000000000000, 18.07356224616280826 ) ) ;
#4370 = CARTESIAN_POINT ( 'NONE',  ( 191.0969274896364425, 13.00000000000000533, 31.73557933950692345 ) ) ;
#4371 = CARTESIAN_POINT ( 'NONE',  ( 73.25482399123798416, 10.00000000000000000, 23.72505599867463744 ) ) ;
#4372 = ORIENTED_EDGE ( 'NONE', *, *, #4197, .T. ) ;
#4373 = CARTESIAN_POINT ( 'NONE',  ( 234.8383576450841304, 13.00000000000000178, 47.67637811405924708 ) ) ;
#4374 = AXIS2_PLACEMENT_3D ( 'NONE', #2377, #524, #2930 ) ;
#4375 = CARTESIAN_POINT ( 'NONE',  ( 79.85338168354567756, 13.00000000000000178, 18.02794061405924708 ) ) ;
#4376 = CARTESIAN_POINT ( 'NONE',  ( 229.8533816835456491, 13.00000000000000178, 44.28695503713617398 ) ) ;
#4377 = CARTESIAN_POINT ( 'NONE',  ( 239.9581116731287693, 9.999999999999998224, 51.60724164097663191 ) ) ;
#4378 = VERTEX_POINT ( 'NONE', #467 ) ;
#4379 = CARTESIAN_POINT ( 'NONE',  ( 227.0068100746994446, 12.99999999999999467, 32.90042916153706898 ) ) ;
#4380 = EDGE_CURVE ( 'NONE', #3187, #3758, #1796, .T. ) ;
#4381 = CARTESIAN_POINT ( 'NONE',  ( 123.3430556024452329, 9.999999999999998224, 26.76828574328899180 ) ) ;
#4382 = ORIENTED_EDGE ( 'NONE', *, *, #5936, .T. ) ;
#4383 = B_SPLINE_CURVE_WITH_KNOTS ( 'NONE', 3,
 ( #4042, #5917, #3197, #2223, #4102, #5476, #3136, #5083, #4529, #862, #3639 ),
 .UNSPECIFIED., .F., .F.,
 ( 4, 1, 1, 1, 1, 1, 1, 1, 4 ),
 ( 0.000000000000000000, 0.1590042985173771573, 0.3046460998968145151, 0.4385469045795916121, 0.5623222987759270985, 0.6774325425257313738, 0.7868973929387541588, 0.8936108891042668922, 1.000000000000000000 ),
 .UNSPECIFIED. ) ;
#4384 = CARTESIAN_POINT ( 'NONE',  ( 81.19237373039972283, 13.00000000000000178, 56.07209002672843923 ) ) ;
#4385 = ORIENTED_EDGE ( 'NONE', *, *, #840, .T. ) ;
#4386 = CARTESIAN_POINT ( 'NONE',  ( 105.2077513000199076, 10.00000000000000178, 40.53450438426560254 ) ) ;
#4387 = ADVANCED_FACE ( 'NONE', ( #871 ), #4637, .T. ) ;
#4388 = CARTESIAN_POINT ( 'NONE',  ( 170.7758638881633999, 10.00000000000000000, 30.23629179878570028 ) ) ;
#4389 = CARTESIAN_POINT ( 'NONE',  ( 225.9616490342232282, 10.00000000000000000, 54.75292286733682090 ) ) ;
#4390 = CARTESIAN_POINT ( 'NONE',  ( 236.6682855296995740, 10.00000000000000000, 33.60486369098232728 ) ) ;
#4391 = AXIS2_PLACEMENT_3D ( 'NONE', #4884, #660, #4418 ) ;
#4392 = CARTESIAN_POINT ( 'NONE',  ( 235.9471316835457060, 10.00000000000000000, 50.81339734482848769 ) ) ;
#4393 = CARTESIAN_POINT ( 'NONE',  ( 86.26899823849026916, 13.00000000000000178, 37.10817890843414091 ) ) ;
#4394 = EDGE_CURVE ( 'NONE', #2667, #1625, #5487, .T. ) ;
#4395 = CARTESIAN_POINT ( 'NONE',  ( 66.33174706816106436, 10.00000000000000000, 50.88551272944386028 ) ) ;
#4396 = ORIENTED_EDGE ( 'NONE', *, *, #953, .F. ) ;
#4397 = B_SPLINE_SURFACE_WITH_KNOTS ( 'NONE', 3, 1, ( 
 ( #394, #802 ),
 ( #4566, #339 ),
 ( #2227, #6050 ),
 ( #4133, #5988 ),
 ( #1762, #3645 ),
 ( #5512, #2713 ),
 ( #4599, #368 ),
 ( #2257, #1011 ),
 ( #3300, #60 ),
 ( #4811, #2896 ),
 ( #3390, #2839 ) ),
 .UNSPECIFIED., .F., .F., .F.,
 ( 4, 1, 1, 1, 1, 1, 1, 1, 4 ),
 ( 2, 2 ),
 ( 0.000000000000000000, 0.05259428152913703247, 0.1249519739750388631, 0.2180938989285933494, 0.3335024107325197940, 0.4687891785044467907, 0.6249375859645976972, 0.8016830479282273103, 1.000000000000000000 ),
 ( 0.000000000000000000, 1.000000000000000000 ),
 .UNSPECIFIED. ) ;
#4398 = EDGE_LOOP ( 'NONE', ( #4503, #2588, #4413, #4216 ) ) ;
#4399 = CARTESIAN_POINT ( 'NONE',  ( 230.9891989912379984, 13.00000000000000178, 30.14332522944386383 ) ) ;
#4400 = DIRECTION ( 'NONE',  ( 0.000000000000000000, -0.000000000000000000, 1.000000000000000000 ) ) ;
#4401 = CARTESIAN_POINT ( 'NONE',  ( 77.21932332162225521, 10.00000000000000178, 18.40167634276969011 ) ) ;
#4402 = CARTESIAN_POINT ( 'NONE',  ( 190.1045813387073906, 10.00000000000000000, 32.85667333991031569 ) ) ;
#4403 = CARTESIAN_POINT ( 'NONE',  ( 226.7320437303503411, 10.00000000000000000, 34.28228789349729055 ) ) ;
#4404 = VERTEX_POINT ( 'NONE', #4113 ) ;
#4405 = CARTESIAN_POINT ( 'NONE',  ( 232.4019729124604225, 12.99999999999999822, 30.34721525295983469 ) ) ;
#4406 = CARTESIAN_POINT ( 'NONE',  ( 166.6544483539666999, 13.00000000000000178, 32.28645777504619474 ) ) ;
#4407 = CARTESIAN_POINT ( 'NONE',  ( 196.6122478402674005, 13.00000000000000178, 30.64260216510630030 ) ) ;
#4408 = B_SPLINE_CURVE_WITH_KNOTS ( 'NONE', 3,
 ( #5990, #310, #3647, #5094, #3207, #5455, #1794, #5032, #3678, #3711, #869 ),
 .UNSPECIFIED., .F., .F.,
 ( 4, 1, 1, 1, 1, 1, 1, 1, 4 ),
 ( 0.000000000000000000, 0.1289191318119615182, 0.2552377249249070945, 0.3786785959785508027, 0.5010878871851330851, 0.6227136794297779554, 0.7462407949383831340, 0.8715890472316694115, 1.000000000000000000 ),
 .UNSPECIFIED. ) ;
#4409 = CARTESIAN_POINT ( 'NONE',  ( 238.4456106653309178, 13.00000000000000178, 55.93958270511452469 ) ) ;
#4410 = ORIENTED_EDGE ( 'NONE', *, *, #5588, .T. ) ;
#4411 = CARTESIAN_POINT ( 'NONE',  ( 230.9891989912379984, 10.00000000000000178, 30.14332522944386383 ) ) ;
#4412 = CARTESIAN_POINT ( 'NONE',  ( 67.76289322032397422, 10.00000000000000000, 53.33341251961036988 ) ) ;
#4413 = ORIENTED_EDGE ( 'NONE', *, *, #1966, .F. ) ;
#4414 = CARTESIAN_POINT ( 'NONE',  ( 135.5145705098952362, 9.999999999999998224, 41.33209375141706943 ) ) ;
#4415 = ORIENTED_EDGE ( 'NONE', *, *, #2172, .T. ) ;
#4416 = CARTESIAN_POINT ( 'NONE',  ( 86.59370537134230972, 13.00000000000000178, 43.26274646086387321 ) ) ;
#4417 = CARTESIAN_POINT ( 'NONE',  ( 239.9763420729516952, 9.999999999999998224, 50.96701232951458849 ) ) ;
#4418 = DIRECTION ( 'NONE',  ( -1.000000000000000000, 0.000000000000000000, -0.000000000000000000 ) ) ;
#4419 = DIRECTION ( 'NONE',  ( 0.000000000000000000, 1.000000000000000000, 0.000000000000000000 ) ) ;
#4420 = ORIENTED_EDGE ( 'NONE', *, *, #1975, .F. ) ;
#4421 = EDGE_CURVE ( 'NONE', #3082, #1947, #3307, .T. ) ;
#4422 = CARTESIAN_POINT ( 'NONE',  ( 85.04753306868728657, 13.00000000000000178, 19.87392793643771327 ) ) ;
#4423 = CARTESIAN_POINT ( 'NONE',  ( 71.14122586621158462, 13.00000000000000533, 29.97954661372991225 ) ) ;
#4424 = CYLINDRICAL_SURFACE ( 'NONE', #2597, 1.500000000000001332 ) ;
#4425 = CARTESIAN_POINT ( 'NONE',  ( 82.98135903440491745, 10.00000000000000178, 39.83489707145839986 ) ) ;
#4426 = ORIENTED_EDGE ( 'NONE', *, *, #799, .F. ) ;
#4427 = B_SPLINE_CURVE_WITH_KNOTS ( 'NONE', 3,
 ( #670, #636, #2513, #2117, #1090, #5384, #229 ),
 .UNSPECIFIED., .F., .F.,
 ( 4, 1, 1, 1, 4 ),
 ( 0.000000000000000000, 0.2347233736739003096, 0.4771583189289878013, 0.7285562842030538500, 1.000000000000000000 ),
 .UNSPECIFIED. ) ;
#4428 = APPLICATION_PROTOCOL_DEFINITION ( 'draft international standard', 'automotive_design', 1998, #3922 ) ;
#4429 = CARTESIAN_POINT ( 'NONE',  ( 167.4463353356110815, 9.999999999999996447, 53.57645714846763241 ) ) ;
#4430 = VERTEX_POINT ( 'NONE', #1020 ) ;
#4431 = ADVANCED_FACE ( 'NONE', ( #4758 ), #5217, .T. ) ;
#4432 = CARTESIAN_POINT ( 'NONE',  ( 199.9999999999999432, 20.00000000000000000, 96.43724644492834841 ) ) ;
#4433 = DIRECTION ( 'NONE',  ( 0.000000000000000000, 1.000000000000000000, 0.000000000000000000 ) ) ;
#4434 = CARTESIAN_POINT ( 'NONE',  ( 147.0446178667880019, 12.99999999999999822, 39.38999660237317357 ) ) ;
#4435 = DIRECTION ( 'NONE',  ( -0.000000000000000000, -1.000000000000000000, -0.000000000000000000 ) ) ;
#4436 = CARTESIAN_POINT ( 'NONE',  ( 0.000000000000000000, 0.000000000000000000, 0.000000000000000000 ) ) ;
#4437 = ORIENTED_EDGE ( 'NONE', *, *, #3643, .T. ) ;
#4438 = CARTESIAN_POINT ( 'NONE',  ( 104.9855932220072106, 10.00000000000000000, 26.68178676790540393 ) ) ;
#4439 = CARTESIAN_POINT ( 'NONE',  ( 172.2629208338473745, 13.00000000000000178, 40.63049205638245098 ) ) ;
#4440 = DIRECTION ( 'NONE',  ( -0.000000000000000000, -1.000000000000000000, -0.000000000000000000 ) ) ;
#4441 = CARTESIAN_POINT ( 'NONE',  ( 239.9763420729516952, 9.999999999999998224, 50.96701232951458849 ) ) ;
#4442 = EDGE_LOOP ( 'NONE', ( #3813, #4848, #1586, #2123, #2928, #2932, #2054, #1367, #3913 ) ) ;
#4443 = CARTESIAN_POINT ( 'NONE',  ( 85.04753306868728657, 9.999999999999994671, 19.87392793643771327 ) ) ;
#4444 = CARTESIAN_POINT ( 'NONE',  ( 134.8784978097235694, 12.99999999999999467, 38.06889456260356042 ) ) ;
#4445 = EDGE_LOOP ( 'NONE', ( #1408, #949, #4114, #5520 ) ) ;
#4446 = CARTESIAN_POINT ( 'NONE',  ( 88.81645567680575937, 12.99999999999999822, 48.80703909217903202 ) ) ;
#4447 = DIRECTION ( 'NONE',  ( 0.000000000000000000, 0.000000000000000000, 1.000000000000000000 ) ) ;
#4448 = CARTESIAN_POINT ( 'NONE',  ( 236.5323163339243422, 10.00000000000000000, 58.03916234152657694 ) ) ;
#4449 = CARTESIAN_POINT ( 'NONE',  ( 233.0245319314130654, 13.00000000000000178, 46.13207568542810577 ) ) ;
#4450 = CARTESIAN_POINT ( 'NONE',  ( 169.8261633243445203, 9.999999999999998224, 51.21266849727685155 ) ) ;
#4451 = CARTESIAN_POINT ( 'NONE',  ( 193.7571136399562022, 10.00000000000000000, 30.20898442867970601 ) ) ;
#4452 = CARTESIAN_POINT ( 'NONE',  ( 104.9855932220072106, 13.00000000000000178, 26.68178676790540393 ) ) ;
#4453 = CARTESIAN_POINT ( 'NONE',  ( 235.9471316835457060, 13.00000000000000178, 50.81339734482848769 ) ) ;
#4454 = ORIENTED_EDGE ( 'NONE', *, *, #2198, .T. ) ;
#4455 = EDGE_CURVE ( 'NONE', #4475, #4208, #2173, .T. ) ;
#4456 = CARTESIAN_POINT ( 'NONE',  ( 235.6890334236595663, 10.00000000000000000, 49.14058900455665935 ) ) ;
#4457 = ORIENTED_EDGE ( 'NONE', *, *, #3905, .F. ) ;
#4458 = CARTESIAN_POINT ( 'NONE',  ( 226.7306443247594530, 13.00000000000000178, 34.82927609930561630 ) ) ;
#4459 = CARTESIAN_POINT ( 'NONE',  ( 159.5228528373918095, 9.999999999999998224, 60.14332522944386739 ) ) ;
#4460 = CARTESIAN_POINT ( 'NONE',  ( 104.9855932220072106, 13.00000000000000178, 26.68178676790540393 ) ) ;
#4461 = CARTESIAN_POINT ( 'NONE',  ( 238.3120783320327121, 10.00000000000000000, 45.36911886244492820 ) ) ;
#4462 = CARTESIAN_POINT ( 'NONE',  ( 164.5175040233875734, 13.00000000000000178, 55.20847375106205845 ) ) ;
#4463 = ORIENTED_EDGE ( 'NONE', *, *, #1934, .T. ) ;
#4464 = CARTESIAN_POINT ( 'NONE',  ( 229.5184963116103916, 10.00000000000000178, 44.10002334430974713 ) ) ;
#4465 = EDGE_CURVE ( 'NONE', #4902, #2739, #2969, .T. ) ;
#4466 = CARTESIAN_POINT ( 'NONE',  ( 229.2724960166427195, 13.00000000000000178, 26.24576793669089270 ) ) ;
#4467 = VECTOR ( 'NONE', #3275, 1000.000000000000000 ) ;
#4468 = LINE ( 'NONE', #212, #1744 ) ;
#4469 = CARTESIAN_POINT ( 'NONE',  ( 79.80436033963079012, 13.00000000000000178, 13.43110159011781946 ) ) ;
#4470 = ORIENTED_EDGE ( 'NONE', *, *, #3713, .F. ) ;
#4471 = CARTESIAN_POINT ( 'NONE',  ( 226.7163624527764227, 10.00000000000000178, 34.56940696021309378 ) ) ;
#4472 = CARTESIAN_POINT ( 'NONE',  ( 227.9365386913793259, 10.00000000000000178, 37.67898279724227706 ) ) ;
#4473 = EDGE_CURVE ( 'NONE', #5799, #1139, #3798, .T. ) ;
#4474 = ORIENTED_EDGE ( 'NONE', *, *, #165, .T. ) ;
#4475 = VERTEX_POINT ( 'NONE', #4820 ) ;
#4476 = CARTESIAN_POINT ( 'NONE',  ( 105.0222181925372382, 9.999999999999998224, 41.84757497273758986 ) ) ;
#4477 = CARTESIAN_POINT ( 'NONE',  ( 131.4680893191051894, 13.00000000000000178, 41.39186572318823210 ) ) ;
#4478 = CARTESIAN_POINT ( 'NONE',  ( 69.21636245277645116, 10.00000000000000000, 23.91435888329002069 ) ) ;
#4479 = B_SPLINE_CURVE_WITH_KNOTS ( 'NONE', 3,
 ( #884, #5623, #5077, #1376, #824, #6005, #913, #2702, #3695, #1780, #1404 ),
 .UNSPECIFIED., .F., .F.,
 ( 4, 1, 1, 1, 1, 1, 1, 1, 4 ),
 ( 0.000000000000000000, 0.1268408077971993064, 0.2505477821575817221, 0.3712302035652627619, 0.4921157704266504451, 0.6134009879986328517, 0.7379973201236222913, 0.8661319098407442851, 1.000000000000000000 ),
 .UNSPECIFIED. ) ;
#4480 = DIRECTION ( 'NONE',  ( -0.000000000000000000, -1.000000000000000000, -0.000000000000000000 ) ) ;
#4481 = CARTESIAN_POINT ( 'NONE',  ( 266.6666666666666856, 20.00000000000000000, 97.93724644492837683 ) ) ;
#4482 = ORIENTED_EDGE ( 'NONE', *, *, #1908, .T. ) ;
#4483 = DIRECTION ( 'NONE',  ( 0.000000000000000000, 0.000000000000000000, 1.000000000000000000 ) ) ;
#4484 = CARTESIAN_POINT ( 'NONE',  ( 230.7573099187241326, 9.999999999999998224, 44.77287404261225134 ) ) ;
#4485 = ORIENTED_EDGE ( 'NONE', *, *, #4115, .F. ) ;
#4486 = AXIS2_PLACEMENT_3D ( 'NONE', #5298, #3919, #482 ) ;
#4487 = FACE_OUTER_BOUND ( 'NONE', #1616, .T. ) ;
#4488 = B_SPLINE_CURVE_WITH_KNOTS ( 'NONE', 3,
 ( #3201, #6047, #2679, #5985, #4628, #773, #1761, #4562, #5510, #392, #1319, #5451, #5538, #337, #2285 ),
 .UNSPECIFIED., .F., .F.,
 ( 4, 1, 1, 1, 1, 1, 1, 1, 1, 1, 1, 1, 4 ),
 ( 0.000000000000000000, 0.1072327993600886709, 0.2132518127818491260, 0.3188304473075869727, 0.4267935306342755530, 0.4836459507827186588, 0.5436038220211423244, 0.6083076495640835635, 0.6771267602600407054, 0.7506856360204962053, 0.8287134184432877193, 0.9121903482234531291, 1.000000000000000000 ),
 .UNSPECIFIED. ) ;
#4489 = ADVANCED_FACE ( 'NONE', ( #5643 ), #3841, .T. ) ;
#4490 = CARTESIAN_POINT ( 'NONE',  ( 188.7253450859880957, 13.00000000000000178, 35.54666244430071487 ) ) ;
#4491 = CARTESIAN_POINT ( 'NONE',  ( 81.19237373039972283, 13.00000000000000178, 56.07209002672843923 ) ) ;
#4492 = LINE ( 'NONE', #3044, #822 ) ;
#4493 = CARTESIAN_POINT ( 'NONE',  ( 227.4055574020775623, 10.00000000000000355, 32.14190498443186783 ) ) ;
#4494 = ORIENTED_EDGE ( 'NONE', *, *, #2959, .T. ) ;
#4495 = DIRECTION ( 'NONE',  ( -0.000000000000000000, -1.000000000000000000, -0.000000000000000000 ) ) ;
#4496 = CARTESIAN_POINT ( 'NONE',  ( 168.6571851319350799, 12.99999999999999822, 33.96257182326635160 ) ) ;
#4497 = EDGE_CURVE ( 'NONE', #3928, #3599, #3906, .T. ) ;
#4498 = FACE_OUTER_BOUND ( 'NONE', #1442, .T. ) ;
#4499 = CARTESIAN_POINT ( 'NONE',  ( 239.9655735339283922, 13.00000000000000178, 50.18100916592627669 ) ) ;
#4500 = ORIENTED_EDGE ( 'NONE', *, *, #341, .F. ) ;
#4501 = CARTESIAN_POINT ( 'NONE',  ( 188.1459020106100297, 10.00000000000000000, 37.48936828534738908 ) ) ;
#4502 = CARTESIAN_POINT ( 'NONE',  ( 230.9205601832653372, 10.00000000000000178, 40.00923777857257591 ) ) ;
#4503 = ORIENTED_EDGE ( 'NONE', *, *, #2376, .T. ) ;
#4504 = CARTESIAN_POINT ( 'NONE',  ( 92.03783855591468921, 10.00000000000000000, 20.67893106397493597 ) ) ;
#4505 = EDGE_CURVE ( 'NONE', #5710, #5827, #594, .T. ) ;
#4506 = VECTOR ( 'NONE', #3541, 1000.000000000000000 ) ;
#4507 = VERTEX_POINT ( 'NONE', #5244 ) ;
#4508 = CARTESIAN_POINT ( 'NONE',  ( 156.9390998165544318, 13.00000000000000533, 30.36643238742645678 ) ) ;
#4509 = CARTESIAN_POINT ( 'NONE',  ( 123.3398020665662784, 13.00000000000000178, 31.06795327730089085 ) ) ;
#4510 = CARTESIAN_POINT ( 'NONE',  ( 236.2710147553788431, 12.99999999999999822, 27.93669337769686578 ) ) ;
#4511 = CARTESIAN_POINT ( 'NONE',  ( 190.1045813387073906, 10.00000000000000000, 32.85667333991031569 ) ) ;
#4512 = CARTESIAN_POINT ( 'NONE',  ( 88.64244418354567756, 13.00000000000000178, 23.79717138329001713 ) ) ;
#4513 = CARTESIAN_POINT ( 'NONE',  ( 159.5228528373918095, 13.00000000000000178, 26.10486369098232728 ) ) ;
#4514 = VERTEX_POINT ( 'NONE', #992 ) ;
#4515 =( NAMED_UNIT ( * ) SI_UNIT ( $, .STERADIAN. ) SOLID_ANGLE_UNIT ( ) );
#4516 = DIRECTION ( 'NONE',  ( -0.000000000000000000, -1.000000000000000000, -0.000000000000000000 ) ) ;
#4517 = ORIENTED_EDGE ( 'NONE', *, *, #3555, .F. ) ;
#4518 = CARTESIAN_POINT ( 'NONE',  ( 199.9999999999999432, 20.00000000000000000, 94.93724644492834841 ) ) ;
#4519 = CARTESIAN_POINT ( 'NONE',  ( 154.2778948076513927, 13.00000000000000178, 59.46384790939107745 ) ) ;
#4520 = CARTESIAN_POINT ( 'NONE',  ( 228.8690467009625138, 13.00000000000000178, 43.73750313501459175 ) ) ;
#4521 = CARTESIAN_POINT ( 'NONE',  ( 207.1009778373918095, 10.00000000000000000, 59.56640215252078718 ) ) ;
#4522 = EDGE_LOOP ( 'NONE', ( #2831, #3361, #2085, #4691 ) ) ;
#4523 = CARTESIAN_POINT ( 'NONE',  ( 235.8872671956576141, 13.00000000000000178, 51.84603698297234331 ) ) ;
#4524 = CARTESIAN_POINT ( 'NONE',  ( 238.6872766513708655, 13.00000000000000178, 45.93940982306028076 ) ) ;
#4525 = CARTESIAN_POINT ( 'NONE',  ( 226.7695235758930892, 13.00000000000000533, 55.24976677180527673 ) ) ;
#4526 = CARTESIAN_POINT ( 'NONE',  ( 216.9086701450841304, 10.00000000000000000, 26.68178676790540393 ) ) ;
#4527 = FACE_OUTER_BOUND ( 'NONE', #1713, .T. ) ;
#4528 = ORIENTED_EDGE ( 'NONE', *, *, #2390, .F. ) ;
#4529 = CARTESIAN_POINT ( 'NONE',  ( 78.62827904784315081, 12.99999999999999467, 56.03739627211167829 ) ) ;
#4530 = LINE ( 'NONE', #301, #2717 ) ;
#4531 = EDGE_LOOP ( 'NONE', ( #5395, #5916, #4194, #4382 ) ) ;
#4532 = EDGE_CURVE ( 'NONE', #2449, #3691, #652, .T. ) ;
#4533 = CARTESIAN_POINT ( 'NONE',  ( 116.5562146297452273, 12.99999999999999822, 56.04207646892162131 ) ) ;
#4534 = CARTESIAN_POINT ( 'NONE',  ( 235.7800945550936547, 13.00000000000000178, 58.60518460552032138 ) ) ;
#4535 = CARTESIAN_POINT ( 'NONE',  ( 116.2946200740171463, 13.00000000000000178, 26.15964383753818012 ) ) ;
#4536 = CARTESIAN_POINT ( 'NONE',  ( 80.22392620190930757, 10.00000000000000000, 18.04218768133045003 ) ) ;
#4537 = ADVANCED_FACE ( 'NONE', ( #2473 ), #1584, .T. ) ;
#4538 = VERTEX_POINT ( 'NONE', #193 ) ;
#4539 = CARTESIAN_POINT ( 'NONE',  ( 229.8533816835456491, 10.00000000000000000, 44.28695503713617398 ) ) ;
#4540 = PLANE ( 'NONE',  #36 ) ;
#4541 = CARTESIAN_POINT ( 'NONE',  ( 134.3359142301048621, 9.999999999999998224, 49.64501527100944855 ) ) ;
#4542 = EDGE_LOOP ( 'NONE', ( #4029, #2116, #5195, #2322 ) ) ;
#4543 = EDGE_CURVE ( 'NONE', #5910, #331, #1578, .T. ) ;
#4544 = CARTESIAN_POINT ( 'NONE',  ( 235.9331650420467668, 13.00000000000000178, 50.52655939060169032 ) ) ;
#4545 = ORIENTED_EDGE ( 'NONE', *, *, #3298, .F. ) ;
#4546 = CARTESIAN_POINT ( 'NONE',  ( 80.49489851965704190, 10.00000000000000000, 37.88742750735747933 ) ) ;
#4547 = CARTESIAN_POINT ( 'NONE',  ( 148.4489823484260285, 9.999999999999998224, 56.27098372129918147 ) ) ;
#4548 = CARTESIAN_POINT ( 'NONE',  ( 188.4468739912718434, 9.999999999999996447, 36.36572838562648968 ) ) ;
#4549 = CARTESIAN_POINT ( 'NONE',  ( 166.6666666666666288, 20.00000000000000000, 94.93724644492834841 ) ) ;
#4550 = ORIENTED_EDGE ( 'NONE', *, *, #3030, .T. ) ;
#4551 = CARTESIAN_POINT ( 'NONE',  ( 235.9269443212340889, 13.00000000000000178, 51.16162166358407859 ) ) ;
#4552 = CARTESIAN_POINT ( 'NONE',  ( 237.3255171983525997, 9.999999999999994671, 28.74578436957524374 ) ) ;
#4553 = CARTESIAN_POINT ( 'NONE',  ( 76.22056918354569177, 13.00000000000000178, 29.53935888329002424 ) ) ;
#4554 = B_SPLINE_CURVE_WITH_KNOTS ( 'NONE', 3,
 ( #758, #2634, #4520, #2178, #4063, #5938, #1711, #3597, #3689, #1397, #4675 ),
 .UNSPECIFIED., .F., .F.,
 ( 4, 1, 1, 1, 1, 1, 1, 1, 4 ),
 ( 0.000000000000000000, 0.1577616635135475065, 0.3059502132085407111, 0.4437754990007243827, 0.5728243624015363356, 0.6921541564432415194, 0.8022957069908465133, 0.9055643918329946418, 1.000000000000000000 ),
 .UNSPECIFIED. ) ;
#4555 = CARTESIAN_POINT ( 'NONE',  ( 72.19071214480192111, 13.00000000000000178, 31.31380328760604570 ) ) ;
#4556 = CARTESIAN_POINT ( 'NONE',  ( 86.38479506673236585, 13.00000000000000178, 53.85039469625309039 ) ) ;
#4557 = CARTESIAN_POINT ( 'NONE',  ( 83.44014856386206702, 12.99999999999999822, 13.78347279319823571 ) ) ;
#4558 = VERTEX_POINT ( 'NONE', #2108 ) ;
#4559 = CARTESIAN_POINT ( 'NONE',  ( 230.1418432220071963, 13.00000000000000178, 56.10486369098232728 ) ) ;
#4560 = CARTESIAN_POINT ( 'NONE',  ( 196.8065066835456491, 13.00000000000000178, 30.72926272944386383 ) ) ;
#4561 = CIRCLE ( 'NONE', #5152, 1.500000000000001332 ) ;
#4562 = CARTESIAN_POINT ( 'NONE',  ( 87.79241324720165096, 13.00000000000000178, 16.03399440436821877 ) ) ;
#4563 = ADVANCED_FACE ( 'NONE', ( #161 ), #5342, .T. ) ;
#4564 = VECTOR ( 'NONE', #2788, 1000.000000000000000 ) ;
#4565 = VERTEX_POINT ( 'NONE', #1608 ) ;
#4566 = CARTESIAN_POINT ( 'NONE',  ( 76.31907254307309074, 12.99999999999999822, 29.62726350092201244 ) ) ;
#4567 = CARTESIAN_POINT ( 'NONE',  ( 88.64244418354567756, 10.00000000000000000, 23.79717138329001713 ) ) ;
#4568 = AXIS2_PLACEMENT_3D ( 'NONE', #648, #1635, #2526 ) ;
#4569 = EDGE_CURVE ( 'NONE', #138, #94, #2562, .T. ) ;
#4570 = CARTESIAN_POINT ( 'NONE',  ( 187.4855932220071963, 13.00000000000000178, 48.51471946021309378 ) ) ;
#4571 = CARTESIAN_POINT ( 'NONE',  ( 166.3319807397952843, 12.99999999999999822, 58.90168413675156955 ) ) ;
#4572 = CARTESIAN_POINT ( 'NONE',  ( 233.3333333333332860, 20.00000000000000000, 97.93724644492834841 ) ) ;
#4573 = FACE_OUTER_BOUND ( 'NONE', #5307, .T. ) ;
#4574 = ORIENTED_EDGE ( 'NONE', *, *, #4960, .T. ) ;
#4575 = CARTESIAN_POINT ( 'NONE',  ( 80.30410283739183797, 13.00000000000000178, 13.41255599867463566 ) ) ;
#4576 = ORIENTED_EDGE ( 'NONE', *, *, #2582, .T. ) ;
#4577 = CARTESIAN_POINT ( 'NONE',  ( 79.10518456816106436, 10.00000000000000000, 36.88611369098232728 ) ) ;
#4578 = EDGE_CURVE ( 'NONE', #5902, #993, #2463, .T. ) ;
#4579 = LINE ( 'NONE', #2240, #4564 ) ;
#4580 = VECTOR ( 'NONE', #3133, 1000.000000000000000 ) ;
#4581 = CARTESIAN_POINT ( 'NONE',  ( 105.5028962686639744, 10.00000000000000000, 39.27793707840230297 ) ) ;
#4582 = FACE_BOUND ( 'NONE', #1430, .T. ) ;
#4583 = EDGE_LOOP ( 'NONE', ( #852, #3899, #743, #988 ) ) ;
#4584 = CARTESIAN_POINT ( 'NONE',  ( 228.9913307793628690, 10.00000000000000000, 60.10521270458697529 ) ) ;
#4585 = CARTESIAN_POINT ( 'NONE',  ( 87.36781085582101980, 10.00000000000000000, 38.09017671395530868 ) ) ;
#4586 = FACE_OUTER_BOUND ( 'NONE', #4323, .T. ) ;
#4587 = CARTESIAN_POINT ( 'NONE',  ( 100.0000000000000142, 10.00000000000000000, 96.43724644492834841 ) ) ;
#4588 = CARTESIAN_POINT ( 'NONE',  ( 152.3372253080545988, 10.00000000000000178, 32.28676006595252090 ) ) ;
#4589 = CARTESIAN_POINT ( 'NONE',  ( 118.3990547604687436, 10.00000000000000000, 60.14332522944386739 ) ) ;
#4590 = VECTOR ( 'NONE', #3860, 1000.000000000000000 ) ;
#4591 = CARTESIAN_POINT ( 'NONE',  ( 114.5673099236556851, 9.999999999999998224, 59.76054439587846900 ) ) ;
#4592 = EDGE_LOOP ( 'NONE', ( #387, #5148, #1175, #784 ) ) ;
#4593 = CARTESIAN_POINT ( 'NONE',  ( 187.7506355425585696, 10.00000000000000355, 40.18017005553367227 ) ) ;
#4594 = CARTESIAN_POINT ( 'NONE',  ( 236.4318361986253478, 10.00000000000000000, 33.33083752382084697 ) ) ;
#4595 = CIRCLE ( 'NONE', #2422, 1.500000000000001332 ) ;
#4596 = CARTESIAN_POINT ( 'NONE',  ( 129.2755153496274261, 13.00000000000000178, 56.34019194442239353 ) ) ;
#4597 = CARTESIAN_POINT ( 'NONE',  ( 118.2998961066225974, 10.00000000000000000, 56.10486369098232728 ) ) ;
#4598 = CARTESIAN_POINT ( 'NONE',  ( 238.9155109144194853, 12.99999999999999822, 55.14454521813032528 ) ) ;
#4599 = CARTESIAN_POINT ( 'NONE',  ( 79.05571480892136549, 12.99999999999999822, 31.72692544198341125 ) ) ;
#4600 = CARTESIAN_POINT ( 'NONE',  ( 76.07382999938047874, 9.999999999999996447, 18.91830026098777040 ) ) ;
#4601 = CARTESIAN_POINT ( 'NONE',  ( 228.8690467009625138, 10.00000000000000000, 43.73750313501459175 ) ) ;
#4602 = CARTESIAN_POINT ( 'NONE',  ( 160.1335927118723532, 10.00000000000000000, 60.12767665677009177 ) ) ;
#4603 = CARTESIAN_POINT ( 'NONE',  ( 120.1279199154748198, 10.00000000000000178, 60.09585189317859033 ) ) ;
#4604 = VERTEX_POINT ( 'NONE', #1009 ) ;
#4605 = EDGE_CURVE ( 'NONE', #4186, #5304, #2491, .T. ) ;
#4606 = CARTESIAN_POINT ( 'NONE',  ( 142.7384646904111491, 12.99999999999999822, 39.96764286157956292 ) ) ;
#4607 = CARTESIAN_POINT ( 'NONE',  ( 230.9891989912379984, 13.00000000000000178, 26.10486369098232728 ) ) ;
#4608 = ORIENTED_EDGE ( 'NONE', *, *, #4160, .F. ) ;
#4609 = DIRECTION ( 'NONE',  ( 0.000000000000000000, 0.000000000000000000, 1.000000000000000000 ) ) ;
#4610 = CARTESIAN_POINT ( 'NONE',  ( 143.0902175594972334, 10.00000000000000533, 38.41581928789208433 ) ) ;
#4611 = CARTESIAN_POINT ( 'NONE',  ( 82.59010480530332643, 10.00000000000000355, 60.51569920404160285 ) ) ;
#4612 = FACE_OUTER_BOUND ( 'NONE', #1200, .T. ) ;
#4613 = ORIENTED_EDGE ( 'NONE', *, *, #2006, .F. ) ;
#4614 = DIRECTION ( 'NONE',  ( -0.000000000000000000, -1.000000000000000000, -0.000000000000000000 ) ) ;
#4615 = CARTESIAN_POINT ( 'NONE',  ( 92.78243202854608285, 10.00000000000000000, 46.81509897854723334 ) ) ;
#4616 = EDGE_CURVE ( 'NONE', #4507, #2252, #1940, .T. ) ;
#4617 = ADVANCED_FACE ( 'NONE', ( #5208 ), #3063, .T. ) ;
#4618 = CARTESIAN_POINT ( 'NONE',  ( 239.0633444705294721, 13.00000000000000178, 30.41048788295013949 ) ) ;
#4619 = CARTESIAN_POINT ( 'NONE',  ( 230.1444001598086402, 13.00000000000000178, 30.18434042642948967 ) ) ;
#4620 = CARTESIAN_POINT ( 'NONE',  ( 239.1532494572123255, 10.00000000000000178, 46.69850866596841854 ) ) ;
#4621 = CARTESIAN_POINT ( 'NONE',  ( 109.3777107772463637, 10.00000000000000000, 57.60451152959881682 ) ) ;
#4622 = CARTESIAN_POINT ( 'NONE',  ( 90.00610679790212032, 13.00000000000000178, 18.15646576432769521 ) ) ;
#4623 = EDGE_LOOP ( 'NONE', ( #5072, #564, #189, #1420 ) ) ;
#4624 = CARTESIAN_POINT ( 'NONE',  ( 123.3087820886163541, 10.00000000000000000, 55.17620875373337697 ) ) ;
#4625 = CARTESIAN_POINT ( 'NONE',  ( 188.2067470681610359, 13.00000000000000178, 37.22866176790540038 ) ) ;
#4626 = ADVANCED_FACE ( 'NONE', ( #2523 ), #4749, .T. ) ;
#4627 = CARTESIAN_POINT ( 'NONE',  ( 164.5175040233875734, 10.00000000000000178, 55.20847375106205845 ) ) ;
#4628 = CARTESIAN_POINT ( 'NONE',  ( 84.93364348901273786, 13.00000000000000533, 14.30676714475804445 ) ) ;
#4629 = CARTESIAN_POINT ( 'NONE',  ( 3.535533905932737309, 0.000000000000000000, 5.185533905932738108 ) ) ;
#4630 = DIRECTION ( 'NONE',  ( -0.000000000000000000, -1.000000000000000000, -0.000000000000000000 ) ) ;
#4631 = CARTESIAN_POINT ( 'NONE',  ( 70.86362639331619562, 10.00000000000000000, 57.12734110743006255 ) ) ;
#4632 = CARTESIAN_POINT ( 'NONE',  ( 237.3255171983525997, 13.00000000000000178, 28.74578436957524374 ) ) ;
#4633 = ORIENTED_EDGE ( 'NONE', *, *, #1256, .F. ) ;
#4634 = FACE_OUTER_BOUND ( 'NONE', #3676, .T. ) ;
#4635 = B_SPLINE_CURVE_WITH_KNOTS ( 'NONE', 3,
 ( #3004, #690, #5378, #199, #4393, #284, #4976, #750, #2627, #5804, #1702, #1613, #1238, #2508, #4890 ),
 .UNSPECIFIED., .F., .F.,
 ( 4, 1, 1, 1, 1, 1, 1, 1, 1, 1, 1, 1, 4 ),
 ( 0.000000000000000000, 0.09697231038151644944, 0.1877734389628683276, 0.2723961390136932503, 0.3513209973752891568, 0.4243347744514677777, 0.4919087840005269552, 0.5542332197968005136, 0.6112676582441549655, 0.7163478449915540169, 0.8145400858216161888, 0.9084954561491859204, 1.000000000000000000 ),
 .UNSPECIFIED. ) ;
#4636 = CARTESIAN_POINT ( 'NONE',  ( 231.6944091315541243, 10.00000000000000355, 30.17619203732206046 ) ) ;
#4637 = PLANE ( 'NONE',  #5868 ) ;
#4638 = ORIENTED_EDGE ( 'NONE', *, *, #1758, .T. ) ;
#4639 = CARTESIAN_POINT ( 'NONE',  ( 92.78243202854608285, 9.999999999999992895, 46.81509897854723334 ) ) ;
#4640 = CARTESIAN_POINT ( 'NONE',  ( 234.1607251065793207, 12.99999999999999822, 26.74993911631518628 ) ) ;
#4641 = ORIENTED_EDGE ( 'NONE', *, *, #531, .F. ) ;
#4642 = CARTESIAN_POINT ( 'NONE',  ( 129.7342225767423258, 13.00000000000000533, 49.58839040595544390 ) ) ;
#4643 = CARTESIAN_POINT ( 'NONE',  ( 152.6935271124018527, 10.00000000000000178, 58.89983728857677647 ) ) ;
#4644 = B_SPLINE_SURFACE_WITH_KNOTS ( 'NONE', 3, 1, ( 
 ( #5068, #848 ),
 ( #5587, #1369 ),
 ( #5935, #375 ),
 ( #904, #4117 ),
 ( #5966, #2266 ),
 ( #2787, #2663 ),
 ( #4673, #1708 ),
 ( #3595, #3124 ),
 ( #785, #4546 ),
 ( #2207, #4088 ),
 ( #3624, #4577 ) ),
 .UNSPECIFIED., .F., .F., .F.,
 ( 4, 1, 1, 1, 1, 1, 1, 1, 4 ),
 ( 2, 2 ),
 ( 0.000000000000000000, 0.09027921465001566281, 0.1895299184469588505, 0.2991978724002881118, 0.4189258867738202552, 0.5483762854012487198, 0.6881363695386804036, 0.8390835016589199835, 1.000000000000000000 ),
 ( 0.000000000000000000, 1.000000000000000000 ),
 .UNSPECIFIED. ) ;
#4645 = CARTESIAN_POINT ( 'NONE',  ( 90.76979024962159315, 10.00000000000000178, 55.22073306758281319 ) ) ;
#4646 = EDGE_CURVE ( 'NONE', #3941, #89, #2924, .T. ) ;
#4647 = EDGE_LOOP ( 'NONE', ( #3955, #4353, #5873, #5566 ) ) ;
#4648 = CARTESIAN_POINT ( 'NONE',  ( 226.3503389217620736, 9.999999999999996447, 59.49705113861298855 ) ) ;
#4649 = CARTESIAN_POINT ( 'NONE',  ( 239.0633444705294721, 9.999999999999994671, 30.41048788295013949 ) ) ;
#4650 = CARTESIAN_POINT ( 'NONE',  ( 100.0000000000000142, 20.00000000000000000, 97.93724644492834841 ) ) ;
#4651 = CARTESIAN_POINT ( 'NONE',  ( 75.32863390667584724, 13.00000000000000178, 34.07240764701527524 ) ) ;
#4652 = CARTESIAN_POINT ( 'NONE',  ( 226.7163624527764227, 10.00000000000000355, 34.56940696021309378 ) ) ;
#4653 = EDGE_CURVE ( 'NONE', #2861, #5797, #4312, .T. ) ;
#4654 = CARTESIAN_POINT ( 'NONE',  ( 105.4415567151510515, 10.00000000000000000, 54.12507749834849591 ) ) ;
#4655 = ORIENTED_EDGE ( 'NONE', *, *, #2101, .T. ) ;
#4656 = CARTESIAN_POINT ( 'NONE',  ( 131.1010559769668191, 10.00000000000000178, 39.73634268476655507 ) ) ;
#4657 = DIRECTION ( 'NONE',  ( 1.224646799147353454E-16, 0.000000000000000000, 1.000000000000000000 ) ) ;
#4658 = CARTESIAN_POINT ( 'NONE',  ( 75.95474079065283490, 13.00000000000000178, 55.07287646667025172 ) ) ;
#4659 = CARTESIAN_POINT ( 'NONE',  ( 135.5467600560192523, 12.99999999999999822, 43.61769419655626479 ) ) ;
#4660 = CARTESIAN_POINT ( 'NONE',  ( 87.13624509332558432, 12.99999999999999822, 53.09688633707701655 ) ) ;
#4661 = LINE ( 'NONE', #4045, #5638 ) ;
#4662 = EDGE_CURVE ( 'NONE', #3456, #3764, #1652, .T. ) ;
#4663 = ORIENTED_EDGE ( 'NONE', *, *, #5892, .T. ) ;
#4664 = CARTESIAN_POINT ( 'NONE',  ( 239.4086701450841304, 10.00000000000000000, 30.78334926790540393 ) ) ;
#4665 = CARTESIAN_POINT ( 'NONE',  ( 88.83174706816106436, 10.00000000000000000, 48.47866176790540038 ) ) ;
#4666 = B_SPLINE_CURVE_WITH_KNOTS ( 'NONE', 3,
 ( #4567, #776, #2654, #1177, #5059, #837, #2625, #5895, #3616, #2683, #340, #2714, #2592, #4536, #279 ),
 .UNSPECIFIED., .F., .F.,
 ( 4, 1, 1, 1, 1, 1, 1, 1, 1, 1, 1, 1, 4 ),
 ( 0.000000000000000000, 0.09846943102555746896, 0.1896291011376321500, 0.2741840894379700133, 0.3521831609671534080, 0.4231988731834701589, 0.4885509460005328375, 0.5484733460279378470, 0.6014401636178723365, 0.7011980824257653122, 0.7995918021381838159, 0.8985450984822281884, 0.9999999999999998890 ),
 .UNSPECIFIED. ) ;
#4667 = AXIS2_PLACEMENT_3D ( 'NONE', #2225, #1288, #2777 ) ;
#4668 = CARTESIAN_POINT ( 'NONE',  ( 106.6545638114937020, 12.99999999999999822, 49.79402200675319534 ) ) ;
#4669 = CARTESIAN_POINT ( 'NONE',  ( 233.8249396051154463, 9.999999999999994671, 31.00220964855297368 ) ) ;
#4670 = CARTESIAN_POINT ( 'NONE',  ( 75.95530722779184885, 10.00000000000000178, 29.27864255750544942 ) ) ;
#4671 = VERTEX_POINT ( 'NONE', #1569 ) ;
#4672 = VECTOR ( 'NONE', #1481, 1000.000000000000000 ) ;
#4673 = CARTESIAN_POINT ( 'NONE',  ( 82.98135903440491745, 13.00000000000000178, 39.83489707145839986 ) ) ;
#4674 = CARTESIAN_POINT ( 'NONE',  ( 142.4982104177162228, 9.999999999999998224, 43.77095371582520755 ) ) ;
#4675 = CARTESIAN_POINT ( 'NONE',  ( 224.1833095681610359, 13.00000000000000178, 39.79777234482848058 ) ) ;
#4676 = ORIENTED_EDGE ( 'NONE', *, *, #1062, .T. ) ;
#4677 = CARTESIAN_POINT ( 'NONE',  ( 225.0854076892516673, 13.00000000000000533, 58.98641769943724000 ) ) ;
#4678 = B_SPLINE_CURVE_WITH_KNOTS ( 'NONE', 3,
 ( #4071, #2740, #3163, #364, #4624, #1691, #388, #3611, #2282, #6040, #1258, #5567, #1349, #3579, #5446 ),
 .UNSPECIFIED., .F., .F.,
 ( 4, 1, 1, 1, 1, 1, 1, 1, 1, 1, 1, 1, 4 ),
 ( 0.000000000000000000, 0.08342004667102766169, 0.1655737957865938137, 0.2481587766688900243, 0.3320333067748058586, 0.4162573489175284136, 0.4995253498660663927, 0.5830385602711591897, 0.6685959042141670361, 0.7540353502552541443, 0.8369197002092049198, 0.9182997313725116406, 1.000000000000000000 ),
 .UNSPECIFIED. ) ;
#4679 = CARTESIAN_POINT ( 'NONE',  ( 193.3500392409706876, 12.99999999999999822, 26.39775391644039004 ) ) ;
#4680 = CARTESIAN_POINT ( 'NONE',  ( 233.5564242294013297, 13.00000000000000178, 41.51722881396347731 ) ) ;
#4681 = CARTESIAN_POINT ( 'NONE',  ( 71.87371182204945796, 10.00000000000000000, 30.93527175088257053 ) ) ;
#4682 = CARTESIAN_POINT ( 'NONE',  ( 117.7455574068269897, 10.00000000000000000, 60.12667770169663584 ) ) ;
#4683 = DIRECTION ( 'NONE',  ( -1.000000000000000000, 0.000000000000000000, 0.000000000000000000 ) ) ;
#4684 = VERTEX_POINT ( 'NONE', #2037 ) ;
#4685 = CARTESIAN_POINT ( 'NONE',  ( 130.5494848352657016, 9.999999999999998224, 38.11778299235304246 ) ) ;
#4686 = CARTESIAN_POINT ( 'NONE',  ( 157.7070953901129826, 13.00000000000000178, 60.09687274895013331 ) ) ;
#4687 = EDGE_CURVE ( 'NONE', #4896, #89, #645, .T. ) ;
#4688 = CARTESIAN_POINT ( 'NONE',  ( 130.5490530989297326, 13.00000000000000178, 55.17534363577731682 ) ) ;
#4689 = VECTOR ( 'NONE', #3590, 1000.000000000000000 ) ;
#4690 = CARTESIAN_POINT ( 'NONE',  ( 84.52433679699876734, 9.999999999999996447, 55.08062608066826726 ) ) ;
#4691 = ORIENTED_EDGE ( 'NONE', *, *, #4753, .T. ) ;
#4692 = CARTESIAN_POINT ( 'NONE',  ( 207.1009778373918095, 10.00000000000000000, 30.72024830636694048 ) ) ;
#4693 = CARTESIAN_POINT ( 'NONE',  ( 73.67732284541293097, 12.99999999999999467, 21.48734802198967486 ) ) ;
#4694 = AXIS2_PLACEMENT_3D ( 'NONE', #2016, #3901, #3962 ) ;
#4695 = EDGE_CURVE ( 'NONE', #5970, #1556, #3354, .T. ) ;
#4696 = PLANE ( 'NONE',  #5845 ) ;
#4697 = VERTEX_POINT ( 'NONE', #3924 ) ;
#4698 = CARTESIAN_POINT ( 'NONE',  ( 227.3340460404872374, 10.00000000000000000, 36.86034702168794297 ) ) ;
#4699 = CARTESIAN_POINT ( 'NONE',  ( 66.66666666666668561, 20.00000000000000000, 96.43724644492834841 ) ) ;
#4700 = ORIENTED_EDGE ( 'NONE', *, *, #1888, .F. ) ;
#4701 = CARTESIAN_POINT ( 'NONE',  ( 142.5286295737414264, 13.00000000000000178, 41.57384792709420651 ) ) ;
#4702 = CARTESIAN_POINT ( 'NONE',  ( 105.9020517783667117, 13.00000000000000178, 48.28380867423329903 ) ) ;
#4703 = CARTESIAN_POINT ( 'NONE',  ( 173.0891846630453870, 12.99999999999999822, 32.75705589170277676 ) ) ;
#4704 = CARTESIAN_POINT ( 'NONE',  ( 169.5574052577676696, 10.00000000000000000, 34.93140434767980196 ) ) ;
#4705 = CARTESIAN_POINT ( 'NONE',  ( 109.7728287523849531, 9.999999999999996447, 32.99834614147708578 ) ) ;
#4706 = ORIENTED_EDGE ( 'NONE', *, *, #1707, .T. ) ;
#4707 = CARTESIAN_POINT ( 'NONE',  ( 222.7945600515236890, 10.00000000000000000, 57.56939204516324082 ) ) ;
#4708 = CARTESIAN_POINT ( 'NONE',  ( 148.2302601561823678, 13.00000000000000178, 49.79309930489683467 ) ) ;
#4709 = ORIENTED_EDGE ( 'NONE', *, *, #3093, .T. ) ;
#4710 = CARTESIAN_POINT ( 'NONE',  ( 105.4144751598138185, 10.00000000000000000, 32.21446576716065380 ) ) ;
#4711 = CARTESIAN_POINT ( 'NONE',  ( 198.7214791403407901, 12.99999999999999822, 27.05846746333747532 ) ) ;
#4712 = CARTESIAN_POINT ( 'NONE',  ( 118.2998961066225974, 10.00000000000000000, 56.10486369098232728 ) ) ;
#4713 = FACE_OUTER_BOUND ( 'NONE', #3651, .T. ) ;
#4714 = CARTESIAN_POINT ( 'NONE',  ( 227.8341509143148755, 13.00000000000000178, 37.55318099867463388 ) ) ;
#4715 = ORIENTED_EDGE ( 'NONE', *, *, #5550, .F. ) ;
#4716 = CARTESIAN_POINT ( 'NONE',  ( 131.4680893191051894, 10.00000000000000178, 41.39186572318823210 ) ) ;
#4717 = CARTESIAN_POINT ( 'NONE',  ( 187.7506355425585696, 13.00000000000000533, 40.18017005553367227 ) ) ;
#4718 = CARTESIAN_POINT ( 'NONE',  ( 80.01564129893029076, 13.00000000000000178, 56.10486369098232728 ) ) ;
#4719 = CARTESIAN_POINT ( 'NONE',  ( 88.83174706816106436, 10.00000000000000000, 48.47866176790540038 ) ) ;
#4720 = ORIENTED_EDGE ( 'NONE', *, *, #2848, .T. ) ;
#4721 = DIRECTION ( 'NONE',  ( -0.000000000000000000, -1.000000000000000000, -0.000000000000000000 ) ) ;
#4722 = ADVANCED_FACE ( 'NONE', ( #5792 ), #1505, .T. ) ;
#4723 = CARTESIAN_POINT ( 'NONE',  ( 75.14954871315407559, 12.99999999999999822, 59.84767853183571162 ) ) ;
#4724 = CARTESIAN_POINT ( 'NONE',  ( 235.3468681803191771, 9.999999999999998224, 48.36312682435463017 ) ) ;
#4725 = ORIENTED_EDGE ( 'NONE', *, *, #548, .T. ) ;
#4726 = CARTESIAN_POINT ( 'NONE',  ( 227.6640913955486951, 10.00000000000000178, 37.31758438908858011 ) ) ;
#4727 = ADVANCED_FACE ( 'NONE', ( #3757 ), #1143, .T. ) ;
#4728 = FACE_BOUND ( 'NONE', #3427, .T. ) ;
#4729 = DIRECTION ( 'NONE',  ( 0.000000000000000000, 1.000000000000000000, 0.000000000000000000 ) ) ;
#4730 = CARTESIAN_POINT ( 'NONE',  ( 145.0008902417989987, 13.00000000000000178, 34.10757402062465360 ) ) ;
#4731 = ORIENTED_EDGE ( 'NONE', *, *, #5168, .T. ) ;
#4732 = CARTESIAN_POINT ( 'NONE',  ( 111.5731341837070119, 9.999999999999996447, 54.43397568872020997 ) ) ;
#4733 = CARTESIAN_POINT ( 'NONE',  ( 131.1107304725655922, 13.00000000000000178, 46.41837476286637809 ) ) ;
#4734 = CARTESIAN_POINT ( 'NONE',  ( 159.5048239912379984, 10.00000000000000355, 30.14332522944386383 ) ) ;
#4735 = CARTESIAN_POINT ( 'NONE',  ( 223.9931774513234757, 12.99999999999999822, 29.86347591780389266 ) ) ;
#4736 = ADVANCED_FACE ( 'NONE', ( #3258 ), #330, .T. ) ;
#4737 = ORIENTED_EDGE ( 'NONE', *, *, #2716, .T. ) ;
#4738 = CARTESIAN_POINT ( 'NONE',  ( 147.4769951313497245, 10.00000000000000000, 48.25517434149391249 ) ) ;
#4739 = ORIENTED_EDGE ( 'NONE', *, *, #3531, .F. ) ;
#4740 = CARTESIAN_POINT ( 'NONE',  ( 176.5114375663814030, 9.999999999999996447, 43.77095371826708714 ) ) ;
#4741 = CARTESIAN_POINT ( 'NONE',  ( 232.5306653373918380, 13.00000000000000178, 40.94260407559771409 ) ) ;
#4742 = CARTESIAN_POINT ( 'NONE',  ( 110.0808417190557407, 10.00000000000000000, 53.51570242653757248 ) ) ;
#4743 = FACE_OUTER_BOUND ( 'NONE', #2784, .T. ) ;
#4744 = CARTESIAN_POINT ( 'NONE',  ( 104.9855932220072106, 10.00000000000000000, 53.60786849867463388 ) ) ;
#4745 = ORIENTED_EDGE ( 'NONE', *, *, #4532, .F. ) ;
#4746 = CARTESIAN_POINT ( 'NONE',  ( 74.33556083709041218, 10.00000000000000178, 33.27135606283982838 ) ) ;
#4747 = CARTESIAN_POINT ( 'NONE',  ( 154.2122806037125144, 9.999999999999996447, 26.83671280181727781 ) ) ;
#4748 = CARTESIAN_POINT ( 'NONE',  ( 85.51556612668987611, 9.999999999999996447, 54.52341697848988389 ) ) ;
#4749 = PLANE ( 'NONE',  #4099 ) ;
#4750 = ORIENTED_EDGE ( 'NONE', *, *, #5743, .F. ) ;
#4751 = CARTESIAN_POINT ( 'NONE',  ( 176.5097100284805265, 10.00000000000000000, 42.66073184885191694 ) ) ;
#4752 = CARTESIAN_POINT ( 'NONE',  ( 92.37084705060479450, 13.00000000000000178, 52.05705595350504922 ) ) ;
#4753 = EDGE_CURVE ( 'NONE', #526, #3417, #386, .T. ) ;
#4754 = PLANE ( 'NONE',  #4374 ) ;
#4755 = ORIENTED_EDGE ( 'NONE', *, *, #1189, .T. ) ;
#4756 = CARTESIAN_POINT ( 'NONE',  ( 211.1394393758533568, 13.00000000000000178, 30.72024830636694048 ) ) ;
#4757 = PLANE ( 'NONE',  #5560 ) ;
#4758 = FACE_OUTER_BOUND ( 'NONE', #3540, .T. ) ;
#4759 = CIRCLE ( 'NONE', #2986, 1.500000000000001332 ) ;
#4760 = ORIENTED_EDGE ( 'NONE', *, *, #5972, .F. ) ;
#4761 = EDGE_CURVE ( 'NONE', #536, #2296, #5113, .T. ) ;
#4762 = CARTESIAN_POINT ( 'NONE',  ( 225.6278006643815388, 10.00000000000000000, 27.98313964983432811 ) ) ;
#4763 = CARTESIAN_POINT ( 'NONE',  ( 118.8724988374511184, 10.00000000000000000, 56.08485313108575809 ) ) ;
#4764 = CARTESIAN_POINT ( 'NONE',  ( 142.7589890578458380, 10.00000000000000178, 46.49129759204190293 ) ) ;
#4765 = CARTESIAN_POINT ( 'NONE',  ( 224.4713014860594740, 9.999999999999996447, 29.18544268634416738 ) ) ;
#4766 = AXIS2_PLACEMENT_3D ( 'NONE', #697, #4433, #4400 ) ;
#4767 = ORIENTED_EDGE ( 'NONE', *, *, #2563, .F. ) ;
#4768 = CARTESIAN_POINT ( 'NONE',  ( 147.4769951313497245, 10.00000000000000000, 48.25517434149391249 ) ) ;
#4769 = EDGE_CURVE ( 'NONE', #302, #4896, #2749, .T. ) ;
#4770 = VECTOR ( 'NONE', #300, 1000.000000000000000 ) ;
#4771 = CARTESIAN_POINT ( 'NONE',  ( 161.3296569865804599, 9.999999999999996447, 60.09703071484402415 ) ) ;
#4772 = CARTESIAN_POINT ( 'NONE',  ( 235.3883074780264906, 10.00000000000000178, 42.68904331403184216 ) ) ;
#4773 = CARTESIAN_POINT ( 'NONE',  ( 108.7508660628741808, 9.999999999999996447, 52.42553768471240261 ) ) ;
#4774 = DIRECTION ( 'NONE',  ( 0.000000000000000000, 0.000000000000000000, -1.000000000000000000 ) ) ;
#4775 = CARTESIAN_POINT ( 'NONE',  ( 174.0028867617658932, 10.00000000000000355, 34.08719948693347845 ) ) ;
#4776 = EDGE_LOOP ( 'NONE', ( #217, #5320, #121, #3584 ) ) ;
#4777 = CARTESIAN_POINT ( 'NONE',  ( 229.8533816835456491, 10.00000000000000355, 44.28695503713617398 ) ) ;
#4778 = CARTESIAN_POINT ( 'NONE',  ( 167.9525863496833153, 12.99999999999999822, 28.20239613848900007 ) ) ;
#4779 = CARTESIAN_POINT ( 'NONE',  ( 81.19237373039972283, 10.00000000000000000, 56.07209002672843923 ) ) ;
#4780 = CARTESIAN_POINT ( 'NONE',  ( 80.01564129893029076, 10.00000000000000000, 56.10486369098232728 ) ) ;
#4781 = ORIENTED_EDGE ( 'NONE', *, *, #3493, .T. ) ;
#4782 = FACE_OUTER_BOUND ( 'NONE', #3617, .T. ) ;
#4783 = CARTESIAN_POINT ( 'NONE',  ( 81.31892537533755672, 12.99999999999999822, 60.69255834435801944 ) ) ;
#4784 = AXIS2_PLACEMENT_3D ( 'NONE', #3696, #825, #360 ) ;
#4785 = AXIS2_PLACEMENT_3D ( 'NONE', #1743, #5676, #6001 ) ;
#4786 = CARTESIAN_POINT ( 'NONE',  ( 108.7927669332489415, 10.00000000000000178, 33.86850913454961187 ) ) ;
#4787 = CARTESIAN_POINT ( 'NONE',  ( 161.3497297998444253, 10.00000000000000000, 26.14376387572587035 ) ) ;
#4788 = CARTESIAN_POINT ( 'NONE',  ( 170.3318041558571565, 12.99999999999999822, 35.97767422549586058 ) ) ;
#4789 = ORIENTED_EDGE ( 'NONE', *, *, #2544, .F. ) ;
#4790 = CARTESIAN_POINT ( 'NONE',  ( 229.2724960166427195, 10.00000000000000000, 26.24576793669089270 ) ) ;
#4791 = CARTESIAN_POINT ( 'NONE',  ( 128.7588237258805179, 10.00000000000000000, 51.04135687157364032 ) ) ;
#4792 = CARTESIAN_POINT ( 'NONE',  ( 149.7758384050585505, 10.00000000000000000, 57.30675714579338376 ) ) ;
#4793 = CARTESIAN_POINT ( 'NONE',  ( 223.4839049769891801, 12.99999999999999822, 38.67345338379559649 ) ) ;
#4794 = EDGE_LOOP ( 'NONE', ( #719, #3146, #3547, #10 ) ) ;
#4795 = CARTESIAN_POINT ( 'NONE',  ( 158.9233086578474001, 9.999999999999996447, 56.08811481642090513 ) ) ;
#4796 = ADVANCED_FACE ( 'NONE', ( #1875 ), #827, .T. ) ;
#4797 = ORIENTED_EDGE ( 'NONE', *, *, #2716, .F. ) ;
#4798 = CARTESIAN_POINT ( 'NONE',  ( 161.3296569865804599, 12.99999999999999822, 60.09703071484402415 ) ) ;
#4799 = CARTESIAN_POINT ( 'NONE',  ( 79.85338168354567756, 13.00000000000000178, 18.02794061405924708 ) ) ;
#4800 = AXIS2_PLACEMENT_3D ( 'NONE', #4032, #3945, #1560 ) ;
#4801 = CARTESIAN_POINT ( 'NONE',  ( 150.3338959803099044, 12.99999999999999822, 33.95941814138306825 ) ) ;
#4802 = CARTESIAN_POINT ( 'NONE',  ( 199.0240547604687436, 13.00000000000000178, 27.23166657559771053 ) ) ;
#4803 = CARTESIAN_POINT ( 'NONE',  ( 233.3333333333332860, 20.00000000000000000, 96.43724644492834841 ) ) ;
#4804 = ORIENTED_EDGE ( 'NONE', *, *, #5535, .T. ) ;
#4805 = CARTESIAN_POINT ( 'NONE',  ( 105.4144751598138185, 13.00000000000000178, 32.21446576716065380 ) ) ;
#4806 = EDGE_CURVE ( 'NONE', #1947, #5902, #362, .T. ) ;
#4807 = CARTESIAN_POINT ( 'NONE',  ( 223.0008138946224960, 13.00000000000000178, 32.13001570735697499 ) ) ;
#4808 = CARTESIAN_POINT ( 'NONE',  ( 239.9855932220072248, 13.00000000000000178, 50.64212330636694048 ) ) ;
#4809 = CARTESIAN_POINT ( 'NONE',  ( 195.2067600435074723, 13.00000000000000178, 30.16878763295718358 ) ) ;
#4810 = VERTEX_POINT ( 'NONE', #4337 ) ;
#4811 = CARTESIAN_POINT ( 'NONE',  ( 81.86323915736736012, 13.00000000000000178, 33.73156759344846023 ) ) ;
#4812 = CARTESIAN_POINT ( 'NONE',  ( 88.17538143872556589, 12.99999999999999822, 57.95076845807927413 ) ) ;
#4813 = EDGE_CURVE ( 'NONE', #6101, #2812, #3447, .T. ) ;
#4814 = ORIENTED_EDGE ( 'NONE', *, *, #1148, .T. ) ;
#4815 = CARTESIAN_POINT ( 'NONE',  ( 135.5464106026345235, 13.00000000000000178, 42.46227158725938722 ) ) ;
#4816 = SURFACE_STYLE_USAGE ( .BOTH. , #5241 ) ;
#4817 = ORIENTED_EDGE ( 'NONE', *, *, #3263, .F. ) ;
#4818 = LINE ( 'NONE', #3769, #5161 ) ;
#4819 = FACE_BOUND ( 'NONE', #3394, .T. ) ;
#4820 = CARTESIAN_POINT ( 'NONE',  ( 223.6244153373917527, 10.00000000000000000, 52.64332522944387449 ) ) ;
#4821 = CARTESIAN_POINT ( 'NONE',  ( 90.00610679790212032, 10.00000000000000000, 18.15646576432769521 ) ) ;
#4822 = CARTESIAN_POINT ( 'NONE',  ( 110.0808417190557407, 10.00000000000000000, 53.51570242653757248 ) ) ;
#4823 = CARTESIAN_POINT ( 'NONE',  ( 129.7342225767423258, 13.00000000000000533, 49.58839040595544390 ) ) ;
#4824 = CARTESIAN_POINT ( 'NONE',  ( 170.7690239588778525, 10.00000000000000178, 49.79121455529871554 ) ) ;
#4825 = CARTESIAN_POINT ( 'NONE',  ( 0.000000000000000000, 0.000000000000000000, 0.000000000000000000 ) ) ;
#4826 = CARTESIAN_POINT ( 'NONE',  ( 226.9705110027323087, 13.00000000000000178, 27.05864701424825469 ) ) ;
#4827 = CARTESIAN_POINT ( 'NONE',  ( 131.5053510397327727, 10.00000000000000178, 42.51517248462518950 ) ) ;
#4828 = ORIENTED_EDGE ( 'NONE', *, *, #6045, .F. ) ;
#4829 = FACE_OUTER_BOUND ( 'NONE', #3173, .T. ) ;
#4830 = CARTESIAN_POINT ( 'NONE',  ( 164.5175040233875734, 10.00000000000000000, 55.20847375106205845 ) ) ;
#4831 = ORIENTED_EDGE ( 'NONE', *, *, #1628, .F. ) ;
#4832 = CARTESIAN_POINT ( 'NONE',  ( 164.7496844805300498, 13.00000000000000178, 59.46366599789992335 ) ) ;
#4833 = EDGE_CURVE ( 'NONE', #3291, #3623, #49, .T. ) ;
#4834 = CARTESIAN_POINT ( 'NONE',  ( 69.21636245277645116, 13.00000000000000178, 23.91435888329002069 ) ) ;
#4835 = CARTESIAN_POINT ( 'NONE',  ( 73.27699713423039896, 10.00000000000000178, 23.33780020831285285 ) ) ;
#4836 = CARTESIAN_POINT ( 'NONE',  ( 191.8448488625280390, 10.00000000000000000, 31.11495075856722892 ) ) ;
#4837 = CARTESIAN_POINT ( 'NONE',  ( 296.5030604351463808, 0.000000000000000000, 91.13552925583975650 ) ) ;
#4838 = ORIENTED_EDGE ( 'NONE', *, *, #5743, .T. ) ;
#4839 = DIRECTION ( 'NONE',  ( -0.000000000000000000, -1.000000000000000000, -0.000000000000000000 ) ) ;
#4840 = CARTESIAN_POINT ( 'NONE',  ( 195.5084297604687436, 10.00000000000000000, 26.10486369098232728 ) ) ;
#4841 = CARTESIAN_POINT ( 'NONE',  ( 151.0570376653702453, 12.99999999999999822, 28.20361651411979409 ) ) ;
#4842 = ADVANCED_FACE ( 'NONE', ( #5787 ), #2887, .T. ) ;
#4843 = DIRECTION ( 'NONE',  ( -0.000000000000000000, -1.000000000000000000, -0.000000000000000000 ) ) ;
#4844 = CARTESIAN_POINT ( 'NONE',  ( 76.46063414537469782, 13.00000000000000178, 34.94725739826831301 ) ) ;
#4845 = VERTEX_POINT ( 'NONE', #3416 ) ;
#4846 = CARTESIAN_POINT ( 'NONE',  ( 80.95587860678958236, 9.999999999999991118, 18.07033052148822705 ) ) ;
#4847 = CARTESIAN_POINT ( 'NONE',  ( 124.9060734392853362, 13.00000000000000178, 27.32629751226458126 ) ) ;
#4848 = ORIENTED_EDGE ( 'NONE', *, *, #2950, .T. ) ;
#4849 = EDGE_CURVE ( 'NONE', #1462, #669, #4274, .T. ) ;
#4850 = LINE ( 'NONE', #620, #3888 ) ;
#4851 = ORIENTED_EDGE ( 'NONE', *, *, #2810, .F. ) ;
#4852 = CARTESIAN_POINT ( 'NONE',  ( 87.21816533739183797, 13.00000000000000178, 44.06159446021309378 ) ) ;
#4853 = CARTESIAN_POINT ( 'NONE',  ( 167.9525863496833153, 12.99999999999999822, 28.20239613848900007 ) ) ;
#4854 = CARTESIAN_POINT ( 'NONE',  ( 171.0057343525704709, 13.00000000000000888, 37.05805643051567699 ) ) ;
#4855 = CARTESIAN_POINT ( 'NONE',  ( 188.2067470681610359, 13.00000000000000178, 37.22866176790540038 ) ) ;
#4856 = CARTESIAN_POINT ( 'NONE',  ( 71.53245376683750578, 13.00000000000000178, 30.50044994791183584 ) ) ;
#4857 = CARTESIAN_POINT ( 'NONE',  ( 166.4300911224337938, 10.00000000000000355, 27.42219963146050432 ) ) ;
#4858 = CARTESIAN_POINT ( 'NONE',  ( 118.2367951450841446, 10.00000000000000178, 30.14332522944386383 ) ) ;
#4859 = ORIENTED_EDGE ( 'NONE', *, *, #2286, .T. ) ;
#4860 = SHAPE_DEFINITION_REPRESENTATION ( #4058, #2156 ) ;
#4861 = CIRCLE ( 'NONE', #5151, 1.650000000000000355 ) ;
#4862 = VERTEX_POINT ( 'NONE', #2429 ) ;
#4863 = CARTESIAN_POINT ( 'NONE',  ( 207.1009778373918095, 13.00000000000000178, 59.56640215252078718 ) ) ;
#4864 = AXIS2_PLACEMENT_3D ( 'NONE', #5998, #1771, #6095 ) ;
#4865 = CARTESIAN_POINT ( 'NONE',  ( 192.7865986475451621, 12.99999999999999822, 30.55534052854091698 ) ) ;
#4866 = CARTESIAN_POINT ( 'NONE',  ( 82.26924706816106436, 13.00000000000000178, 34.01952715252078718 ) ) ;
#4867 = CARTESIAN_POINT ( 'NONE',  ( 193.7571136399562022, 10.00000000000000000, 30.20898442867970601 ) ) ;
#4868 = CARTESIAN_POINT ( 'NONE',  ( 76.22056918354569177, 10.00000000000000000, 29.53935888329002424 ) ) ;
#4869 = ORIENTED_EDGE ( 'NONE', *, *, #1646, .F. ) ;
#4870 = CARTESIAN_POINT ( 'NONE',  ( 230.1636875160652664, 13.00000000000000178, 44.45376418819846265 ) ) ;
#4871 = VECTOR ( 'NONE', #1081, 1000.000000000000000 ) ;
#4872 = CARTESIAN_POINT ( 'NONE',  ( 169.5574052577676696, 13.00000000000000178, 34.93140434767980196 ) ) ;
#4873 = CARTESIAN_POINT ( 'NONE',  ( 194.8899142931276742, 13.00000000000000178, 30.15142126571570103 ) ) ;
#4874 = VECTOR ( 'NONE', #3061, 1000.000000000000000 ) ;
#4875 = VERTEX_POINT ( 'NONE', #1004 ) ;
#4876 = CARTESIAN_POINT ( 'NONE',  ( 227.0068100746994446, 9.999999999999994671, 32.90042916153706898 ) ) ;
#4877 = CARTESIAN_POINT ( 'NONE',  ( 239.9855932220072248, 10.00000000000000178, 50.64212330636694048 ) ) ;
#4878 = ORIENTED_EDGE ( 'NONE', *, *, #578, .T. ) ;
#4879 = EDGE_CURVE ( 'NONE', #1677, #4177, #348, .T. ) ;
#4880 = CARTESIAN_POINT ( 'NONE',  ( 135.2772579507884245, 10.00000000000000533, 39.66997451715301537 ) ) ;
#4881 = EDGE_LOOP ( 'NONE', ( #5662, #345, #813, #4347 ) ) ;
#4882 = LINE ( 'NONE', #5894, #5748 ) ;
#4883 = CARTESIAN_POINT ( 'NONE',  ( 239.9855932220072248, 10.00000000000000178, 50.64212330636694048 ) ) ;
#4884 = CARTESIAN_POINT ( 'NONE',  ( 207.1009778373918095, 13.00000000000000178, 13.41255599867463566 ) ) ;
#4885 = EDGE_CURVE ( 'NONE', #683, #4299, #1564, .T. ) ;
#4886 = B_SPLINE_CURVE_WITH_KNOTS ( 'NONE', 3,
 ( #528, #5071, #2698, #4256, #2410, #851, #962, #3806, #6029, #1805, #4120 ),
 .UNSPECIFIED., .F., .F.,
 ( 4, 1, 1, 1, 1, 1, 1, 1, 4 ),
 ( 0.000000000000000000, 0.1474758177483584398, 0.2859041715443770282, 0.4171716482444384755, 0.5405007435864942478, 0.6592377183802364815, 0.7750060983159535732, 0.8872285734286348147, 1.000000000000000000 ),
 .UNSPECIFIED. ) ;
#4887 = CARTESIAN_POINT ( 'NONE',  ( 207.1009778373918095, 13.00000000000000178, 26.68178676790540393 ) ) ;
#4888 = AXIS2_PLACEMENT_3D ( 'NONE', #1422, #4729, #497 ) ;
#4889 = CARTESIAN_POINT ( 'NONE',  ( 70.62480579594607377, 12.99999999999999822, 29.16536987100222333 ) ) ;
#4890 = CARTESIAN_POINT ( 'NONE',  ( 92.87020860662259736, 13.00000000000000178, 48.54176272944386028 ) ) ;
#4891 = CARTESIAN_POINT ( 'NONE',  ( 79.10518456816106436, 10.00000000000000355, 36.88611369098232728 ) ) ;
#4892 = ORIENTED_EDGE ( 'NONE', *, *, #4569, .T. ) ;
#4893 = CARTESIAN_POINT ( 'NONE',  ( 159.5048239912379984, 10.00000000000000000, 56.10486369098232728 ) ) ;
#4894 = VECTOR ( 'NONE', #4839, 1000.000000000000000 ) ;
#4895 = CARTESIAN_POINT ( 'NONE',  ( 170.7690239588778525, 10.00000000000000000, 49.79121455529871554 ) ) ;
#4896 = VERTEX_POINT ( 'NONE', #4744 ) ;
#4897 = CARTESIAN_POINT ( 'NONE',  ( 226.7591678083176134, 10.00000000000000533, 35.34828180983134871 ) ) ;
#4898 = CARTESIAN_POINT ( 'NONE',  ( 235.6890334236595663, 13.00000000000000178, 49.14058900455665935 ) ) ;
#4899 = CARTESIAN_POINT ( 'NONE',  ( 148.6668351248453632, 12.99999999999999822, 35.97448411398414692 ) ) ;
#4900 = FACE_OUTER_BOUND ( 'NONE', #4202, .T. ) ;
#4901 = CARTESIAN_POINT ( 'NONE',  ( 161.2341349686405749, 13.00000000000000178, 56.05476278518530364 ) ) ;
#4902 = VERTEX_POINT ( 'NONE', #4714 ) ;
#4903 = CARTESIAN_POINT ( 'NONE',  ( 230.5316451271820881, 13.00000000000000178, 56.08723879992261629 ) ) ;
#4904 = CARTESIAN_POINT ( 'NONE',  ( 159.9381197817511691, 13.00000000000000178, 30.15596304087414126 ) ) ;
#4905 = VECTOR ( 'NONE', #1215, 1000.000000000000000 ) ;
#4906 = CARTESIAN_POINT ( 'NONE',  ( 74.65189271225891332, 10.00000000000000000, 14.76771637831841311 ) ) ;
#4907 = CARTESIAN_POINT ( 'NONE',  ( 238.9155109144194853, 9.999999999999998224, 55.14454521813032528 ) ) ;
#4908 = ORIENTED_EDGE ( 'NONE', *, *, #3179, .F. ) ;
#4909 = CARTESIAN_POINT ( 'NONE',  ( 85.04753306868728657, 13.00000000000000178, 19.87392793643771327 ) ) ;
#4910 = CARTESIAN_POINT ( 'NONE',  ( 135.5464106026345235, 13.00000000000000178, 42.46227158725938722 ) ) ;
#4911 = ORIENTED_EDGE ( 'NONE', *, *, #5240, .F. ) ;
#4912 = AXIS2_PLACEMENT_3D ( 'NONE', #2836, #5086, #391 ) ;
#4913 = ADVANCED_FACE ( 'NONE', ( #3349 ), #753, .T. ) ;
#4914 = CARTESIAN_POINT ( 'NONE',  ( 149.6106885368070891, 10.00000000000000355, 29.15396603518753338 ) ) ;
#4915 = CARTESIAN_POINT ( 'NONE',  ( 105.0222181925372382, 12.99999999999999822, 41.84757497273758986 ) ) ;
#4916 = CARTESIAN_POINT ( 'NONE',  ( 233.3333333333332860, 20.00000000000000000, 97.93724644492834841 ) ) ;
#4917 = CARTESIAN_POINT ( 'NONE',  ( 229.8533816835456491, 13.00000000000000178, 44.28695503713617398 ) ) ;
#4918 = DIRECTION ( 'NONE',  ( 0.000000000000000000, 0.000000000000000000, 1.000000000000000000 ) ) ;
#4919 = ADVANCED_FACE ( 'NONE', ( #5661 ), #1500, .T. ) ;
#4920 = CARTESIAN_POINT ( 'NONE',  ( 69.22261829384936505, 10.00000000000000000, 24.21823156704648738 ) ) ;
#4921 = CARTESIAN_POINT ( 'NONE',  ( 74.65189271225891332, 9.999999999999998224, 14.76771637831841311 ) ) ;
#4922 = CARTESIAN_POINT ( 'NONE',  ( 80.49489851965704190, 10.00000000000000000, 37.88742750735747933 ) ) ;
#4923 = ORIENTED_EDGE ( 'NONE', *, *, #3627, .T. ) ;
#4924 = CARTESIAN_POINT ( 'NONE',  ( 296.5030604351463808, 10.00000000000000000, 91.13552925583975650 ) ) ;
#4925 = VERTEX_POINT ( 'NONE', #2918 ) ;
#4926 = DIRECTION ( 'NONE',  ( -0.000000000000000000, -1.000000000000000000, -0.000000000000000000 ) ) ;
#4927 = EDGE_CURVE ( 'NONE', #305, #3324, #5178, .T. ) ;
#4928 = PLANE ( 'NONE',  #4766 ) ;
#4929 = CARTESIAN_POINT ( 'NONE',  ( 147.0446178667880019, 9.999999999999996447, 39.38999660237317357 ) ) ;
#4930 = CARTESIAN_POINT ( 'NONE',  ( 238.0169564174802019, 10.00000000000000000, 44.97397882941536551 ) ) ;
#4931 = CARTESIAN_POINT ( 'NONE',  ( 227.9518275737799797, 9.999999999999998224, 31.46350724235678342 ) ) ;
#4932 = EDGE_LOOP ( 'NONE', ( #3983, #13, #1425, #477, #1957, #4287, #903, #5309, #5700, #3092, #4065 ) ) ;
#4933 = CARTESIAN_POINT ( 'NONE',  ( 81.86323915736736012, 13.00000000000000178, 33.73156759344846023 ) ) ;
#4934 = CARTESIAN_POINT ( 'NONE',  ( 159.5048239912379984, 10.00000000000000000, 30.14332522944386383 ) ) ;
#4935 = DIRECTION ( 'NONE',  ( 0.000000000000000000, 0.000000000000000000, 1.000000000000000000 ) ) ;
#4936 = CARTESIAN_POINT ( 'NONE',  ( 232.3197157286337244, 13.00000000000000178, 59.98823352663391262 ) ) ;
#4937 = ORIENTED_EDGE ( 'NONE', *, *, #5896, .F. ) ;
#4938 = FACE_OUTER_BOUND ( 'NONE', #1136, .T. ) ;
#4939 = CARTESIAN_POINT ( 'NONE',  ( 195.2067600435074723, 13.00000000000000178, 30.16878763295718358 ) ) ;
#4940 = EDGE_LOOP ( 'NONE', ( #2871, #2481, #1249, #2137 ) ) ;
#4941 = ORIENTED_EDGE ( 'NONE', *, *, #3022, .F. ) ;
#4942 = B_SPLINE_SURFACE_WITH_KNOTS ( 'NONE', 3, 1, ( 
 ( #5014, #5848 ),
 ( #2090, #3011 ),
 ( #1623, #4006 ),
 ( #4956, #5908 ),
 ( #787, #5880 ),
 ( #1162, #3571 ),
 ( #264, #5436 ),
 ( #3098, #3512 ),
 ( #5387, #4930 ),
 ( #2578, #4461 ),
 ( #2121, #4984 ) ),
 .UNSPECIFIED., .F., .F., .F.,
 ( 4, 1, 1, 1, 1, 1, 1, 1, 4 ),
 ( 2, 2 ),
 ( 0.000000000000000000, 0.1589891012267982962, 0.3071145916055731950, 0.4462131585962152425, 0.5748760724117290000, 0.6941521095829585875, 0.8045811801532382068, 0.9065933190457645674, 1.000000000000000000 ),
 ( 0.000000000000000000, 1.000000000000000000 ),
 .UNSPECIFIED. ) ;
#4943 = CARTESIAN_POINT ( 'NONE',  ( 105.2077513000199076, 13.00000000000000178, 40.53450438426560254 ) ) ;
#4944 = CARTESIAN_POINT ( 'NONE',  ( 0.000000000000000000, 10.00000000000000000, 0.000000000000000000 ) ) ;
#4945 = ADVANCED_FACE ( 'NONE', ( #2486 ), #1737, .T. ) ;
#4946 = CARTESIAN_POINT ( 'NONE',  ( 188.7253450859880957, 10.00000000000000000, 35.54666244430071487 ) ) ;
#4947 = DIRECTION ( 'NONE',  ( -0.000000000000000000, 1.000000000000000000, -0.000000000000000000 ) ) ;
#4948 = CARTESIAN_POINT ( 'NONE',  ( 85.86653735228924234, 10.00000000000000178, 42.45730771903676271 ) ) ;
#4949 = ORIENTED_EDGE ( 'NONE', *, *, #5807, .T. ) ;
#4950 = EDGE_CURVE ( 'NONE', #5304, #3758, #3045, .T. ) ;
#4951 = CARTESIAN_POINT ( 'NONE',  ( 231.5968884514894626, 10.00000000000000355, 45.25408765989224236 ) ) ;
#4952 = ORIENTED_EDGE ( 'NONE', *, *, #1975, .T. ) ;
#4953 = DIRECTION ( 'NONE',  ( -0.000000000000000000, -1.000000000000000000, -0.000000000000000000 ) ) ;
#4954 = CARTESIAN_POINT ( 'NONE',  ( 234.8383576450841304, 13.00000000000000178, 47.67637811405924708 ) ) ;
#4955 = CARTESIAN_POINT ( 'NONE',  ( 80.01564129893030497, 10.00000000000000000, 56.10486369098233439 ) ) ;
#4956 = CARTESIAN_POINT ( 'NONE',  ( 234.5167598084004794, 12.99999999999999822, 42.10492500194359877 ) ) ;
#4957 = CARTESIAN_POINT ( 'NONE',  ( 172.4240922066626638, 13.00000000000000178, 44.95876913123572649 ) ) ;
#4958 = ORIENTED_EDGE ( 'NONE', *, *, #3713, .T. ) ;
#4959 = CARTESIAN_POINT ( 'NONE',  ( 73.26999571223373664, 12.99999999999999822, 24.44872154410356657 ) ) ;
#4960 = EDGE_CURVE ( 'NONE', #879, #2807, #540, .T. ) ;
#4961 = B_SPLINE_CURVE_WITH_KNOTS ( 'NONE', 3,
 ( #4883, #4417, #5736, #192, #2073, #5371, #1145, #560, #3031, #2561, #4448, #3840, #2443, #4321, #96, #1979, #1514, #3396, #5278 ),
 .UNSPECIFIED., .F., .F.,
 ( 4, 1, 1, 1, 1, 1, 1, 1, 1, 1, 1, 1, 1, 1, 1, 1, 4 ),
 ( 0.000000000000000000, 0.06454812556425042203, 0.1271991327555117568, 0.1885973380874244043, 0.2486395150940127197, 0.3095246994640579730, 0.3700369910533490847, 0.4318892436070741470, 0.4957042857252929036, 0.5595193278435127704, 0.6213715803972383878, 0.6823971072916401592, 0.7435684819321648487, 0.8054984835712128977, 0.8686397008205245518, 0.9330662250811645464, 0.9999999999999998890 ),
 .UNSPECIFIED. ) ;
#4962 = VECTOR ( 'NONE', #3973, 1000.000000000000000 ) ;
#4963 = CARTESIAN_POINT ( 'NONE',  ( 169.5574052577676696, 10.00000000000000000, 34.93140434767980196 ) ) ;
#4964 = CARTESIAN_POINT ( 'NONE',  ( 73.44135898458652889, 10.00000000000000355, 15.52901427189410732 ) ) ;
#4965 = CARTESIAN_POINT ( 'NONE',  ( 238.4531412989302908, 10.00000000000000178, 45.55798869098232018 ) ) ;
#4966 = VERTEX_POINT ( 'NONE', #4436 ) ;
#4967 = CARTESIAN_POINT ( 'NONE',  ( 88.77425803928852588, 13.00000000000000178, 47.34234826831387721 ) ) ;
#4968 = CARTESIAN_POINT ( 'NONE',  ( 134.8784978097235694, 9.999999999999994671, 38.06889456260356042 ) ) ;
#4969 = STYLED_ITEM ( 'NONE', ( #930 ), #2621 ) ;
#4970 = EDGE_LOOP ( 'NONE', ( #694, #2243, #171, #926 ) ) ;
#4971 = VECTOR ( 'NONE', #2591, 1000.000000000000114 ) ;
#4972 = ORIENTED_EDGE ( 'NONE', *, *, #3138, .F. ) ;
#4973 = FACE_OUTER_BOUND ( 'NONE', #4970, .T. ) ;
#4974 = DIRECTION ( 'NONE',  ( 0.000000000000000000, 0.000000000000000000, 1.000000000000000000 ) ) ;
#4975 = CARTESIAN_POINT ( 'NONE',  ( 66.66666666666668561, 20.00000000000000000, 97.93724644492834841 ) ) ;
#4976 = CARTESIAN_POINT ( 'NONE',  ( 88.35622825004665515, 13.00000000000000178, 39.03553790971648141 ) ) ;
#4977 = CARTESIAN_POINT ( 'NONE',  ( 87.01668601221274457, 10.00000000000000000, 43.80384958531299588 ) ) ;
#4978 = ORIENTED_EDGE ( 'NONE', *, *, #1552, .T. ) ;
#4979 = CARTESIAN_POINT ( 'NONE',  ( 80.01564129893029076, 10.00000000000000355, 60.72024830636693338 ) ) ;
#4980 = ORIENTED_EDGE ( 'NONE', *, *, #4849, .F. ) ;
#4981 = VECTOR ( 'NONE', #3323, 1000.000000000000000 ) ;
#4982 = CARTESIAN_POINT ( 'NONE',  ( 226.7163624527764512, 10.00000000000000178, 34.56940696021310089 ) ) ;
#4983 = CARTESIAN_POINT ( 'NONE',  ( 155.9491899082424879, 9.999999999999998224, 59.85930768528425006 ) ) ;
#4984 = CARTESIAN_POINT ( 'NONE',  ( 238.4531412989302908, 10.00000000000000000, 45.55798869098232018 ) ) ;
#4985 = ADVANCED_FACE ( 'NONE', ( #701 ), #208, .F. ) ;
#4986 = CARTESIAN_POINT ( 'NONE',  ( 227.0068100746994446, 9.999999999999994671, 32.90042916153706898 ) ) ;
#4987 = B_SPLINE_CURVE_WITH_KNOTS ( 'NONE', 3,
 ( #987, #4225, #63, #31, #4724, #3271, #1976 ),
 .UNSPECIFIED., .F., .F.,
 ( 4, 1, 1, 1, 4 ),
 ( 0.000000000000000000, 0.2534754346498635513, 0.5004533151029020299, 0.7455781350009794695, 1.000000000000000000 ),
 .UNSPECIFIED. ) ;
#4988 = EDGE_LOOP ( 'NONE', ( #5924, #5066, #5525, #5383 ) ) ;
#4989 = CARTESIAN_POINT ( 'NONE',  ( 224.3180963990158432, 10.00000000000000000, 39.98383877690622512 ) ) ;
#4990 = CARTESIAN_POINT ( 'NONE',  ( 230.6942681988808204, 12.99999999999999822, 26.11053281686706029 ) ) ;
#4991 = CARTESIAN_POINT ( 'NONE',  ( 225.1596281628985992, 9.999999999999996447, 54.15890652421098395 ) ) ;
#4992 = B_SPLINE_SURFACE_WITH_KNOTS ( 'NONE', 3, 1, ( 
 ( #5927, #428 ),
 ( #5183, #5637 ),
 ( #2317, #896 ),
 ( #3204, #6086 ),
 ( #5091, #4600 ),
 ( #461, #1855 ),
 ( #5541, #3674 ),
 ( #4693, #6017 ),
 ( #5123, #4134 ),
 ( #3301, #4196 ),
 ( #1359, #2780 ) ),
 .UNSPECIFIED., .F., .F., .F.,
 ( 4, 1, 1, 1, 1, 1, 1, 1, 4 ),
 ( 2, 2 ),
 ( 0.000000000000000000, 0.1430730837303632319, 0.2759029640930090177, 0.4023708562739967132, 0.5284136450935956741, 0.6503563791869507726, 0.7658950861246938135, 0.8807741308440211192, 1.000000000000000000 ),
 ( 0.000000000000000000, 1.000000000000000000 ),
 .UNSPECIFIED. ) ;
#4993 = CARTESIAN_POINT ( 'NONE',  ( 227.6556058188792235, 13.00000000000000178, 59.86727763248176615 ) ) ;
#4994 = CARTESIAN_POINT ( 'NONE',  ( 159.5048239912379984, 10.00000000000000355, 30.14332522944386383 ) ) ;
#4995 = EDGE_CURVE ( 'NONE', #4172, #4092, #3106, .T. ) ;
#4996 = EDGE_CURVE ( 'NONE', #2580, #302, #5849, .T. ) ;
#4997 = ORIENTED_EDGE ( 'NONE', *, *, #625, .T. ) ;
#4998 = CARTESIAN_POINT ( 'NONE',  ( 135.5625162989302908, 13.00000000000000178, 43.03395022944386739 ) ) ;
#4999 = CARTESIAN_POINT ( 'NONE',  ( 196.6122478402674005, 13.00000000000000178, 30.64260216510630030 ) ) ;
#5000 = EDGE_LOOP ( 'NONE', ( #1331, #4937, #465, #4140 ) ) ;
#5001 = EDGE_CURVE ( 'NONE', #3211, #2662, #4290, .T. ) ;
#5002 = LINE ( 'NONE', #5452, #5684 ) ;
#5003 = CARTESIAN_POINT ( 'NONE',  ( 104.9855932220072106, 13.00000000000000178, 32.76652234482848058 ) ) ;
#5004 = CARTESIAN_POINT ( 'NONE',  ( 266.6666666666666856, 10.00000000000000000, 94.93724644492831999 ) ) ;
#5005 = CARTESIAN_POINT ( 'NONE',  ( 3.505202749622875924, 0.000000000000000000, 85.13552925583975650 ) ) ;
#5006 = B_SPLINE_CURVE_WITH_KNOTS ( 'NONE', 3,
 ( #5706, #2844, #592, #989, #4698, #4726, #1018 ),
 .UNSPECIFIED., .F., .F.,
 ( 4, 1, 1, 1, 4 ),
 ( 0.000000000000000000, 0.2400399314959815456, 0.4794031936060932919, 0.7317567388575652032, 0.9999999999999998890 ),
 .UNSPECIFIED. ) ;
#5007 = CYLINDRICAL_SURFACE ( 'NONE', #3090, 1.649999999999987477 ) ;
#5008 = CARTESIAN_POINT ( 'NONE',  ( 146.9928047604687436, 13.00000000000000178, 31.54957522944386383 ) ) ;
#5009 = ORIENTED_EDGE ( 'NONE', *, *, #1926, .F. ) ;
#5010 = DIRECTION ( 'NONE',  ( 0.000000000000000000, 0.000000000000000000, -1.000000000000000000 ) ) ;
#5011 = ORIENTED_EDGE ( 'NONE', *, *, #1699, .F. ) ;
#5012 = CARTESIAN_POINT ( 'NONE',  ( 75.95474079065283490, 10.00000000000000000, 55.07287646667025172 ) ) ;
#5013 = CARTESIAN_POINT ( 'NONE',  ( 142.5231425848556057, 13.00000000000000178, 44.87104856799891905 ) ) ;
#5014 = CARTESIAN_POINT ( 'NONE',  ( 232.5306653373918095, 13.00000000000000178, 40.94260407559770698 ) ) ;
#5015 = DIRECTION ( 'NONE',  ( -0.000000000000000000, -1.000000000000000000, -0.000000000000000000 ) ) ;
#5016 = VERTEX_POINT ( 'NONE', #2548 ) ;
#5017 = CARTESIAN_POINT ( 'NONE',  ( 78.23327730100218957, 13.00000000000000533, 31.12159235761850695 ) ) ;
#5018 = EDGE_CURVE ( 'NONE', #4684, #5799, #3048, .T. ) ;
#5019 = CARTESIAN_POINT ( 'NONE',  ( 187.7837344059525435, 13.00000000000000178, 31.07181416745163460 ) ) ;
#5020 = CARTESIAN_POINT ( 'NONE',  ( 220.9471316835456491, 13.00000000000000178, 55.69020022944386028 ) ) ;
#5021 = CARTESIAN_POINT ( 'NONE',  ( 238.4531412989302908, 13.00000000000000178, 45.55798869098232018 ) ) ;
#5022 = CARTESIAN_POINT ( 'NONE',  ( 80.41018664836380481, 13.00000000000000178, 56.09387504439669669 ) ) ;
#5023 = ORIENTED_EDGE ( 'NONE', *, *, #4164, .T. ) ;
#5024 = CARTESIAN_POINT ( 'NONE',  ( 66.66666666666668561, 20.00000000000000000, 97.93724644492834841 ) ) ;
#5025 = CARTESIAN_POINT ( 'NONE',  ( 216.9086701450841304, 13.00000000000000178, 26.68178676790540393 ) ) ;
#5026 = EDGE_CURVE ( 'NONE', #796, #2076, #1639, .T. ) ;
#5027 = CARTESIAN_POINT ( 'NONE',  ( 87.35294377262492560, 13.00000000000000533, 22.20034433575041888 ) ) ;
#5028 = CARTESIAN_POINT ( 'NONE',  ( 234.1373935718217467, 13.00000000000000533, 59.46455195120336157 ) ) ;
#5029 = FACE_OUTER_BOUND ( 'NONE', #3722, .T. ) ;
#5030 = CARTESIAN_POINT ( 'NONE',  ( 127.6372478848805088, 13.00000000000000178, 33.85115927459332141 ) ) ;
#5031 = EDGE_CURVE ( 'NONE', #3149, #4001, #4886, .T. ) ;
#5032 = CARTESIAN_POINT ( 'NONE',  ( 145.0008902417989987, 13.00000000000000178, 34.10757402062465360 ) ) ;
#5033 = CARTESIAN_POINT ( 'NONE',  ( 232.3841009868725678, 13.00000000000000533, 55.74015439321492238 ) ) ;
#5034 = CARTESIAN_POINT ( 'NONE',  ( 201.3317470681610644, 13.00000000000000178, 26.68178676790540393 ) ) ;
#5035 = CARTESIAN_POINT ( 'NONE',  ( 266.6666666666666856, 20.00000000000000000, 94.93724644492831999 ) ) ;
#5036 = ORIENTED_EDGE ( 'NONE', *, *, #1486, .T. ) ;
#5037 = DIRECTION ( 'NONE',  ( 1.000000000000000000, 0.000000000000000000, 0.000000000000000000 ) ) ;
#5038 = ORIENTED_EDGE ( 'NONE', *, *, #5064, .F. ) ;
#5039 = CARTESIAN_POINT ( 'NONE',  ( 118.2998961066225974, 10.00000000000000000, 56.10486369098232728 ) ) ;
#5040 = LINE ( 'NONE', #1802, #6048 ) ;
#5041 = CARTESIAN_POINT ( 'NONE',  ( 105.2077513000199076, 10.00000000000000178, 40.53450438426560254 ) ) ;
#5042 = DIRECTION ( 'NONE',  ( -1.000000000000000000, 0.000000000000000000, 1.420944294689305296E-16 ) ) ;
#5043 = ORIENTED_EDGE ( 'NONE', *, *, #4950, .F. ) ;
#5044 = LINE ( 'NONE', #5971, #5279 ) ;
#5045 = CARTESIAN_POINT ( 'NONE',  ( 235.2191681775916265, 9.999999999999994671, 27.26726211638015229 ) ) ;
#5046 = CARTESIAN_POINT ( 'NONE',  ( 77.02221334612964654, 13.00000000000000178, 60.42176342208047402 ) ) ;
#5047 = DIRECTION ( 'NONE',  ( 1.000000000000000000, 0.000000000000000000, 0.000000000000000000 ) ) ;
#5048 = CARTESIAN_POINT ( 'NONE',  ( 131.4680893191051894, 10.00000000000000000, 41.39186572318823210 ) ) ;
#5049 = CARTESIAN_POINT ( 'NONE',  ( 91.53954892575015378, 10.00000000000000000, 19.99461605427405075 ) ) ;
#5050 = VERTEX_POINT ( 'NONE', #1303 ) ;
#5051 = CARTESIAN_POINT ( 'NONE',  ( 201.3317470681610644, 13.00000000000000178, 26.68178676790540393 ) ) ;
#5052 = CARTESIAN_POINT ( 'NONE',  ( 236.6682855296995172, 13.00000000000000178, 33.60486369098232728 ) ) ;
#5053 = VECTOR ( 'NONE', #232, 1000.000000000000000 ) ;
#5054 = PLANE ( 'NONE',  #5536 ) ;
#5055 = VECTOR ( 'NONE', #4240, 1000.000000000000000 ) ;
#5056 = CARTESIAN_POINT ( 'NONE',  ( 68.50704420007897966, 10.00000000000000000, 54.42613059186302849 ) ) ;
#5057 = CARTESIAN_POINT ( 'NONE',  ( 106.2479213773854951, 13.00000000000000178, 31.14165428692931670 ) ) ;
#5058 = EDGE_CURVE ( 'NONE', #404, #901, #1633, .T. ) ;
#5059 = CARTESIAN_POINT ( 'NONE',  ( 86.74546115650703371, 10.00000000000000000, 21.50070388462550497 ) ) ;
#5060 = CIRCLE ( 'NONE', #3294, 1.500000000000001332 ) ;
#5061 = LINE ( 'NONE', #4570, #3683 ) ;
#5062 = CARTESIAN_POINT ( 'NONE',  ( 164.7496844805300498, 13.00000000000000178, 59.46366599789992335 ) ) ;
#5063 = FACE_OUTER_BOUND ( 'NONE', #2660, .T. ) ;
#5064 = EDGE_CURVE ( 'NONE', #5141, #1261, #5524, .T. ) ;
#5065 = DIRECTION ( 'NONE',  ( 0.000000000000000000, 1.000000000000000000, 0.000000000000000000 ) ) ;
#5066 = ORIENTED_EDGE ( 'NONE', *, *, #4306, .T. ) ;
#5067 = CARTESIAN_POINT ( 'NONE',  ( 92.33296756127322169, 12.99999999999999822, 45.09486057215764276 ) ) ;
#5068 = CARTESIAN_POINT ( 'NONE',  ( 87.21816533739183797, 13.00000000000000178, 44.06159446021309378 ) ) ;
#5069 = CARTESIAN_POINT ( 'NONE',  ( 145.1454218015134643, 9.999999999999998224, 52.44860745438511174 ) ) ;
#5070 = CARTESIAN_POINT ( 'NONE',  ( 79.10518456816106436, 13.00000000000000178, 36.88611369098232728 ) ) ;
#5071 = CARTESIAN_POINT ( 'NONE',  ( 223.8786320756604482, 13.00000000000000178, 52.91788648765849246 ) ) ;
#5072 = ORIENTED_EDGE ( 'NONE', *, *, #2639, .F. ) ;
#5073 = CARTESIAN_POINT ( 'NONE',  ( 230.3491749527764227, 10.00000000000000000, 60.14332522944386739 ) ) ;
#5074 = DIRECTION ( 'NONE',  ( 0.000000000000000000, 1.000000000000000000, 0.000000000000000000 ) ) ;
#5075 = AXIS2_PLACEMENT_3D ( 'NONE', #1456, #5969, #1921 ) ;
#5076 = CARTESIAN_POINT ( 'NONE',  ( 230.1418432220071963, 9.999999999999996447, 56.10486369098232728 ) ) ;
#5077 = CARTESIAN_POINT ( 'NONE',  ( 116.4547085432453599, 13.00000000000000178, 60.09379395373005650 ) ) ;
#5078 = CARTESIAN_POINT ( 'NONE',  ( 66.66666666666668561, 20.00000000000000000, 96.43724644492834841 ) ) ;
#5079 = CARTESIAN_POINT ( 'NONE',  ( 296.5030604351463808, 10.00000000000000000, 85.13552925583971387 ) ) ;
#5080 = AXIS2_PLACEMENT_3D ( 'NONE', #1154, #4483, #1617 ) ;
#5081 = DIRECTION ( 'NONE',  ( 0.000000000000000000, 1.000000000000000000, 0.000000000000000000 ) ) ;
#5082 = ORIENTED_EDGE ( 'NONE', *, *, #2015, .F. ) ;
#5083 = CARTESIAN_POINT ( 'NONE',  ( 77.26853576726756501, 13.00000000000000178, 55.66690516019445312 ) ) ;
#5084 = CARTESIAN_POINT ( 'NONE',  ( 0.000000000000000000, 10.00000000000000000, 0.000000000000000000 ) ) ;
#5085 = VECTOR ( 'NONE', #5318, 1000.000000000000000 ) ;
#5086 = DIRECTION ( 'NONE',  ( 0.000000000000000000, 0.000000000000000000, -1.000000000000000000 ) ) ;
#5087 = CARTESIAN_POINT ( 'NONE',  ( 162.9114672422195156, 10.00000000000000355, 55.72409224583306298 ) ) ;
#5088 = CARTESIAN_POINT ( 'NONE',  ( 237.8815046572989047, 13.00000000000000178, 56.69013038669210403 ) ) ;
#5089 = B_SPLINE_SURFACE_WITH_KNOTS ( 'NONE', 3, 1, ( 
 ( #4230, #1394 ),
 ( #6, #37 ),
 ( #99, #5679 ),
 ( #3312, #5159 ),
 ( #4702, #1891 ),
 ( #935, #1983 ),
 ( #3872, #5739 ),
 ( #1517, #2820 ),
 ( #3401, #4822 ),
 ( #5190, #4732 ),
 ( #5921, #1694 ),
 ( #770, #3167 ),
 ( #4533, #163 ),
 ( #5480, #3937 ),
 ( #1579, #4597 ) ),
 .UNSPECIFIED., .F., .F., .F.,
 ( 4, 1, 1, 1, 1, 1, 1, 1, 1, 1, 1, 1, 4 ),
 ( 2, 2 ),
 ( 0.000000000000000000, 0.08644037246266929320, 0.1693440105424732223, 0.2510606708491855965, 0.3323264305703405030, 0.4131892790502050272, 0.4942994993596380726, 0.5766538799957602324, 0.6617849185411929236, 0.7477649302742698234, 0.8319674345472001242, 0.9152994413086168457, 1.000000000000000000 ),
 ( 0.000000000000000000, 1.000000000000000000 ),
 .UNSPECIFIED. ) ;
#5090 = CARTESIAN_POINT ( 'NONE',  ( 146.7466790062669020, 12.99999999999999822, 40.63046186100617518 ) ) ;
#5091 = CARTESIAN_POINT ( 'NONE',  ( 76.07382999938047874, 12.99999999999999822, 18.91830026098777040 ) ) ;
#5092 = ORIENTED_EDGE ( 'NONE', *, *, #1100, .T. ) ;
#5093 = ADVANCED_FACE ( 'NONE', ( #2211 ), #3127, .T. ) ;
#5094 = CARTESIAN_POINT ( 'NONE',  ( 142.7384646904111491, 12.99999999999999822, 39.96764286157956292 ) ) ;
#5095 = DIRECTION ( 'NONE',  ( 0.000000000000000000, -0.000000000000000000, 1.000000000000000000 ) ) ;
#5096 = CARTESIAN_POINT ( 'NONE',  ( 211.1394393758533568, 13.00000000000000178, 30.72024830636694048 ) ) ;
#5097 = VERTEX_POINT ( 'NONE', #2873 ) ;
#5098 = CARTESIAN_POINT ( 'NONE',  ( 90.79011907195963715, 13.00000000000000533, 41.98266927876262855 ) ) ;
#5099 = ORIENTED_EDGE ( 'NONE', *, *, #85, .F. ) ;
#5100 = EDGE_CURVE ( 'NONE', #3342, #908, #4091, .T. ) ;
#5101 = CARTESIAN_POINT ( 'NONE',  ( 123.3087820886163541, 13.00000000000000178, 55.17620875373337697 ) ) ;
#5102 = CARTESIAN_POINT ( 'NONE',  ( 142.4982104177162228, 13.00000000000000178, 43.77095371582520755 ) ) ;
#5103 = CARTESIAN_POINT ( 'NONE',  ( 89.13254303993784333, 10.00000000000000178, 57.11060308112401884 ) ) ;
#5104 = FACE_BOUND ( 'NONE', #4442, .T. ) ;
#5105 = ORIENTED_EDGE ( 'NONE', *, *, #4358, .T. ) ;
#5106 = CARTESIAN_POINT ( 'NONE',  ( 221.2307491575637357, 10.00000000000000000, 56.02521179819084551 ) ) ;
#5107 = CARTESIAN_POINT ( 'NONE',  ( 70.48963951412945050, 10.00000000000000000, 49.19712006887371558 ) ) ;
#5108 = ADVANCED_FACE ( 'NONE', ( #4612 ), #3336, .T. ) ;
#5109 = CARTESIAN_POINT ( 'NONE',  ( 229.8555755986735392, 13.00000000000000178, 56.09469283538910389 ) ) ;
#5110 = CARTESIAN_POINT ( 'NONE',  ( 67.02898542159357476, 13.00000000000000178, 52.14827511413782446 ) ) ;
#5111 = CARTESIAN_POINT ( 'NONE',  ( 105.3718840979878877, 10.00000000000000178, 46.66828738889905992 ) ) ;
#5112 = CARTESIAN_POINT ( 'NONE',  ( 229.0265712568784409, 13.00000000000000178, 38.72904312652238445 ) ) ;
#5113 = LINE ( 'NONE', #6038, #1433 ) ;
#5114 = ORIENTED_EDGE ( 'NONE', *, *, #1189, .F. ) ;
#5115 = LINE ( 'NONE', #5051, #1614 ) ;
#5116 = CARTESIAN_POINT ( 'NONE',  ( 144.3239747510129121, 13.00000000000000178, 51.04190625304948981 ) ) ;
#5117 = CARTESIAN_POINT ( 'NONE',  ( 74.69132145765084374, 10.00000000000000000, 54.23396220848658800 ) ) ;
#5118 = FACE_OUTER_BOUND ( 'NONE', #1679, .T. ) ;
#5119 = CARTESIAN_POINT ( 'NONE',  ( 87.16373393591851482, 10.00000000000000000, 58.69814210558249101 ) ) ;
#5120 = CYLINDRICAL_SURFACE ( 'NONE', #4667, 1.500000000000001332 ) ;
#5121 = VERTEX_POINT ( 'NONE', #378 ) ;
#5122 = CYLINDRICAL_SURFACE ( 'NONE', #2695, 1.500000000000001332 ) ;
#5123 = CARTESIAN_POINT ( 'NONE',  ( 73.32053501545804863, 13.00000000000000178, 22.57740748404799547 ) ) ;
#5124 = CARTESIAN_POINT ( 'NONE',  ( 113.1728472919154314, 13.00000000000000178, 55.17953654155762422 ) ) ;
#5125 = CARTESIAN_POINT ( 'NONE',  ( 232.4019729124604225, 9.999999999999996447, 30.34721525295983469 ) ) ;
#5126 = CARTESIAN_POINT ( 'NONE',  ( 87.21816533739183797, 10.00000000000000000, 44.06159446021309378 ) ) ;
#5127 = EDGE_LOOP ( 'NONE', ( #2038, #4, #2203, #4574, #580, #2041, #1079, #2706, #2838, #4238, #5458, #2196, #5715, #5490, #1784, #2909, #5905, #436 ) ) ;
#5128 = CARTESIAN_POINT ( 'NONE',  ( 88.35622825004665515, 9.999999999999992895, 39.03553790971648141 ) ) ;
#5129 = CARTESIAN_POINT ( 'NONE',  ( 266.6666666666666856, 20.00000000000000000, 97.93724644492837683 ) ) ;
#5130 = CARTESIAN_POINT ( 'NONE',  ( 142.5000357836969158, 10.00000000000000000, 42.66374024378770002 ) ) ;
#5131 = FACE_OUTER_BOUND ( 'NONE', #1069, .T. ) ;
#5132 = ORIENTED_EDGE ( 'NONE', *, *, #2497, .T. ) ;
#5133 = CARTESIAN_POINT ( 'NONE',  ( 227.6640913955486951, 13.00000000000000178, 37.31758438908858011 ) ) ;
#5134 = EDGE_CURVE ( 'NONE', #4299, #1541, #5216, .T. ) ;
#5135 = CARTESIAN_POINT ( 'NONE',  ( 159.5048239912379984, 13.00000000000000178, 30.14332522944386383 ) ) ;
#5136 = DIRECTION ( 'NONE',  ( -0.000000000000000000, -1.000000000000000000, -0.000000000000000000 ) ) ;
#5137 = CARTESIAN_POINT ( 'NONE',  ( 66.56850083524243189, 13.00000000000000178, 51.31429544059730574 ) ) ;
#5138 = CARTESIAN_POINT ( 'NONE',  ( 100.0000000000000142, 20.00000000000000000, 96.43724644492834841 ) ) ;
#5139 = CARTESIAN_POINT ( 'NONE',  ( 230.9205601832653372, 13.00000000000000178, 40.00923777857257591 ) ) ;
#5140 = DIRECTION ( 'NONE',  ( 0.000000000000000000, 0.000000000000000000, -1.000000000000000000 ) ) ;
#5141 = VERTEX_POINT ( 'NONE', #4549 ) ;
#5142 = CARTESIAN_POINT ( 'NONE',  ( 127.9142333418047173, 13.00000000000000178, 57.35896712517620699 ) ) ;
#5143 = LINE ( 'NONE', #5084, #5770 ) ;
#5144 = ADVANCED_FACE ( 'NONE', ( #3690 ), #4757, .T. ) ;
#5145 = PLANE ( 'NONE',  #4912 ) ;
#5146 = CARTESIAN_POINT ( 'NONE',  ( 84.97780635512353342, 9.999999999999996447, 59.82981708987858838 ) ) ;
#5147 = B_SPLINE_CURVE_WITH_KNOTS ( 'NONE', 3,
 ( #5260, #575, #1065, #2947, #2454, #4334, #108, #3882, #5750, #3413, #4834 ),
 .UNSPECIFIED., .F., .F.,
 ( 4, 1, 1, 1, 1, 1, 1, 1, 4 ),
 ( 0.000000000000000000, 0.1335067689985175166, 0.2625589787303693190, 0.3882644471488783111, 0.5126673546814275451, 0.6337222699657600877, 0.7553938601370943084, 0.8775529450912783469, 1.000000000000000000 ),
 .UNSPECIFIED. ) ;
#5148 = ORIENTED_EDGE ( 'NONE', *, *, #3067, .F. ) ;
#5149 = CARTESIAN_POINT ( 'NONE',  ( 296.4644660940673475, 10.00000000000000000, 1.885533905932749610 ) ) ;
#5150 = FACE_OUTER_BOUND ( 'NONE', #2542, .T. ) ;
#5151 = AXIS2_PLACEMENT_3D ( 'NONE', #114, #1132, #3385 ) ;
#5152 = AXIS2_PLACEMENT_3D ( 'NONE', #3500, #4419, #3002 ) ;
#5153 = FACE_BOUND ( 'NONE', #2382, .T. ) ;
#5154 = DIRECTION ( 'NONE',  ( 0.000000000000000000, 0.000000000000000000, 1.000000000000000000 ) ) ;
#5155 = DIRECTION ( 'NONE',  ( 0.000000000000000000, 9.395057985567183527E-15, 1.000000000000000000 ) ) ;
#5156 = ORIENTED_EDGE ( 'NONE', *, *, #347, .F. ) ;
#5157 = VECTOR ( 'NONE', #1092, 1000.000000000000000 ) ;
#5158 = FACE_OUTER_BOUND ( 'NONE', #5356, .T. ) ;
#5159 = CARTESIAN_POINT ( 'NONE',  ( 105.3718840979878877, 10.00000000000000000, 46.66828738889905992 ) ) ;
#5160 = CARTESIAN_POINT ( 'NONE',  ( 188.1459020106100297, 10.00000000000000000, 37.48936828534738908 ) ) ;
#5161 = VECTOR ( 'NONE', #5154, 1000.000000000000000 ) ;
#5162 = DIRECTION ( 'NONE',  ( -1.000000000000000000, 0.000000000000000000, 0.000000000000000000 ) ) ;
#5163 = CARTESIAN_POINT ( 'NONE',  ( 66.66666666666668561, 20.00000000000000000, 96.43724644492834841 ) ) ;
#5164 = ORIENTED_EDGE ( 'NONE', *, *, #5177, .F. ) ;
#5165 = CARTESIAN_POINT ( 'NONE',  ( 220.9471316835456491, 10.00000000000000000, 55.69020022944386028 ) ) ;
#5166 = CARTESIAN_POINT ( 'NONE',  ( 66.66666666666668561, 20.00000000000000000, 94.93724644492834841 ) ) ;
#5167 = DIRECTION ( 'NONE',  ( -0.000000000000000000, -1.000000000000000000, -0.000000000000000000 ) ) ;
#5168 = EDGE_CURVE ( 'NONE', #2076, #3691, #2270, .T. ) ;
#5169 = DIRECTION ( 'NONE',  ( -1.000000000000000000, -0.000000000000000000, -0.000000000000000000 ) ) ;
#5170 = FACE_OUTER_BOUND ( 'NONE', #2564, .T. ) ;
#5171 = CARTESIAN_POINT ( 'NONE',  ( 232.2437120465354212, 10.00000000000000000, 40.78592312698528133 ) ) ;
#5172 = DIRECTION ( 'NONE',  ( -0.000000000000000000, -0.000000000000000000, -1.000000000000000000 ) ) ;
#5173 = ORIENTED_EDGE ( 'NONE', *, *, #411, .F. ) ;
#5174 = CARTESIAN_POINT ( 'NONE',  ( 131.5240547604687436, 10.00000000000000178, 43.07902234482848058 ) ) ;
#5175 = LINE ( 'NONE', #6041, #5470 ) ;
#5176 = CARTESIAN_POINT ( 'NONE',  ( 239.9855932220072248, 10.00000000000000178, 50.64212330636694048 ) ) ;
#5177 = EDGE_CURVE ( 'NONE', #1541, #977, #3657, .T. ) ;
#5178 = CIRCLE ( 'NONE', #5273, 1.500000000000001332 ) ;
#5179 = CARTESIAN_POINT ( 'NONE',  ( 82.34388828275680794, 9.999999999999996447, 55.86276542895046759 ) ) ;
#5180 = DIRECTION ( 'NONE',  ( 0.000000000000000000, 0.000000000000000000, 1.000000000000000000 ) ) ;
#5181 = EDGE_LOOP ( 'NONE', ( #5272, #2066, #3250, #4146, #6010, #4859 ) ) ;
#5182 = CARTESIAN_POINT ( 'NONE',  ( 173.0891846630453870, 9.999999999999996447, 32.75705589170277676 ) ) ;
#5183 = CARTESIAN_POINT ( 'NONE',  ( 79.38851210976102379, 13.00000000000000178, 18.04351961344066879 ) ) ;
#5184 = VECTOR ( 'NONE', #5558, 1000.000000000000000 ) ;
#5185 = EDGE_CURVE ( 'NONE', #1103, #5902, #5556, .T. ) ;
#5186 = CARTESIAN_POINT ( 'NONE',  ( 226.3593938760252797, 9.999999999999996447, 42.04683778116520187 ) ) ;
#5187 = ORIENTED_EDGE ( 'NONE', *, *, #3538, .F. ) ;
#5188 = CARTESIAN_POINT ( 'NONE',  ( 80.01564129893029076, 10.00000000000000000, 56.10486369098232728 ) ) ;
#5189 = CARTESIAN_POINT ( 'NONE',  ( 226.7695235758930892, 10.00000000000000533, 55.24976677180527673 ) ) ;
#5190 = CARTESIAN_POINT ( 'NONE',  ( 111.5731341837070119, 12.99999999999999822, 54.43397568872020997 ) ) ;
#5191 = CARTESIAN_POINT ( 'NONE',  ( 131.4998565526254879, 10.00000000000000000, 43.63939158557091247 ) ) ;
#5192 = CARTESIAN_POINT ( 'NONE',  ( 235.2191681775916265, 10.00000000000000000, 27.26726211638015229 ) ) ;
#5193 = CARTESIAN_POINT ( 'NONE',  ( 171.9652067524605741, 10.00000000000000178, 39.38988581400252542 ) ) ;
#5194 = CARTESIAN_POINT ( 'NONE',  ( 222.6982112304135057, 13.00000000000000178, 33.83341966073736984 ) ) ;
#5195 = ORIENTED_EDGE ( 'NONE', *, *, #990, .T. ) ;
#5196 = CARTESIAN_POINT ( 'NONE',  ( 146.5857184929828918, 10.00000000000000178, 44.95869323749731450 ) ) ;
#5197 = FACE_OUTER_BOUND ( 'NONE', #4932, .T. ) ;
#5198 = CARTESIAN_POINT ( 'NONE',  ( 176.2506589059901501, 10.00000000000000000, 46.49129756397508118 ) ) ;
#5199 = CARTESIAN_POINT ( 'NONE',  ( 230.9891989912379984, 13.00000000000000178, 30.14332522944386383 ) ) ;
#5200 = CARTESIAN_POINT ( 'NONE',  ( 118.2728528373918380, 10.00000000000000355, 26.10486369098232728 ) ) ;
#5201 = CARTESIAN_POINT ( 'NONE',  ( 198.1410770185481454, 13.00000000000000178, 26.72623602907332341 ) ) ;
#5202 = DIRECTION ( 'NONE',  ( 0.000000000000000000, 1.000000000000000000, 0.000000000000000000 ) ) ;
#5203 = EDGE_LOOP ( 'NONE', ( #2952, #3920, #4169, #591 ) ) ;
#5204 = CARTESIAN_POINT ( 'NONE',  ( 77.72653020411370051, 9.999999999999998224, 35.90414104987198840 ) ) ;
#5205 = EDGE_CURVE ( 'NONE', #2812, #977, #818, .T. ) ;
#5206 = CARTESIAN_POINT ( 'NONE',  ( 124.9991192930782660, 10.00000000000000000, 58.92913714481717591 ) ) ;
#5207 = CARTESIAN_POINT ( 'NONE',  ( 92.37084705060479450, 13.00000000000000178, 52.05705595350504922 ) ) ;
#5208 = FACE_OUTER_BOUND ( 'NONE', #3594, .T. ) ;
#5209 = ORIENTED_EDGE ( 'NONE', *, *, #1638, .F. ) ;
#5210 = CARTESIAN_POINT ( 'NONE',  ( 88.83174706816106436, 10.00000000000000000, 48.47866176790540038 ) ) ;
#5211 = CARTESIAN_POINT ( 'NONE',  ( 72.51054465422315332, 10.00000000000000000, 58.46488563459584498 ) ) ;
#5212 = ADVANCED_FACE ( 'NONE', ( #3218, #5104, #1273, #4728, #2845, #496, #3153, #4582, #2242, #2472, #593, #4355, #5831, #5707, #1484, #126, #4819, #3364 ), #160, .T. ) ;
#5213 = DIRECTION ( 'NONE',  ( -0.000000000000000000, -1.000000000000000000, -0.000000000000000000 ) ) ;
#5214 = ORIENTED_EDGE ( 'NONE', *, *, #2810, .T. ) ;
#5215 = DIRECTION ( 'NONE',  ( -0.000000000000000000, -1.000000000000000000, -0.000000000000000000 ) ) ;
#5216 = LINE ( 'NONE', #3628, #2131 ) ;
#5217 = PLANE ( 'NONE',  #941 ) ;
#5218 = ADVANCED_FACE ( 'NONE', ( #5769 ), #1949, .F. ) ;
#5219 = CARTESIAN_POINT ( 'NONE',  ( 123.3087820886163541, 13.00000000000000178, 55.17620875373337697 ) ) ;
#5220 = B_SPLINE_CURVE_WITH_KNOTS ( 'NONE', 3,
 ( #2278, #1439, #5048, #1874, #4183, #859, #915, #414, #3226, #2250, #18, #3756, #2307, #3727, #1844 ),
 .UNSPECIFIED., .F., .F.,
 ( 4, 1, 1, 1, 1, 1, 1, 1, 1, 1, 1, 1, 4 ),
 ( 0.000000000000000000, 0.08199405683765431663, 0.1633492972937410359, 0.2458264740680108085, 0.3303671599787224022, 0.4151983742785685383, 0.4979409323876403670, 0.5804761255002935938, 0.6637400107109454606, 0.7475128374040550527, 0.8303987408369399859, 0.9140755187235942714, 1.000000000000000000 ),
 .UNSPECIFIED. ) ;
#5221 = CARTESIAN_POINT ( 'NONE',  ( 171.0057343525704709, 10.00000000000000711, 37.05805643051567699 ) ) ;
#5222 = DIRECTION ( 'NONE',  ( 0.000000000000000000, 0.000000000000000000, -1.000000000000000000 ) ) ;
#5223 = ORIENTED_EDGE ( 'NONE', *, *, #1447, .F. ) ;
#5224 = CARTESIAN_POINT ( 'NONE',  ( 156.0957474767687927, 13.00000000000000178, 55.72241695817952944 ) ) ;
#5225 = CARTESIAN_POINT ( 'NONE',  ( 174.6856741918778937, 10.00000000000000355, 51.04190769918082538 ) ) ;
#5226 = B_SPLINE_CURVE_WITH_KNOTS ( 'NONE', 3,
 ( #2077, #2594, #3559, #5343, #2475, #2971, #1116 ),
 .UNSPECIFIED., .F., .F.,
 ( 4, 1, 1, 1, 4 ),
 ( 0.000000000000000000, 0.2462523706929827250, 0.4925907964763731606, 0.7405699911180891881, 1.000000000000000000 ),
 .UNSPECIFIED. ) ;
#5227 = CARTESIAN_POINT ( 'NONE',  ( 232.8805541857829553, 10.00000000000000178, 41.13860996892221067 ) ) ;
#5228 = CARTESIAN_POINT ( 'NONE',  ( 78.63173318871606909, 10.00000000000000000, 36.54888899301955263 ) ) ;
#5229 = CARTESIAN_POINT ( 'NONE',  ( 196.3664564822270791, 9.999999999999992895, 26.15166513656808789 ) ) ;
#5230 = CARTESIAN_POINT ( 'NONE',  ( 118.2998961066225974, 13.00000000000000178, 56.10486369098232728 ) ) ;
#5231 = ORIENTED_EDGE ( 'NONE', *, *, #4123, .F. ) ;
#5232 = CARTESIAN_POINT ( 'NONE',  ( 73.25482399123798416, 13.00000000000000178, 23.72505599867463744 ) ) ;
#5233 = CARTESIAN_POINT ( 'NONE',  ( 69.55203519027782022, 10.00000000000000000, 26.61253197144581151 ) ) ;
#5234 = CARTESIAN_POINT ( 'NONE',  ( 88.17538143872556589, 12.99999999999999822, 57.95076845807927413 ) ) ;
#5235 = CARTESIAN_POINT ( 'NONE',  ( 84.52433679699876734, 9.999999999999998224, 55.08062608066826726 ) ) ;
#5236 = ORIENTED_EDGE ( 'NONE', *, *, #2172, .F. ) ;
#5237 = LINE ( 'NONE', #1451, #1119 ) ;
#5238 = CARTESIAN_POINT ( 'NONE',  ( 120.0099877280295289, 10.00000000000000178, 26.15511899614387659 ) ) ;
#5239 = CARTESIAN_POINT ( 'NONE',  ( 92.29328552969951716, 10.00000000000000000, 21.02974349867463388 ) ) ;
#5240 = EDGE_CURVE ( 'NONE', #3324, #4172, #1607, .T. ) ;
#5241 = SURFACE_SIDE_STYLE ('',( #3360 ) ) ;
#5242 = CARTESIAN_POINT ( 'NONE',  ( 235.5494306540175558, 13.00000000000000178, 52.83335571183378221 ) ) ;
#5243 = CARTESIAN_POINT ( 'NONE',  ( 3.535533905932737309, 0.000000000000000000, 3.535533905932737309 ) ) ;
#5244 = CARTESIAN_POINT ( 'NONE',  ( 3.535533905932737309, 0.000000000000000000, 1.885533905932736509 ) ) ;
#5245 = AXIS2_PLACEMENT_3D ( 'NONE', #2255, #553, #5180 ) ;
#5246 = CARTESIAN_POINT ( 'NONE',  ( 104.9855932220072106, 13.00000000000000178, 32.76652234482848058 ) ) ;
#5248 = CIRCLE ( 'NONE', #105, 1.500000000000029088 ) ;
#5247 = CARTESIAN_POINT ( 'NONE',  ( 195.5084297604687436, 13.00000000000000178, 26.10486369098232728 ) ) ;
#5249 = CARTESIAN_POINT ( 'NONE',  ( 187.6593933066203590, 12.99999999999999822, 41.50376910689365673 ) ) ;
#5250 = ADVANCED_FACE ( 'NONE', ( #1019 ), #5925, .T. ) ;
#5251 = CARTESIAN_POINT ( 'NONE',  ( 113.0770160942053195, 13.00000000000000178, 31.06292403870502028 ) ) ;
#5252 = CARTESIAN_POINT ( 'NONE',  ( 222.8054918935307853, 9.999999999999992895, 32.95992054255392389 ) ) ;
#5253 = VECTOR ( 'NONE', #1621, 1000.000000000000000 ) ;
#5254 = ORIENTED_EDGE ( 'NONE', *, *, #3172, .T. ) ;
#5255 = CARTESIAN_POINT ( 'NONE',  ( 157.7754135430708402, 13.00000000000000178, 56.05505300328702845 ) ) ;
#5256 = CARTESIAN_POINT ( 'NONE',  ( 151.5542556868656447, 12.99999999999999822, 53.57990811141051068 ) ) ;
#5257 = CARTESIAN_POINT ( 'NONE',  ( 161.2341349686405749, 10.00000000000000000, 56.05476278518530364 ) ) ;
#5258 = CARTESIAN_POINT ( 'NONE',  ( 171.7829646018874143, 12.99999999999999822, 55.08629582393788127 ) ) ;
#5259 = EDGE_CURVE ( 'NONE', #94, #875, #4961, .T. ) ;
#5260 = CARTESIAN_POINT ( 'NONE',  ( 71.73138649123798416, 13.00000000000000178, 30.76532042175155723 ) ) ;
#5261 = CARTESIAN_POINT ( 'NONE',  ( 154.5427726985912216, 13.00000000000000178, 31.08066673450510464 ) ) ;
#5262 = CARTESIAN_POINT ( 'NONE',  ( 195.5084297604687436, 9.999999999999996447, 26.10486369098232728 ) ) ;
#5263 = DIRECTION ( 'NONE',  ( 0.7969199129874917631, 0.000000000000000000, -0.6040849710794075067 ) ) ;
#5264 = ORIENTED_EDGE ( 'NONE', *, *, #1788, .F. ) ;
#5265 = CARTESIAN_POINT ( 'NONE',  ( 230.9891989912379984, 10.00000000000000000, 30.14332522944386383 ) ) ;
#5266 = CARTESIAN_POINT ( 'NONE',  ( 127.9142333418047173, 10.00000000000000000, 57.35896712517620699 ) ) ;
#5267 = CARTESIAN_POINT ( 'NONE',  ( 211.1394393758533568, 10.00000000000000000, 26.68178676790540393 ) ) ;
#5268 = CARTESIAN_POINT ( 'NONE',  ( 81.09538595294414165, 10.00000000000000000, 33.18697064274930852 ) ) ;
#5269 = VERTEX_POINT ( 'NONE', #1052 ) ;
#5270 = CARTESIAN_POINT ( 'NONE',  ( 187.4855932220071963, 13.00000000000000178, 26.68178676790540393 ) ) ;
#5271 = CARTESIAN_POINT ( 'NONE',  ( 239.9655735339283922, 10.00000000000000000, 50.18100916592627669 ) ) ;
#5272 = ORIENTED_EDGE ( 'NONE', *, *, #2688, .T. ) ;
#5273 = AXIS2_PLACEMENT_3D ( 'NONE', #4803, #5202, #1998 ) ;
#5274 = CARTESIAN_POINT ( 'NONE',  ( 104.9855932220072106, 10.00000000000000000, 26.68178676790540393 ) ) ;
#5275 = CARTESIAN_POINT ( 'NONE',  ( 227.1192584061176660, 10.00000000000000000, 42.59857428580516370 ) ) ;
#5276 = ORIENTED_EDGE ( 'NONE', *, *, #873, .T. ) ;
#5277 = CARTESIAN_POINT ( 'NONE',  ( 114.2871554695048815, 10.00000000000000178, 30.63977103548968017 ) ) ;
#5278 = CARTESIAN_POINT ( 'NONE',  ( 230.3491749527764227, 10.00000000000000355, 60.14332522944386739 ) ) ;
#5279 = VECTOR ( 'NONE', #4147, 1000.000000000000000 ) ;
#5280 = CARTESIAN_POINT ( 'NONE',  ( 234.7352125738748327, 13.00000000000000178, 47.56020917210800292 ) ) ;
#5281 = CARTESIAN_POINT ( 'NONE',  ( 88.51906618588604658, 10.00000000000000000, 16.65596008642218706 ) ) ;
#5282 = EDGE_CURVE ( 'NONE', #1047, #4186, #1763, .T. ) ;
#5283 = CARTESIAN_POINT ( 'NONE',  ( 222.6779009143148755, 10.00000000000000000, 34.73166657559770698 ) ) ;
#5284 = CARTESIAN_POINT ( 'NONE',  ( 131.5240547604687436, 13.00000000000000178, 43.07902234482848058 ) ) ;
#5285 = CARTESIAN_POINT ( 'NONE',  ( 168.7236811811925463, 10.00000000000000000, 52.49084658609404386 ) ) ;
#5286 = DIRECTION ( 'NONE',  ( -1.000000000000000000, -0.000000000000000000, -0.000000000000000000 ) ) ;
#5287 = CARTESIAN_POINT ( 'NONE',  ( 224.4713014860594740, 13.00000000000000178, 29.18544268634416738 ) ) ;
#5288 = CARTESIAN_POINT ( 'NONE',  ( 131.7229247409385664, 13.00000000000000178, 53.91080634877170752 ) ) ;
#5289 = ORIENTED_EDGE ( 'NONE', *, *, #5923, .T. ) ;
#5290 = CARTESIAN_POINT ( 'NONE',  ( 146.9191715328620660, 13.00000000000000178, 46.64055052853878891 ) ) ;
#5291 = CARTESIAN_POINT ( 'NONE',  ( 156.0957474767687927, 13.00000000000000178, 55.72241695817952944 ) ) ;
#5292 = ADVANCED_FACE ( 'NONE', ( #220 ), #1644, .F. ) ;
#5293 = DIRECTION ( 'NONE',  ( 1.000000000000000000, -0.000000000000000000, -0.000000000000000000 ) ) ;
#5294 = CARTESIAN_POINT ( 'NONE',  ( 227.4055574020775623, 13.00000000000000533, 32.14190498443186783 ) ) ;
#5295 = VECTOR ( 'NONE', #5843, 1000.000000000000000 ) ;
#5296 = LINE ( 'NONE', #2058, #3377 ) ;
#5297 = CARTESIAN_POINT ( 'NONE',  ( 192.7865986475451621, 9.999999999999996447, 30.55534052854091698 ) ) ;
#5298 = CARTESIAN_POINT ( 'NONE',  ( 266.6666666666666856, 20.00000000000000000, 96.43724644492834841 ) ) ;
#5299 = ORIENTED_EDGE ( 'NONE', *, *, #2421, .F. ) ;
#5300 = CARTESIAN_POINT ( 'NONE',  ( 231.2214458216427886, 13.00000000000000178, 30.15414925411233682 ) ) ;
#5301 = B_SPLINE_CURVE_WITH_KNOTS ( 'NONE', 3,
 ( #2284, #1354, #3199, #5087, #4627, #2566, #164, #5285, #4450, #4824, #663, #5773, #3501, #2050, #3435 ),
 .UNSPECIFIED., .F., .F.,
 ( 4, 1, 1, 1, 1, 1, 1, 1, 1, 1, 1, 1, 4 ),
 ( 0.000000000000000000, 0.08560569497352646384, 0.1689832639222337562, 0.2509075823297902130, 0.3337080961143212288, 0.4160049842563384725, 0.4976595675743787917, 0.5798932856419642956, 0.6639023210428560695, 0.7484662538082584859, 0.8317908864798561064, 0.9152519088316869444, 1.000000000000000000 ),
 .UNSPECIFIED. ) ;
#5302 = CARTESIAN_POINT ( 'NONE',  ( 120.1279199154748198, 13.00000000000000178, 60.09585189317859033 ) ) ;
#5303 = CARTESIAN_POINT ( 'NONE',  ( 195.2067600435074723, 10.00000000000000000, 30.16878763295718358 ) ) ;
#5304 = VERTEX_POINT ( 'NONE', #2107 ) ;
#5305 = CARTESIAN_POINT ( 'NONE',  ( 228.5967030310023347, 10.00000000000000178, 30.87248259664718120 ) ) ;
#5306 = CARTESIAN_POINT ( 'NONE',  ( 239.1532494572123255, 10.00000000000000178, 46.69850866596841854 ) ) ;
#5307 = EDGE_LOOP ( 'NONE', ( #5264, #3135, #2570, #4941, #634, #5557, #5433, #2163, #3551, #2102, #4275, #3528, #2644, #3111, #4828, #1269, #1228, #2966 ) ) ;
#5308 = CARTESIAN_POINT ( 'NONE',  ( 222.7199178619933946, 10.00000000000000000, 36.10516794586327904 ) ) ;
#5309 = ORIENTED_EDGE ( 'NONE', *, *, #1974, .F. ) ;
#5310 = CARTESIAN_POINT ( 'NONE',  ( 153.4160604818089553, 13.00000000000000178, 31.62193829193542882 ) ) ;
#5311 = DIRECTION ( 'NONE',  ( 0.000000000000000000, 0.000000000000000000, 1.000000000000000000 ) ) ;
#5312 = CARTESIAN_POINT ( 'NONE',  ( 171.5541431020513699, 12.99999999999999822, 38.19607434322490747 ) ) ;
#5313 = LINE ( 'NONE', #4855, #4259 ) ;
#5314 = CARTESIAN_POINT ( 'NONE',  ( 188.4468739912718434, 9.999999999999998224, 36.36572838562648968 ) ) ;
#5315 = CARTESIAN_POINT ( 'NONE',  ( 228.4648824780277891, 10.00000000000000000, 26.43164860185698473 ) ) ;
#5316 = CARTESIAN_POINT ( 'NONE',  ( 233.3333333333332860, 20.00000000000000000, 94.93724644492834841 ) ) ;
#5317 = ORIENTED_EDGE ( 'NONE', *, *, #2536, .F. ) ;
#5318 = DIRECTION ( 'NONE',  ( -1.000000000000000000, 0.000000000000000000, 0.000000000000000000 ) ) ;
#5319 = CARTESIAN_POINT ( 'NONE',  ( 164.5175040233875734, 13.00000000000000178, 55.20847375106205845 ) ) ;
#5320 = ORIENTED_EDGE ( 'NONE', *, *, #5325, .F. ) ;
#5321 = LINE ( 'NONE', #4863, #5577 ) ;
#5322 = CARTESIAN_POINT ( 'NONE',  ( 238.3120783320327121, 10.00000000000000000, 45.36911886244492820 ) ) ;
#5323 = DIRECTION ( 'NONE',  ( 0.000000000000000000, 0.000000000000000000, 1.000000000000000000 ) ) ;
#5324 = CARTESIAN_POINT ( 'NONE',  ( 189.0333336900361019, 13.00000000000000178, 34.78573541459059726 ) ) ;
#5325 = EDGE_CURVE ( 'NONE', #5970, #3046, #5839, .T. ) ;
#5326 = CARTESIAN_POINT ( 'NONE',  ( 76.22056918354569177, 13.00000000000000178, 29.53935888329002424 ) ) ;
#5327 = ORIENTED_EDGE ( 'NONE', *, *, #4267, .F. ) ;
#5328 = CARTESIAN_POINT ( 'NONE',  ( 114.3784073826942489, 13.00000000000000178, 26.46103422529116500 ) ) ;
#5329 = CARTESIAN_POINT ( 'NONE',  ( 225.0221437969645990, 13.00000000000000888, 28.55540241664091639 ) ) ;
#5330 = B_SPLINE_CURVE_WITH_KNOTS ( 'NONE', 3,
 ( #285, #4977, #2143, #4948, #5959, #2080, #4425, #1650, #4922, #5406, #4891 ),
 .UNSPECIFIED., .F., .F.,
 ( 4, 1, 1, 1, 1, 1, 1, 1, 4 ),
 ( 0.000000000000000000, 0.09027921465001566281, 0.1895299184469588505, 0.2991978724002881118, 0.4189258867738202552, 0.5483762854012487198, 0.6881363695386804036, 0.8390835016589199835, 1.000000000000000000 ),
 .UNSPECIFIED. ) ;
#5331 = CARTESIAN_POINT ( 'NONE',  ( 69.21636245277645116, 10.00000000000000355, 23.91435888329002069 ) ) ;
#5332 = CARTESIAN_POINT ( 'NONE',  ( 211.1394393758533568, 10.00000000000000000, 59.56640215252078718 ) ) ;
#5333 = ADVANCED_FACE ( 'NONE', ( #803 ), #3115, .T. ) ;
#5334 = ORIENTED_EDGE ( 'NONE', *, *, #5550, .T. ) ;
#5335 = PLANE ( 'NONE',  #4568 ) ;
#5336 = CARTESIAN_POINT ( 'NONE',  ( 118.2728528373918380, 13.00000000000000178, 26.10486369098232728 ) ) ;
#5337 = VERTEX_POINT ( 'NONE', #715 ) ;
#5338 = CARTESIAN_POINT ( 'NONE',  ( 88.83174706816106436, 13.00000000000000178, 48.47866176790540038 ) ) ;
#5339 = ORIENTED_EDGE ( 'NONE', *, *, #5696, .F. ) ;
#5340 = CARTESIAN_POINT ( 'NONE',  ( 149.4444091096514455, 13.00000000000000178, 34.93500521403434078 ) ) ;
#5341 = CARTESIAN_POINT ( 'NONE',  ( 171.5990171214701547, 9.999999999999996447, 31.08946696360374062 ) ) ;
#5342 = PLANE ( 'NONE',  #4391 ) ;
#5343 = CARTESIAN_POINT ( 'NONE',  ( 223.0311382332708092, 13.00000000000000533, 37.42231868295446162 ) ) ;
#5344 = CARTESIAN_POINT ( 'NONE',  ( 191.0969274896364425, 10.00000000000000533, 31.73557933950692345 ) ) ;
#5345 = CARTESIAN_POINT ( 'NONE',  ( 72.33806844724779239, 9.999999999999998224, 16.40032461473403913 ) ) ;
#5346 = CARTESIAN_POINT ( 'NONE',  ( 132.7500364609106214, 9.999999999999998224, 52.55831587969984042 ) ) ;
#5347 = ORIENTED_EDGE ( 'NONE', *, *, #4769, .F. ) ;
#5348 = CIRCLE ( 'NONE', #5939, 1.500000000000029088 ) ;
#5349 = VERTEX_POINT ( 'NONE', #5004 ) ;
#5350 = CARTESIAN_POINT ( 'NONE',  ( 133.3333333333333428, 20.00000000000000000, 96.43724644492834841 ) ) ;
#5351 =( GEOMETRIC_REPRESENTATION_CONTEXT ( 3 ) GLOBAL_UNCERTAINTY_ASSIGNED_CONTEXT ( ( #4333 ) ) GLOBAL_UNIT_ASSIGNED_CONTEXT ( ( #1016, #2440, #1946 ) ) REPRESENTATION_CONTEXT ( 'NONE', 'WORKASPACE' ) );
#5352 = CARTESIAN_POINT ( 'NONE',  ( 152.6935271124018527, 13.00000000000000178, 58.89983728857677647 ) ) ;
#5353 = CARTESIAN_POINT ( 'NONE',  ( 152.3372253080545988, 10.00000000000000000, 32.28676006595252090 ) ) ;
#5354 = FACE_OUTER_BOUND ( 'NONE', #1942, .T. ) ;
#5355 = CARTESIAN_POINT ( 'NONE',  ( 118.3990547604687436, 13.00000000000000178, 60.14332522944386739 ) ) ;
#5356 = EDGE_LOOP ( 'NONE', ( #2989, #1619, #1535, #6076 ) ) ;
#5357 = LINE ( 'NONE', #761, #1539 ) ;
#5358 = AXIS2_PLACEMENT_3D ( 'NONE', #2405, #927, #1045 ) ;
#5359 = EDGE_CURVE ( 'NONE', #1365, #3449, #4666, .T. ) ;
#5360 = FACE_OUTER_BOUND ( 'NONE', #5934, .T. ) ;
#5361 = CARTESIAN_POINT ( 'NONE',  ( 77.36535768272010216, 13.00000000000000178, 13.72234188073555750 ) ) ;
#5362 = CIRCLE ( 'NONE', #3000, 1.500000000000001332 ) ;
#5363 = ORIENTED_EDGE ( 'NONE', *, *, #4189, .F. ) ;
#5364 = CARTESIAN_POINT ( 'NONE',  ( 88.64244418354567756, 9.999999999999994671, 23.79717138329001713 ) ) ;
#5365 = CARTESIAN_POINT ( 'NONE',  ( 90.76979024962159315, 13.00000000000000178, 55.22073306758281319 ) ) ;
#5366 = VERTEX_POINT ( 'NONE', #1673 ) ;
#5367 = EDGE_CURVE ( 'NONE', #1298, #1214, #3264, .T. ) ;
#5368 = B_SPLINE_CURVE_WITH_KNOTS ( 'NONE', 3,
 ( #2088, #2633, #5846, #4865, #4033, #1159, #637, #5907, #5464, #726, #290, #4490, #2119, #1681, #1244 ),
 .UNSPECIFIED., .F., .F.,
 ( 4, 1, 1, 1, 1, 1, 1, 1, 1, 1, 1, 1, 4 ),
 ( 0.000000000000000000, 0.09380652935233169121, 0.1913381281363386865, 0.2951906166251697661, 0.4103123367232979768, 0.4719302510512786708, 0.5364251593464327561, 0.6031187283036307800, 0.6741176724905975082, 0.7493320232258877667, 0.8282833841715627754, 0.9120398092627607367, 1.000000000000000000 ),
 .UNSPECIFIED. ) ;
#5369 = CARTESIAN_POINT ( 'NONE',  ( 159.5228528373918095, 10.00000000000000000, 26.10486369098232728 ) ) ;
#5370 = CARTESIAN_POINT ( 'NONE',  ( 80.49489851965704190, 13.00000000000000178, 37.88742750735747933 ) ) ;
#5371 = CARTESIAN_POINT ( 'NONE',  ( 239.3164528517541214, 10.00000000000000178, 54.32221599447760241 ) ) ;
#5372 = CARTESIAN_POINT ( 'NONE',  ( 231.5968884514894626, 13.00000000000000533, 45.25408765989224236 ) ) ;
#5373 = ADVANCED_FACE ( 'NONE', ( #4108 ), #4992, .T. ) ;
#5374 = DIRECTION ( 'NONE',  ( 0.000000000000000000, 1.000000000000000000, 0.000000000000000000 ) ) ;
#5375 = CARTESIAN_POINT ( 'NONE',  ( 187.4855932220071963, 13.00000000000000178, 48.51471946021309378 ) ) ;
#5376 = VECTOR ( 'NONE', #1476, 1000.000000000000000 ) ;
#5377 = CARTESIAN_POINT ( 'NONE',  ( 71.73138649123798416, 13.00000000000000178, 30.76532042175155723 ) ) ;
#5378 = CARTESIAN_POINT ( 'NONE',  ( 83.70333753555127032, 13.00000000000000178, 35.06307742641186564 ) ) ;
#5379 = LINE ( 'NONE', #1734, #1418 ) ;
#5380 = ORIENTED_EDGE ( 'NONE', *, *, #2725, .F. ) ;
#5381 =( NAMED_UNIT ( * ) PLANE_ANGLE_UNIT ( ) SI_UNIT ( $, .RADIAN. ) );
#5382 = CARTESIAN_POINT ( 'NONE',  ( 82.26924706816106436, 13.00000000000000178, 34.01952715252078718 ) ) ;
#5383 = ORIENTED_EDGE ( 'NONE', *, *, #1966, .T. ) ;
#5384 = CARTESIAN_POINT ( 'NONE',  ( 87.46355755987713110, 10.00000000000000000, 44.41871770116560469 ) ) ;
#5385 = LINE ( 'NONE', #4004, #5253 ) ;
#5386 = CARTESIAN_POINT ( 'NONE',  ( 73.25482399123798416, 10.00000000000000000, 23.72505599867463744 ) ) ;
#5387 = CARTESIAN_POINT ( 'NONE',  ( 238.0169564174802019, 13.00000000000000178, 44.97397882941536551 ) ) ;
#5388 = CARTESIAN_POINT ( 'NONE',  ( 229.3417824955186575, 9.999999999999994671, 30.45579881644802001 ) ) ;
#5389 = ORIENTED_EDGE ( 'NONE', *, *, #2733, .F. ) ;
#5390 = CARTESIAN_POINT ( 'NONE',  ( 76.55309397769059387, 13.00000000000000178, 29.83610475086959113 ) ) ;
#5391 = CARTESIAN_POINT ( 'NONE',  ( 165.5772129150406897, 13.00000000000000178, 31.62486011867594726 ) ) ;
#5392 = VECTOR ( 'NONE', #1333, 1000.000000000000000 ) ;
#5393 = CARTESIAN_POINT ( 'NONE',  ( 69.23314371126261335, 10.00000000000000355, 23.43826178174383301 ) ) ;
#5394 = CARTESIAN_POINT ( 'NONE',  ( 237.2374726850832474, 12.99999999999999822, 57.39520273183650545 ) ) ;
#5395 = ORIENTED_EDGE ( 'NONE', *, *, #1148, .F. ) ;
#5396 = CARTESIAN_POINT ( 'NONE',  ( 227.9518275737799797, 9.999999999999998224, 31.46350724235678342 ) ) ;
#5397 = DIRECTION ( 'NONE',  ( -0.000000000000000000, -1.000000000000000000, -0.000000000000000000 ) ) ;
#5398 = ORIENTED_EDGE ( 'NONE', *, *, #3569, .F. ) ;
#5399 = VERTEX_POINT ( 'NONE', #3237 ) ;
#5400 = CARTESIAN_POINT ( 'NONE',  ( 195.5084297604687436, 10.00000000000000000, 26.10486369098232728 ) ) ;
#5401 = ADVANCED_FACE ( 'NONE', ( #1793 ), #5874, .T. ) ;
#5402 = DIRECTION ( 'NONE',  ( 1.000000000000000000, 0.000000000000000000, 0.000000000000000000 ) ) ;
#5403 = CARTESIAN_POINT ( 'NONE',  ( 194.7422037989302908, 10.00000000000000178, 30.14332522944386383 ) ) ;
#5404 = CARTESIAN_POINT ( 'NONE',  ( 69.21636245277645116, 10.00000000000000355, 23.91435888329002069 ) ) ;
#5405 = ADVANCED_FACE ( 'NONE', ( #5150 ), #2138, .T. ) ;
#5406 = CARTESIAN_POINT ( 'NONE',  ( 79.57819070599717293, 10.00000000000000000, 37.22692309318750148 ) ) ;
#5407 = ORIENTED_EDGE ( 'NONE', *, *, #6085, .T. ) ;
#5408 = CARTESIAN_POINT ( 'NONE',  ( 234.8383576450841304, 10.00000000000000000, 47.67637811405924708 ) ) ;
#5409 = ORIENTED_EDGE ( 'NONE', *, *, #85, .T. ) ;
#5410 = LINE ( 'NONE', #1188, #3527 ) ;
#5411 = CARTESIAN_POINT ( 'NONE',  ( 207.1009778373918095, 13.00000000000000178, 59.56640215252078718 ) ) ;
#5412 = CARTESIAN_POINT ( 'NONE',  ( 146.5240547604687720, 13.00000000000000178, 43.24128196021309378 ) ) ;
#5413 = PLANE ( 'NONE',  #3180 ) ;
#5414 = CARTESIAN_POINT ( 'NONE',  ( 73.26999571223373664, 9.999999999999996447, 24.44872154410356657 ) ) ;
#5415 = ORIENTED_EDGE ( 'NONE', *, *, #4298, .T. ) ;
#5416 = CARTESIAN_POINT ( 'NONE',  ( 81.09538595294414165, 13.00000000000000178, 33.18697064274930852 ) ) ;
#5417 = CARTESIAN_POINT ( 'NONE',  ( 172.4732726073876847, 10.00000000000000000, 42.79594193249599954 ) ) ;
#5418 = CARTESIAN_POINT ( 'NONE',  ( 71.41176306255206896, 10.00000000000000355, 17.43678373307443508 ) ) ;
#5419 = EDGE_LOOP ( 'NONE', ( #1547, #2071, #4676, #2925 ) ) ;
#5420 = CARTESIAN_POINT ( 'NONE',  ( 86.74546115650703371, 13.00000000000000178, 21.50070388462550497 ) ) ;
#5421 = CARTESIAN_POINT ( 'NONE',  ( 133.6020581027254082, 13.00000000000000178, 35.06146327894749959 ) ) ;
#5422 = ORIENTED_EDGE ( 'NONE', *, *, #4849, .T. ) ;
#5423 = VERTEX_POINT ( 'NONE', #2897 ) ;
#5424 = B_SPLINE_SURFACE_WITH_KNOTS ( 'NONE', 3, 1, ( 
 ( #1469, #5262 ),
 ( #3884, #2859 ),
 ( #2030, #5229 ),
 ( #543, #1094 ),
 ( #5201, #606 ),
 ( #975, #2485 ),
 ( #4802, #1003 ) ),
 .UNSPECIFIED., .F., .F., .F.,
 ( 4, 1, 1, 1, 4 ),
 ( 2, 2 ),
 ( 0.000000000000000000, 0.2252775478670093756, 0.4635231951764776648, 0.7203235553269164981, 0.9999999999999998890 ),
 ( 0.000000000000000000, 1.000000000000000000 ),
 .UNSPECIFIED. ) ;
#5425 = CARTESIAN_POINT ( 'NONE',  ( 104.9979318560635448, 10.00000000000000178, 42.74186648505232000 ) ) ;
#5426 = CARTESIAN_POINT ( 'NONE',  ( 211.1394393758533568, 10.00000000000000000, 30.72024830636694048 ) ) ;
#5427 = EDGE_CURVE ( 'NONE', #1240, #94, #1491, .T. ) ;
#5428 = CARTESIAN_POINT ( 'NONE',  ( 69.35714750962078767, 9.999999999999996447, 25.72730166959357945 ) ) ;
#5429 = CARTESIAN_POINT ( 'NONE',  ( 100.0000000000000142, 20.00000000000000000, 97.93724644492834841 ) ) ;
#5430 = CYLINDRICAL_SURFACE ( 'NONE', #1917, 1.500000000000001332 ) ;
#5431 = EDGE_LOOP ( 'NONE', ( #5092, #1745 ) ) ;
#5432 = CARTESIAN_POINT ( 'NONE',  ( 235.9055897780033035, 13.00000000000000178, 49.96023624655256157 ) ) ;
#5433 = ORIENTED_EDGE ( 'NONE', *, *, #5826, .F. ) ;
#5434 = CARTESIAN_POINT ( 'NONE',  ( 201.3317470681610644, 13.00000000000000178, 26.68178676790540393 ) ) ;
#5435 = LINE ( 'NONE', #2545, #4074 ) ;
#5436 = CARTESIAN_POINT ( 'NONE',  ( 236.8719893186190859, 10.00000000000000000, 43.84387370467433698 ) ) ;
#5437 = CARTESIAN_POINT ( 'NONE',  ( 75.95530722779184885, 13.00000000000000178, 29.27864255750544942 ) ) ;
#5438 = ORIENTED_EDGE ( 'NONE', *, *, #569, .F. ) ;
#5439 = CARTESIAN_POINT ( 'NONE',  ( 76.22056918354569177, 13.00000000000000178, 29.53935888329002424 ) ) ;
#5440 = EDGE_CURVE ( 'NONE', #2281, #752, #5683, .T. ) ;
#5441 = VECTOR ( 'NONE', #438, 1000.000000000000000 ) ;
#5442 = CARTESIAN_POINT ( 'NONE',  ( 224.3714696612190949, 9.999999999999996447, 53.45016500129234061 ) ) ;
#5443 = CARTESIAN_POINT ( 'NONE',  ( 166.6666666666666288, 20.00000000000000000, 96.43724644492834841 ) ) ;
#5444 = CARTESIAN_POINT ( 'NONE',  ( 239.9655735339283922, 10.00000000000000178, 50.18100916592627669 ) ) ;
#5445 = ORIENTED_EDGE ( 'NONE', *, *, #4695, .T. ) ;
#5446 = CARTESIAN_POINT ( 'NONE',  ( 131.5240547604687436, 10.00000000000000178, 43.07902234482848058 ) ) ;
#5447 = DIRECTION ( 'NONE',  ( 0.000000000000000000, 0.000000000000000000, -1.000000000000000000 ) ) ;
#5448 = VECTOR ( 'NONE', #2781, 1000.000000000000000 ) ;
#5449 = ORIENTED_EDGE ( 'NONE', *, *, #1567, .F. ) ;
#5450 = AXIS2_PLACEMENT_3D ( 'NONE', #3170, #1792, #6016 ) ;
#5451 = CARTESIAN_POINT ( 'NONE',  ( 90.76497975532697637, 13.00000000000000178, 19.03603176458912927 ) ) ;
#5452 = CARTESIAN_POINT ( 'NONE',  ( 220.9471316835456491, 13.00000000000000178, 55.69020022944386028 ) ) ;
#5453 = CARTESIAN_POINT ( 'NONE',  ( 0.000000000000000000, 10.00000000000000000, 0.000000000000000000 ) ) ;
#5454 = DIRECTION ( 'NONE',  ( 1.000000000000000000, 0.000000000000000000, -0.000000000000000000 ) ) ;
#5455 = CARTESIAN_POINT ( 'NONE',  ( 143.5881926567701896, 13.00000000000000178, 36.92534888238750312 ) ) ;
#5456 = LINE ( 'NONE', #2687, #734 ) ;
#5457 = CARTESIAN_POINT ( 'NONE',  ( 135.5625162989302908, 10.00000000000000178, 43.03395022944386739 ) ) ;
#5458 = ORIENTED_EDGE ( 'NONE', *, *, #5972, .T. ) ;
#5459 = EDGE_CURVE ( 'NONE', #4875, #2451, #4595, .T. ) ;
#5460 = B_SPLINE_CURVE_WITH_KNOTS ( 'NONE', 3,
 ( #741, #3640, #1636, #1138, #682, #3109, #4043 ),
 .UNSPECIFIED., .F., .F.,
 ( 4, 1, 1, 1, 4 ),
 ( 0.000000000000000000, 0.2951388013693759804, 0.5602299448882313015, 0.7949833567408980395, 1.000000000000000000 ),
 .UNSPECIFIED. ) ;
#5461 = DIRECTION ( 'NONE',  ( -0.000000000000000000, -1.000000000000000000, -0.000000000000000000 ) ) ;
#5462 = VECTOR ( 'NONE', #948, 1000.000000000000000 ) ;
#5463 = CARTESIAN_POINT ( 'NONE',  ( 33.33333333333334991, 20.00000000000000000, 96.43724644492834841 ) ) ;
#5464 = CARTESIAN_POINT ( 'NONE',  ( 189.7255174493029699, 12.99999999999999822, 33.44268431670450781 ) ) ;
#5465 = FACE_OUTER_BOUND ( 'NONE', #3751, .T. ) ;
#5466 = CARTESIAN_POINT ( 'NONE',  ( 3.505202749622875924, 0.000000000000000000, 85.13552925583975650 ) ) ;
#5467 = VERTEX_POINT ( 'NONE', #3863 ) ;
#5468 = CARTESIAN_POINT ( 'NONE',  ( 73.41110025391583349, 13.00000000000000178, 25.16166839779724640 ) ) ;
#5469 = ADVANCED_FACE ( 'NONE', ( #2868 ), #1198, .T. ) ;
#5470 = VECTOR ( 'NONE', #3198, 1000.000000000000000 ) ;
#5471 = CARTESIAN_POINT ( 'NONE',  ( 172.4855932220072248, 13.00000000000000178, 43.24128196021309378 ) ) ;
#5472 = CARTESIAN_POINT ( 'NONE',  ( 69.54715419125396636, 13.00000000000000533, 21.12013314232363470 ) ) ;
#5473 = LINE ( 'NONE', #1254, #4580 ) ;
#5474 = CARTESIAN_POINT ( 'NONE',  ( 127.8437398467081607, 10.00000000000000355, 28.88680115456437392 ) ) ;
#5475 = ORIENTED_EDGE ( 'NONE', *, *, #2563, .T. ) ;
#5476 = CARTESIAN_POINT ( 'NONE',  ( 74.69132145765084374, 13.00000000000000178, 54.23396220848658800 ) ) ;
#5477 = CYLINDRICAL_SURFACE ( 'NONE', #355, 1.500000000000001332 ) ;
#5478 = ORIENTED_EDGE ( 'NONE', *, *, #5240, .T. ) ;
#5479 = CIRCLE ( 'NONE', #1546, 1.500000000000001332 ) ;
#5480 = CARTESIAN_POINT ( 'NONE',  ( 117.7155215978539076, 12.99999999999999822, 56.08382128585544280 ) ) ;
#5481 = AXIS2_PLACEMENT_3D ( 'NONE', #4075, #1727, #430 ) ;
#5482 = CARTESIAN_POINT ( 'NONE',  ( 66.56850083524243189, 10.00000000000000178, 51.31429544059730574 ) ) ;
#5483 = DIRECTION ( 'NONE',  ( 0.000000000000000000, 0.000000000000000000, -1.000000000000000000 ) ) ;
#5484 = CARTESIAN_POINT ( 'NONE',  ( 69.21636245277645116, 13.00000000000000178, 23.91435888329002069 ) ) ;
#5485 = DIRECTION ( 'NONE',  ( -0.000000000000000000, -1.000000000000000000, -0.000000000000000000 ) ) ;
#5486 = CARTESIAN_POINT ( 'NONE',  ( 231.2932526618354530, 9.999999999999992895, 56.05280271931262348 ) ) ;
#5487 = LINE ( 'NONE', #5034, #3807 ) ;
#5488 = ORIENTED_EDGE ( 'NONE', *, *, #14, .T. ) ;
#5489 = CARTESIAN_POINT ( 'NONE',  ( 235.0099512729138382, 12.99999999999999822, 47.90811707410352938 ) ) ;
#5490 = ORIENTED_EDGE ( 'NONE', *, *, #2639, .T. ) ;
#5491 = CARTESIAN_POINT ( 'NONE',  ( 118.8724988374511184, 13.00000000000000178, 56.08485313108575809 ) ) ;
#5492 = CARTESIAN_POINT ( 'NONE',  ( 146.6336520370211645, 10.00000000000000000, 31.96416127125107565 ) ) ;
#5493 = CARTESIAN_POINT ( 'NONE',  ( 92.65267131698068681, 10.00000000000000000, 50.91751620042560944 ) ) ;
#5494 = DIRECTION ( 'NONE',  ( 0.000000000000000000, -0.000000000000000000, 1.000000000000000000 ) ) ;
#5495 = ORIENTED_EDGE ( 'NONE', *, *, #5001, .F. ) ;
#5496 = CARTESIAN_POINT ( 'NONE',  ( 221.7979841055999941, 10.00000000000000355, 56.69523493568479466 ) ) ;
#5497 = CARTESIAN_POINT ( 'NONE',  ( 189.3016647668538326, 9.999999999999996447, 29.06978602091189856 ) ) ;
#5498 = EDGE_CURVE ( 'NONE', #4604, #1860, #2587, .T. ) ;
#5499 = CARTESIAN_POINT ( 'NONE',  ( 0.000000000000000000, 10.00000000000000000, 0.000000000000000000 ) ) ;
#5500 = CARTESIAN_POINT ( 'NONE',  ( 238.6872766513708655, 13.00000000000000178, 45.93940982306028076 ) ) ;
#5501 = CARTESIAN_POINT ( 'NONE',  ( 151.0570376653702453, 9.999999999999998224, 28.20361651411979409 ) ) ;
#5502 = CARTESIAN_POINT ( 'NONE',  ( 80.83438412693769237, 13.00000000000000178, 13.43084594780696861 ) ) ;
#5503 = ORIENTED_EDGE ( 'NONE', *, *, #1511, .T. ) ;
#5504 = LINE ( 'NONE', #3108, #3388 ) ;
#5505 = CARTESIAN_POINT ( 'NONE',  ( 188.0111348316749798, 13.00000000000000178, 38.06681341071663383 ) ) ;
#5506 = CARTESIAN_POINT ( 'NONE',  ( 135.5156864712129732, 13.00000000000000178, 44.76892153987853362 ) ) ;
#5507 = B_SPLINE_CURVE_WITH_KNOTS ( 'NONE', 3,
 ( #3748, #4119, #1772, #3152, #1272, #1742, #5617, #938, #4705, #3278, #5555, #6096, #2358, #2728, #4581, #5041, #1336, #4207, #3656 ),
 .UNSPECIFIED., .F., .F.,
 ( 4, 1, 1, 1, 1, 1, 1, 1, 1, 1, 1, 1, 1, 1, 1, 1, 4 ),
 ( 0.000000000000000000, 0.06604406936999875077, 0.1300237494418061135, 0.1923740566421971443, 0.2538843037504080469, 0.3148960853343819033, 0.3758058275294917094, 0.4382422362453591291, 0.5015912675509482943, 0.5648807602801259042, 0.6265333410400654168, 0.6875157651495297229, 0.7481059155492407742, 0.8087955368148519453, 0.8708215189810369905, 0.9343710811645482561, 1.000000000000000000 ),
 .UNSPECIFIED. ) ;
#5508 = EDGE_CURVE ( 'NONE', #2739, #1130, #2087, .T. ) ;
#5509 = EDGE_CURVE ( 'NONE', #3847, #4430, #5460, .T. ) ;
#5510 = CARTESIAN_POINT ( 'NONE',  ( 88.51906618588604658, 13.00000000000000178, 16.65596008642218706 ) ) ;
#5511 = CARTESIAN_POINT ( 'NONE',  ( 239.9855932220072248, 13.00000000000000178, 50.64212330636694048 ) ) ;
#5512 = CARTESIAN_POINT ( 'NONE',  ( 78.23327730100218957, 13.00000000000000533, 31.12159235761850695 ) ) ;
#5513 = CARTESIAN_POINT ( 'NONE',  ( 131.5053510397327727, 13.00000000000000178, 42.51517248462518950 ) ) ;
#5514 = B_SPLINE_CURVE_WITH_KNOTS ( 'NONE', 3,
 ( #814, #5491, #318, #3654, #5101, #876, #1243, #4142, #3150, #4642, #6062, #405, #2694, #1770, #2297 ),
 .UNSPECIFIED., .F., .F.,
 ( 4, 1, 1, 1, 1, 1, 1, 1, 1, 1, 1, 1, 4 ),
 ( 0.000000000000000000, 0.08342004667102766169, 0.1655737957865938137, 0.2481587766688900243, 0.3320333067748058586, 0.4162573489175284136, 0.4995253498660663927, 0.5830385602711591897, 0.6685959042141670361, 0.7540353502552541443, 0.8369197002092049198, 0.9182997313725116406, 1.000000000000000000 ),
 .UNSPECIFIED. ) ;
#5515 = DIRECTION ( 'NONE',  ( 0.000000000000000000, 1.000000000000000000, 0.000000000000000000 ) ) ;
#5516 = CARTESIAN_POINT ( 'NONE',  ( 163.0813793191791490, 13.00000000000000178, 59.85838049486210366 ) ) ;
#5517 = CARTESIAN_POINT ( 'NONE',  ( 233.1119047170183762, 10.00000000000000533, 30.62357776362098605 ) ) ;
#5518 = DIRECTION ( 'NONE',  ( 0.000000000000000000, 0.000000000000000000, 1.000000000000000000 ) ) ;
#5519 = ORIENTED_EDGE ( 'NONE', *, *, #1628, .T. ) ;
#5520 = ORIENTED_EDGE ( 'NONE', *, *, #492, .T. ) ;
#5521 = CARTESIAN_POINT ( 'NONE',  ( 73.47003002630087565, 10.00000000000000000, 53.16840582583161989 ) ) ;
#5522 = CARTESIAN_POINT ( 'NONE',  ( 157.7070953901129826, 10.00000000000000000, 60.09687274895013331 ) ) ;
#5523 = CARTESIAN_POINT ( 'NONE',  ( 80.01564129893029076, 10.00000000000000355, 60.72024830636693338 ) ) ;
#5524 = LINE ( 'NONE', #991, #3200 ) ;
#5525 = ORIENTED_EDGE ( 'NONE', *, *, #5696, .T. ) ;
#5526 = DIRECTION ( 'NONE',  ( -0.000000000000000000, -1.000000000000000000, -0.000000000000000000 ) ) ;
#5527 = DIRECTION ( 'NONE',  ( 0.000000000000000000, 0.000000000000000000, -1.000000000000000000 ) ) ;
#5528 = CARTESIAN_POINT ( 'NONE',  ( 79.00027283133121614, 12.99999999999999822, 60.70061407368071116 ) ) ;
#5529 = CARTESIAN_POINT ( 'NONE',  ( 75.32863390667584724, 13.00000000000000178, 34.07240764701527524 ) ) ;
#5530 = CARTESIAN_POINT ( 'NONE',  ( 109.3777107772463637, 13.00000000000000178, 57.60451152959881682 ) ) ;
#5531 = DIRECTION ( 'NONE',  ( -0.000000000000000000, -1.000000000000000000, -0.000000000000000000 ) ) ;
#5532 = ORIENTED_EDGE ( 'NONE', *, *, #1529, .T. ) ;
#5533 = DIRECTION ( 'NONE',  ( 0.000000000000000000, 1.000000000000000000, 0.000000000000000000 ) ) ;
#5534 = DIRECTION ( 'NONE',  ( -0.000000000000000000, -1.000000000000000000, -0.000000000000000000 ) ) ;
#5535 = EDGE_CURVE ( 'NONE', #3691, #2449, #3311, .T. ) ;
#5536 = AXIS2_PLACEMENT_3D ( 'NONE', #2651, #833, #2710 ) ;
#5537 = CARTESIAN_POINT ( 'NONE',  ( 33.33333333333334991, 20.00000000000000000, 94.93724644492834841 ) ) ;
#5538 = CARTESIAN_POINT ( 'NONE',  ( 91.53954892575015378, 13.00000000000000178, 19.99461605427405075 ) ) ;
#5539 = CARTESIAN_POINT ( 'NONE',  ( 73.36962786253056379, 10.00000000000000178, 58.99582166553562246 ) ) ;
#5540 = CARTESIAN_POINT ( 'NONE',  ( 107.6843844399388814, 13.00000000000000178, 29.75320977652484444 ) ) ;
#5541 = CARTESIAN_POINT ( 'NONE',  ( 74.27010731524740095, 13.00000000000000533, 20.50019131388360094 ) ) ;
#5542 = ADVANCED_FACE ( 'NONE', ( #216 ), #5477, .T. ) ;
#5543 = VECTOR ( 'NONE', #797, 1000.000000000000000 ) ;
#5544 = VERTEX_POINT ( 'NONE', #1230 ) ;
#5545 = CARTESIAN_POINT ( 'NONE',  ( 105.0461179383047892, 13.00000000000000178, 44.96106296429611149 ) ) ;
#5546 = CARTESIAN_POINT ( 'NONE',  ( 169.2350900015529476, 12.99999999999999822, 57.30408205125361576 ) ) ;
#5547 = DIRECTION ( 'NONE',  ( 0.000000000000000000, 0.000000000000000000, 1.000000000000000000 ) ) ;
#5548 = CARTESIAN_POINT ( 'NONE',  ( 207.1009778373918095, 13.00000000000000178, 30.72024830636694048 ) ) ;
#5549 = VERTEX_POINT ( 'NONE', #3985 ) ;
#5550 = EDGE_CURVE ( 'NONE', #5827, #1030, #711, .T. ) ;
#5551 = CARTESIAN_POINT ( 'NONE',  ( 233.1034392797407691, 13.00000000000000178, 26.37537063503627977 ) ) ;
#5552 = ORIENTED_EDGE ( 'NONE', *, *, #3476, .F. ) ;
#5553 = CARTESIAN_POINT ( 'NONE',  ( 79.55365675257864666, 10.00000000000000000, 56.08239738495731785 ) ) ;
#5554 = CARTESIAN_POINT ( 'NONE',  ( 148.4489823484260285, 13.00000000000000178, 56.27098372129918147 ) ) ;
#5555 = CARTESIAN_POINT ( 'NONE',  ( 107.9073817314687034, 9.999999999999998224, 34.82732655324060289 ) ) ;
#5556 = LINE ( 'NONE', #1338, #3809 ) ;
#5557 = ORIENTED_EDGE ( 'NONE', *, *, #2127, .F. ) ;
#5558 = DIRECTION ( 'NONE',  ( -0.6967183025428542731, 0.000000000000000000, 0.7173448312365564572 ) ) ;
#5559 = CARTESIAN_POINT ( 'NONE',  ( 89.22328465872247705, 10.00000000000000178, 39.95563594253312090 ) ) ;
#5560 = AXIS2_PLACEMENT_3D ( 'NONE', #4289, #66, #5494 ) ;
#5561 = CARTESIAN_POINT ( 'NONE',  ( 237.3255171983525997, 13.00000000000000178, 28.74578436957524374 ) ) ;
#5562 = CARTESIAN_POINT ( 'NONE',  ( 198.1410770185481454, 13.00000000000000178, 26.72623602907332341 ) ) ;
#5563 = DIRECTION ( 'NONE',  ( 0.000000000000000000, 1.000000000000000000, 0.000000000000000000 ) ) ;
#5564 = CARTESIAN_POINT ( 'NONE',  ( 106.3339550229730577, 12.99999999999999822, 55.13734370614695735 ) ) ;
#5565 = CARTESIAN_POINT ( 'NONE',  ( 86.13505689383481467, 13.00000000000000178, 14.90062131875532359 ) ) ;
#5566 = ORIENTED_EDGE ( 'NONE', *, *, #1591, .F. ) ;
#5567 = CARTESIAN_POINT ( 'NONE',  ( 131.1107304725655922, 10.00000000000000000, 46.41837476286637809 ) ) ;
#5568 = DIRECTION ( 'NONE',  ( 1.000000000000000000, 0.000000000000000000, 0.000000000000000000 ) ) ;
#5569 = B_SPLINE_SURFACE_WITH_KNOTS ( 'NONE', 3, 1, ( 
 ( #1587, #4982 ),
 ( #4458, #2575 ),
 ( #175, #4897 ),
 ( #2056, #2149 ),
 ( #5782, #1620 ),
 ( #3568, #2977 ),
 ( #2086, #2543 ) ),
 .UNSPECIFIED., .F., .F., .F.,
 ( 4, 1, 1, 1, 4 ),
 ( 2, 2 ),
 ( 0.000000000000000000, 0.2400399314959815456, 0.4794031936060932919, 0.7317567388575652032, 0.9999999999999998890 ),
 ( 0.000000000000000000, 1.000000000000000000 ),
 .UNSPECIFIED. ) ;
#5570 = CARTESIAN_POINT ( 'NONE',  ( 135.5625162989302908, 13.00000000000000178, 43.03395022944386739 ) ) ;
#5571 = DIRECTION ( 'NONE',  ( -0.000000000000000000, -1.000000000000000000, -0.000000000000000000 ) ) ;
#5572 = CARTESIAN_POINT ( 'NONE',  ( 90.00726287442275009, 9.999999999999996447, 56.19538676370068941 ) ) ;
#5573 = EDGE_CURVE ( 'NONE', #4121, #5641, #3641, .T. ) ;
#5574 = ORIENTED_EDGE ( 'NONE', *, *, #2136, .T. ) ;
#5575 = CARTESIAN_POINT ( 'NONE',  ( 183.4471316835456491, 13.00000000000000178, 26.68178676790540393 ) ) ;
#5576 = CARTESIAN_POINT ( 'NONE',  ( 71.67259098097295578, 10.00000000000000000, 57.84700034734961349 ) ) ;
#5577 = VECTOR ( 'NONE', #6026, 1000.000000000000000 ) ;
#5578 = EDGE_CURVE ( 'NONE', #4378, #4875, #4530, .T. ) ;
#5579 = DIRECTION ( 'NONE',  ( 0.000000000000000000, 0.000000000000000000, 1.000000000000000000 ) ) ;
#5580 = CARTESIAN_POINT ( 'NONE',  ( 171.7829646018874143, 12.99999999999999822, 55.08629582393788127 ) ) ;
#5581 = CARTESIAN_POINT ( 'NONE',  ( 236.6682855296995172, 13.00000000000000178, 33.60486369098232728 ) ) ;
#5582 = CARTESIAN_POINT ( 'NONE',  ( 199.0240547604687436, 13.00000000000000178, 27.23166657559771053 ) ) ;
#5583 = ORIENTED_EDGE ( 'NONE', *, *, #3817, .F. ) ;
#5584 = B_SPLINE_CURVE_WITH_KNOTS ( 'NONE', 3,
 ( #4607, #2264, #3684, #5551, #4640, #1360, #4510, #4632, #838, #4135, #398 ),
 .UNSPECIFIED., .F., .F.,
 ( 4, 1, 1, 1, 1, 1, 1, 1, 4 ),
 ( 0.000000000000000000, 0.1057142614175169137, 0.2134116126389970225, 0.3261267300734704833, 0.4444516715568702092, 0.5690610798550862492, 0.7027122044812157409, 0.8463179465861956352, 0.9999999999999998890 ),
 .UNSPECIFIED. ) ;
#5585 = CARTESIAN_POINT ( 'NONE',  ( 85.04893499155650716, 9.999999999999992895, 36.09699331247904297 ) ) ;
#5586 = ORIENTED_EDGE ( 'NONE', *, *, #381, .F. ) ;
#5587 = CARTESIAN_POINT ( 'NONE',  ( 87.01668601221274457, 13.00000000000000178, 43.80384958531299588 ) ) ;
#5588 = EDGE_CURVE ( 'NONE', #4514, #1914, #3137, .T. ) ;
#5589 = CARTESIAN_POINT ( 'NONE',  ( 159.5228528373918095, 10.00000000000000000, 60.14332522944386739 ) ) ;
#5590 = LINE ( 'NONE', #1371, #2403 ) ;
#5591 = ORIENTED_EDGE ( 'NONE', *, *, #5, .F. ) ;
#5592 = CARTESIAN_POINT ( 'NONE',  ( 226.7306443247594530, 13.00000000000000178, 34.82927609930561630 ) ) ;
#5593 = CARTESIAN_POINT ( 'NONE',  ( 146.5240547604687720, 13.00000000000000178, 43.24128196021309378 ) ) ;
#5594 = B_SPLINE_CURVE_WITH_KNOTS ( 'NONE', 3,
 ( #5511, #2287, #2680, #3113, #2652, #4161, #4598, #3139, #5088, #2712, #1790, #4534, #367, #5028, #2256, #2193, #801, #6049, #4132 ),
 .UNSPECIFIED., .F., .F.,
 ( 4, 1, 1, 1, 1, 1, 1, 1, 1, 1, 1, 1, 1, 1, 1, 1, 4 ),
 ( 0.000000000000000000, 0.06454812556425042203, 0.1271991327555117568, 0.1885973380874244043, 0.2486395150940127197, 0.3095246994640579730, 0.3700369910533490847, 0.4318892436070741470, 0.4957042857252929036, 0.5595193278435127704, 0.6213715803972383878, 0.6823971072916401592, 0.7435684819321648487, 0.8054984835712128977, 0.8686397008205245518, 0.9330662250811645464, 0.9999999999999998890 ),
 .UNSPECIFIED. ) ;
#5595 = CARTESIAN_POINT ( 'NONE',  ( 70.05710829385961347, 13.00000000000000178, 56.32575604325621299 ) ) ;
#5596 = DIRECTION ( 'NONE',  ( 0.000000000000000000, 0.000000000000000000, 1.000000000000000000 ) ) ;
#5597 = CARTESIAN_POINT ( 'NONE',  ( 118.3990547604687436, 13.00000000000000178, 60.14332522944386739 ) ) ;
#5598 = CARTESIAN_POINT ( 'NONE',  ( 183.4471316835456491, 13.00000000000000178, 26.68178676790540393 ) ) ;
#5599 = EDGE_LOOP ( 'NONE', ( #4470, #4235, #5036, #4051 ) ) ;
#5600 = CARTESIAN_POINT ( 'NONE',  ( 100.0000000000000142, 20.00000000000000000, 96.43724644492834841 ) ) ;
#5601 = CARTESIAN_POINT ( 'NONE',  ( 187.5271174220635260, 13.00000000000000178, 44.68036268684496548 ) ) ;
#5602 = LINE ( 'NONE', #6013, #5986 ) ;
#5603 = CARTESIAN_POINT ( 'NONE',  ( 88.81645567680575937, 12.99999999999999822, 48.80703909217903202 ) ) ;
#5604 = ORIENTED_EDGE ( 'NONE', *, *, #4616, .F. ) ;
#5605 = CARTESIAN_POINT ( 'NONE',  ( 187.4855932220071963, 13.00000000000000178, 59.56640215252078718 ) ) ;
#5606 = CARTESIAN_POINT ( 'NONE',  ( 80.01564129893029076, 10.00000000000000000, 60.72024830636693338 ) ) ;
#5607 = CARTESIAN_POINT ( 'NONE',  ( 88.64244418354567756, 13.00000000000000178, 23.79717138329001713 ) ) ;
#5608 = CARTESIAN_POINT ( 'NONE',  ( 161.3296569865804599, 9.999999999999998224, 60.09703071484402415 ) ) ;
#5609 = CARTESIAN_POINT ( 'NONE',  ( 230.9205601832653372, 13.00000000000000178, 40.00923777857257591 ) ) ;
#5610 = ORIENTED_EDGE ( 'NONE', *, *, #3289, .F. ) ;
#5611 = EDGE_CURVE ( 'NONE', #4862, #5964, #3261, .T. ) ;
#5612 = B_SPLINE_CURVE_WITH_KNOTS ( 'NONE', 3,
 ( #434, #2234, #1767, #3210, #6091, #1859, #4168, #5609, #3650, #1296, #1391 ),
 .UNSPECIFIED., .F., .F.,
 ( 4, 1, 1, 1, 1, 1, 1, 1, 4 ),
 ( 0.000000000000000000, 0.08342510498563628085, 0.1775598214659715179, 0.2839823599504455731, 0.4022167468072144758, 0.5335684803800577747, 0.6761209941988208794, 0.8316493725539875204, 1.000000000000000000 ),
 .UNSPECIFIED. ) ;
#5613 = CARTESIAN_POINT ( 'NONE',  ( 91.62014818008013606, 13.00000000000000178, 43.38128321943272425 ) ) ;
#5614 = CARTESIAN_POINT ( 'NONE',  ( 195.5084297604687436, 10.00000000000000000, 26.10486369098232728 ) ) ;
#5615 = CARTESIAN_POINT ( 'NONE',  ( 176.2713398614255311, 13.00000000000000533, 39.95859518147276646 ) ) ;
#5616 = CARTESIAN_POINT ( 'NONE',  ( 144.2248165396594857, 10.00000000000000000, 35.48849327616307647 ) ) ;
#5617 = CARTESIAN_POINT ( 'NONE',  ( 111.9166510252593696, 10.00000000000000000, 31.58233735092026606 ) ) ;
#5618 = ORIENTED_EDGE ( 'NONE', *, *, #3358, .F. ) ;
#5619 = CARTESIAN_POINT ( 'NONE',  ( 228.9913307793628690, 13.00000000000000178, 60.10521270458697529 ) ) ;
#5620 = EDGE_CURVE ( 'NONE', #3621, #5910, #5143, .T. ) ;
#5621 = EDGE_LOOP ( 'NONE', ( #3079, #5932, #3331, #3128 ) ) ;
#5622 = CARTESIAN_POINT ( 'NONE',  ( 195.1466628792109930, 13.00000000000000178, 26.12118424822376639 ) ) ;
#5623 = CARTESIAN_POINT ( 'NONE',  ( 117.7455574068269897, 13.00000000000000178, 60.12667770169663584 ) ) ;
#5624 = CARTESIAN_POINT ( 'NONE',  ( 105.0461179383047892, 10.00000000000000178, 44.96106296429611149 ) ) ;
#5625 = CARTESIAN_POINT ( 'NONE',  ( 227.9365386913793259, 13.00000000000000178, 37.67898279724227706 ) ) ;
#5626 = DIRECTION ( 'NONE',  ( 0.000000000000000000, 0.000000000000000000, 1.000000000000000000 ) ) ;
#5627 = ORIENTED_EDGE ( 'NONE', *, *, #3532, .T. ) ;
#5628 = LINE ( 'NONE', #3438, #5648 ) ;
#5629 = CARTESIAN_POINT ( 'NONE',  ( 146.1209319088863197, 13.00000000000000178, 53.80053652073049619 ) ) ;
#5630 = EDGE_CURVE ( 'NONE', #4331, #1047, #3669, .T. ) ;
#5631 = CARTESIAN_POINT ( 'NONE',  ( 78.62827904784315081, 9.999999999999992895, 56.03739627211167829 ) ) ;
#5632 = CARTESIAN_POINT ( 'NONE',  ( 135.2746792519663757, 10.00000000000000000, 46.45946993299343575 ) ) ;
#5633 = CARTESIAN_POINT ( 'NONE',  ( 79.85338168354567756, 13.00000000000000178, 18.02794061405924708 ) ) ;
#5634 = CARTESIAN_POINT ( 'NONE',  ( 83.46222574046329612, 10.00000000000000000, 55.54118091434877158 ) ) ;
#5635 = ORIENTED_EDGE ( 'NONE', *, *, #3459, .F. ) ;
#5636 = LINE ( 'NONE', #555, #3589 ) ;
#5637 = CARTESIAN_POINT ( 'NONE',  ( 79.38851210976102379, 10.00000000000000000, 18.04351961344066879 ) ) ;
#5638 = VECTOR ( 'NONE', #5922, 1000.000000000000000 ) ;
#5639 = VECTOR ( 'NONE', #1986, 1000.000000000000000 ) ;
#5640 = CARTESIAN_POINT ( 'NONE',  ( 224.6002774069886527, 13.00000000000000178, 40.37337544766724307 ) ) ;
#5641 = VERTEX_POINT ( 'NONE', #454 ) ;
#5642 = CARTESIAN_POINT ( 'NONE',  ( 113.0770160942053195, 10.00000000000000178, 31.06292403870502028 ) ) ;
#5643 = FACE_OUTER_BOUND ( 'NONE', #4031, .T. ) ;
#5644 = ORIENTED_EDGE ( 'NONE', *, *, #4394, .T. ) ;
#5645 = AXIS2_PLACEMENT_3D ( 'NONE', #3556, #1205, #3431 ) ;
#5646 = CARTESIAN_POINT ( 'NONE',  ( 92.84120865552840485, 13.00000000000000178, 47.97130116179796744 ) ) ;
#5647 = CARTESIAN_POINT ( 'NONE',  ( 175.9182094810001900, 12.99999999999999822, 38.40414075228841995 ) ) ;
#5648 = VECTOR ( 'NONE', #3730, 1000.000000000000000 ) ;
#5649 = CARTESIAN_POINT ( 'NONE',  ( 160.7964503366679594, 10.00000000000000178, 30.18099771680542531 ) ) ;
#5650 = CARTESIAN_POINT ( 'NONE',  ( 163.1215454754359371, 10.00000000000000355, 26.41909914840244866 ) ) ;
#5651 = EDGE_CURVE ( 'NONE', #5745, #3481, #2658, .T. ) ;
#5652 = ORIENTED_EDGE ( 'NONE', *, *, #2725, .T. ) ;
#5653 = DIRECTION ( 'NONE',  ( -0.000000000000000000, 1.000000000000000000, -0.000000000000000000 ) ) ;
#5654 = B_SPLINE_CURVE_WITH_KNOTS ( 'NONE', 3,
 ( #2150, #3477, #231, #4898, #5937, #3543, #4954 ),
 .UNSPECIFIED., .F., .F.,
 ( 4, 1, 1, 1, 4 ),
 ( 0.000000000000000000, 0.2534754346498635513, 0.5004533151029020299, 0.7455781350009794695, 1.000000000000000000 ),
 .UNSPECIFIED. ) ;
#5655 = CARTESIAN_POINT ( 'NONE',  ( 190.8038609774536098, 13.00000000000000178, 27.73429999400849866 ) ) ;
#5656 = LINE ( 'NONE', #1959, #1945 ) ;
#5657 = CARTESIAN_POINT ( 'NONE',  ( 233.8249396051154463, 12.99999999999999467, 31.00220964855297368 ) ) ;
#5658 = CARTESIAN_POINT ( 'NONE',  ( 71.73138649123798416, 13.00000000000000178, 30.76532042175155723 ) ) ;
#5659 = CARTESIAN_POINT ( 'NONE',  ( 232.5306653373918380, 10.00000000000000000, 40.94260407559771409 ) ) ;
#5660 = ADVANCED_FACE ( 'NONE', ( #4246 ), #3293, .T. ) ;
#5661 = FACE_OUTER_BOUND ( 'NONE', #712, .T. ) ;
#5662 = ORIENTED_EDGE ( 'NONE', *, *, #463, .F. ) ;
#5663 = CARTESIAN_POINT ( 'NONE',  ( 126.3436110733212843, 10.00000000000000178, 32.73039348203393217 ) ) ;
#5664 = CARTESIAN_POINT ( 'NONE',  ( 229.8533816835456491, 13.00000000000000178, 44.28695503713617398 ) ) ;
#5665 = CARTESIAN_POINT ( 'NONE',  ( 71.14122586621158462, 10.00000000000000355, 29.97954661372991225 ) ) ;
#5666 = CIRCLE ( 'NONE', #547, 1.500000000000001332 ) ;
#5667 = CARTESIAN_POINT ( 'NONE',  ( 88.22253416289635197, 10.00000000000000000, 51.35217458101564603 ) ) ;
#5668 = CARTESIAN_POINT ( 'NONE',  ( 83.46222574046329612, 10.00000000000000178, 55.54118091434877158 ) ) ;
#5669 = EDGE_CURVE ( 'NONE', #452, #2451, #418, .T. ) ;
#5670 = ORIENTED_EDGE ( 'NONE', *, *, #4421, .F. ) ;
#5671 = CARTESIAN_POINT ( 'NONE',  ( 174.0028867617658932, 10.00000000000000355, 34.08719948693347845 ) ) ;
#5672 = CARTESIAN_POINT ( 'NONE',  ( 88.44856758121396467, 10.00000000000000000, 46.21863844462018989 ) ) ;
#5673 = VECTOR ( 'NONE', #1669, 1000.000000000000000 ) ;
#5674 = VERTEX_POINT ( 'NONE', #4158 ) ;
#5675 = CARTESIAN_POINT ( 'NONE',  ( 106.4651930207323716, 9.999999999999998224, 36.93702875146797737 ) ) ;
#5676 = DIRECTION ( 'NONE',  ( 0.000000000000000000, 1.000000000000000000, 0.000000000000000000 ) ) ;
#5677 = CARTESIAN_POINT ( 'NONE',  ( 166.6544483539666999, 13.00000000000000178, 32.28645777504619474 ) ) ;
#5678 = CARTESIAN_POINT ( 'NONE',  ( 145.9239126601768817, 12.99999999999999822, 32.78344515732614184 ) ) ;
#5679 = CARTESIAN_POINT ( 'NONE',  ( 105.0461179383047892, 10.00000000000000000, 44.96106296429611149 ) ) ;
#5680 = CARTESIAN_POINT ( 'NONE',  ( 127.6144491233133493, 12.99999999999999822, 52.34622757022088280 ) ) ;
#5681 = CARTESIAN_POINT ( 'NONE',  ( 105.9187384745024474, 13.00000000000000178, 38.07649769796326922 ) ) ;
#5682 = CARTESIAN_POINT ( 'NONE',  ( 229.2724960166427195, 13.00000000000000178, 26.24576793669089270 ) ) ;
#5683 = B_SPLINE_CURVE_WITH_KNOTS ( 'NONE', 3,
 ( #1046, #4346, #3490, #2406, #4752, #2527, #3957, #5365, #2927, #1543, #4812, #3895, #588, #3359, #1944, #2466, #4783, #188, #556 ),
 .UNSPECIFIED., .F., .F.,
 ( 4, 1, 1, 1, 1, 1, 1, 1, 1, 1, 1, 1, 1, 1, 1, 1, 4 ),
 ( 0.000000000000000000, 0.06148425519689049851, 0.1217745277022104916, 0.1809195598139318462, 0.2402561150782711041, 0.3001144444023516877, 0.3611459476126115953, 0.4235005824125857576, 0.4886693612807189169, 0.5539541046535622071, 0.6175812610152621174, 0.6802384268167395165, 0.7421873887724534935, 0.8046632117692932296, 0.8682589893126627656, 0.9330202571803756229, 1.000000000000000000 ),
 .UNSPECIFIED. ) ;
#5684 = VECTOR ( 'NONE', #5987, 1000.000000000000000 ) ;
#5685 = ORIENTED_EDGE ( 'NONE', *, *, #4497, .T. ) ;
#5686 = DIRECTION ( 'NONE',  ( 0.000000000000000000, 0.000000000000000000, 1.000000000000000000 ) ) ;
#5687 = CARTESIAN_POINT ( 'NONE',  ( 171.5346249365776430, 9.999999999999996447, 48.25755859981659057 ) ) ;
#5688 = CARTESIAN_POINT ( 'NONE',  ( 118.3990547604687436, 10.00000000000000000, 60.14332522944386739 ) ) ;
#5689 = CARTESIAN_POINT ( 'NONE',  ( 75.08958273437217201, 13.00000000000000533, 19.64234997936065596 ) ) ;
#5690 = CARTESIAN_POINT ( 'NONE',  ( 3.505202749622875924, 10.00000000000000000, 85.13552925583975650 ) ) ;
#5691 = CARTESIAN_POINT ( 'NONE',  ( 191.2708457200374994, 12.99999999999999822, 27.37369018029517065 ) ) ;
#5692 = CARTESIAN_POINT ( 'NONE',  ( 189.3633289012965122, 9.999999999999996447, 34.08206596560450663 ) ) ;
#5693 = CARTESIAN_POINT ( 'NONE',  ( 174.7900211066471172, 13.00000000000000178, 35.46471506596908085 ) ) ;
#5694 = ORIENTED_EDGE ( 'NONE', *, *, #3279, .T. ) ;
#5695 = CARTESIAN_POINT ( 'NONE',  ( 110.8355444295986132, 9.999999999999996447, 27.66446616269790937 ) ) ;
#5696 = EDGE_CURVE ( 'NONE', #288, #1232, #5175, .T. ) ;
#5697 = CARTESIAN_POINT ( 'NONE',  ( 159.5228528373918095, 13.00000000000000178, 26.10486369098232728 ) ) ;
#5698 = CARTESIAN_POINT ( 'NONE',  ( 89.13254303993784333, 13.00000000000000178, 57.11060308112401884 ) ) ;
#5699 = CARTESIAN_POINT ( 'NONE',  ( 104.9855932220072106, 10.00000000000000000, 53.60786849867463388 ) ) ;
#5700 = ORIENTED_EDGE ( 'NONE', *, *, #873, .F. ) ;
#5701 = CARTESIAN_POINT ( 'NONE',  ( 79.10518456816106436, 13.00000000000000178, 36.88611369098232728 ) ) ;
#5702 = CARTESIAN_POINT ( 'NONE',  ( 118.8564591642121968, 9.999999999999998224, 26.12174741959006852 ) ) ;
#5703 = EDGE_CURVE ( 'NONE', #5549, #4254, #2817, .T. ) ;
#5704 = CARTESIAN_POINT ( 'NONE',  ( 224.3180963990158432, 10.00000000000000000, 39.98383877690622512 ) ) ;
#5705 = ORIENTED_EDGE ( 'NONE', *, *, #1181, .T. ) ;
#5706 = CARTESIAN_POINT ( 'NONE',  ( 226.7163624527764227, 10.00000000000000355, 34.56940696021309378 ) ) ;
#5707 = FACE_BOUND ( 'NONE', #545, .T. ) ;
#5708 = DIRECTION ( 'NONE',  ( 1.000000000000000000, 0.000000000000000000, 0.000000000000000000 ) ) ;
#5709 = CARTESIAN_POINT ( 'NONE',  ( 84.93364348901273786, 10.00000000000000355, 14.30676714475804445 ) ) ;
#5710 = VERTEX_POINT ( 'NONE', #3164 ) ;
#5711 = CARTESIAN_POINT ( 'NONE',  ( 228.4648824780277891, 10.00000000000000355, 26.43164860185698473 ) ) ;
#5712 = CARTESIAN_POINT ( 'NONE',  ( 120.0090123183764774, 10.00000000000000000, 56.04513576709344136 ) ) ;
#5713 = CARTESIAN_POINT ( 'NONE',  ( 144.3239747510129121, 10.00000000000000178, 51.04190625304948981 ) ) ;
#5714 = CARTESIAN_POINT ( 'NONE',  ( 170.7758638881633999, 10.00000000000000178, 30.23629179878570028 ) ) ;
#5715 = ORIENTED_EDGE ( 'NONE', *, *, #2421, .T. ) ;
#5716 = CARTESIAN_POINT ( 'NONE',  ( 154.4853090625154834, 12.99999999999999822, 55.21071584182228520 ) ) ;
#5717 = ORIENTED_EDGE ( 'NONE', *, *, #3975, .T. ) ;
#5718 = CARTESIAN_POINT ( 'NONE',  ( 195.5084297604687436, 10.00000000000000000, 26.10486369098232728 ) ) ;
#5719 = CARTESIAN_POINT ( 'NONE',  ( 227.0068100746994446, 12.99999999999999467, 32.90042916153706898 ) ) ;
#5720 = CARTESIAN_POINT ( 'NONE',  ( 106.6545638114937020, 9.999999999999996447, 49.79402200675319534 ) ) ;
#5721 = FACE_OUTER_BOUND ( 'NONE', #4794, .T. ) ;
#5722 = CARTESIAN_POINT ( 'NONE',  ( 176.2713398614255311, 13.00000000000000533, 39.95859518147276646 ) ) ;
#5723 = ORIENTED_EDGE ( 'NONE', *, *, #1934, .F. ) ;
#5724 = CARTESIAN_POINT ( 'NONE',  ( 107.6843844399388814, 10.00000000000000000, 29.75320977652484444 ) ) ;
#5725 = CARTESIAN_POINT ( 'NONE',  ( 123.4398610837451713, 10.00000000000000000, 59.46775093999144701 ) ) ;
#5726 = CARTESIAN_POINT ( 'NONE',  ( 194.7422037989302908, 10.00000000000000000, 30.14332522944386383 ) ) ;
#5727 = ORIENTED_EDGE ( 'NONE', *, *, #704, .F. ) ;
#5728 = CARTESIAN_POINT ( 'NONE',  ( 71.73138649123798416, 13.00000000000000178, 30.76532042175155723 ) ) ;
#5729 = ADVANCED_FACE ( 'NONE', ( #6012 ), #2723, .T. ) ;
#5730 = CARTESIAN_POINT ( 'NONE',  ( 69.27684176972495322, 13.00000000000000533, 55.42047737146295816 ) ) ;
#5731 = B_SPLINE_CURVE_WITH_KNOTS ( 'NONE', 3,
 ( #4125, #5976, #5528, #3158, #5046, #6071, #3633, #4152, #2766, #1842, #3725, #2276, #5595, #945, #383, #1872, #5110, #5137, #3663 ),
 .UNSPECIFIED., .F., .F.,
 ( 4, 1, 1, 1, 1, 1, 1, 1, 1, 1, 1, 1, 1, 1, 1, 1, 4 ),
 ( 0.000000000000000000, 0.05720826943350933169, 0.1136960596574907584, 0.1691779164171947347, 0.2241592165805429138, 0.2787198783810435065, 0.3337942174469885059, 0.3892414593400025935, 0.4458220733936211211, 0.5037042811090201022, 0.5642938918193634024, 0.6279754158952238763, 0.6950382596840511962, 0.7653727258510126807, 0.8396114430907353210, 0.9175377500777890383, 1.000000000000000000 ),
 .UNSPECIFIED. ) ;
#5732 = CARTESIAN_POINT ( 'NONE',  ( 227.1192584061176660, 13.00000000000000178, 42.59857428580516370 ) ) ;
#5733 = EDGE_LOOP ( 'NONE', ( #5114, #112 ) ) ;
#5734 = CARTESIAN_POINT ( 'NONE',  ( 116.8787394989605843, 10.00000000000000178, 30.16776359281849906 ) ) ;
#5735 = EDGE_CURVE ( 'NONE', #1768, #4404, #902, .T. ) ;
#5736 = CARTESIAN_POINT ( 'NONE',  ( 239.9581116731287693, 9.999999999999998224, 51.60724164097663191 ) ) ;
#5737 = CARTESIAN_POINT ( 'NONE',  ( 168.6571851319350799, 12.99999999999999822, 33.96257182326635160 ) ) ;
#5738 = AXIS2_PLACEMENT_3D ( 'NONE', #4237, #5074, #3785 ) ;
#5739 = CARTESIAN_POINT ( 'NONE',  ( 107.6053183376306492, 10.00000000000000000, 51.18237274428184236 ) ) ;
#5740 = CARTESIAN_POINT ( 'NONE',  ( 176.5240547604687436, 13.00000000000000178, 43.21423869098233439 ) ) ;
#5741 = CARTESIAN_POINT ( 'NONE',  ( 172.4855932220072248, 10.00000000000000000, 43.24128196021309378 ) ) ;
#5742 = CARTESIAN_POINT ( 'NONE',  ( 159.5228528373918095, 10.00000000000000000, 26.10486369098232728 ) ) ;
#5743 = EDGE_CURVE ( 'NONE', #74, #3764, #3856, .T. ) ;
#5744 = VECTOR ( 'NONE', #2220, 1000.000000000000000 ) ;
#5745 = VERTEX_POINT ( 'NONE', #546 ) ;
#5746 = CARTESIAN_POINT ( 'NONE',  ( 146.5857184929828918, 13.00000000000000178, 44.95869323749731450 ) ) ;
#5747 = CARTESIAN_POINT ( 'NONE',  ( 159.5048239912379984, 10.00000000000000000, 56.10486369098232728 ) ) ;
#5748 = VECTOR ( 'NONE', #3961, 1000.000000000000000 ) ;
#5749 = CARTESIAN_POINT ( 'NONE',  ( 166.3319807397952843, 12.99999999999999822, 58.90168413675156955 ) ) ;
#5750 = CARTESIAN_POINT ( 'NONE',  ( 69.23511526356075763, 13.00000000000000178, 24.82526228933587120 ) ) ;
#5751 = B_SPLINE_CURVE_WITH_KNOTS ( 'NONE', 3,
 ( #3453, #2490, #1099, #1474, #1007, #2891, #4778, #3605, #1717, #5913, #4012 ),
 .UNSPECIFIED., .F., .F.,
 ( 4, 1, 1, 1, 1, 1, 1, 1, 4 ),
 ( 0.000000000000000000, 0.1317514273024067706, 0.2583323505141593701, 0.3821339760925446249, 0.5038043916000856104, 0.6246929865409320826, 0.7468705897275760286, 0.8715135042348158834, 1.000000000000000000 ),
 .UNSPECIFIED. ) ;
#5752 = CARTESIAN_POINT ( 'NONE',  ( 79.85338168354567756, 10.00000000000000000, 18.02794061405924708 ) ) ;
#5753 = LINE ( 'NONE', #4305, #30 ) ;
#5754 = CARTESIAN_POINT ( 'NONE',  ( 174.0028867617658932, 13.00000000000000533, 34.08719948693347845 ) ) ;
#5755 = ORIENTED_EDGE ( 'NONE', *, *, #3989, .F. ) ;
#5756 = CARTESIAN_POINT ( 'NONE',  ( 233.1119047170183762, 10.00000000000000355, 30.62357776362098605 ) ) ;
#5757 = CARTESIAN_POINT ( 'NONE',  ( 222.8054918935307853, 12.99999999999999822, 32.95992054255392389 ) ) ;
#5758 = CARTESIAN_POINT ( 'NONE',  ( 69.23511526356075763, 10.00000000000000178, 24.82526228933587120 ) ) ;
#5759 = CARTESIAN_POINT ( 'NONE',  ( 195.7040915157615473, 9.999999999999996447, 30.28342083671867968 ) ) ;
#5760 = CARTESIAN_POINT ( 'NONE',  ( 78.63173318871606909, 13.00000000000000178, 36.54888899301955263 ) ) ;
#5761 = EDGE_LOOP ( 'NONE', ( #5618, #586, #3610, #4706 ) ) ;
#5762 = CARTESIAN_POINT ( 'NONE',  ( 88.42199648033019344, 13.00000000000000178, 23.51317393499916975 ) ) ;
#5763 = DIRECTION ( 'NONE',  ( 0.000000000000000000, 0.000000000000000000, 1.000000000000000000 ) ) ;
#5764 = VERTEX_POINT ( 'NONE', #5232 ) ;
#5765 = VECTOR ( 'NONE', #19, 1000.000000000000000 ) ;
#5766 = DIRECTION ( 'NONE',  ( -0.000000000000000000, -1.000000000000000000, -0.000000000000000000 ) ) ;
#5767 = ORIENTED_EDGE ( 'NONE', *, *, #2094, .T. ) ;
#5768 = CARTESIAN_POINT ( 'NONE',  ( 235.9269443212340889, 13.00000000000000178, 51.16162166358407859 ) ) ;
#5769 = FACE_OUTER_BOUND ( 'NONE', #1887, .T. ) ;
#5770 = VECTOR ( 'NONE', #4657, 1000.000000000000000 ) ;
#5771 = CARTESIAN_POINT ( 'NONE',  ( 223.8786320756604482, 10.00000000000000178, 52.91788648765849246 ) ) ;
#5772 = ADVANCED_FACE ( 'NONE', ( #4309 ), #4150, .T. ) ;
#5773 = CARTESIAN_POINT ( 'NONE',  ( 172.0898375310392225, 10.00000000000000000, 46.64025252729338433 ) ) ;
#5774 = CARTESIAN_POINT ( 'NONE',  ( 100.9471316835456918, 13.00000000000000178, 26.68178676790540393 ) ) ;
#5775 = B_SPLINE_SURFACE_WITH_KNOTS ( 'NONE', 3, 1, ( 
 ( #5471, #1166 ),
 ( #705, #5417 ),
 ( #296, #3049 ),
 ( #4439, #736 ),
 ( #2610, #3517 ),
 ( #269, #2521 ),
 ( #183, #1252 ),
 ( #1686, #5884 ),
 ( #4872, #4963 ),
 ( #4496, #643 ),
 ( #1664, #677 ),
 ( #4406, #1629 ),
 ( #5391, #2064 ),
 ( #3575, #2551 ),
 ( #3953, #3549 ),
 ( #5820, #1133 ),
 ( #2095, #3016 ),
 ( #4904, #1595 ),
 ( #2157, #4934 ) ),
 .UNSPECIFIED., .F., .F., .F.,
 ( 4, 1, 1, 1, 1, 1, 1, 1, 1, 1, 1, 1, 1, 1, 1, 1, 4 ),
 ( 2, 2 ),
 ( 0.000000000000000000, 0.06518479598607240799, 0.1282737271139273438, 0.1902702203927573998, 0.2517683137756833722, 0.3127686945781244510, 0.3747932794097878495, 0.4379695860627112469, 0.5030473998633715471, 0.5681252136640317918, 0.6309497487122636139, 0.6923691093867025970, 0.7529731677502617959, 0.8136410669177470689, 0.8743552086918149335, 0.9365729684654838794, 1.000000000000000000 ),
 ( 0.000000000000000000, 1.000000000000000000 ),
 .UNSPECIFIED. ) ;
#5776 = CARTESIAN_POINT ( 'NONE',  ( 226.2821619895503886, 10.00000000000000000, 27.48430014734525528 ) ) ;
#5777 = CARTESIAN_POINT ( 'NONE',  ( 119.9923354025704612, 13.00000000000000533, 30.20578685565617505 ) ) ;
#5778 = ORIENTED_EDGE ( 'NONE', *, *, #4885, .F. ) ;
#5779 = CARTESIAN_POINT ( 'NONE',  ( 146.5240547604687720, 10.00000000000000000, 43.24128196021309378 ) ) ;
#5780 = ORIENTED_EDGE ( 'NONE', *, *, #953, .T. ) ;
#5781 = EDGE_CURVE ( 'NONE', #5674, #2861, #2230, .T. ) ;
#5782 = CARTESIAN_POINT ( 'NONE',  ( 227.3340460404872374, 13.00000000000000178, 36.86034702168794297 ) ) ;
#5783 = DIRECTION ( 'NONE',  ( -0.000000000000000000, 1.000000000000000000, -0.000000000000000000 ) ) ;
#5784 = CLOSED_SHELL ( 'NONE', ( #3603, #2246, #3371, #4203, #248, #456, #3783, #5542, #6097, #3244, #5212, #52, #4985, #2351, #5292, #2655, #2903, #5218, #2985, #2606, #2958, #1091, #3131, #3058, #3252, #891, #3661, #4489, #431, #1672, #1830, #5144, #1071, #3327, #882, #2208, #3670, #4626, #243, #3165, #3110, #2613, #4537, #1368, #3400, #242, #1276, #6000, #720, #804, #3001, #2795, #357, #3871, #5729, #5903, #4277, #3897, #501, #5093, #2269, #695, #2615, #3411, #3560, #4387, #77, #1361, #4563, #763, #3744, #2994, #742, #666, #2922, #4617, #2462, #2877, #277, #6033, #4736, #1246, #2805, #176, #1454, #2236, #308, #4913, #5250, #202, #997, #6116, #1286, #4722, #2468, #4796, #4431, #5333, #2834, #129, #5469, #5772, #4842, #1598, #4079, #3485, #1558, #618, #5108, #5405, #1031, #1400, #3675, #4945, #5373, #3915, #4919, #4727, #1864, #2439, #907, #610, #5401, #1014, #1174, #5660, #2911 ) ) ;
#5785 = CARTESIAN_POINT ( 'NONE',  ( 187.4855932220071963, 13.00000000000000178, 59.56640215252078718 ) ) ;
#5786 = CARTESIAN_POINT ( 'NONE',  ( 189.7255174493029699, 12.99999999999999822, 33.44268431670450781 ) ) ;
#5787 = FACE_OUTER_BOUND ( 'NONE', #282, .T. ) ;
#5788 = ORIENTED_EDGE ( 'NONE', *, *, #3206, .F. ) ;
#5789 = CARTESIAN_POINT ( 'NONE',  ( 106.2479213773854951, 10.00000000000000000, 31.14165428692931670 ) ) ;
#5790 = CARTESIAN_POINT ( 'NONE',  ( 222.6779009143148755, 13.00000000000000178, 34.73166657559770698 ) ) ;
#5791 = FACE_OUTER_BOUND ( 'NONE', #5000, .T. ) ;
#5792 = FACE_OUTER_BOUND ( 'NONE', #692, .T. ) ;
#5793 = CARTESIAN_POINT ( 'NONE',  ( 92.29328552969951716, 13.00000000000000178, 21.02974349867463388 ) ) ;
#5794 = ORIENTED_EDGE ( 'NONE', *, *, #810, .F. ) ;
#5795 = CARTESIAN_POINT ( 'NONE',  ( 83.87815970161449286, 13.00000000000000888, 19.05596736714736750 ) ) ;
#5796 = CARTESIAN_POINT ( 'NONE',  ( 127.8437398467081607, 10.00000000000000533, 28.88680115456437392 ) ) ;
#5797 = VERTEX_POINT ( 'NONE', #4777 ) ;
#5798 = CARTESIAN_POINT ( 'NONE',  ( 222.6779009143148755, 10.00000000000000000, 34.73166657559770698 ) ) ;
#5799 = VERTEX_POINT ( 'NONE', #5817 ) ;
#5800 = PLANE ( 'NONE',  #5645 ) ;
#5801 = CARTESIAN_POINT ( 'NONE',  ( 171.5990171214701547, 12.99999999999999822, 31.08946696360374062 ) ) ;
#5802 = CARTESIAN_POINT ( 'NONE',  ( 230.1636875160652664, 10.00000000000000000, 44.45376418819846265 ) ) ;
#5803 = CARTESIAN_POINT ( 'NONE',  ( 211.1394393758533568, 13.00000000000000178, 59.56640215252078718 ) ) ;
#5804 = CARTESIAN_POINT ( 'NONE',  ( 90.79011907195963715, 13.00000000000000533, 41.98266927876262855 ) ) ;
#5805 = CARTESIAN_POINT ( 'NONE',  ( 126.4863328705430092, 13.00000000000000178, 58.21449909322848271 ) ) ;
#5806 = VERTEX_POINT ( 'NONE', #1594 ) ;
#5807 = EDGE_CURVE ( 'NONE', #5764, #1870, #1640, .T. ) ;
#5808 = CARTESIAN_POINT ( 'NONE',  ( 168.7236811811925463, 10.00000000000000000, 52.49084658609404386 ) ) ;
#5809 = B_SPLINE_CURVE_WITH_KNOTS ( 'NONE', 3,
 ( #1576, #3085, #745, #4508, #4047, #5926, #5310, #622, #2501, #3932, #5340, #2997, #656, #2681, #1696, #5090, #4107, #3585, #866 ),
 .UNSPECIFIED., .F., .F.,
 ( 4, 1, 1, 1, 1, 1, 1, 1, 1, 1, 1, 1, 1, 1, 1, 1, 4 ),
 ( 0.000000000000000000, 0.06384589973478796421, 0.1260436278408453015, 0.1871653577195687146, 0.2473992895212633603, 0.3083800306041652450, 0.3697796166640502369, 0.4325839246869355725, 0.4976407859952569623, 0.5624011369620618428, 0.6255571033330417086, 0.6873320046201732980, 0.7483127457030734897, 0.8097910391226144089, 0.8717675719729278683, 0.9348361909503147826, 1.000000000000000000 ),
 .UNSPECIFIED. ) ;
#5810 = ORIENTED_EDGE ( 'NONE', *, *, #4358, .F. ) ;
#5811 = CARTESIAN_POINT ( 'NONE',  ( 166.6666666666666288, 20.00000000000000000, 97.93724644492834841 ) ) ;
#5812 = FACE_OUTER_BOUND ( 'NONE', #5980, .T. ) ;
#5813 = CARTESIAN_POINT ( 'NONE',  ( 154.5427726985912216, 10.00000000000000000, 31.08066673450510464 ) ) ;
#5814 = DIRECTION ( 'NONE',  ( 0.000000000000000000, -1.430126660546020495E-13, 1.000000000000000000 ) ) ;
#5815 = CARTESIAN_POINT ( 'NONE',  ( 230.7045496932725541, 10.00000000000000000, 30.15714502487151449 ) ) ;
#5816 = ORIENTED_EDGE ( 'NONE', *, *, #4094, .F. ) ;
#5817 = CARTESIAN_POINT ( 'NONE',  ( 172.4855932220072248, 13.00000000000000178, 43.24128196021309378 ) ) ;
#5818 = EDGE_CURVE ( 'NONE', #5797, #1905, #2370, .T. ) ;
#5819 = B_SPLINE_CURVE_WITH_KNOTS ( 'NONE', 3,
 ( #3215, #439, #2726, #3182, #5521, #1299, #5012, #1833, #2757, #5553, #4061 ),
 .UNSPECIFIED., .F., .F.,
 ( 4, 1, 1, 1, 1, 1, 1, 1, 4 ),
 ( 0.000000000000000000, 0.1590042985173771573, 0.3046460998968145151, 0.4385469045795916121, 0.5623222987759270985, 0.6774325425257313738, 0.7868973929387541588, 0.8936108891042668922, 1.000000000000000000 ),
 .UNSPECIFIED. ) ;
#5820 = CARTESIAN_POINT ( 'NONE',  ( 162.0590064644637209, 13.00000000000000178, 30.36472881637035215 ) ) ;
#5821 = CARTESIAN_POINT ( 'NONE',  ( 220.9471316835456491, 13.00000000000000178, 55.69020022944386028 ) ) ;
#5822 = CARTESIAN_POINT ( 'NONE',  ( 235.7800945550936547, 13.00000000000000178, 58.60518460552032138 ) ) ;
#5823 = ORIENTED_EDGE ( 'NONE', *, *, #4532, .T. ) ;
#5824 = CARTESIAN_POINT ( 'NONE',  ( 227.9518275737799797, 12.99999999999999822, 31.46350724235678342 ) ) ;
#5825 = DIRECTION ( 'NONE',  ( 0.000000000000000000, 1.000000000000000000, 0.000000000000000000 ) ) ;
#5826 = EDGE_CURVE ( 'NONE', #4001, #1037, #162, .T. ) ;
#5827 = VERTEX_POINT ( 'NONE', #3101 ) ;
#5828 = CARTESIAN_POINT ( 'NONE',  ( 82.34388828275680794, 12.99999999999999822, 55.86276542895046759 ) ) ;
#5829 = ORIENTED_EDGE ( 'NONE', *, *, #1519, .F. ) ;
#5830 = CARTESIAN_POINT ( 'NONE',  ( 85.86653735228924234, 13.00000000000000178, 42.45730771903676271 ) ) ;
#5831 = FACE_BOUND ( 'NONE', #3178, .T. ) ;
#5832 = DIRECTION ( 'NONE',  ( -0.000000000000000000, -1.000000000000000000, -0.000000000000000000 ) ) ;
#5833 = LINE ( 'NONE', #4887, #4165 ) ;
#5834 = FACE_OUTER_BOUND ( 'NONE', #4308, .T. ) ;
#5835 = CARTESIAN_POINT ( 'NONE',  ( 71.73138649123798416, 10.00000000000000000, 30.76532042175155723 ) ) ;
#5836 = LINE ( 'NONE', #4512, #2894 ) ;
#5837 = CARTESIAN_POINT ( 'NONE',  ( 130.5490530989297326, 10.00000000000000178, 55.17534363577731682 ) ) ;
#5838 = EDGE_LOOP ( 'NONE', ( #3507, #2816, #3936, #5503 ) ) ;
#5839 = B_SPLINE_CURVE_WITH_KNOTS ( 'NONE', 3,
 ( #3646, #5513, #4477, #746, #1206, #3993, #3141, #5030, #4024, #250, #4509, #2166, #1234, #5955, #1291 ),
 .UNSPECIFIED., .F., .F.,
 ( 4, 1, 1, 1, 1, 1, 1, 1, 1, 1, 1, 1, 4 ),
 ( 0.000000000000000000, 0.08199405683765431663, 0.1633492972937410359, 0.2458264740680108085, 0.3303671599787224022, 0.4151983742785685383, 0.4979409323876403670, 0.5804761255002935938, 0.6637400107109454606, 0.7475128374040550527, 0.8303987408369399859, 0.9140755187235942714, 1.000000000000000000 ),
 .UNSPECIFIED. ) ;
#5840 = CIRCLE ( 'NONE', #1403, 1.500000000000001332 ) ;
#5841 = CARTESIAN_POINT ( 'NONE',  ( 176.5240547604687436, 10.00000000000000000, 43.21423869098233439 ) ) ;
#5842 = ORIENTED_EDGE ( 'NONE', *, *, #1329, .F. ) ;
#5843 = DIRECTION ( 'NONE',  ( 0.000000000000000000, 0.000000000000000000, -1.000000000000000000 ) ) ;
#5844 = PRODUCT_RELATED_PRODUCT_CATEGORY ( 'part', '', ( #3212 ) ) ;
#5845 = AXIS2_PLACEMENT_3D ( 'NONE', #93, #464, #2348 ) ;
#5846 = CARTESIAN_POINT ( 'NONE',  ( 193.7571136399562022, 13.00000000000000178, 30.20898442867970601 ) ) ;
#5847 = CARTESIAN_POINT ( 'NONE',  ( 146.7466790062669020, 9.999999999999996447, 40.63046186100617518 ) ) ;
#5848 = CARTESIAN_POINT ( 'NONE',  ( 232.5306653373918095, 10.00000000000000000, 40.94260407559770698 ) ) ;
#5849 = LINE ( 'NONE', #5355, #55 ) ;
#5850 = ORIENTED_EDGE ( 'NONE', *, *, #341, .T. ) ;
#5851 = CARTESIAN_POINT ( 'NONE',  ( 234.2658977693353961, 13.00000000000000178, 54.55453746483409105 ) ) ;
#5852 = VECTOR ( 'NONE', #2926, 1000.000000000000000 ) ;
#5853 = CARTESIAN_POINT ( 'NONE',  ( 222.6847691398887434, 12.99999999999999822, 34.42791145911768069 ) ) ;
#5854 = CARTESIAN_POINT ( 'NONE',  ( 224.3714696612190949, 13.00000000000000178, 53.45016500129234061 ) ) ;
#5855 = EDGE_CURVE ( 'NONE', #4558, #5710, #5357, .T. ) ;
#5856 = CARTESIAN_POINT ( 'NONE',  ( 226.3503389217620736, 12.99999999999999822, 59.49705113861298855 ) ) ;
#5857 = CARTESIAN_POINT ( 'NONE',  ( 3.535533905932737309, 10.00000000000000000, 5.185533905932738108 ) ) ;
#5858 = ORIENTED_EDGE ( 'NONE', *, *, #2118, .T. ) ;
#5859 = CARTESIAN_POINT ( 'NONE',  ( 228.5967030310023347, 13.00000000000000178, 30.87248259664718120 ) ) ;
#5860 = CARTESIAN_POINT ( 'NONE',  ( 183.4471316835456491, 10.00000000000000000, 26.68178676790540393 ) ) ;
#5861 = ORIENTED_EDGE ( 'NONE', *, *, #4164, .F. ) ;
#5862 = EDGE_CURVE ( 'NONE', #3013, #3847, #2181, .T. ) ;
#5863 = CARTESIAN_POINT ( 'NONE',  ( 133.6020581027254082, 10.00000000000000000, 35.06146327894749959 ) ) ;
#5864 = EDGE_LOOP ( 'NONE', ( #3065, #1637 ) ) ;
#5865 = CARTESIAN_POINT ( 'NONE',  ( 105.5028962686639744, 10.00000000000000178, 39.27793707840230297 ) ) ;
#5866 = CARTESIAN_POINT ( 'NONE',  ( 69.54715419125396636, 13.00000000000000533, 21.12013314232363470 ) ) ;
#5867 = CARTESIAN_POINT ( 'NONE',  ( 233.6049054548277013, 10.00000000000000000, 46.54776754321186161 ) ) ;
#5868 = AXIS2_PLACEMENT_3D ( 'NONE', #3145, #2352, #3620 ) ;
#5869 = B_SPLINE_CURVE_WITH_KNOTS ( 'NONE', 3,
 ( #1419, #3303, #2842, #157, #1110, #123, #2011, #5474, #2530, #190, #3461, #2996, #5863, #2500, #1255, #4880, #4414, #218, #4352 ),
 .UNSPECIFIED., .F., .F.,
 ( 4, 1, 1, 1, 1, 1, 1, 1, 1, 1, 1, 1, 1, 1, 1, 1, 4 ),
 ( 0.000000000000000000, 0.06508101777502911522, 0.1286360505630803341, 0.1906529019116439683, 0.2521250372681096419, 0.3134462756463776700, 0.3752272792333934959, 0.4384980827328621711, 0.5032850999340382492, 0.5680096868463694326, 0.6308789816949758045, 0.6921535040082759105, 0.7525521497156014705, 0.8131910939047697351, 0.8739853995183316515, 0.9362579468344571776, 1.000000000000000000 ),
 .UNSPECIFIED. ) ;
#5870 = CARTESIAN_POINT ( 'NONE',  ( 69.84178657535807133, 9.999999999999996447, 27.47698105705316607 ) ) ;
#5871 = CARTESIAN_POINT ( 'NONE',  ( 230.9891989912379984, 13.00000000000000178, 26.10486369098232728 ) ) ;
#5872 = DIRECTION ( 'NONE',  ( -0.000000000000000000, -1.000000000000000000, -0.000000000000000000 ) ) ;
#5873 = ORIENTED_EDGE ( 'NONE', *, *, #5058, .T. ) ;
#5874 = B_SPLINE_SURFACE_WITH_KNOTS ( 'NONE', 3, 1, ( 
 ( #3270, #4665 ),
 ( #1452, #986 ),
 ( #1323, #1387 ),
 ( #3738, #5672 ),
 ( #6051, #2347 ),
 ( #1882, #4223 ),
 ( #3766, #958 ) ),
 .UNSPECIFIED., .F., .F., .F.,
 ( 4, 1, 1, 1, 4 ),
 ( 2, 2 ),
 ( 0.000000000000000000, 0.2347233736739003096, 0.4771583189289878013, 0.7285562842030538500, 1.000000000000000000 ),
 ( 0.000000000000000000, 1.000000000000000000 ),
 .UNSPECIFIED. ) ;
#5875 = LINE ( 'NONE', #812, #1705 ) ;
#5876 = ORIENTED_EDGE ( 'NONE', *, *, #3066, .F. ) ;
#5877 = CARTESIAN_POINT ( 'NONE',  ( 118.2728528373918380, 10.00000000000000355, 26.10486369098232728 ) ) ;
#5878 = DIRECTION ( 'NONE',  ( 0.000000000000000000, 0.000000000000000000, -1.000000000000000000 ) ) ;
#5879 = CARTESIAN_POINT ( 'NONE',  ( 146.5606330574581762, 12.99999999999999822, 41.91958864434691634 ) ) ;
#5880 = CARTESIAN_POINT ( 'NONE',  ( 235.3883074780264906, 10.00000000000000000, 42.68904331403184216 ) ) ;
#5881 = CARTESIAN_POINT ( 'NONE',  ( 169.8261633243445203, 12.99999999999999822, 51.21266849727685155 ) ) ;
#5882 = ORIENTED_EDGE ( 'NONE', *, *, #194, .F. ) ;
#5883 = CARTESIAN_POINT ( 'NONE',  ( 224.1833095681610359, 10.00000000000000000, 39.79777234482848058 ) ) ;
#5884 = CARTESIAN_POINT ( 'NONE',  ( 170.3318041558571565, 9.999999999999996447, 35.97767422549586058 ) ) ;
#5885 = VECTOR ( 'NONE', #4926, 1000.000000000000000 ) ;
#5886 = CARTESIAN_POINT ( 'NONE',  ( 78.81946289447257925, 13.00000000000000178, 13.46765142470898091 ) ) ;
#5887 = CARTESIAN_POINT ( 'NONE',  ( 231.3473460269986219, 10.00000000000000178, 60.11645474070200379 ) ) ;
#5888 = VERTEX_POINT ( 'NONE', #4438 ) ;
#5889 = CARTESIAN_POINT ( 'NONE',  ( 87.93622012179821468, 12.99999999999999822, 45.10659111573681201 ) ) ;
#5890 = CARTESIAN_POINT ( 'NONE',  ( 231.6916609614645779, 10.00000000000000000, 40.48449466999393564 ) ) ;
#5891 = ORIENTED_EDGE ( 'NONE', *, *, #2529, .T. ) ;
#5892 = EDGE_CURVE ( 'NONE', #1870, #5399, #3929, .T. ) ;
#5893 = EDGE_LOOP ( 'NONE', ( #5438, #196, #1661, #4720 ) ) ;
#5894 = CARTESIAN_POINT ( 'NONE',  ( 142.4855932220072532, 13.00000000000000178, 43.21423869098233439 ) ) ;
#5895 = CARTESIAN_POINT ( 'NONE',  ( 85.04753306868728657, 10.00000000000000000, 19.87392793643771327 ) ) ;
#5896 = EDGE_CURVE ( 'NONE', #5016, #1769, #731, .T. ) ;
#5897 = B_SPLINE_CURVE_WITH_KNOTS ( 'NONE', 3,
 ( #3705, #835, #865, #3644, #2315, #1357, #5953, #774, #5539, #2226, #1320, #894, #3202, #4106, #5056, #2778, #6083, #5482, #1853 ),
 .UNSPECIFIED., .F., .F.,
 ( 4, 1, 1, 1, 1, 1, 1, 1, 1, 1, 1, 1, 1, 1, 1, 1, 4 ),
 ( 0.000000000000000000, 0.05720826943350933169, 0.1136960596574907584, 0.1691779164171947347, 0.2241592165805429138, 0.2787198783810435065, 0.3337942174469885059, 0.3892414593400025935, 0.4458220733936211211, 0.5037042811090201022, 0.5642938918193634024, 0.6279754158952238763, 0.6950382596840511962, 0.7653727258510126807, 0.8396114430907353210, 0.9175377500777890383, 1.000000000000000000 ),
 .UNSPECIFIED. ) ;
#5898 = VERTEX_POINT ( 'NONE', #267 ) ;
#5899 = CARTESIAN_POINT ( 'NONE',  ( 199.0240547604687436, 13.00000000000000178, 27.23166657559771053 ) ) ;
#5900 = CARTESIAN_POINT ( 'NONE',  ( 207.1009778373918095, 13.00000000000000178, 30.72024830636694048 ) ) ;
#5901 = LINE ( 'NONE', #200, #4874 ) ;
#5902 = VERTEX_POINT ( 'NONE', #2155 ) ;
#5903 = ADVANCED_FACE ( 'NONE', ( #2063 ), #3951, .T. ) ;
#5904 = CARTESIAN_POINT ( 'NONE',  ( 235.9471316835456776, 13.00000000000000178, 50.81339734482848058 ) ) ;
#5905 = ORIENTED_EDGE ( 'NONE', *, *, #2762, .T. ) ;
#5906 = DIRECTION ( 'NONE',  ( -1.000000000000000000, 0.000000000000000000, -0.000000000000000000 ) ) ;
#5907 = CARTESIAN_POINT ( 'NONE',  ( 190.1045813387073906, 13.00000000000000178, 32.85667333991031569 ) ) ;
#5908 = CARTESIAN_POINT ( 'NONE',  ( 234.5167598084004794, 9.999999999999996447, 42.10492500194359877 ) ) ;
#5909 = CARTESIAN_POINT ( 'NONE',  ( 74.27622222383487838, 9.999999999999996447, 27.29246058600514502 ) ) ;
#5910 = VERTEX_POINT ( 'NONE', #380 ) ;
#5911 = CARTESIAN_POINT ( 'NONE',  ( 73.25482399123798416, 13.00000000000000178, 23.72505599867463744 ) ) ;
#5912 = CARTESIAN_POINT ( 'NONE',  ( 228.4648824780277891, 13.00000000000000533, 26.43164860185698473 ) ) ;
#5913 = CARTESIAN_POINT ( 'NONE',  ( 171.5990171214701547, 12.99999999999999822, 31.08946696360374062 ) ) ;
#5914 = CARTESIAN_POINT ( 'NONE',  ( 223.8891005106781051, 12.99999999999999822, 58.34162281984364284 ) ) ;
#5915 = CARTESIAN_POINT ( 'NONE',  ( 80.01564129893029076, 13.00000000000000178, 60.72024830636693338 ) ) ;
#5916 = ORIENTED_EDGE ( 'NONE', *, *, #959, .F. ) ;
#5917 = CARTESIAN_POINT ( 'NONE',  ( 70.48963951412945050, 13.00000000000000178, 49.19712006887371558 ) ) ;
#5918 = CARTESIAN_POINT ( 'NONE',  ( 133.6020581027254082, 10.00000000000000178, 35.06146327894749959 ) ) ;
#5919 = VERTEX_POINT ( 'NONE', #2700 ) ;
#5920 = B_SPLINE_CURVE_WITH_KNOTS ( 'NONE', 3,
 ( #2677, #4501, #6011, #3230, #4593, #4157, #1785, #5981, #3668, #2617, #1283 ),
 .UNSPECIFIED., .F., .F.,
 ( 4, 1, 1, 1, 1, 1, 1, 1, 4 ),
 ( 0.000000000000000000, 0.07085486850153051297, 0.1569381495573530239, 0.2586003949600844676, 0.3758909295892024494, 0.5081661676989027709, 0.6562378085782242243, 0.8201767703979099267, 1.000000000000000000 ),
 .UNSPECIFIED. ) ;
#5921 = CARTESIAN_POINT ( 'NONE',  ( 113.1728472919154314, 13.00000000000000178, 55.17953654155762422 ) ) ;
#5922 = DIRECTION ( 'NONE',  ( -0.000000000000000000, -1.000000000000000000, -0.000000000000000000 ) ) ;
#5923 = EDGE_CURVE ( 'NONE', #1501, #3928, #409, .T. ) ;
#5924 = ORIENTED_EDGE ( 'NONE', *, *, #5620, .T. ) ;
#5925 = B_SPLINE_SURFACE_WITH_KNOTS ( 'NONE', 3, 1, ( 
 ( #623, #2998 ),
 ( #2047, #2901 ),
 ( #1549, #4787 ),
 ( #658, #3432 ),
 ( #1082, #2968 ),
 ( #3869, #2532 ),
 ( #4853, #1577 ),
 ( #2502, #2934 ),
 ( #3464, #4388 ),
 ( #5801, #5341 ),
 ( #1113, #3498 ) ),
 .UNSPECIFIED., .F., .F., .F.,
 ( 4, 1, 1, 1, 1, 1, 1, 1, 4 ),
 ( 2, 2 ),
 ( 0.000000000000000000, 0.1317514273024067706, 0.2583323505141593701, 0.3821339760925446249, 0.5038043916000856104, 0.6246929865409320826, 0.7468705897275760286, 0.8715135042348158834, 1.000000000000000000 ),
 ( 0.000000000000000000, 1.000000000000000000 ),
 .UNSPECIFIED. ) ;
#5926 = CARTESIAN_POINT ( 'NONE',  ( 154.5427726985912216, 13.00000000000000178, 31.08066673450510464 ) ) ;
#5927 = CARTESIAN_POINT ( 'NONE',  ( 79.85338168354567756, 13.00000000000000178, 18.02794061405924708 ) ) ;
#5928 = EDGE_CURVE ( 'NONE', #1670, #404, #5044, .T. ) ;
#5929 = CARTESIAN_POINT ( 'NONE',  ( 104.9855932220072106, 13.00000000000000178, 53.60786849867463388 ) ) ;
#5930 = DIRECTION ( 'NONE',  ( -0.7969199129874917631, 0.000000000000000000, 0.6040849710794075067 ) ) ;
#5931 = CARTESIAN_POINT ( 'NONE',  ( 187.4855932220071963, 13.00000000000000178, 48.51471946021309378 ) ) ;
#5932 = ORIENTED_EDGE ( 'NONE', *, *, #492, .F. ) ;
#5933 = CARTESIAN_POINT ( 'NONE',  ( 166.6666666666666288, 10.00000000000000000, 96.43724644492834841 ) ) ;
#5934 = EDGE_LOOP ( 'NONE', ( #4528, #5380, #4250, #621 ) ) ;
#5935 = CARTESIAN_POINT ( 'NONE',  ( 86.59370537134230972, 13.00000000000000178, 43.26274646086387321 ) ) ;
#5936 = EDGE_CURVE ( 'NONE', #2281, #4671, #1746, .T. ) ;
#5937 = CARTESIAN_POINT ( 'NONE',  ( 235.3468681803191771, 12.99999999999999822, 48.36312682435463017 ) ) ;
#5938 = CARTESIAN_POINT ( 'NONE',  ( 226.3593938760252797, 12.99999999999999822, 42.04683778116520187 ) ) ;
#5939 = AXIS2_PLACEMENT_3D ( 'NONE', #178, #3883, #5323 ) ;
#5940 = CARTESIAN_POINT ( 'NONE',  ( 159.5048239912379984, 13.00000000000000178, 56.10486369098232728 ) ) ;
#5941 = ORIENTED_EDGE ( 'NONE', *, *, #4879, .F. ) ;
#5942 = CARTESIAN_POINT ( 'NONE',  ( 76.22056918354569177, 13.00000000000000178, 29.53935888329002424 ) ) ;
#5943 = CARTESIAN_POINT ( 'NONE',  ( 239.9855932220072248, 13.00000000000000178, 50.64212330636694048 ) ) ;
#5944 = VECTOR ( 'NONE', #3510, 1000.000000000000000 ) ;
#5945 = CARTESIAN_POINT ( 'NONE',  ( 227.5952105029099073, 13.00000000000000178, 55.63259338383087282 ) ) ;
#5946 = CARTESIAN_POINT ( 'NONE',  ( 216.9086701450841304, 13.00000000000000178, 30.72024830636694048 ) ) ;
#5947 = CARTESIAN_POINT ( 'NONE',  ( 239.9855932220072248, 10.00000000000000178, 50.64212330636694048 ) ) ;
#5948 = ORIENTED_EDGE ( 'NONE', *, *, #5936, .F. ) ;
#5949 = CARTESIAN_POINT ( 'NONE',  ( 135.2746792519663757, 13.00000000000000178, 46.45946993299343575 ) ) ;
#5950 = CARTESIAN_POINT ( 'NONE',  ( 135.5625162989302908, 10.00000000000000178, 43.03395022944386739 ) ) ;
#5951 = ORIENTED_EDGE ( 'NONE', *, *, #2390, .T. ) ;
#5952 = AXIS2_PLACEMENT_3D ( 'NONE', #968, #3908, #5222 ) ;
#5953 = CARTESIAN_POINT ( 'NONE',  ( 75.14954871315407559, 9.999999999999998224, 59.84767853183571162 ) ) ;
#5954 = CARTESIAN_POINT ( 'NONE',  ( 114.3784073826942489, 13.00000000000000178, 26.46103422529116500 ) ) ;
#5955 = CARTESIAN_POINT ( 'NONE',  ( 118.8271227016149254, 12.99999999999999822, 30.16432891706743646 ) ) ;
#5956 = DIRECTION ( 'NONE',  ( 0.000000000000000000, -0.000000000000000000, 1.000000000000000000 ) ) ;
#5957 = CARTESIAN_POINT ( 'NONE',  ( 172.8887302744956003, 13.00000000000000533, 53.80055790354976608 ) ) ;
#5958 = CARTESIAN_POINT ( 'NONE',  ( 176.5240547604687436, 10.00000000000000000, 43.21423869098233439 ) ) ;
#5960 = VECTOR ( 'NONE', #2736, 1000.000000000000000 ) ;
#5959 = CARTESIAN_POINT ( 'NONE',  ( 85.01325873979138237, 10.00000000000000000, 41.62649947536751682 ) ) ;
#5961 = ORIENTED_EDGE ( 'NONE', *, *, #3643, .F. ) ;
#5962 = EDGE_CURVE ( 'NONE', #1087, #1880, #4122, .T. ) ;
#5963 = CARTESIAN_POINT ( 'NONE',  ( 235.9055897780033035, 10.00000000000000000, 49.96023624655256157 ) ) ;
#5964 = VERTEX_POINT ( 'NONE', #3282 ) ;
#5965 = VECTOR ( 'NONE', #35, 1000.000000000000000 ) ;
#5966 = CARTESIAN_POINT ( 'NONE',  ( 85.01325873979138237, 13.00000000000000178, 41.62649947536751682 ) ) ;
#5967 = PLANE ( 'NONE',  #1411 ) ;
#5968 = CARTESIAN_POINT ( 'NONE',  ( 92.86175968788597856, 9.999999999999998224, 48.94519885210144139 ) ) ;
#5969 = DIRECTION ( 'NONE',  ( 0.000000000000000000, 1.000000000000000000, 0.000000000000000000 ) ) ;
#5970 = VERTEX_POINT ( 'NONE', #1869 ) ;
#5971 = CARTESIAN_POINT ( 'NONE',  ( 33.33333333333334991, 20.00000000000000000, 97.93724644492834841 ) ) ;
#5972 = EDGE_CURVE ( 'NONE', #5898, #4475, #2792, .T. ) ;
#5973 = DIRECTION ( 'NONE',  ( -0.000000000000000000, -1.000000000000000000, -0.000000000000000000 ) ) ;
#5974 = CARTESIAN_POINT ( 'NONE',  ( 191.2708457200374994, 12.99999999999999822, 27.37369018029517065 ) ) ;
#5975 = B_SPLINE_SURFACE_WITH_KNOTS ( 'NONE', 3, 1, ( 
 ( #996, #4234 ),
 ( #1956, #9 ),
 ( #5194, #2448 ),
 ( #1523, #5252 ),
 ( #2853, #2908 ),
 ( #1988, #2940 ),
 ( #503, #597 ),
 ( #4735, #3405 ),
 ( #5287, #4765 ),
 ( #3341, #3846 ),
 ( #2020, #2386 ),
 ( #3437, #5776 ),
 ( #4826, #2477 ),
 ( #4361, #4263 ),
 ( #1554, #5315 ),
 ( #5682, #40 ),
 ( #2052, #2079 ),
 ( #2568, #3997 ),
 ( #5871, #4027 ) ),
 .UNSPECIFIED., .F., .F., .F.,
 ( 4, 1, 1, 1, 1, 1, 1, 1, 1, 1, 1, 1, 1, 1, 1, 1, 4 ),
 ( 2, 2 ),
 ( 0.000000000000000000, 0.06797848961925527511, 0.1330435352439082453, 0.1965074380533949894, 0.2586134167685746887, 0.3197283376065477856, 0.3808728540495674442, 0.4426356023162050235, 0.5050793035048781743, 0.5678805200585764767, 0.6288138541554867400, 0.6889100905404389463, 0.7487650058898458472, 0.8093857829631169176, 0.8708843357532255469, 0.9340374630737016126, 0.9999999999999998890 ),
 ( 0.000000000000000000, 1.000000000000000000 ),
 .UNSPECIFIED. ) ;
#5976 = CARTESIAN_POINT ( 'NONE',  ( 79.67575831774630046, 12.99999999999999822, 60.71367597154306139 ) ) ;
#5977 = LINE ( 'NONE', #1719, #5960 ) ;
#5978 = CARTESIAN_POINT ( 'NONE',  ( 223.9502018582941503, 10.00000000000000000, 39.42304300865536248 ) ) ;
#5979 = CARTESIAN_POINT ( 'NONE',  ( 92.29328552969951716, 10.00000000000000000, 21.02974349867463388 ) ) ;
#5980 = EDGE_LOOP ( 'NONE', ( #647, #4385 ) ) ;
#5981 = CARTESIAN_POINT ( 'NONE',  ( 187.5271174220635260, 10.00000000000000000, 44.68036268684496548 ) ) ;
#5982 = CARTESIAN_POINT ( 'NONE',  ( 135.5625162989302908, 13.00000000000000178, 43.03395022944386739 ) ) ;
#5983 = CARTESIAN_POINT ( 'NONE',  ( 71.16751797934990975, 13.00000000000000178, 50.33186043341741112 ) ) ;
#5984 = DIRECTION ( 'NONE',  ( -1.000000000000000000, 0.000000000000000000, 0.000000000000000000 ) ) ;
#5985 = CARTESIAN_POINT ( 'NONE',  ( 83.44014856386206702, 12.99999999999999822, 13.78347279319823571 ) ) ;
#5986 = VECTOR ( 'NONE', #5984, 1000.000000000000000 ) ;
#5987 = DIRECTION ( 'NONE',  ( 0.6600766059279596920, 0.000000000000000000, -0.7511982922681766928 ) ) ;
#5988 = CARTESIAN_POINT ( 'NONE',  ( 76.98092730862917676, 10.00000000000000000, 30.17800550200342968 ) ) ;
#5989 = CARTESIAN_POINT ( 'NONE',  ( 69.23314371126261335, 13.00000000000000178, 23.43826178174383301 ) ) ;
#5990 = CARTESIAN_POINT ( 'NONE',  ( 142.4855932220072532, 13.00000000000000178, 43.21423869098233439 ) ) ;
#5991 = CARTESIAN_POINT ( 'NONE',  ( 176.4865054024467383, 13.00000000000000178, 44.87104857526609436 ) ) ;
#5992 = CARTESIAN_POINT ( 'NONE',  ( 234.2658977693353961, 13.00000000000000178, 54.55453746483409105 ) ) ;
#5993 = CARTESIAN_POINT ( 'NONE',  ( 296.5030604351463808, 0.000000000000000000, 85.13552925583971387 ) ) ;
#5994 = EDGE_LOOP ( 'NONE', ( #5231, #5755, #4474, #4709 ) ) ;
#5995 = CARTESIAN_POINT ( 'NONE',  ( 146.9928047604687436, 10.00000000000000000, 31.54957522944386383 ) ) ;
#5996 = EDGE_LOOP ( 'NONE', ( #3228, #1495, #3038, #3944 ) ) ;
#5997 = DIRECTION ( 'NONE',  ( 0.000000000000000000, 1.000000000000000000, 0.000000000000000000 ) ) ;
#5998 = CARTESIAN_POINT ( 'NONE',  ( 266.6666666666666856, 20.00000000000000000, 96.43724644492834841 ) ) ;
#5999 = LINE ( 'NONE', #2328, #530 ) ;
#6000 = ADVANCED_FACE ( 'NONE', ( #3750 ), #1791, .T. ) ;
#6001 = DIRECTION ( 'NONE',  ( 0.000000000000000000, -0.000000000000000000, 1.000000000000000000 ) ) ;
#6002 = ORIENTED_EDGE ( 'NONE', *, *, #4995, .F. ) ;
#6003 = DIRECTION ( 'NONE',  ( -0.000000000000000000, -1.000000000000000000, -0.000000000000000000 ) ) ;
#6004 = CARTESIAN_POINT ( 'NONE',  ( 235.2191681775916265, 13.00000000000000178, 27.26726211638015229 ) ) ;
#6005 = CARTESIAN_POINT ( 'NONE',  ( 111.0255826525438323, 13.00000000000000178, 58.53351101922167743 ) ) ;
#6006 = CARTESIAN_POINT ( 'NONE',  ( 71.87371182204945796, 13.00000000000000178, 30.93527175088257053 ) ) ;
#6007 = CARTESIAN_POINT ( 'NONE',  ( 112.7508932562361395, 13.00000000000000178, 59.26249808025058030 ) ) ;
#6008 = EDGE_CURVE ( 'NONE', #4565, #4186, #3692, .T. ) ;
#6009 = DIRECTION ( 'NONE',  ( -1.000000000000000000, 0.000000000000000000, -0.000000000000000000 ) ) ;
#6010 = ORIENTED_EDGE ( 'NONE', *, *, #2346, .T. ) ;
#6011 = CARTESIAN_POINT ( 'NONE',  ( 188.0111348316749798, 10.00000000000000000, 38.06681341071663383 ) ) ;
#6012 = FACE_OUTER_BOUND ( 'NONE', #5621, .T. ) ;
#6013 = CARTESIAN_POINT ( 'NONE',  ( 104.9855932220072106, 10.00000000000000000, 71.68178676790540749 ) ) ;
#6014 = EDGE_CURVE ( 'NONE', #4070, #3389, #6099, .T. ) ;
#6015 = FACE_OUTER_BOUND ( 'NONE', #5838, .T. ) ;
#6016 = DIRECTION ( 'NONE',  ( 0.000000000000000000, 0.000000000000000000, -1.000000000000000000 ) ) ;
#6017 = CARTESIAN_POINT ( 'NONE',  ( 73.67732284541293097, 9.999999999999992895, 21.48734802198967486 ) ) ;
#6018 = DIRECTION ( 'NONE',  ( -1.000000000000000000, 0.000000000000000000, 0.000000000000000000 ) ) ;
#6019 = CARTESIAN_POINT ( 'NONE',  ( 176.2506589059901501, 13.00000000000000178, 46.49129756397508118 ) ) ;
#6020 = CARTESIAN_POINT ( 'NONE',  ( 176.5114375663814030, 9.999999999999998224, 43.77095371826708714 ) ) ;
#6021 = LINE ( 'NONE', #2689, #1141 ) ;
#6022 = ORIENTED_EDGE ( 'NONE', *, *, #5807, .F. ) ;
#6023 = B_SPLINE_SURFACE_WITH_KNOTS ( 'NONE', 3, 1, ( 
 ( #6073, #1903 ),
 ( #5625, #3791 ),
 ( #2704, #947 ),
 ( #1406, #1346 ),
 ( #5112, #3288 ),
 ( #886, #1311 ),
 ( #6105, #2336 ),
 ( #5139, #4154 ),
 ( #2829, #2798 ),
 ( #2769, #5171 ),
 ( #3257, #5659 ) ),
 .UNSPECIFIED., .F., .F., .F.,
 ( 4, 1, 1, 1, 1, 1, 1, 1, 4 ),
 ( 2, 2 ),
 ( 0.000000000000000000, 0.08342510498563628085, 0.1775598214659715179, 0.2839823599504455731, 0.4022167468072144758, 0.5335684803800577747, 0.6761209941988208794, 0.8316493725539875204, 1.000000000000000000 ),
 ( 0.000000000000000000, 1.000000000000000000 ),
 .UNSPECIFIED. ) ;
#6024 = CARTESIAN_POINT ( 'NONE',  ( 144.2248165396594857, 13.00000000000000178, 35.48849327616307647 ) ) ;
#6025 = ORIENTED_EDGE ( 'NONE', *, *, #1519, .T. ) ;
#6026 = DIRECTION ( 'NONE',  ( -0.000000000000000000, -1.000000000000000000, -0.000000000000000000 ) ) ;
#6027 = CARTESIAN_POINT ( 'NONE',  ( 144.3239747510129121, 13.00000000000000178, 51.04190625304948981 ) ) ;
#6028 = CARTESIAN_POINT ( 'NONE',  ( 118.2367951450841446, 13.00000000000000178, 30.14332522944386383 ) ) ;
#6029 = CARTESIAN_POINT ( 'NONE',  ( 229.2844338524181751, 13.00000000000000178, 56.07440063413779541 ) ) ;
#6030 = ORIENTED_EDGE ( 'NONE', *, *, #1107, .T. ) ;
#6031 = CARTESIAN_POINT ( 'NONE',  ( 229.8944541257167771, 12.99999999999999822, 60.13056193954390949 ) ) ;
#6032 = DIRECTION ( 'NONE',  ( -0.000000000000000000, -1.000000000000000000, -0.000000000000000000 ) ) ;
#6033 = ADVANCED_FACE ( 'NONE', ( #6067 ), #1340, .T. ) ;
#6034 = CARTESIAN_POINT ( 'NONE',  ( 192.3042784331680934, 13.00000000000000533, 26.81037865256016417 ) ) ;
#6035 = CARTESIAN_POINT ( 'NONE',  ( 159.5048239912379984, 13.00000000000000178, 56.10486369098232728 ) ) ;
#6036 = CARTESIAN_POINT ( 'NONE',  ( 147.4548531423023690, 10.00000000000000711, 38.19566556648155853 ) ) ;
#6037 = CARTESIAN_POINT ( 'NONE',  ( 114.5673099236556851, 9.999999999999996447, 59.76054439587846900 ) ) ;
#6038 = CARTESIAN_POINT ( 'NONE',  ( 300.0000000000000000, 0.000000000000000000, 0.000000000000000000 ) ) ;
#6039 = ORIENTED_EDGE ( 'NONE', *, *, #2432, .F. ) ;
#6040 = CARTESIAN_POINT ( 'NONE',  ( 129.7342225767423258, 10.00000000000000533, 49.58839040595544390 ) ) ;
#6041 = CARTESIAN_POINT ( 'NONE',  ( 300.0000000000000000, 10.00000000000000000, 0.000000000000000000 ) ) ;
#6042 = B_SPLINE_CURVE_WITH_KNOTS ( 'NONE', 3,
 ( #944, #4710, #478, #15, #1899, #2856, #3788, #1435, #3008, #1680, #5877 ),
 .UNSPECIFIED., .F., .F.,
 ( 4, 1, 1, 1, 1, 1, 1, 1, 4 ),
 ( 0.000000000000000000, 0.1353597999413055641, 0.2630446827611699900, 0.3860610822643577578, 0.5057706525454608304, 0.6251780311387009625, 0.7461477220466155025, 0.8705380668997052540, 1.000000000000000000 ),
 .UNSPECIFIED. ) ;
#6043 = CARTESIAN_POINT ( 'NONE',  ( 130.5029794218297354, 13.00000000000000178, 31.05500840386931571 ) ) ;
#6044 = AXIS2_PLACEMENT_3D ( 'NONE', #811, #5037, #5010 ) ;
#6045 = EDGE_CURVE ( 'NONE', #5269, #4902, #2742, .T. ) ;
#6046 = DIRECTION ( 'NONE',  ( 0.000000000000000000, 1.000000000000000000, 0.000000000000000000 ) ) ;
#6047 = CARTESIAN_POINT ( 'NONE',  ( 80.83438412693769237, 13.00000000000000178, 13.43084594780696861 ) ) ;
#6048 = VECTOR ( 'NONE', #319, 1000.000000000000000 ) ;
#6049 = CARTESIAN_POINT ( 'NONE',  ( 230.6861056367430933, 13.00000000000000178, 60.13425514878924361 ) ) ;
#6050 = CARTESIAN_POINT ( 'NONE',  ( 76.55309397769059387, 10.00000000000000000, 29.83610475086959113 ) ) ;
#6051 = CARTESIAN_POINT ( 'NONE',  ( 87.93622012179821468, 12.99999999999999822, 45.10659111573681201 ) ) ;
#6052 = EDGE_CURVE ( 'NONE', #875, #5898, #4210, .T. ) ;
#6053 = B_SPLINE_CURVE_WITH_KNOTS ( 'NONE', 3,
 ( #1061, #1088, #5196, #2910, #4768, #2024, #4364, #571, #3782, #2420, #476, #970, #2361, #4236, #2450 ),
 .UNSPECIFIED., .F., .F.,
 ( 4, 1, 1, 1, 1, 1, 1, 1, 1, 1, 1, 1, 4 ),
 ( 0.000000000000000000, 0.08473274469801528319, 0.1681786536463125981, 0.2514881976122794738, 0.3358406713894902529, 0.4198344941507956563, 0.5023448759880094761, 0.5836490197324388784, 0.6659310052762719145, 0.7487165252643903646, 0.8310473361373620360, 0.9144098067945607422, 1.000000000000000000 ),
 .UNSPECIFIED. ) ;
#6054 = CIRCLE ( 'NONE', #1021, 1.500000000000001332 ) ;
#6055 = CARTESIAN_POINT ( 'NONE',  ( 105.3718840979878877, 13.00000000000000178, 46.66828738889905992 ) ) ;
#6056 = CARTESIAN_POINT ( 'NONE',  ( 170.5608690513696786, 13.00000000000000533, 56.27129001413949538 ) ) ;
#6057 = CYLINDRICAL_SURFACE ( 'NONE', #238, 1.500000000000001332 ) ;
#6058 = CARTESIAN_POINT ( 'NONE',  ( 73.26999571223373664, 9.999999999999998224, 24.44872154410356657 ) ) ;
#6059 = ORIENTED_EDGE ( 'NONE', *, *, #4578, .T. ) ;
#6060 = CARTESIAN_POINT ( 'NONE',  ( 89.22328465872247705, 9.999999999999992895, 39.95563594253312090 ) ) ;
#6061 = ORIENTED_EDGE ( 'NONE', *, *, #234, .T. ) ;
#6062 = CARTESIAN_POINT ( 'NONE',  ( 130.5201988163315150, 13.00000000000000178, 48.03042118759576340 ) ) ;
#6063 = CARTESIAN_POINT ( 'NONE',  ( 92.87020860662259736, 13.00000000000000178, 48.54176272944386028 ) ) ;
#6064 = FACE_OUTER_BOUND ( 'NONE', #1153, .T. ) ;
#6065 = CIRCLE ( 'NONE', #2318, 1.500000000000001332 ) ;
#6066 = ORIENTED_EDGE ( 'NONE', *, *, #3067, .T. ) ;
#6067 = FACE_OUTER_BOUND ( 'NONE', #3442, .T. ) ;
#6068 = CARTESIAN_POINT ( 'NONE',  ( 82.75763738211354337, 9.999999999999998224, 34.37491606101715291 ) ) ;
#6069 = VECTOR ( 'NONE', #2988, 1000.000000000000000 ) ;
#6070 = CARTESIAN_POINT ( 'NONE',  ( 232.0445940876936390, 12.99999999999999822, 26.14772604154677538 ) ) ;
#6071 = CARTESIAN_POINT ( 'NONE',  ( 76.07574400569082229, 13.00000000000000178, 60.16238252237697992 ) ) ;
#6072 = CARTESIAN_POINT ( 'NONE',  ( 72.76077930745917399, 13.00000000000000178, 31.89730621305636404 ) ) ;
#6073 = CARTESIAN_POINT ( 'NONE',  ( 227.8341509143149040, 13.00000000000000178, 37.55318099867464099 ) ) ;
#6074 = VECTOR ( 'NONE', #2881, 1000.000000000000000 ) ;
#6075 = CARTESIAN_POINT ( 'NONE',  ( 80.30410283739183797, 10.00000000000000000, 13.41255599867463566 ) ) ;
#6076 = ORIENTED_EDGE ( 'NONE', *, *, #5896, .T. ) ;
#6077 = CARTESIAN_POINT ( 'NONE',  ( 134.3359142301048621, 12.99999999999999822, 49.64501527100944855 ) ) ;
#6078 = DIRECTION ( 'NONE',  ( -0.000000000000000000, -1.000000000000000000, -0.000000000000000000 ) ) ;
#6079 = CARTESIAN_POINT ( 'NONE',  ( 199.9999999999999432, 20.00000000000000000, 96.43724644492834841 ) ) ;
#6080 = CARTESIAN_POINT ( 'NONE',  ( 132.7500364609106214, 12.99999999999999822, 52.55831587969984042 ) ) ;
#6081 = CARTESIAN_POINT ( 'NONE',  ( 90.76979024962159315, 10.00000000000000000, 55.22073306758281319 ) ) ;
#6082 = CARTESIAN_POINT ( 'NONE',  ( 81.86323915736736012, 10.00000000000000178, 33.73156759344846023 ) ) ;
#6083 = CARTESIAN_POINT ( 'NONE',  ( 67.02898542159357476, 10.00000000000000000, 52.14827511413782446 ) ) ;
#6084 = CARTESIAN_POINT ( 'NONE',  ( 175.4208306050475414, 10.00000000000000178, 36.90789498031394800 ) ) ;
#6085 = EDGE_CURVE ( 'NONE', #2662, #2771, #999, .T. ) ;
#6086 = CARTESIAN_POINT ( 'NONE',  ( 77.21932332162225521, 10.00000000000000000, 18.40167634276969011 ) ) ;
#6087 = FILL_AREA_STYLE_COLOUR ( '', #2399 ) ;
#6088 = FACE_OUTER_BOUND ( 'NONE', #154, .T. ) ;
#6089 = EDGE_CURVE ( 'NONE', #3496, #983, #6053, .T. ) ;
#6090 = EDGE_CURVE ( 'NONE', #1860, #4331, #1990, .T. ) ;
#6091 = CARTESIAN_POINT ( 'NONE',  ( 229.0265712568784409, 13.00000000000000178, 38.72904312652238445 ) ) ;
#6092 = ORIENTED_EDGE ( 'NONE', *, *, #985, .T. ) ;
#6093 = CARTESIAN_POINT ( 'NONE',  ( 142.4855932220072248, 13.00000000000000178, 43.21423869098232728 ) ) ;
#6094 = CARTESIAN_POINT ( 'NONE',  ( 131.4515549857423764, 13.00000000000000178, 44.75793360885955252 ) ) ;
#6095 = DIRECTION ( 'NONE',  ( 0.000000000000000000, 0.000000000000000000, -1.000000000000000000 ) ) ;
#6096 = CARTESIAN_POINT ( 'NONE',  ( 107.1235726575737317, 10.00000000000000000, 35.85059838488267303 ) ) ;
#6097 = ADVANCED_FACE ( 'NONE', ( #537 ), #3814, .F. ) ;
#6098 = ORIENTED_EDGE ( 'NONE', *, *, #4653, .T. ) ;
#6099 = LINE ( 'NONE', #1399, #5184 ) ;
#6100 = CARTESIAN_POINT ( 'NONE',  ( 82.26924706816106436, 10.00000000000000000, 34.01952715252078718 ) ) ;
#6101 = VERTEX_POINT ( 'NONE', #1557 ) ;
#6102 = CARTESIAN_POINT ( 'NONE',  ( 230.9891989912379984, 13.00000000000000178, 26.10486369098232728 ) ) ;
#6103 = CARTESIAN_POINT ( 'NONE',  ( 195.7890539581547102, 12.99999999999999822, 26.12017046148841715 ) ) ;
#6104 = CARTESIAN_POINT ( 'NONE',  ( 187.4855932220071963, 13.00000000000000178, 31.52253196021309734 ) ) ;
#6105 = CARTESIAN_POINT ( 'NONE',  ( 230.2103408148026631, 12.99999999999999822, 39.57206749747034991 ) ) ;
#6106 = CARTESIAN_POINT ( 'NONE',  ( 92.03783855591468921, 13.00000000000000178, 20.67893106397493597 ) ) ;
#6107 = ORIENTED_EDGE ( 'NONE', *, *, #924, .F. ) ;
#6108 = FACE_OUTER_BOUND ( 'NONE', #844, .T. ) ;
#6109 = CARTESIAN_POINT ( 'NONE',  ( 148.4489823484260285, 13.00000000000000178, 56.27098372129918147 ) ) ;
#6110 = CARTESIAN_POINT ( 'NONE',  ( 100.9471316835456918, 13.00000000000000178, 26.68178676790540393 ) ) ;
#6111 = CARTESIAN_POINT ( 'NONE',  ( 82.59010480530332643, 10.00000000000000355, 60.51569920404160285 ) ) ;
#6112 = ORIENTED_EDGE ( 'NONE', *, *, #4011, .F. ) ;
#6113 = CARTESIAN_POINT ( 'NONE',  ( 176.2713398614255311, 10.00000000000000355, 39.95859518147276646 ) ) ;
#6114 = CARTESIAN_POINT ( 'NONE',  ( 77.02221334612964654, 13.00000000000000178, 60.42176342208047402 ) ) ;
#6115 = LINE ( 'NONE', #5274, #1211 ) ;
#6116 = ADVANCED_FACE ( 'NONE', ( #4829 ), #655, .T. ) ;
ENDSEC;
END-ISO-10303-21;
