ISO-10303-21;
HEADER;
FILE_DESCRIPTION (( 'STEP AP203' ),
    '1' );
FILE_NAME ('2_Education copy.STEP',
    '2026-09-01T21:48:22',
    ( '' ),
    ( '' ),
    'SwSTEP 2.0',
    'SolidWorks 2026',
    '' );
FILE_SCHEMA (( 'CONFIG_CONTROL_DESIGN' ));
ENDSEC;

DATA;
#1 = CARTESIAN_POINT ( 'NONE',  ( 173.7276078090081057, 10.00000000000000000, 56.37760143501382260 ) ) ;
#2 = ORIENTED_EDGE ( 'NONE', *, *, #4175, .F. ) ;
#3 = CARTESIAN_POINT ( 'NONE',  ( 126.4199155013158418, 13.00000000000000178, 45.59635143501382970 ) ) ;
#4 = ORIENTED_EDGE ( 'NONE', *, *, #4144, .F. ) ;
#5 = CARTESIAN_POINT ( 'NONE',  ( 249.0974080899494254, 9.999999999999992895, 44.37823675878753704 ) ) ;
#6 = DIRECTION ( 'NONE',  ( -0.000000000000000000, -1.000000000000000000, -0.000000000000000000 ) ) ;
#7 = CARTESIAN_POINT ( 'NONE',  ( 173.7276078090081057, 10.00000000000000000, 34.45452451193689569 ) ) ;
#8 = EDGE_CURVE ( 'NONE', #4544, #4218, #1898, .T. ) ;
#9 = CARTESIAN_POINT ( 'NONE',  ( 238.8966778365114862, 12.99999999999999822, 35.19246332583563230 ) ) ;
#10 = EDGE_CURVE ( 'NONE', #6608, #448, #242, .T. ) ;
#11 = EDGE_CURVE ( 'NONE', #6576, #3955, #1811, .T. ) ;
#12 = CARTESIAN_POINT ( 'NONE',  ( 73.86953682599092019, 9.999999999999998224, 50.75559613247386892 ) ) ;
#13 = CARTESIAN_POINT ( 'NONE',  ( 248.9436982964579954, 12.99999999999999822, 35.95683587526915659 ) ) ;
#14 = CARTESIAN_POINT ( 'NONE',  ( 153.3742204000223808, 9.999999999999996447, 46.51260943331070763 ) ) ;
#15 = CARTESIAN_POINT ( 'NONE',  ( 164.8694347320850397, 13.00000000000000178, 54.06990912732151600 ) ) ;
#16 = PLANE ( 'NONE',  #6059 ) ;
#17 = CARTESIAN_POINT ( 'NONE',  ( 156.6791649053888023, 10.00000000000000178, 53.45030617205738110 ) ) ;
#18 = CARTESIAN_POINT ( 'NONE',  ( 153.7917696653815653, 12.99999999999999822, 48.72375550313607562 ) ) ;
#19 = CARTESIAN_POINT ( 'NONE',  ( 164.8934731936235210, 13.00000000000000178, 36.76221681962920940 ) ) ;
#20 = CARTESIAN_POINT ( 'NONE',  ( 217.0729296301303748, 13.00000000000000178, 34.09584258381722321 ) ) ;
#21 = ORIENTED_EDGE ( 'NONE', *, *, #4142, .F. ) ;
#22 = ORIENTED_EDGE ( 'NONE', *, *, #1337, .F. ) ;
#23 = CARTESIAN_POINT ( 'NONE',  ( 197.3694347320850397, 13.00000000000000178, 29.83913989655228605 ) ) ;
#24 = CARTESIAN_POINT ( 'NONE',  ( 106.3435808685692052, 10.00000000000000000, 55.78562642358173918 ) ) ;
#25 = CARTESIAN_POINT ( 'NONE',  ( 138.4691943474696529, 13.00000000000000178, 56.76221681962920940 ) ) ;
#26 = CARTESIAN_POINT ( 'NONE',  ( 127.0357301250707707, 10.00000000000000355, 41.84699477803371082 ) ) ;
#27 = CARTESIAN_POINT ( 'NONE',  ( 138.4932328090081057, 10.00000000000000355, 36.76221681962920940 ) ) ;
#28 = ORIENTED_EDGE ( 'NONE', *, *, #6649, .F. ) ;
#29 = CARTESIAN_POINT ( 'NONE',  ( 130.7114045252744461, 13.00000000000000178, 54.28523253376513225 ) ) ;
#30 = CARTESIAN_POINT ( 'NONE',  ( 251.6786979113389009, 9.999999999999991118, 42.20565155594491813 ) ) ;
#31 = ORIENTED_EDGE ( 'NONE', *, *, #1303, .F. ) ;
#32 = CARTESIAN_POINT ( 'NONE',  ( 139.2978569294622275, 9.999999999999996447, 56.75568450057134839 ) ) ;
#33 = CARTESIAN_POINT ( 'NONE',  ( 92.95837703977734634, 13.00000000000000178, 45.46413989655228249 ) ) ;
#34 = CARTESIAN_POINT ( 'NONE',  ( 194.8814539628542661, 13.00000000000000178, 27.54346681962920584 ) ) ;
#35 = EDGE_CURVE ( 'NONE', #4235, #186, #7158, .T. ) ;
#36 = EDGE_CURVE ( 'NONE', #1189, #2185, #2476, .T. ) ;
#37 = ORIENTED_EDGE ( 'NONE', *, *, #3505, .F. ) ;
#38 = EDGE_CURVE ( 'NONE', #830, #3782, #1550, .T. ) ;
#39 = CARTESIAN_POINT ( 'NONE',  ( 139.0505224713789119, 10.00000000000000178, 34.07781105072464811 ) ) ;
#40 = ORIENTED_EDGE ( 'NONE', *, *, #2052, .T. ) ;
#41 = CARTESIAN_POINT ( 'NONE',  ( 249.1105671248897124, 13.00000000000000178, 45.76662333562447316 ) ) ;
#42 = FACE_OUTER_BOUND ( 'NONE', #5526, .T. ) ;
#43 = CARTESIAN_POINT ( 'NONE',  ( 243.5043566021298886, 12.99999999999999822, 36.77306022898025617 ) ) ;
#44 = CARTESIAN_POINT ( 'NONE',  ( 219.8912517069278749, 9.999999999999996447, 37.74990674578392458 ) ) ;
#45 = B_SPLINE_SURFACE_WITH_KNOTS ( 'NONE', 3, 1, ( 
 ( #1183, #711 ),
 ( #3577, #2396 ),
 ( #5819, #4019 ),
 ( #4652, #2286 ),
 ( #6879, #1843 ),
 ( #4100, #6332 ),
 ( #6772, #671 ),
 ( #3544, #6259 ),
 ( #2360, #5678 ),
 ( #5129, #87 ),
 ( #4581, #6811 ) ),
 .UNSPECIFIED., .F., .F., .F.,
 ( 4, 1, 1, 1, 1, 1, 1, 1, 4 ),
 ( 2, 2 ),
 ( 0.000000000000000000, 0.1355195283706056020, 0.2608331631936777750, 0.3784760291245025665, 0.4931776464746752131, 0.6092809649289374629, 0.7299810378566440328, 0.8592613089300658036, 1.000000000000000000 ),
 ( 0.000000000000000000, 1.000000000000000000 ),
 .UNSPECIFIED. ) ;
#46 = CARTESIAN_POINT ( 'NONE',  ( 68.72760780900810573, 13.00000000000000178, 29.45452451193689924 ) ) ;
#47 = CARTESIAN_POINT ( 'NONE',  ( 164.4857253191550228, 13.00000000000000178, 54.05650242281573270 ) ) ;
#48 = CARTESIAN_POINT ( 'NONE',  ( 104.2150650914148571, 13.00000000000000178, 47.74054522885079876 ) ) ;
#49 = DIRECTION ( 'NONE',  ( 0.000000000000000000, 0.000000000000000000, 1.000000000000000000 ) ) ;
#50 = DIRECTION ( 'NONE',  ( 1.000000000000000000, 0.000000000000000000, 0.000000000000000000 ) ) ;
#51 = DIRECTION ( 'NONE',  ( 1.224646799147353454E-16, 0.000000000000000000, 1.000000000000000000 ) ) ;
#52 = DIRECTION ( 'NONE',  ( 0.000000000000000000, -0.000000000000000000, 1.000000000000000000 ) ) ;
#53 = EDGE_CURVE ( 'NONE', #5905, #4370, #3211, .T. ) ;
#54 = FACE_OUTER_BOUND ( 'NONE', #6046, .T. ) ;
#55 = FACE_OUTER_BOUND ( 'NONE', #4631, .T. ) ;
#56 = ORIENTED_EDGE ( 'NONE', *, *, #5448, .T. ) ;
#57 = ORIENTED_EDGE ( 'NONE', *, *, #5552, .T. ) ;
#58 = DIRECTION ( 'NONE',  ( 0.000000000000000000, -0.000000000000000000, 1.000000000000000000 ) ) ;
#59 = CARTESIAN_POINT ( 'NONE',  ( 105.2448575067208196, 10.00000000000000000, 55.14668785601595857 ) ) ;
#60 = CARTESIAN_POINT ( 'NONE',  ( 140.1116590574805230, 13.00000000000000178, 56.68303923383442822 ) ) ;
#61 = CARTESIAN_POINT ( 'NONE',  ( 199.9999999999999432, 20.00000000000000000, 96.43724644492834841 ) ) ;
#62 = ORIENTED_EDGE ( 'NONE', *, *, #3223, .T. ) ;
#63 = CARTESIAN_POINT ( 'NONE',  ( 199.9999999999999432, 20.00000000000000000, 96.43724644492834841 ) ) ;
#64 = VERTEX_POINT ( 'NONE', #7176 ) ;
#65 = LINE ( 'NONE', #6857, #1849 ) ;
#66 = CARTESIAN_POINT ( 'NONE',  ( 251.5880369524752780, 10.00000000000000178, 41.35023849663902240 ) ) ;
#67 = VERTEX_POINT ( 'NONE', #2590 ) ;
#68 = CARTESIAN_POINT ( 'NONE',  ( 140.9027987811193725, 9.999999999999996447, 56.58572179185647855 ) ) ;
#69 = CARTESIAN_POINT ( 'NONE',  ( 114.9074235775801895, 13.00000000000000178, 56.26506804300539244 ) ) ;
#70 = CARTESIAN_POINT ( 'NONE',  ( 249.7350541662537466, 10.00000000000000000, 36.74178829034762117 ) ) ;
#71 = VECTOR ( 'NONE', #4939, 1000.000000000000000 ) ;
#72 = CARTESIAN_POINT ( 'NONE',  ( 227.1641133651985456, 13.00000000000000178, 46.58069905017735834 ) ) ;
#73 = ORIENTED_EDGE ( 'NONE', *, *, #6450, .F. ) ;
#74 = CARTESIAN_POINT ( 'NONE',  ( 81.73030523790517066, 12.99999999999999822, 56.57015565131724344 ) ) ;
#75 = ORIENTED_EDGE ( 'NONE', *, *, #2474, .F. ) ;
#76 = LINE ( 'NONE', #3392, #3389 ) ;
#77 = CARTESIAN_POINT ( 'NONE',  ( 173.5795009518785150, 13.00000000000000178, 43.68967091283518300 ) ) ;
#78 = LINE ( 'NONE', #6067, #4403 ) ;
#79 = CARTESIAN_POINT ( 'NONE',  ( 223.0609792008055479, 12.99999999999999822, 40.65178281699719776 ) ) ;
#80 = VECTOR ( 'NONE', #3247, 1000.000000000000000 ) ;
#81 = VECTOR ( 'NONE', #6525, 1000.000000000000000 ) ;
#82 = CIRCLE ( 'NONE', #549, 1.500000000000001332 ) ;
#83 = CARTESIAN_POINT ( 'NONE',  ( 54.49683857823887934, 13.00000000000000178, 38.68529374270612919 ) ) ;
#84 = CARTESIAN_POINT ( 'NONE',  ( 207.1973628425489835, 13.00000000000000178, 45.19729639599286486 ) ) ;
#85 = CARTESIAN_POINT ( 'NONE',  ( 157.5283495250789656, 12.99999999999999822, 54.22677498651071204 ) ) ;
#86 = DIRECTION ( 'NONE',  ( -0.000000000000000000, -1.000000000000000000, -0.000000000000000000 ) ) ;
#87 = CARTESIAN_POINT ( 'NONE',  ( 243.5043566021298886, 9.999999999999992895, 36.77306022898025617 ) ) ;
#88 = AXIS2_PLACEMENT_3D ( 'NONE', #2369, #2262, #684 ) ;
#89 = LINE ( 'NONE', #4982, #7247 ) ;
#90 = DIRECTION ( 'NONE',  ( 1.000000000000000000, 0.000000000000000000, -0.000000000000000000 ) ) ;
#91 = AXIS2_PLACEMENT_3D ( 'NONE', #1700, #3952, #6263 ) ;
#92 = ORIENTED_EDGE ( 'NONE', *, *, #1871, .T. ) ;
#93 = FACE_OUTER_BOUND ( 'NONE', #342, .T. ) ;
#94 = LINE ( 'NONE', #2332, #4295 ) ;
#95 = VERTEX_POINT ( 'NONE', #3766 ) ;
#96 = ORIENTED_EDGE ( 'NONE', *, *, #1149, .T. ) ;
#97 = CARTESIAN_POINT ( 'NONE',  ( 226.0331238346655880, 13.00000000000000178, 40.30981004397936118 ) ) ;
#98 = AXIS2_PLACEMENT_3D ( 'NONE', #1939, #1286, #3125 ) ;
#99 = DIRECTION ( 'NONE',  ( -0.000000000000000000, -1.000000000000000000, -0.000000000000000000 ) ) ;
#100 = CARTESIAN_POINT ( 'NONE',  ( 197.5365031531262048, 13.00000000000000178, 25.23150515884538692 ) ) ;
#101 = CARTESIAN_POINT ( 'NONE',  ( 131.0936546692717570, 10.00000000000000355, 36.39756720957432634 ) ) ;
#102 = EDGE_CURVE ( 'NONE', #2194, #6356, #5748, .T. ) ;
#103 = EDGE_CURVE ( 'NONE', #3761, #1087, #7033, .T. ) ;
#104 = AXIS2_PLACEMENT_3D ( 'NONE', #4021, #52, #90 ) ;
#105 = FACE_OUTER_BOUND ( 'NONE', #4336, .T. ) ;
#106 = VERTEX_POINT ( 'NONE', #965 ) ;
#107 = CARTESIAN_POINT ( 'NONE',  ( 157.5664648379403161, 13.00000000000000178, 36.59660742638341446 ) ) ;
#108 = DIRECTION ( 'NONE',  ( -1.000000000000000000, 0.000000000000000000, 0.000000000000000000 ) ) ;
#109 = ORIENTED_EDGE ( 'NONE', *, *, #6765, .T. ) ;
#110 = CARTESIAN_POINT ( 'NONE',  ( 145.7596405869670662, 13.00000000000000533, 54.70717769178786227 ) ) ;
#111 = CARTESIAN_POINT ( 'NONE',  ( 90.45480393803264008, 10.00000000000000000, 51.62126537154139072 ) ) ;
#112 = LINE ( 'NONE', #2347, #2653 ) ;
#113 = CARTESIAN_POINT ( 'NONE',  ( 218.2273626430202285, 10.00000000000000000, 56.57225366324140481 ) ) ;
#114 = EDGE_LOOP ( 'NONE', ( #1223, #735, #3992, #1858, #3638, #2937, #4699, #6405, #5076 ) ) ;
#115 = CARTESIAN_POINT ( 'NONE',  ( 77.66659897315490468, 10.00000000000000178, 54.90598210148768743 ) ) ;
#116 = EDGE_LOOP ( 'NONE', ( #1548, #7002, #3255, #7137 ) ) ;
#117 = LINE ( 'NONE', #1797, #1503 ) ;
#118 = CARTESIAN_POINT ( 'NONE',  ( 68.72760780900810573, 10.00000000000000000, 41.76221681962920940 ) ) ;
#119 = LINE ( 'NONE', #4608, #3387 ) ;
#120 = DIRECTION ( 'NONE',  ( 0.000000000000000000, 0.000000000000000000, -1.000000000000000000 ) ) ;
#121 = EDGE_CURVE ( 'NONE', #3665, #2007, #3370, .T. ) ;
#122 = PLANE ( 'NONE',  #1497 ) ;
#123 = CARTESIAN_POINT ( 'NONE',  ( 208.1768798874273898, 13.00000000000000178, 41.37399618693083880 ) ) ;
#124 = CARTESIAN_POINT ( 'NONE',  ( 207.4525574521420879, 9.999999999999996447, 47.76036701902580006 ) ) ;
#125 = DIRECTION ( 'NONE',  ( 0.000000000000000000, 0.000000000000000000, 1.000000000000000000 ) ) ;
#126 = CARTESIAN_POINT ( 'NONE',  ( 79.68556732501284046, 13.00000000000000178, 37.86962970093852476 ) ) ;
#127 = CARTESIAN_POINT ( 'NONE',  ( 66.66666666666668561, 10.00000000000000000, 97.93724644492834841 ) ) ;
#128 = B_SPLINE_CURVE_WITH_KNOTS ( 'NONE', 3,
 ( #4972, #6585, #2618, #992, #5996, #445, #7095, #5487, #2689, #1030, #512 ),
 .UNSPECIFIED., .F., .F.,
 ( 4, 1, 1, 1, 1, 1, 1, 1, 4 ),
 ( 0.000000000000000000, 0.1355195283706056020, 0.2608331631936777750, 0.3784760291245025665, 0.4931776464746752131, 0.6092809649289374629, 0.7299810378566440328, 0.8592613089300658036, 1.000000000000000000 ),
 .UNSPECIFIED. ) ;
#129 = APPROVAL_DATE_TIME ( #2924, #1232 ) ;
#130 = CARTESIAN_POINT ( 'NONE',  ( 141.9843643916103986, 12.99999999999999822, 37.27877626147937207 ) ) ;
#131 = DIRECTION ( 'NONE',  ( 0.000000000000000000, 0.000000000000000000, -1.000000000000000000 ) ) ;
#132 = CARTESIAN_POINT ( 'NONE',  ( 158.6413167854243795, 10.00000000000000355, 51.56446602506199639 ) ) ;
#133 = VERTEX_POINT ( 'NONE', #6004 ) ;
#134 = EDGE_CURVE ( 'NONE', #4782, #5792, #4404, .T. ) ;
#135 = DIRECTION ( 'NONE',  ( 0.000000000000000000, 0.000000000000000000, 1.000000000000000000 ) ) ;
#136 = CARTESIAN_POINT ( 'NONE',  ( 199.9999999999999432, 20.00000000000000000, 94.93724644492834841 ) ) ;
#137 = EDGE_CURVE ( 'NONE', #6826, #7261, #6593, .T. ) ;
#138 = DIRECTION ( 'NONE',  ( 0.000000000000000000, 0.000000000000000000, -1.000000000000000000 ) ) ;
#139 = CARTESIAN_POINT ( 'NONE',  ( 131.7743585517257543, 12.99999999999999822, 39.25617985670191956 ) ) ;
#140 = VERTEX_POINT ( 'NONE', #3800 ) ;
#141 = EDGE_CURVE ( 'NONE', #2044, #4975, #5970, .T. ) ;
#142 = CARTESIAN_POINT ( 'NONE',  ( 233.3333333333332860, 20.00000000000000000, 96.43724644492834841 ) ) ;
#143 = DIRECTION ( 'NONE',  ( 0.000000000000000000, 0.000000000000000000, 1.000000000000000000 ) ) ;
#144 = VERTEX_POINT ( 'NONE', #7143 ) ;
#145 = CARTESIAN_POINT ( 'NONE',  ( 204.5052500420449917, 10.00000000000000000, 45.84730247721677898 ) ) ;
#146 = CARTESIAN_POINT ( 'NONE',  ( 92.33952389217817824, 9.999999999999996447, 48.85447994044527320 ) ) ;
#147 = CARTESIAN_POINT ( 'NONE',  ( 211.2373485264214423, 9.999999999999998224, 34.95928154362823648 ) ) ;
#148 = ORIENTED_EDGE ( 'NONE', *, *, #6011, .T. ) ;
#149 = ADVANCED_FACE ( 'NONE', ( #2112 ), #4354, .T. ) ;
#150 = CARTESIAN_POINT ( 'NONE',  ( 220.3944302567643945, 13.00000000000000178, 55.93445609116771777 ) ) ;
#151 = ORIENTED_EDGE ( 'NONE', *, *, #2274, .T. ) ;
#152 = CARTESIAN_POINT ( 'NONE',  ( 72.58426853920626343, 13.00000000000000178, 45.74512780677689960 ) ) ;
#153 = ADVANCED_FACE ( 'NONE', ( #3245 ), #5896, .T. ) ;
#154 = ORIENTED_EDGE ( 'NONE', *, *, #7148, .T. ) ;
#155 = LINE ( 'NONE', #4571, #5620 ) ;
#156 = CARTESIAN_POINT ( 'NONE',  ( 173.3827444397761610, 12.99999999999999467, 42.85195326123239568 ) ) ;
#157 = CARTESIAN_POINT ( 'NONE',  ( 54.49683857823887934, 10.00000000000000000, 38.68529374270612919 ) ) ;
#158 = DIRECTION ( 'NONE',  ( -1.000000000000000000, 0.000000000000000000, 0.000000000000000000 ) ) ;
#159 = CARTESIAN_POINT ( 'NONE',  ( 207.5016462705465585, 10.00000000000000000, 37.69971681962920940 ) ) ;
#160 = FACE_OUTER_BOUND ( 'NONE', #1967, .T. ) ;
#161 = CARTESIAN_POINT ( 'NONE',  ( 187.9583770397773606, 10.00000000000000000, 37.14683220424458909 ) ) ;
#162 = CARTESIAN_POINT ( 'NONE',  ( 104.1315457930380148, 13.00000000000000533, 46.31386994824730152 ) ) ;
#163 = FACE_OUTER_BOUND ( 'NONE', #3124, .T. ) ;
#164 = DIRECTION ( 'NONE',  ( -1.000000000000000000, 0.000000000000000000, -0.000000000000000000 ) ) ;
#165 = APPLICATION_PROTOCOL_DEFINITION ( 'international standard', 'config_control_design', 1994, #6829 ) ;
#166 = ADVANCED_FACE ( 'NONE', ( #6481 ), #6262, .T. ) ;
#167 = B_SPLINE_SURFACE_WITH_KNOTS ( 'NONE', 3, 1, ( 
 ( #2727, #3398 ),
 ( #5091, #2878 ),
 ( #5127, #4465 ),
 ( #1627, #5015 ),
 ( #2810, #1587 ),
 ( #48, #2284 ),
 ( #2766, #3838 ),
 ( #4979, #3908 ),
 ( #5057, #6076 ),
 ( #4534, #4425 ),
 ( #1106, #3283 ) ),
 .UNSPECIFIED., .F., .F., .F.,
 ( 4, 1, 1, 1, 1, 1, 1, 1, 4 ),
 ( 2, 2 ),
 ( 0.000000000000000000, 0.1736165757486500816, 0.3321203769789023985, 0.4779362767239450638, 0.6099318098113857278, 0.7270315210379777460, 0.8316714227513101187, 0.9217154761224310988, 1.000000000000000000 ),
 ( 0.000000000000000000, 1.000000000000000000 ),
 .UNSPECIFIED. ) ;
#168 = CARTESIAN_POINT ( 'NONE',  ( 243.6074155013158133, 13.00000000000000178, 34.06990912732151600 ) ) ;
#169 = CARTESIAN_POINT ( 'NONE',  ( 127.2626796713283142, 10.00000000000000000, 49.91119908669642058 ) ) ;
#170 = CARTESIAN_POINT ( 'NONE',  ( 143.1341138142644240, 10.00000000000000533, 56.02413643906469076 ) ) ;
#171 = ORIENTED_EDGE ( 'NONE', *, *, #5629, .F. ) ;
#172 = CARTESIAN_POINT ( 'NONE',  ( 54.49683857823887934, 13.00000000000000178, 41.76221681962920940 ) ) ;
#173 = CARTESIAN_POINT ( 'NONE',  ( 132.4211904484677405, 13.00000000000000178, 35.56963572605084778 ) ) ;
#174 = CARTESIAN_POINT ( 'NONE',  ( 81.83482621842348692, 10.00000000000000178, 53.80208307318233807 ) ) ;
#175 = EDGE_CURVE ( 'NONE', #5647, #4075, #875, .T. ) ;
#176 = ADVANCED_FACE ( 'NONE', ( #556 ), #167, .T. ) ;
#177 = CARTESIAN_POINT ( 'NONE',  ( 156.0831918610770970, 13.00000000000000178, 46.50543886556516782 ) ) ;
#178 = ORIENTED_EDGE ( 'NONE', *, *, #6832, .T. ) ;
#179 = CARTESIAN_POINT ( 'NONE',  ( 187.9583770397773606, 13.00000000000000178, 25.60837066578305254 ) ) ;
#180 = CARTESIAN_POINT ( 'NONE',  ( 233.3333333333332860, 20.00000000000000000, 96.43724644492834841 ) ) ;
#181 = CARTESIAN_POINT ( 'NONE',  ( 249.1122231936234925, 13.00000000000000178, 56.37760143501382260 ) ) ;
#182 = DIRECTION ( 'NONE',  ( -0.000000000000000000, -1.000000000000000000, -0.000000000000000000 ) ) ;
#183 = LINE ( 'NONE', #6866, #3607 ) ;
#184 = ORIENTED_EDGE ( 'NONE', *, *, #5260, .F. ) ;
#185 = DIRECTION ( 'NONE',  ( 0.000000000000000000, 0.000000000000000000, -1.000000000000000000 ) ) ;
#186 = VERTEX_POINT ( 'NONE', #5530 ) ;
#187 = CARTESIAN_POINT ( 'NONE',  ( 248.8189423356720340, 9.999999999999992895, 41.19307946799326459 ) ) ;
#188 = CARTESIAN_POINT ( 'NONE',  ( 168.3322110694501532, 13.00000000000000533, 37.37345188199134327 ) ) ;
#189 = DIRECTION ( 'NONE',  ( -1.000000000000000000, 0.000000000000000000, 0.000000000000000000 ) ) ;
#190 = EDGE_CURVE ( 'NONE', #4258, #504, #3352, .T. ) ;
#191 = CARTESIAN_POINT ( 'NONE',  ( 224.4968385782388793, 10.00000000000000000, 45.49418797347536270 ) ) ;
#192 = VECTOR ( 'NONE', #4584, 1000.000000000000000 ) ;
#193 = ADVANCED_FACE ( 'NONE', ( #4017 ), #5856, .F. ) ;
#194 = ORIENTED_EDGE ( 'NONE', *, *, #1014, .T. ) ;
#195 = CARTESIAN_POINT ( 'NONE',  ( 207.2622111215815153, 13.00000000000000178, 37.97610751416735297 ) ) ;
#196 = CARTESIAN_POINT ( 'NONE',  ( 104.1122231936234925, 13.00000000000000178, 44.62279374270612919 ) ) ;
#197 = CARTESIAN_POINT ( 'NONE',  ( 138.1644417497660982, 12.99999999999999822, 36.77127546714095985 ) ) ;
#198 = LINE ( 'NONE', #3576, #4684 ) ;
#200 = LINE ( 'NONE', #5093, #4899 ) ;
#199 = CIRCLE ( 'NONE', #5363, 1.500000000000001332 ) ;
#201 = CARTESIAN_POINT ( 'NONE',  ( 84.42920604361387404, 13.00000000000000178, 36.76771292081669174 ) ) ;
#202 = VECTOR ( 'NONE', #1090, 1000.000000000000000 ) ;
#203 = AXIS2_PLACEMENT_3D ( 'NONE', #7021, #4717, #296 ) ;
#204 = B_SPLINE_CURVE_WITH_KNOTS ( 'NONE', 3,
 ( #3297, #4994, #4368, #2825, #2125, #1568, #1121, #2091, #4963, #6607, #3263, #3815, #6681, #6019, #574, #7191, #3334, #2745, #1604 ),
 .UNSPECIFIED., .F., .F.,
 ( 4, 1, 1, 1, 1, 1, 1, 1, 1, 1, 1, 1, 1, 1, 1, 1, 4 ),
 ( 0.000000000000000000, 0.06377453230563219500, 0.1260788099895058523, 0.1869040927472074842, 0.2475739349176193926, 0.3080033561644469620, 0.3691318984609776033, 0.4320332277442042179, 0.4967907944370911211, 0.5616108232295654590, 0.6249138657484626380, 0.6867263492419245496, 0.7480788332577706923, 0.8095822911398954380, 0.8716307425688268884, 0.9348858208285539817, 1.000000000000000000 ),
 .UNSPECIFIED. ) ;
#205 = CARTESIAN_POINT ( 'NONE',  ( 127.0357301250707707, 13.00000000000000533, 41.84699477803371082 ) ) ;
#206 = CARTESIAN_POINT ( 'NONE',  ( 173.7276078090081057, 10.00000000000000000, 52.58553412732151600 ) ) ;
#207 = CARTESIAN_POINT ( 'NONE',  ( 239.0507735468741544, 9.999999999999996447, 35.08476932178484731 ) ) ;
#208 = ORIENTED_EDGE ( 'NONE', *, *, #6513, .F. ) ;
#209 = CARTESIAN_POINT ( 'NONE',  ( 54.49683857823887934, 13.00000000000000178, 29.45452451193689924 ) ) ;
#210 = CARTESIAN_POINT ( 'NONE',  ( 173.7276078090081057, 13.00000000000000178, 56.37760143501382260 ) ) ;
#211 = CARTESIAN_POINT ( 'NONE',  ( 76.45286935378558724, 10.00000000000000355, 49.72740125713123405 ) ) ;
#212 = VECTOR ( 'NONE', #5648, 1000.000000000000000 ) ;
#213 = VECTOR ( 'NONE', #125, 1000.000000000000000 ) ;
#214 = FACE_OUTER_BOUND ( 'NONE', #3974, .T. ) ;
#215 = VERTEX_POINT ( 'NONE', #161 ) ;
#216 = CARTESIAN_POINT ( 'NONE',  ( 92.61351367054551531, 10.00000000000000355, 42.85195326123243120 ) ) ;
#217 = CARTESIAN_POINT ( 'NONE',  ( 243.2060343156544491, 10.00000000000000000, 34.08287546972646709 ) ) ;
#218 = CARTESIAN_POINT ( 'NONE',  ( 148.7276078090081342, 10.00000000000000000, 39.20813028116766930 ) ) ;
#219 = CARTESIAN_POINT ( 'NONE',  ( 199.9999999999999432, 20.00000000000000000, 96.43724644492834841 ) ) ;
#220 = VECTOR ( 'NONE', #2497, 1000.000000000000000 ) ;
#221 = AXIS2_PLACEMENT_3D ( 'NONE', #6474, #5818, #4272 ) ;
#222 = CARTESIAN_POINT ( 'NONE',  ( 266.6666666666666856, 10.00000000000000000, 94.93724644492831999 ) ) ;
#223 = ORIENTED_EDGE ( 'NONE', *, *, #1411, .T. ) ;
#224 = B_SPLINE_CURVE_WITH_KNOTS ( 'NONE', 3,
 ( #1323, #7024, #3611, #1432, #6914, #1911, #774, #4753, #5855, #844, #4687 ),
 .UNSPECIFIED., .F., .F.,
 ( 4, 1, 1, 1, 1, 1, 1, 1, 4 ),
 ( 0.000000000000000000, 0.1317514273024050775, 0.2583323505141578713, 0.3821339760925451801, 0.5038043916000845002, 0.6246929865409319715, 0.7468705897275765837, 0.8715135042348156613, 1.000000000000000000 ),
 .UNSPECIFIED. ) ;
#225 = CARTESIAN_POINT ( 'NONE',  ( 118.1805898199735338, 10.00000000000000178, 54.37548729267580683 ) ) ;
#226 = VERTEX_POINT ( 'NONE', #236 ) ;
#227 = CARTESIAN_POINT ( 'NONE',  ( 248.7937135782388793, 9.999999999999996447, 41.07712066578305610 ) ) ;
#228 = LINE ( 'NONE', #2460, #6763 ) ;
#229 = CARTESIAN_POINT ( 'NONE',  ( 129.3952109861143072, 13.00000000000000533, 47.62724546477542020 ) ) ;
#230 = FACE_BOUND ( 'NONE', #2980, .T. ) ;
#231 = B_SPLINE_SURFACE_WITH_KNOTS ( 'NONE', 3, 1, ( 
 ( #2116, #2254 ),
 ( #3771, #2179 ),
 ( #5020, #5567 ),
 ( #6153, #1073 ),
 ( #560, #2731 ),
 ( #1110, #5502 ),
 ( #2770, #1631 ),
 ( #6008, #969 ),
 ( #6080, #4502 ),
 ( #3323, #3215 ),
 ( #2147, #3804 ) ),
 .UNSPECIFIED., .F., .F., .F.,
 ( 4, 1, 1, 1, 1, 1, 1, 1, 4 ),
 ( 2, 2 ),
 ( 0.000000000000000000, 0.1318667517023338065, 0.2566614034533643562, 0.3842132129425004927, 0.5133652331525877521, 0.6404431518253905775, 0.7610850047778844329, 0.8791455246531607592, 1.000000000000000000 ),
 ( 0.000000000000000000, 1.000000000000000000 ),
 .UNSPECIFIED. ) ;
#232 = VERTEX_POINT ( 'NONE', #2466 ) ;
#233 = FACE_OUTER_BOUND ( 'NONE', #6945, .T. ) ;
#234 = LINE ( 'NONE', #2465, #2893 ) ;
#235 = ADVANCED_FACE ( 'NONE', ( #1359 ), #3451, .T. ) ;
#236 = CARTESIAN_POINT ( 'NONE',  ( 104.1122231936234925, 10.00000000000000000, 44.62279374270612919 ) ) ;
#237 = CARTESIAN_POINT ( 'NONE',  ( 215.8429924243927189, 10.00000000000000000, 54.06990912732151600 ) ) ;
#238 = CARTESIAN_POINT ( 'NONE',  ( 129.7838773345364132, 12.99999999999999822, 48.71516281069281007 ) ) ;
#239 = CARTESIAN_POINT ( 'NONE',  ( 224.1843385782388793, 13.00000000000000178, 37.68168797347536270 ) ) ;
#240 = EDGE_CURVE ( 'NONE', #1006, #7045, #6090, .T. ) ;
#241 = CARTESIAN_POINT ( 'NONE',  ( 92.95837703977734634, 13.00000000000000178, 56.37760143501382260 ) ) ;
#242 = B_SPLINE_CURVE_WITH_KNOTS ( 'NONE', 3,
 ( #6886, #5181, #6994, #3621, #4108, #207, #3037, #4698, #6923, #6336, #2365 ),
 .UNSPECIFIED., .F., .F.,
 ( 4, 1, 1, 1, 1, 1, 1, 1, 4 ),
 ( 0.000000000000000000, 0.1409759662687697646, 0.2735687809631683898, 0.3989883138042528699, 0.5199297813924316225, 0.6381100215247444973, 0.7565889007405944833, 0.8768597544106051522, 1.000000000000000000 ),
 .UNSPECIFIED. ) ;
#243 = CARTESIAN_POINT ( 'NONE',  ( 127.3140918260885144, 13.00000000000000533, 41.13913962400169311 ) ) ;
#244 = CARTESIAN_POINT ( 'NONE',  ( 194.9084122001381729, 9.999999999999998224, 27.08282982921788218 ) ) ;
#245 = CARTESIAN_POINT ( 'NONE',  ( 141.6710036237731458, 10.00000000000000178, 56.43905746202364071 ) ) ;
#246 = ORIENTED_EDGE ( 'NONE', *, *, #988, .F. ) ;
#247 = CARTESIAN_POINT ( 'NONE',  ( 118.3429924243927189, 13.00000000000000178, 34.45452451193689569 ) ) ;
#248 = LINE ( 'NONE', #6819, #5718 ) ;
#249 = CARTESIAN_POINT ( 'NONE',  ( 199.7070318634718546, 10.00000000000000355, 26.64512023788945072 ) ) ;
#250 = CARTESIAN_POINT ( 'NONE',  ( 104.5389058859311859, 13.00000000000000178, 49.74899566578304899 ) ) ;
#251 = EDGE_LOOP ( 'NONE', ( #4025, #5767, #4071, #995 ) ) ;
#252 = ORIENTED_EDGE ( 'NONE', *, *, #1337, .T. ) ;
#253 = CARTESIAN_POINT ( 'NONE',  ( 84.12424242439274735, 10.00000000000000000, 36.76221681962921650 ) ) ;
#254 = CARTESIAN_POINT ( 'NONE',  ( 129.1274739268645249, 10.00000000000000178, 45.73970291418198286 ) ) ;
#255 = DIRECTION ( 'NONE',  ( 0.8361437835000391505, 0.000000000000000000, 0.5485103219760222304 ) ) ;
#256 = CARTESIAN_POINT ( 'NONE',  ( 90.02396302451191445, 13.00000000000000178, 55.19671577654076344 ) ) ;
#257 = EDGE_LOOP ( 'NONE', ( #1877, #4638 ) ) ;
#258 = CARTESIAN_POINT ( 'NONE',  ( 121.0353001167004265, 10.00000000000000000, 45.12760143501382260 ) ) ;
#259 = VERTEX_POINT ( 'NONE', #1805 ) ;
#260 = CARTESIAN_POINT ( 'NONE',  ( 141.9843643916103986, 12.99999999999999822, 37.27877626147937207 ) ) ;
#261 = CARTESIAN_POINT ( 'NONE',  ( 92.95015141373512790, 13.00000000000000178, 45.16124420648579019 ) ) ;
#262 = CARTESIAN_POINT ( 'NONE',  ( 206.2700576312429916, 10.00000000000000000, 51.63240496959004844 ) ) ;
#263 = CARTESIAN_POINT ( 'NONE',  ( 236.3708842284422360, 9.999999999999998224, 40.82728518757085823 ) ) ;
#264 = ADVANCED_FACE ( 'NONE', ( #4055 ), #6289, .T. ) ;
#265 = ORIENTED_EDGE ( 'NONE', *, *, #5880, .T. ) ;
#266 = CARTESIAN_POINT ( 'NONE',  ( 232.5737616551619737, 10.00000000000000000, 34.45452451193689569 ) ) ;
#267 = CARTESIAN_POINT ( 'NONE',  ( 145.5808877757056052, 12.99999999999999822, 35.95236573074836883 ) ) ;
#268 = CARTESIAN_POINT ( 'NONE',  ( 213.5702747480799246, 13.00000000000000178, 53.81494463878632928 ) ) ;
#269 = CARTESIAN_POINT ( 'NONE',  ( 199.8538414337380118, 9.999999999999998224, 27.99414934686826228 ) ) ;
#270 = CARTESIAN_POINT ( 'NONE',  ( 233.3333333333332860, 10.00000000000000000, 96.43724644492834841 ) ) ;
#271 = LINE ( 'NONE', #2505, #5929 ) ;
#272 = CARTESIAN_POINT ( 'NONE',  ( 248.8751958768476982, 12.99999999999999822, 41.45163731699150134 ) ) ;
#273 = CARTESIAN_POINT ( 'NONE',  ( 126.4312149586522338, 13.00000000000000178, 44.82313724741562311 ) ) ;
#274 = CARTESIAN_POINT ( 'NONE',  ( 235.2660693474696529, 13.00000000000000178, 38.40885143501382260 ) ) ;
#275 = CARTESIAN_POINT ( 'NONE',  ( 157.2221001230162756, 9.999999999999996447, 49.72740125713122694 ) ) ;
#276 = ORIENTED_EDGE ( 'NONE', *, *, #927, .T. ) ;
#277 = CARTESIAN_POINT ( 'NONE',  ( 171.9397454612123681, 13.00000000000000178, 36.49823338785065374 ) ) ;
#278 = CARTESIAN_POINT ( 'NONE',  ( 3.505202749622875924, 0.000000000000000000, 85.13552925583975650 ) ) ;
#279 = CARTESIAN_POINT ( 'NONE',  ( 185.2660693474696529, 13.00000000000000178, 56.37760143501382260 ) ) ;
#280 = CARTESIAN_POINT ( 'NONE',  ( 84.43951113245095996, 12.99999999999999822, 56.75206996115356617 ) ) ;
#281 = ADVANCED_FACE ( 'NONE', ( #6549 ), #1330, .T. ) ;
#282 = CARTESIAN_POINT ( 'NONE',  ( 153.7991146248455436, 13.00000000000000178, 42.04599820013325484 ) ) ;
#283 = LINE ( 'NONE', #6414, #81 ) ;
#284 = ORIENTED_EDGE ( 'NONE', *, *, #4142, .T. ) ;
#285 = CARTESIAN_POINT ( 'NONE',  ( 77.71359461941268876, 12.99999999999999822, 35.92452989401944308 ) ) ;
#286 = DIRECTION ( 'NONE',  ( -1.000000000000000000, -0.000000000000000000, -0.000000000000000000 ) ) ;
#287 = CARTESIAN_POINT ( 'NONE',  ( 191.8045308859312001, 13.00000000000000178, 37.14683220424458909 ) ) ;
#288 = CARTESIAN_POINT ( 'NONE',  ( 84.00405011670042654, 13.00000000000000178, 56.76221681962920940 ) ) ;
#289 = ORIENTED_EDGE ( 'NONE', *, *, #6919, .F. ) ;
#290 = CARTESIAN_POINT ( 'NONE',  ( 33.33333333333334991, 20.00000000000000000, 96.43724644492834841 ) ) ;
#291 = EDGE_LOOP ( 'NONE', ( #423, #1579, #297, #5853 ) ) ;
#292 = VECTOR ( 'NONE', #4458, 1000.000000000000000 ) ;
#293 = CARTESIAN_POINT ( 'NONE',  ( 112.4483011969710873, 9.999999999999998224, 54.03063504934642225 ) ) ;
#294 = CARTESIAN_POINT ( 'NONE',  ( 86.75716886197318445, 13.00000000000000178, 37.09351631144044603 ) ) ;
#295 = LINE ( 'NONE', #7089, #1736 ) ;
#296 = DIRECTION ( 'NONE',  ( -1.000000000000000000, 4.428532632184137370E-14, 0.000000000000000000 ) ) ;
#297 = ORIENTED_EDGE ( 'NONE', *, *, #4459, .T. ) ;
#298 = CARTESIAN_POINT ( 'NONE',  ( 171.9741715790359535, 13.00000000000000178, 50.78380950763850166 ) ) ;
#299 = CARTESIAN_POINT ( 'NONE',  ( 141.8757234443199593, 12.99999999999999822, 34.42627598828101299 ) ) ;
#300 = CARTESIAN_POINT ( 'NONE',  ( 197.5365018370976031, 12.99999999999999822, 29.83138921042374747 ) ) ;
#301 = CARTESIAN_POINT ( 'NONE',  ( 223.8628597212859290, 10.00000000000000000, 48.83837239987770573 ) ) ;
#302 = CARTESIAN_POINT ( 'NONE',  ( 75.31396109184636600, 10.00000000000000355, 46.50543886556517492 ) ) ;
#303 = FACE_BOUND ( 'NONE', #4080, .T. ) ;
#304 = CARTESIAN_POINT ( 'NONE',  ( 207.5361883414259978, 10.00000000000000178, 42.92666440158208019 ) ) ;
#305 = AXIS2_PLACEMENT_3D ( 'NONE', #1979, #869, #6463 ) ;
#306 = DIRECTION ( 'NONE',  ( -0.000000000000000000, -1.000000000000000000, -0.000000000000000000 ) ) ;
#307 = CARTESIAN_POINT ( 'NONE',  ( 170.3369100419795927, 13.00000000000000178, 52.34132615180608639 ) ) ;
#308 = CARTESIAN_POINT ( 'NONE',  ( 165.2087419016817478, 10.00000000000000000, 56.75206996115357327 ) ) ;
#309 = ORIENTED_EDGE ( 'NONE', *, *, #474, .T. ) ;
#310 = CARTESIAN_POINT ( 'NONE',  ( 106.1474572255850859, 9.999999999999996447, 52.28414757667084700 ) ) ;
#311 = CARTESIAN_POINT ( 'NONE',  ( 133.7133962740389848, 13.00000000000000533, 55.97049093161140121 ) ) ;
#312 = CARTESIAN_POINT ( 'NONE',  ( 75.54325275811478946, 10.00000000000000178, 47.61098666643685817 ) ) ;
#313 = CARTESIAN_POINT ( 'NONE',  ( 92.95837703977734634, 13.00000000000000178, 52.58553412732151600 ) ) ;
#314 = VECTOR ( 'NONE', #3393, 1000.000000000000000 ) ;
#315 = VECTOR ( 'NONE', #1566, 1000.000000000000000 ) ;
#316 = CARTESIAN_POINT ( 'NONE',  ( 153.5331345506240268, 10.00000000000000000, 43.11329757784675110 ) ) ;
#317 = CARTESIAN_POINT ( 'NONE',  ( 156.0727441287618831, 13.00000000000000178, 44.26131613962512290 ) ) ;
#318 = VERTEX_POINT ( 'NONE', #1989 ) ;
#319 = CARTESIAN_POINT ( 'NONE',  ( 82.95388295717600613, 10.00000000000000000, 36.80385835193838773 ) ) ;
#320 = CARTESIAN_POINT ( 'NONE',  ( 129.3952109861143072, 10.00000000000000533, 47.62724546477542020 ) ) ;
#321 = EDGE_CURVE ( 'NONE', #2386, #755, #3360, .T. ) ;
#322 = CARTESIAN_POINT ( 'NONE',  ( 195.0554920613628269, 10.00000000000000000, 28.42445146208820361 ) ) ;
#323 = VECTOR ( 'NONE', #2514, 1000.000000000000000 ) ;
#324 = ADVANCED_FACE ( 'NONE', ( #6437 ), #4449, .T. ) ;
#325 = VECTOR ( 'NONE', #5615, 1000.000000000000000 ) ;
#326 = CARTESIAN_POINT ( 'NONE',  ( 72.57376165516197375, 13.00000000000000178, 45.35596681962920940 ) ) ;
#327 = VERTEX_POINT ( 'NONE', #3098 ) ;
#328 = CARTESIAN_POINT ( 'NONE',  ( 185.2660693474696529, 13.00000000000000178, 34.45452451193689569 ) ) ;
#329 = ORIENTED_EDGE ( 'NONE', *, *, #3377, .F. ) ;
#330 = CARTESIAN_POINT ( 'NONE',  ( 115.5045069255513681, 9.999999999999996447, 52.96780671153156561 ) ) ;
#332 = CARTESIAN_POINT ( 'NONE',  ( 84.42920604361387404, 9.999999999999996447, 36.76771292081669174 ) ) ;
#331 = VECTOR ( 'NONE', #6810, 1000.000000000000000 ) ;
#333 = CARTESIAN_POINT ( 'NONE',  ( 138.5112616551620022, 10.00000000000000000, 54.06990912732152310 ) ) ;
#334 = PLANE ( 'NONE',  #2667 ) ;
#335 = ORIENTED_EDGE ( 'NONE', *, *, #3374, .F. ) ;
#336 = DIRECTION ( 'NONE',  ( 0.000000000000000000, 1.000000000000000000, 0.000000000000000000 ) ) ;
#337 = PLANE ( 'NONE',  #6053 ) ;
#338 = CARTESIAN_POINT ( 'NONE',  ( 199.8538414337380118, 9.999999999999998224, 27.99414934686826228 ) ) ;
#339 = CARTESIAN_POINT ( 'NONE',  ( 198.7674590389789557, 10.00000000000000000, 29.46594151034154052 ) ) ;
#340 = CARTESIAN_POINT ( 'NONE',  ( 75.28205414726768652, 13.00000000000000178, 45.75964438670087020 ) ) ;
#341 = DIRECTION ( 'NONE',  ( 0.000000000000000000, -0.000000000000000000, 1.000000000000000000 ) ) ;
#342 = EDGE_LOOP ( 'NONE', ( #5770, #1450, #6673, #3254 ) ) ;
#343 = EDGE_CURVE ( 'NONE', #547, #1789, #4541, .T. ) ;
#344 = CARTESIAN_POINT ( 'NONE',  ( 92.95837703977734634, 10.00000000000000000, 25.60837066578305254 ) ) ;
#345 = CARTESIAN_POINT ( 'NONE',  ( 146.4740020397773321, 13.00000000000000178, 50.22375528116766930 ) ) ;
#346 = CARTESIAN_POINT ( 'NONE',  ( 164.8694347320850397, 13.00000000000000178, 54.06990912732151600 ) ) ;
#347 = DIRECTION ( 'NONE',  ( -0.000000000000000000, -1.000000000000000000, -0.000000000000000000 ) ) ;
#348 = CARTESIAN_POINT ( 'NONE',  ( 104.5968612146005796, 10.00000000000000000, 49.91204884555649812 ) ) ;
#349 = CARTESIAN_POINT ( 'NONE',  ( 199.1496096029885621, 12.99999999999999822, 25.89245956570815110 ) ) ;
#350 = CARTESIAN_POINT ( 'NONE',  ( 84.12424242439274735, 10.00000000000000000, 36.76221681962921650 ) ) ;
#351 = FACE_OUTER_BOUND ( 'NONE', #5869, .T. ) ;
#352 = CARTESIAN_POINT ( 'NONE',  ( 161.4914787308314033, 13.00000000000000178, 37.37864197663829202 ) ) ;
#353 = EDGE_CURVE ( 'NONE', #6015, #6121, #4307, .T. ) ;
#354 = CARTESIAN_POINT ( 'NONE',  ( 161.4832830742766419, 12.99999999999999467, 34.51213478258944889 ) ) ;
#355 = CARTESIAN_POINT ( 'NONE',  ( 156.0478139525207268, 9.999999999999998224, 45.01013916057724629 ) ) ;
#356 = ORIENTED_EDGE ( 'NONE', *, *, #1665, .F. ) ;
#357 = VERTEX_POINT ( 'NONE', #4796 ) ;
#358 = CARTESIAN_POINT ( 'NONE',  ( 77.85675114685349740, 13.00000000000000178, 39.23377358587184460 ) ) ;
#359 = CARTESIAN_POINT ( 'NONE',  ( 173.7276078090081057, 10.00000000000000000, 38.51101489655228960 ) ) ;
#360 = CARTESIAN_POINT ( 'NONE',  ( 221.3942304276900757, 12.99999999999999822, 55.45928681446972774 ) ) ;
#361 = CARTESIAN_POINT ( 'NONE',  ( 103.8526646613786681, 9.999999999999998224, 53.93707534312297014 ) ) ;
#362 = VERTEX_POINT ( 'NONE', #4238 ) ;
#363 = ORIENTED_EDGE ( 'NONE', *, *, #2001, .F. ) ;
#364 = CARTESIAN_POINT ( 'NONE',  ( 211.4821835564772528, 10.00000000000000000, 52.99244122668554979 ) ) ;
#365 = CARTESIAN_POINT ( 'NONE',  ( 235.6469643926450601, 13.00000000000000178, 42.71540702162960912 ) ) ;
#366 = CARTESIAN_POINT ( 'NONE',  ( 204.6654195571748289, 13.00000000000000178, 43.31176190771966361 ) ) ;
#367 = CARTESIAN_POINT ( 'NONE',  ( 238.4145365568097077, 10.00000000000000178, 38.42616141609028801 ) ) ;
#368 = ADVANCED_FACE ( 'NONE', ( #2617 ), #4868, .T. ) ;
#369 = ORIENTED_EDGE ( 'NONE', *, *, #4775, .T. ) ;
#370 = CARTESIAN_POINT ( 'NONE',  ( 127.7434300405140846, 10.00000000000000000, 50.88670930991781205 ) ) ;
#371 = CARTESIAN_POINT ( 'NONE',  ( 148.5607445732994165, 10.00000000000000000, 38.93995591262626021 ) ) ;
#372 = CARTESIAN_POINT ( 'NONE',  ( 198.3367551602638628, 12.99999999999999822, 29.68626784381318728 ) ) ;
#373 = CARTESIAN_POINT ( 'NONE',  ( 173.7276078090081057, 10.00000000000000000, 38.51101489655228960 ) ) ;
#374 = CARTESIAN_POINT ( 'NONE',  ( 79.71389563093886466, 10.00000000000000000, 52.94212741259030253 ) ) ;
#375 = CARTESIAN_POINT ( 'NONE',  ( 113.5664866478351911, 13.00000000000000178, 53.81820471839364473 ) ) ;
#376 = ORIENTED_EDGE ( 'NONE', *, *, #5446, .F. ) ;
#377 = DIRECTION ( 'NONE',  ( 0.000000000000000000, 0.000000000000000000, 1.000000000000000000 ) ) ;
#378 = CARTESIAN_POINT ( 'NONE',  ( 170.9240055956471167, 10.00000000000000000, 35.72354800764802718 ) ) ;
#379 = CARTESIAN_POINT ( 'NONE',  ( 166.0337354973732147, 12.99999999999999822, 54.02738226272910538 ) ) ;
#380 = CARTESIAN_POINT ( 'NONE',  ( 181.4199155013158133, 13.00000000000000178, 37.14683220424458909 ) ) ;
#381 = CARTESIAN_POINT ( 'NONE',  ( 92.95837703977734634, 10.00000000000000178, 38.69731297347536270 ) ) ;
#382 = CARTESIAN_POINT ( 'NONE',  ( 197.3694347320850397, 13.00000000000000178, 25.22375528116766930 ) ) ;
#383 = CARTESIAN_POINT ( 'NONE',  ( 87.76436675758066031, 10.00000000000000355, 56.21964696543575712 ) ) ;
#384 = CARTESIAN_POINT ( 'NONE',  ( 198.7276078090081057, 13.00000000000000178, 34.45452451193689569 ) ) ;
#385 = DIRECTION ( 'NONE',  ( -1.000000000000000000, 0.000000000000000000, 0.000000000000000000 ) ) ;
#386 = EDGE_CURVE ( 'NONE', #4088, #4814, #5190, .T. ) ;
#387 = CARTESIAN_POINT ( 'NONE',  ( 215.8429924243927189, 10.00000000000000178, 36.76221681962920940 ) ) ;
#388 = CARTESIAN_POINT ( 'NONE',  ( 104.1122231936234925, 10.00000000000000000, 44.62279374270612919 ) ) ;
#389 = ORIENTED_EDGE ( 'NONE', *, *, #2746, .F. ) ;
#390 = ORIENTED_EDGE ( 'NONE', *, *, #5033, .T. ) ;
#391 = CARTESIAN_POINT ( 'NONE',  ( 74.46403719547072342, 13.00000000000000178, 39.10513232824221319 ) ) ;
#392 = CARTESIAN_POINT ( 'NONE',  ( 164.8934731936235210, 10.00000000000000000, 36.76221681962920940 ) ) ;
#393 = EDGE_CURVE ( 'NONE', #5695, #2351, #649, .T. ) ;
#394 = CARTESIAN_POINT ( 'NONE',  ( 296.4644660940673475, 0.000000000000000000, 3.535533905932737309 ) ) ;
#395 = EDGE_CURVE ( 'NONE', #6600, #1026, #6206, .T. ) ;
#396 = CARTESIAN_POINT ( 'NONE',  ( 104.2827538157412590, 9.999999999999998224, 54.37119554726965731 ) ) ;
#397 = VERTEX_POINT ( 'NONE', #2787 ) ;
#398 = ORIENTED_EDGE ( 'NONE', *, *, #2211, .F. ) ;
#399 = CARTESIAN_POINT ( 'NONE',  ( 92.95837703977734634, 13.00000000000000178, 38.69731297347536270 ) ) ;
#400 = LINE ( 'NONE', #1646, #664 ) ;
#401 = CARTESIAN_POINT ( 'NONE',  ( 83.71649454992426342, 13.00000000000000178, 54.05650242281573981 ) ) ;
#402 = CARTESIAN_POINT ( 'NONE',  ( 235.2673756692031475, 10.00000000000000000, 48.10837227740439914 ) ) ;
#403 = VERTEX_POINT ( 'NONE', #1820 ) ;
#404 = CARTESIAN_POINT ( 'NONE',  ( 127.2626796713283142, 13.00000000000000178, 49.91119908669642058 ) ) ;
#405 = CARTESIAN_POINT ( 'NONE',  ( 209.6971304088433214, 12.99999999999999822, 51.65644130948591339 ) ) ;
#406 = EDGE_CURVE ( 'NONE', #6351, #3928, #5624, .T. ) ;
#407 = DIRECTION ( 'NONE',  ( 0.000000000000000000, 1.000000000000000000, 0.000000000000000000 ) ) ;
#408 = CARTESIAN_POINT ( 'NONE',  ( 138.5112616551620022, 13.00000000000000178, 54.06990912732152310 ) ) ;
#409 = FACE_BOUND ( 'NONE', #2754, .T. ) ;
#410 = ORIENTED_EDGE ( 'NONE', *, *, #2246, .T. ) ;
#411 = DIRECTION ( 'NONE',  ( 1.000000000000000000, 0.000000000000000000, 0.000000000000000000 ) ) ;
#412 = ADVANCED_FACE ( 'NONE', ( #2373 ), #1919, .T. ) ;
#413 = CARTESIAN_POINT ( 'NONE',  ( 138.6915501167004550, 10.00000000000000178, 34.06990912732152310 ) ) ;
#414 = CARTESIAN_POINT ( 'NONE',  ( 214.1325096412702749, 12.99999999999999822, 36.91095492495090724 ) ) ;
#415 = DIRECTION ( 'NONE',  ( 0.000000000000000000, 1.000000000000000000, 0.000000000000000000 ) ) ;
#416 = CARTESIAN_POINT ( 'NONE',  ( 92.67307099642532364, 13.00000000000000178, 38.33071978043330574 ) ) ;
#417 = CARTESIAN_POINT ( 'NONE',  ( 92.67307099642532364, 13.00000000000000178, 38.33071978043330574 ) ) ;
#418 = DIRECTION ( 'NONE',  ( -0.000000000000000000, -1.000000000000000000, -0.000000000000000000 ) ) ;
#419 = CARTESIAN_POINT ( 'NONE',  ( 156.6791649053888023, 13.00000000000000178, 53.45030617205738110 ) ) ;
#420 = VECTOR ( 'NONE', #3344, 1000.000000000000000 ) ;
#421 = CARTESIAN_POINT ( 'NONE',  ( 167.5263996312039296, 10.00000000000000000, 37.09351631144043893 ) ) ;
#422 = CARTESIAN_POINT ( 'NONE',  ( 220.4598371785232871, 13.00000000000000533, 34.94813308764030779 ) ) ;
#423 = ORIENTED_EDGE ( 'NONE', *, *, #4461, .F. ) ;
#424 = ORIENTED_EDGE ( 'NONE', *, *, #802, .F. ) ;
#425 = CARTESIAN_POINT ( 'NONE',  ( 118.3429924243927189, 13.00000000000000178, 44.62279374270612919 ) ) ;
#426 = LINE ( 'NONE', #6604, #5493 ) ;
#427 = EDGE_CURVE ( 'NONE', #5409, #4349, #6792, .T. ) ;
#428 = CARTESIAN_POINT ( 'NONE',  ( 224.7655966132311107, 13.00000000000000178, 52.53370526903315607 ) ) ;
#429 = AXIS2_PLACEMENT_3D ( 'NONE', #2576, #872, #3126 ) ;
#430 = AXIS2_PLACEMENT_3D ( 'NONE', #9, #2245, #6727 ) ;
#431 = CARTESIAN_POINT ( 'NONE',  ( 102.7822156033699201, 13.00000000000000178, 52.43659032673190978 ) ) ;
#432 = VERTEX_POINT ( 'NONE', #2343 ) ;
#433 = ORIENTED_EDGE ( 'NONE', *, *, #5764, .T. ) ;
#434 = CARTESIAN_POINT ( 'NONE',  ( 235.2660693474696529, 13.00000000000000178, 34.45452451193689569 ) ) ;
#435 = CARTESIAN_POINT ( 'NONE',  ( 300.0000000000000000, 10.00000000000000000, 0.000000000000000000 ) ) ;
#436 = PLANE ( 'NONE',  #4683 ) ;
#437 = CARTESIAN_POINT ( 'NONE',  ( 235.4219887001751204, 13.00000000000000178, 44.17699046833391918 ) ) ;
#438 = VECTOR ( 'NONE', #4426, 1000.000000000000000 ) ;
#439 = ORIENTED_EDGE ( 'NONE', *, *, #7100, .T. ) ;
#440 = ADVANCED_FACE ( 'NONE', ( #4596 ), #5681, .T. ) ;
#441 = VECTOR ( 'NONE', #7160, 1000.000000000000000 ) ;
#442 = LINE ( 'NONE', #2133, #7248 ) ;
#443 = CARTESIAN_POINT ( 'NONE',  ( 212.4966491385777374, 13.00000000000000178, 53.47381056121482601 ) ) ;
#444 = ORIENTED_EDGE ( 'NONE', *, *, #5880, .F. ) ;
#445 = CARTESIAN_POINT ( 'NONE',  ( 246.8795215314500524, 10.00000000000000178, 37.81833045166283824 ) ) ;
#446 = CARTESIAN_POINT ( 'NONE',  ( 208.1768798874273898, 13.00000000000000178, 41.37399618693083880 ) ) ;
#447 = FACE_BOUND ( 'NONE', #5196, .T. ) ;
#448 = VERTEX_POINT ( 'NONE', #7008 ) ;
#449 = CARTESIAN_POINT ( 'NONE',  ( 266.6666666666666856, 20.00000000000000000, 94.93724644492831999 ) ) ;
#450 = CIRCLE ( 'NONE', #1500, 1.649999999999987477 ) ;
#451 = SECURITY_CLASSIFICATION ( '', '', #3341 ) ;
#452 = EDGE_CURVE ( 'NONE', #6121, #432, #4183, .T. ) ;
#453 = CARTESIAN_POINT ( 'NONE',  ( 111.2696751167004265, 10.00000000000000000, 54.06990912732151600 ) ) ;
#454 = DIRECTION ( 'NONE',  ( -0.000000000000000000, -1.000000000000000000, -0.000000000000000000 ) ) ;
#455 = CARTESIAN_POINT ( 'NONE',  ( 164.7732808859311717, 13.00000000000000178, 56.76221681962920940 ) ) ;
#456 = CARTESIAN_POINT ( 'NONE',  ( 164.7732808859311717, 13.00000000000000178, 56.76221681962920940 ) ) ;
#457 = CARTESIAN_POINT ( 'NONE',  ( 241.2414147439665726, 9.999999999999996447, 36.98788332718883254 ) ) ;
#458 = DIRECTION ( 'NONE',  ( 0.000000000000000000, 0.000000000000000000, 1.000000000000000000 ) ) ;
#459 = LINE ( 'NONE', #2700, #5505 ) ;
#460 = CARTESIAN_POINT ( 'NONE',  ( 217.5457807398765340, 10.00000000000000000, 36.90981921091352547 ) ) ;
#461 = CARTESIAN_POINT ( 'NONE',  ( 222.4414446604722002, 13.00000000000000178, 36.08891515911536629 ) ) ;
#462 = ORIENTED_EDGE ( 'NONE', *, *, #4042, .T. ) ;
#463 = ORIENTED_EDGE ( 'NONE', *, *, #3822, .F. ) ;
#464 = CARTESIAN_POINT ( 'NONE',  ( 225.9635592248193348, 10.00000000000000355, 50.69460513278718139 ) ) ;
#465 = CARTESIAN_POINT ( 'NONE',  ( 101.4311329280455283, 13.00000000000000178, 46.02950006706866759 ) ) ;
#466 = CARTESIAN_POINT ( 'NONE',  ( 118.2417092087433872, 13.00000000000000888, 47.97124237094052290 ) ) ;
#467 = CARTESIAN_POINT ( 'NONE',  ( 222.3298364312694844, 13.00000000000000533, 54.86938803416907717 ) ) ;
#468 = CARTESIAN_POINT ( 'NONE',  ( 106.3435808685692052, 13.00000000000000178, 55.78562642358173918 ) ) ;
#469 = ORIENTED_EDGE ( 'NONE', *, *, #6877, .T. ) ;
#470 = EDGE_LOOP ( 'NONE', ( #3827, #5571, #3977, #265 ) ) ;
#471 = CARTESIAN_POINT ( 'NONE',  ( 3.535533905932737309, 0.000000000000000000, 3.535533905932737309 ) ) ;
#472 = CARTESIAN_POINT ( 'NONE',  ( 121.0353001167004265, 10.00000000000000000, 45.12760143501382260 ) ) ;
#473 = CARTESIAN_POINT ( 'NONE',  ( 243.1386655013157849, 10.00000000000000000, 36.76221681962920940 ) ) ;
#474 = EDGE_CURVE ( 'NONE', #3291, #5422, #3022, .T. ) ;
#475 = ORIENTED_EDGE ( 'NONE', *, *, #2159, .T. ) ;
#476 = CARTESIAN_POINT ( 'NONE',  ( 227.1795831158877945, 10.00000000000000000, 45.10715456590124717 ) ) ;
#477 = ORIENTED_EDGE ( 'NONE', *, *, #4854, .T. ) ;
#478 = CARTESIAN_POINT ( 'NONE',  ( 114.2417352605896497, 13.00000000000000533, 56.44773089219729201 ) ) ;
#479 = CARTESIAN_POINT ( 'NONE',  ( 209.7290404171073988, 10.00000000000000000, 39.30627876092201944 ) ) ;
#480 = CARTESIAN_POINT ( 'NONE',  ( 137.5168966985926886, 9.999999999999998224, 36.78911622710588603 ) ) ;
#481 = ADVANCED_FACE ( 'NONE', ( #5769 ), #1932, .T. ) ;
#482 = ORIENTED_EDGE ( 'NONE', *, *, #8, .F. ) ;
#483 = CARTESIAN_POINT ( 'NONE',  ( 164.7732808859311717, 9.999999999999996447, 56.76221681962920940 ) ) ;
#484 = EDGE_CURVE ( 'NONE', #6190, #3233, #4741, .T. ) ;
#485 = CARTESIAN_POINT ( 'NONE',  ( 169.8338854291200732, 13.00000000000000178, 35.10941604408877481 ) ) ;
#486 = CARTESIAN_POINT ( 'NONE',  ( 139.7074470531401005, 10.00000000000000000, 36.79419527577769600 ) ) ;
#487 = CARTESIAN_POINT ( 'NONE',  ( 155.2109368511194987, 9.999999999999992895, 51.70738730869675237 ) ) ;
#488 = CARTESIAN_POINT ( 'NONE',  ( 195.6070906638567806, 9.999999999999996447, 25.89052667940538299 ) ) ;
#489 = FACE_OUTER_BOUND ( 'NONE', #4940, .T. ) ;
#490 = FACE_OUTER_BOUND ( 'NONE', #4860, .T. ) ;
#491 = CARTESIAN_POINT ( 'NONE',  ( 153.3429924243927189, 13.00000000000000178, 45.35596681962920940 ) ) ;
#492 = CARTESIAN_POINT ( 'NONE',  ( 164.8934731936235210, 13.00000000000000178, 36.76221681962920940 ) ) ;
#493 = CARTESIAN_POINT ( 'NONE',  ( 223.3570190223428824, 13.00000000000000178, 36.82419453252375519 ) ) ;
#494 = ORIENTED_EDGE ( 'NONE', *, *, #5795, .T. ) ;
#495 = VERTEX_POINT ( 'NONE', #1381 ) ;
#496 = CARTESIAN_POINT ( 'NONE',  ( 187.9583770397773606, 13.00000000000000178, 34.45452451193689569 ) ) ;
#497 = CARTESIAN_POINT ( 'NONE',  ( 102.4877631146148360, 10.00000000000000000, 51.87033464851429443 ) ) ;
#498 = CARTESIAN_POINT ( 'NONE',  ( 118.0991008852528665, 13.00000000000000533, 49.13200934149549681 ) ) ;
#499 = ADVANCED_FACE ( 'NONE', ( #1342 ), #5222, .F. ) ;
#500 = CARTESIAN_POINT ( 'NONE',  ( 224.4968385782389078, 13.00000000000000178, 45.49418797347536980 ) ) ;
#501 = CARTESIAN_POINT ( 'NONE',  ( 80.71405230504588246, 9.999999999999998224, 34.51213478258945599 ) ) ;
#502 = ORIENTED_EDGE ( 'NONE', *, *, #5691, .F. ) ;
#503 = CARTESIAN_POINT ( 'NONE',  ( 199.7071458201550627, 13.00000000000000178, 28.42420767874607890 ) ) ;
#504 = VERTEX_POINT ( 'NONE', #3048 ) ;
#505 = B_SPLINE_CURVE_WITH_KNOTS ( 'NONE', 3,
 ( #4329, #899, #2149, #1561, #2669, #4396, #1701, #6634, #4986, #7150, #2737, #2183, #5570, #1080, #6120, #4436, #5024, #6083, #5507 ),
 .UNSPECIFIED., .F., .F.,
 ( 4, 1, 1, 1, 1, 1, 1, 1, 1, 1, 1, 1, 1, 1, 1, 1, 4 ),
 ( 0.000000000000000000, 0.06377453230563222275, 0.1260788099895061298, 0.1869040927472075675, 0.2475739349176192261, 0.3080033561644468509, 0.3691318984609778808, 0.4320332277442045510, 0.4967907944370908990, 0.5616108232295647928, 0.6249138657484626380, 0.6867263492419258819, 0.7480788332577719135, 0.8095822911398953270, 0.8716307425688283317, 0.9348858208285538707, 1.000000000000000000 ),
 .UNSPECIFIED. ) ;
#506 = DIRECTION ( 'NONE',  ( 0.000000000000000000, 0.000000000000000000, -1.000000000000000000 ) ) ;
#507 = CARTESIAN_POINT ( 'NONE',  ( 72.57376165516197375, 13.00000000000000178, 45.35596681962920940 ) ) ;
#508 = CARTESIAN_POINT ( 'NONE',  ( 207.2622111215815153, 13.00000000000000178, 37.97610751416735297 ) ) ;
#509 = ORIENTED_EDGE ( 'NONE', *, *, #4856, .T. ) ;
#510 = CARTESIAN_POINT ( 'NONE',  ( 196.4168207520515068, 13.00000000000000178, 29.68371817022396897 ) ) ;
#511 = ORIENTED_EDGE ( 'NONE', *, *, #1230, .F. ) ;
#512 = CARTESIAN_POINT ( 'NONE',  ( 243.1386655013157849, 10.00000000000000000, 36.76221681962920940 ) ) ;
#513 = CARTESIAN_POINT ( 'NONE',  ( 207.8096785251022425, 12.99999999999999822, 42.13044371098764174 ) ) ;
#514 = CARTESIAN_POINT ( 'NONE',  ( 248.7937135782388793, 13.00000000000000178, 41.07712066578305610 ) ) ;
#515 = CARTESIAN_POINT ( 'NONE',  ( 1.224646799147353533E-14, 10.00000000000000000, 100.0000000000000000 ) ) ;
#516 = CARTESIAN_POINT ( 'NONE',  ( 169.8338854291200732, 10.00000000000000000, 35.10941604408877481 ) ) ;
#517 = CARTESIAN_POINT ( 'NONE',  ( 251.6786979113389009, 12.99999999999999467, 42.20565155594491813 ) ) ;
#518 = CARTESIAN_POINT ( 'NONE',  ( 161.4187452975416761, 13.00000000000000178, 56.31189318009942468 ) ) ;
#519 = CARTESIAN_POINT ( 'NONE',  ( 89.06725659992950739, 9.999999999999998224, 35.20651190607286196 ) ) ;
#520 = CARTESIAN_POINT ( 'NONE',  ( 240.0591747205680804, 9.999999999999996447, 37.41243395623314427 ) ) ;
#521 = LINE ( 'NONE', #7254, #2550 ) ;
#522 = CARTESIAN_POINT ( 'NONE',  ( 161.4187452975416761, 13.00000000000000178, 56.31189318009942468 ) ) ;
#523 = CARTESIAN_POINT ( 'NONE',  ( 221.9445665181908396, 10.00000000000000000, 39.30838121551087738 ) ) ;
#524 = CARTESIAN_POINT ( 'NONE',  ( 215.8550116551619737, 13.00000000000000178, 34.06990912732151600 ) ) ;
#525 = ORIENTED_EDGE ( 'NONE', *, *, #5479, .T. ) ;
#526 = EDGE_LOOP ( 'NONE', ( #6307, #6924, #5038, #2455 ) ) ;
#527 = LINE ( 'NONE', #496, #325 ) ;
#528 = CARTESIAN_POINT ( 'NONE',  ( 101.4311329280455283, 10.00000000000000000, 46.02950006706866759 ) ) ;
#529 = CARTESIAN_POINT ( 'NONE',  ( 148.3272246452694105, 12.99999999999999822, 52.29008812470679146 ) ) ;
#530 = CARTESIAN_POINT ( 'NONE',  ( 133.8628308628343007, 10.00000000000000000, 34.90969852939176121 ) ) ;
#531 = AXIS2_PLACEMENT_3D ( 'NONE', #290, #3671, #2016 ) ;
#532 = CARTESIAN_POINT ( 'NONE',  ( 104.2827538157412590, 12.99999999999999822, 54.37119554726965731 ) ) ;
#533 = EDGE_CURVE ( 'NONE', #4044, #5315, #2487, .T. ) ;
#534 = ORIENTED_EDGE ( 'NONE', *, *, #6450, .T. ) ;
#535 = AXIS2_PLACEMENT_3D ( 'NONE', #5013, #7250, #2695 ) ;
#536 = ADVANCED_FACE ( 'NONE', ( #5839 ), #2523, .T. ) ;
#537 = CARTESIAN_POINT ( 'NONE',  ( 247.0430117037374771, 9.999999999999998224, 34.74124835692471436 ) ) ;
#538 = EDGE_CURVE ( 'NONE', #5232, #6015, #6457, .T. ) ;
#539 = VERTEX_POINT ( 'NONE', #6898 ) ;
#540 = CARTESIAN_POINT ( 'NONE',  ( 143.1341138142644240, 10.00000000000000355, 56.02413643906469076 ) ) ;
#541 = CARTESIAN_POINT ( 'NONE',  ( 176.4199155013158133, 10.00000000000000000, 34.45452451193689569 ) ) ;
#542 = DIRECTION ( 'NONE',  ( 0.000000000000000000, 0.000000000000000000, 1.000000000000000000 ) ) ;
#543 = VECTOR ( 'NONE', #1933, 1000.000000000000000 ) ;
#544 = PERSON_AND_ORGANIZATION ( #3599, #2096 ) ;
#545 = ORIENTED_EDGE ( 'NONE', *, *, #1455, .T. ) ;
#546 = CARTESIAN_POINT ( 'NONE',  ( 75.12794556150745962, 13.00000000000000178, 52.60692056762643887 ) ) ;
#547 = VERTEX_POINT ( 'NONE', #1862 ) ;
#548 = LINE ( 'NONE', #1684, #5967 ) ;
#550 = CARTESIAN_POINT ( 'NONE',  ( 207.3375624344120354, 12.99999999999999822, 43.75364124067073845 ) ) ;
#549 = AXIS2_PLACEMENT_3D ( 'NONE', #5204, #6873, #1320 ) ;
#551 = LINE ( 'NONE', #1101, #292 ) ;
#552 = DIRECTION ( 'NONE',  ( 1.000000000000000000, 0.000000000000000000, 0.000000000000000000 ) ) ;
#553 = VECTOR ( 'NONE', #6113, 1000.000000000000000 ) ;
#554 = CARTESIAN_POINT ( 'NONE',  ( 75.12794556150745962, 10.00000000000000000, 52.60692056762643887 ) ) ;
#555 = CARTESIAN_POINT ( 'NONE',  ( 210.3751723887733931, 12.99999999999999822, 38.71088443283593250 ) ) ;
#556 = FACE_OUTER_BOUND ( 'NONE', #116, .T. ) ;
#557 = CARTESIAN_POINT ( 'NONE',  ( 68.72760780900810573, 13.00000000000000178, 29.45452451193689924 ) ) ;
#558 = CARTESIAN_POINT ( 'NONE',  ( 242.9220853561311912, 13.00000000000000178, 36.76629685960241289 ) ) ;
#559 = CARTESIAN_POINT ( 'NONE',  ( 159.3877734281483356, 9.999999999999998224, 55.47633565612841977 ) ) ;
#560 = CARTESIAN_POINT ( 'NONE',  ( 195.9897194143944716, 13.00000000000000178, 29.46586611507682107 ) ) ;
#561 = AXIS2_PLACEMENT_3D ( 'NONE', #5713, #2326, #6258 ) ;
#562 = ORIENTED_EDGE ( 'NONE', *, *, #5984, .F. ) ;
#563 = B_SPLINE_SURFACE_WITH_KNOTS ( 'NONE', 3, 1, ( 
 ( #524, #6192 ),
 ( #2775, #3290 ),
 ( #20, #3846 ),
 ( #6044, #5064 ),
 ( #2703, #7259 ),
 ( #422, #565 ),
 ( #1667, #4506 ),
 ( #461, #4360 ),
 ( #493, #1113 ),
 ( #6599, #3325 ),
 ( #4471, #4923 ) ),
 .UNSPECIFIED., .F., .F., .F.,
 ( 4, 1, 1, 1, 1, 1, 1, 1, 4 ),
 ( 2, 2 ),
 ( 0.000000000000000000, 0.1317514273024050775, 0.2583323505141578713, 0.3821339760925451801, 0.5038043916000845002, 0.6246929865409319715, 0.7468705897275765837, 0.8715135042348156613, 1.000000000000000000 ),
 ( 0.000000000000000000, 1.000000000000000000 ),
 .UNSPECIFIED. ) ;
#564 = DIRECTION ( 'NONE',  ( 0.5277574880377882138, -0.000000000000000000, 0.8493950987732645785 ) ) ;
#565 = CARTESIAN_POINT ( 'NONE',  ( 220.4598371785232871, 10.00000000000000000, 34.94813308764030779 ) ) ;
#566 = ORIENTED_EDGE ( 'NONE', *, *, #5833, .F. ) ;
#567 = ORIENTED_EDGE ( 'NONE', *, *, #3797, .F. ) ;
#568 = EDGE_CURVE ( 'NONE', #1131, #3228, #1345, .T. ) ;
#569 = CARTESIAN_POINT ( 'NONE',  ( 237.4661838762625905, 13.00000000000000178, 39.30836470766579538 ) ) ;
#570 = CARTESIAN_POINT ( 'NONE',  ( 109.6867054828607593, 10.00000000000000000, 56.69236763961816905 ) ) ;
#571 = CARTESIAN_POINT ( 'NONE',  ( 145.1479010601338473, 12.99999999999999467, 55.09404760078134444 ) ) ;
#572 = CARTESIAN_POINT ( 'NONE',  ( 212.5349582292949151, 10.00000000000000178, 37.38711115633669380 ) ) ;
#573 = EDGE_CURVE ( 'NONE', #4480, #5455, #6571, .T. ) ;
#574 = CARTESIAN_POINT ( 'NONE',  ( 80.71405230504588246, 9.999999999999996447, 34.51213478258945599 ) ) ;
#575 = ORIENTED_EDGE ( 'NONE', *, *, #3094, .F. ) ;
#576 = CARTESIAN_POINT ( 'NONE',  ( 135.9905850612719576, 10.00000000000000711, 56.57495964754087225 ) ) ;
#577 = CARTESIAN_POINT ( 'NONE',  ( 250.8284308266304663, 9.999999999999998224, 38.48229605725229874 ) ) ;
#578 = ORIENTED_EDGE ( 'NONE', *, *, #4103, .F. ) ;
#579 = PLANE ( 'NONE',  #1376 ) ;
#580 = CARTESIAN_POINT ( 'NONE',  ( 90.45480393803264008, 13.00000000000000533, 51.62126537154139072 ) ) ;
#581 = DIRECTION ( 'NONE',  ( -0.000000000000000000, -1.000000000000000000, -0.000000000000000000 ) ) ;
#582 = EDGE_LOOP ( 'NONE', ( #3024, #3707, #5320, #1868, #4603, #2908, #5613, #178, #7042 ) ) ;
#583 = PERSON_AND_ORGANIZATION ( #3599, #2096 ) ;
#584 = EDGE_LOOP ( 'NONE', ( #2862, #2944, #870, #6434 ) ) ;
#585 = CARTESIAN_POINT ( 'NONE',  ( 138.6915501167004550, 10.00000000000000178, 34.06990912732152310 ) ) ;
#586 = ORIENTED_EDGE ( 'NONE', *, *, #1864, .F. ) ;
#587 = DIRECTION ( 'NONE',  ( 0.000000000000000000, 1.000000000000000000, 0.000000000000000000 ) ) ;
#588 = CARTESIAN_POINT ( 'NONE',  ( 173.7193821829658589, 13.00000000000000178, 45.16124420648579019 ) ) ;
#589 = DIRECTION ( 'NONE',  ( -0.000000000000000000, -1.000000000000000000, -0.000000000000000000 ) ) ;
#590 = EDGE_CURVE ( 'NONE', #3831, #1126, #3295, .T. ) ;
#591 = CARTESIAN_POINT ( 'NONE',  ( 91.84087746333285907, 13.00000000000000178, 49.86343991010986798 ) ) ;
#592 = CARTESIAN_POINT ( 'NONE',  ( 117.8982808859312001, 10.00000000000000000, 49.96534181962920940 ) ) ;
#593 = CARTESIAN_POINT ( 'NONE',  ( 208.6176665134643429, 13.00000000000000178, 40.64965607598939812 ) ) ;
#594 = CARTESIAN_POINT ( 'NONE',  ( 163.6226423826124119, 13.00000000000000533, 56.73097539661677047 ) ) ;
#595 = LINE ( 'NONE', #1257, #3961 ) ;
#596 = CARTESIAN_POINT ( 'NONE',  ( 235.8566946611218498, 10.00000000000000000, 41.96339766159374562 ) ) ;
#597 = CARTESIAN_POINT ( 'NONE',  ( 85.29881703065102272, 10.00000000000000000, 56.73204691656189880 ) ) ;
#598 = DIRECTION ( 'NONE',  ( 1.000000000000000000, 0.000000000000000000, 0.000000000000000000 ) ) ;
#599 = CARTESIAN_POINT ( 'NONE',  ( 100.0000000000000142, 20.00000000000000000, 94.93724644492834841 ) ) ;
#600 = B_SPLINE_CURVE_WITH_KNOTS ( 'NONE', 3,
 ( #1673, #3924, #3368, #5619, #2298, #572, #1708, #2823, #6746, #1438, #2546, #2656, #1364, #5928, #304, #4839, #2587, #4800, #3723 ),
 .UNSPECIFIED., .F., .F.,
 ( 4, 1, 1, 1, 1, 1, 1, 1, 1, 1, 1, 1, 1, 1, 1, 1, 4 ),
 ( 0.000000000000000000, 0.06384589973478733971, 0.1260436278408440247, 0.1871653577195669660, 0.2473992895212621668, 0.3083800306041627470, 0.3697796166640489046, 0.4325839246869346288, 0.4976407859952560742, 0.5624011369620610656, 0.6255571033330404873, 0.6873320046201728539, 0.7483127457030734897, 0.8097910391226145199, 0.8717675719729277573, 0.9348361909503147826, 1.000000000000000000 ),
 .UNSPECIFIED. ) ;
#601 = EDGE_LOOP ( 'NONE', ( #3239, #6455, #4008, #4113 ) ) ;
#602 = VERTEX_POINT ( 'NONE', #5543 ) ;
#603 = CARTESIAN_POINT ( 'NONE',  ( 227.1891462705465585, 13.00000000000000178, 45.47615912732151600 ) ) ;
#604 = DIRECTION ( 'NONE',  ( 0.000000000000000000, 0.000000000000000000, 1.000000000000000000 ) ) ;
#605 = FACE_OUTER_BOUND ( 'NONE', #4906, .T. ) ;
#606 = EDGE_CURVE ( 'NONE', #397, #1537, #2051, .T. ) ;
#607 = PLANE ( 'NONE',  #4196 ) ;
#608 = EDGE_CURVE ( 'NONE', #1930, #1490, #3222, .T. ) ;
#609 = FACE_OUTER_BOUND ( 'NONE', #2640, .T. ) ;
#610 = EDGE_LOOP ( 'NONE', ( #4517, #2126, #621, #1668 ) ) ;
#611 = CARTESIAN_POINT ( 'NONE',  ( 156.7098810936890914, 13.00000000000000178, 37.36992697726384449 ) ) ;
#612 = CARTESIAN_POINT ( 'NONE',  ( 251.8034824211075033, 13.00000000000000178, 44.82504969844536902 ) ) ;
#613 = EDGE_LOOP ( 'NONE', ( #1233, #28, #6157, #6575 ) ) ;
#614 = CARTESIAN_POINT ( 'NONE',  ( 138.7478099182464462, 13.00000000000000178, 56.76002050252456854 ) ) ;
#615 = CARTESIAN_POINT ( 'NONE',  ( 112.0379821577231070, 13.00000000000000178, 56.75395689346746053 ) ) ;
#616 = CARTESIAN_POINT ( 'NONE',  ( 147.6497014819846925, 13.00000000000000533, 37.69140553811955385 ) ) ;
#617 = EDGE_CURVE ( 'NONE', #1796, #64, #5469, .T. ) ;
#618 = CARTESIAN_POINT ( 'NONE',  ( 222.3298364312694844, 13.00000000000000533, 54.86938803416907717 ) ) ;
#619 = ORIENTED_EDGE ( 'NONE', *, *, #1910, .T. ) ;
#620 = DIRECTION ( 'NONE',  ( 1.000000000000000000, 0.000000000000000000, 0.000000000000000000 ) ) ;
#621 = ORIENTED_EDGE ( 'NONE', *, *, #1304, .T. ) ;
#622 = CARTESIAN_POINT ( 'NONE',  ( 173.4435663895011714, 10.00000000000000000, 38.14319022875939424 ) ) ;
#623 = DIRECTION ( 'NONE',  ( 1.000000000000000000, 0.000000000000000000, 0.000000000000000000 ) ) ;
#624 = CARTESIAN_POINT ( 'NONE',  ( 197.3694347320850397, 13.00000000000000178, 25.22375528116766930 ) ) ;
#625 = CARTESIAN_POINT ( 'NONE',  ( 223.8758718316016996, 13.00000000000000178, 42.13071622881658129 ) ) ;
#626 = B_SPLINE_SURFACE_WITH_KNOTS ( 'NONE', 3, 1, ( 
 ( #3786, #472 ),
 ( #2751, #6612 ),
 ( #2714, #6023 ),
 ( #2055, #4339 ),
 ( #4933, #3230 ),
 ( #3339, #3819 ),
 ( #1504, #2162 ),
 ( #4410, #6647 ),
 ( #1609, #3862 ),
 ( #1057, #3302 ),
 ( #2791, #7124 ),
 ( #5550, #951 ),
 ( #5443, #4298 ),
 ( #2097, #5001 ),
 ( #7233, #5990 ),
 ( #3896, #6133 ),
 ( #3196, #6578 ),
 ( #1539, #5113 ),
 ( #2376, #5662 ),
 ( #1823, #6719 ),
 ( #69, #5772 ),
 ( #2865, #6313 ),
 ( #1717, #1678 ),
 ( #2307, #4077 ),
 ( #615, #3970 ),
 ( #5193, #4560 ),
 ( #2831, #2271 ) ),
 .UNSPECIFIED., .F., .F., .F.,
 ( 4, 1, 1, 1, 1, 1, 1, 1, 1, 1, 1, 1, 1, 1, 1, 1, 1, 1, 1, 1, 1, 1, 1, 1, 4 ),
 ( 2, 2 ),
 ( 0.000000000000000000, 0.06221003268244141432, 0.1206959731983287404, 0.1755484638831967259, 0.2261906127214152185, 0.2737107306295715747, 0.3173020717741424357, 0.3578372980216199539, 0.3954278376537090356, 0.4310885268449396457, 0.4660974733410731541, 0.5010152197637681715, 0.5354236135188901180, 0.5701735381629636779, 0.6047650703833906682, 0.6400930345425706047, 0.6759387007616813881, 0.7122247901876547216, 0.7494554524110942362, 0.7876011171624474061, 0.8267837743908831305, 0.8678285699487365834, 0.9101595124056448549, 0.9539387393934005699, 1.000000000000000000 ),
 ( 0.000000000000000000, 1.000000000000000000 ),
 .UNSPECIFIED. ) ;
#627 = DIRECTION ( 'NONE',  ( 0.000000000000000000, 0.000000000000000000, -1.000000000000000000 ) ) ;
#628 = CARTESIAN_POINT ( 'NONE',  ( 157.8794140492624365, 13.00000000000000178, 50.69240783167714426 ) ) ;
#629 = CARTESIAN_POINT ( 'NONE',  ( 153.3429924243927189, 9.999999999999996447, 45.35596681962920940 ) ) ;
#630 = CARTESIAN_POINT ( 'NONE',  ( 187.9583770397773606, 13.00000000000000178, 34.45452451193689569 ) ) ;
#631 = CARTESIAN_POINT ( 'NONE',  ( 84.12424242439274735, 13.00000000000000178, 36.76221681962921650 ) ) ;
#632 = CARTESIAN_POINT ( 'NONE',  ( 153.3742204000223808, 10.00000000000000178, 46.51260943331070763 ) ) ;
#633 = EDGE_CURVE ( 'NONE', #504, #4710, #6296, .T. ) ;
#634 = PERSON_AND_ORGANIZATION ( #3599, #2096 ) ;
#635 = EDGE_LOOP ( 'NONE', ( #6248, #2258, #4330, #1091 ) ) ;
#636 = B_SPLINE_CURVE_WITH_KNOTS ( 'NONE', 3,
 ( #2062, #2651, #2758, #1617, #4346, #4941, #4870, #5452, #2168, #3869, #1580, #3236, #3310, #3718, #2208, #6104, #4379, #4308, #4903, #5006, #1062, #478, #6619, #958, #1470, #5962, #5557 ),
 .UNSPECIFIED., .F., .F.,
 ( 4, 1, 1, 1, 1, 1, 1, 1, 1, 1, 1, 1, 1, 1, 1, 1, 1, 1, 1, 1, 1, 1, 1, 1, 4 ),
 ( 0.000000000000000000, 0.06221003268244141432, 0.1206959731983287404, 0.1755484638831967259, 0.2261906127214152185, 0.2737107306295715747, 0.3173020717741424357, 0.3578372980216199539, 0.3954278376537090356, 0.4310885268449396457, 0.4660974733410731541, 0.5010152197637681715, 0.5354236135188901180, 0.5701735381629636779, 0.6047650703833906682, 0.6400930345425706047, 0.6759387007616813881, 0.7122247901876547216, 0.7494554524110942362, 0.7876011171624474061, 0.8267837743908831305, 0.8678285699487365834, 0.9101595124056448549, 0.9539387393934005699, 1.000000000000000000 ),
 .UNSPECIFIED. ) ;
#637 = LINE ( 'NONE', #168, #5494 ) ;
#638 = PLANE ( 'NONE',  #5588 ) ;
#639 = ORIENTED_EDGE ( 'NONE', *, *, #2976, .F. ) ;
#640 = ORIENTED_EDGE ( 'NONE', *, *, #1783, .F. ) ;
#641 = CARTESIAN_POINT ( 'NONE',  ( 227.1607005421022905, 9.999999999999992895, 44.37855023952668887 ) ) ;
#642 = LINE ( 'NONE', #5142, #6292 ) ;
#643 = FACE_OUTER_BOUND ( 'NONE', #613, .T. ) ;
#644 = CARTESIAN_POINT ( 'NONE',  ( 216.1318562847348517, 13.00000000000000178, 36.77064202724938724 ) ) ;
#645 = CARTESIAN_POINT ( 'NONE',  ( 132.4567877632179602, 13.00000000000000178, 38.66980375328689945 ) ) ;
#646 = ORIENTED_EDGE ( 'NONE', *, *, #2644, .F. ) ;
#647 = EDGE_CURVE ( 'NONE', #6535, #1515, #7154, .T. ) ;
#648 = CARTESIAN_POINT ( 'NONE',  ( 138.4691943474696529, 13.00000000000000178, 56.76221681962920940 ) ) ;
#649 = LINE ( 'NONE', #2939, #1602 ) ;
#650 = ORIENTED_EDGE ( 'NONE', *, *, #1871, .F. ) ;
#651 = CARTESIAN_POINT ( 'NONE',  ( 147.8812735699490872, 10.00000000000000000, 52.84246626758707777 ) ) ;
#652 = CARTESIAN_POINT ( 'NONE',  ( 87.51822190538142365, 10.00000000000000000, 53.45266743150093447 ) ) ;
#653 = CARTESIAN_POINT ( 'NONE',  ( 251.8014492183638993, 9.999999999999998224, 44.13345003493209617 ) ) ;
#654 = ORIENTED_EDGE ( 'NONE', *, *, #1745, .T. ) ;
#655 = VECTOR ( 'NONE', #5425, 1000.000000000000000 ) ;
#656 = CARTESIAN_POINT ( 'NONE',  ( 224.0284194981590531, 9.999999999999996447, 53.39086388262521865 ) ) ;
#657 = ORIENTED_EDGE ( 'NONE', *, *, #1393, .T. ) ;
#658 = CARTESIAN_POINT ( 'NONE',  ( 141.8757234443199593, 9.999999999999998224, 34.42627598828101299 ) ) ;
#659 = ORIENTED_EDGE ( 'NONE', *, *, #2431, .T. ) ;
#660 = DIRECTION ( 'NONE',  ( -0.000000000000000000, -1.000000000000000000, -0.000000000000000000 ) ) ;
#661 = CARTESIAN_POINT ( 'NONE',  ( 165.1984368128446476, 13.00000000000000178, 36.76771292081669884 ) ) ;
#662 = DIRECTION ( 'NONE',  ( -0.000000000000000000, -1.000000000000000000, -0.000000000000000000 ) ) ;
#663 = CARTESIAN_POINT ( 'NONE',  ( 224.1499142652078262, 10.00000000000000355, 42.92659054266833607 ) ) ;
#664 = VECTOR ( 'NONE', #7161, 1000.000000000000000 ) ;
#665 = EDGE_CURVE ( 'NONE', #5215, #3228, #426, .T. ) ;
#666 = CIRCLE ( 'NONE', #3493, 1.500000000000001332 ) ;
#667 = CARTESIAN_POINT ( 'NONE',  ( 153.3429924243927189, 13.00000000000000178, 45.35596681962920940 ) ) ;
#668 = CARTESIAN_POINT ( 'NONE',  ( 156.0512849164984459, 13.00000000000000178, 45.75964438670087020 ) ) ;
#669 = CARTESIAN_POINT ( 'NONE',  ( 212.4966491385777374, 13.00000000000000178, 53.47381056121482601 ) ) ;
#670 = CARTESIAN_POINT ( 'NONE',  ( 3.505202749622875924, 0.000000000000000000, 85.13552925583975650 ) ) ;
#671 = CARTESIAN_POINT ( 'NONE',  ( 246.0975580259610922, 9.999999999999992895, 37.33686613704847446 ) ) ;
#672 = VECTOR ( 'NONE', #5936, 1000.000000000000000 ) ;
#673 = CARTESIAN_POINT ( 'NONE',  ( 87.56298030021935119, 13.00000000000000178, 37.37345188199132906 ) ) ;
#674 = CIRCLE ( 'NONE', #6893, 1.500000000000001332 ) ;
#675 = ADVANCED_FACE ( 'NONE', ( #7080 ), #6049, .T. ) ;
#676 = B_SPLINE_CURVE_WITH_KNOTS ( 'NONE', 3,
 ( #6815, #6993, #2073, #1921, #929, #1958, #5862, #3688, #6559, #3582, #3729 ),
 .UNSPECIFIED., .F., .F.,
 ( 4, 1, 1, 1, 1, 1, 1, 1, 4 ),
 ( 0.000000000000000000, 0.1409759662687697646, 0.2735687809631683898, 0.3989883138042528699, 0.5199297813924316225, 0.6381100215247444973, 0.7565889007405944833, 0.8768597544106051522, 1.000000000000000000 ),
 .UNSPECIFIED. ) ;
#677 = DIRECTION ( 'NONE',  ( 0.000000000000000000, 0.000000000000000000, 1.000000000000000000 ) ) ;
#678 = CARTESIAN_POINT ( 'NONE',  ( 137.2104922693933702, 9.999999999999994671, 56.73960372239774586 ) ) ;
#679 = CARTESIAN_POINT ( 'NONE',  ( 73.86953682599092019, 12.99999999999999822, 50.75559613247386892 ) ) ;
#680 = ORIENTED_EDGE ( 'NONE', *, *, #2447, .F. ) ;
#681 = CARTESIAN_POINT ( 'NONE',  ( 224.4241838987956044, 12.99999999999999822, 37.95780785167050198 ) ) ;
#682 = AXIS2_PLACEMENT_3D ( 'NONE', #5430, #2375, #4633 ) ;
#683 = LINE ( 'NONE', #6339, #4663 ) ;
#684 = DIRECTION ( 'NONE',  ( 0.000000000000000000, 0.000000000000000000, 1.000000000000000000 ) ) ;
#685 = EDGE_CURVE ( 'NONE', #4218, #1131, #5387, .T. ) ;
#686 = CARTESIAN_POINT ( 'NONE',  ( 156.0353001167004265, 13.00000000000000178, 45.38601489655228960 ) ) ;
#687 = ORIENTED_EDGE ( 'NONE', *, *, #427, .T. ) ;
#688 = CARTESIAN_POINT ( 'NONE',  ( 92.95837703977734634, 13.00000000000000178, 25.60837066578305254 ) ) ;
#689 = CARTESIAN_POINT ( 'NONE',  ( 244.8071420888616956, 12.99999999999999822, 34.11414596061872118 ) ) ;
#690 = ORIENTED_EDGE ( 'NONE', *, *, #5405, .F. ) ;
#691 = B_SPLINE_SURFACE_WITH_KNOTS ( 'NONE', 3, 1, ( 
 ( #6221, #1179 ),
 ( #1357, #2986 ),
 ( #5237, #1838 ),
 ( #4162, #6357 ),
 ( #1878, #877 ),
 ( #1290, #812 ),
 ( #1322, #6913 ),
 ( #773, #5304 ),
 ( #2500, #1431 ),
 ( #195, #7023 ),
 ( #4720, #159 ) ),
 .UNSPECIFIED., .F., .F., .F.,
 ( 4, 1, 1, 1, 1, 1, 1, 1, 4 ),
 ( 2, 2 ),
 ( 0.000000000000000000, 0.1289191318119613239, 0.2552377249249072055, 0.3786785959785498590, 0.5010878871851329741, 0.6227136794297774003, 0.7462407949383820238, 0.8715890472316704107, 1.000000000000000000 ),
 ( 0.000000000000000000, 1.000000000000000000 ),
 .UNSPECIFIED. ) ;
#692 = DIRECTION ( 'NONE',  ( 1.445602896647337931E-16, 0.000000000000000000, 1.000000000000000000 ) ) ;
#693 = LINE ( 'NONE', #729, #3951 ) ;
#694 = CARTESIAN_POINT ( 'NONE',  ( 251.7502032673215524, 10.00000000000000355, 43.13348891639854799 ) ) ;
#695 = ORIENTED_EDGE ( 'NONE', *, *, #5703, .F. ) ;
#696 = CARTESIAN_POINT ( 'NONE',  ( 226.4123430185068173, 9.999999999999996447, 49.71846661211826301 ) ) ;
#697 = ORIENTED_EDGE ( 'NONE', *, *, #2453, .T. ) ;
#698 = CARTESIAN_POINT ( 'NONE',  ( 140.8290217826608739, 10.00000000000000355, 34.22624956190545475 ) ) ;
#699 = ORIENTED_EDGE ( 'NONE', *, *, #343, .T. ) ;
#700 = EDGE_CURVE ( 'NONE', #6971, #5740, #3628, .T. ) ;
#701 = CARTESIAN_POINT ( 'NONE',  ( 198.3367403604297294, 9.999999999999998224, 25.37663642560739419 ) ) ;
#702 = CARTESIAN_POINT ( 'NONE',  ( 118.2417092087433872, 10.00000000000000711, 47.97124237094052290 ) ) ;
#703 = CARTESIAN_POINT ( 'NONE',  ( 118.3423331895430266, 10.00000000000000355, 45.56849446721447805 ) ) ;
#704 = CC_DESIGN_DATE_AND_TIME_ASSIGNMENT ( #1698, #2960, ( #4617 ) ) ;
#705 = DIRECTION ( 'NONE',  ( 0.000000000000000000, 0.000000000000000000, 1.000000000000000000 ) ) ;
#706 = CARTESIAN_POINT ( 'NONE',  ( 185.2660693474696529, 13.00000000000000178, 37.14683220424458909 ) ) ;
#707 = EDGE_CURVE ( 'NONE', #3300, #3901, #3996, .T. ) ;
#708 = CARTESIAN_POINT ( 'NONE',  ( 235.2673756692031475, 10.00000000000000178, 48.10837227740439914 ) ) ;
#709 = CARTESIAN_POINT ( 'NONE',  ( 129.7688944604065000, 12.99999999999999822, 42.03867125475500899 ) ) ;
#710 = DIRECTION ( 'NONE',  ( 1.445602896647337931E-16, 0.000000000000000000, 1.000000000000000000 ) ) ;
#711 = CARTESIAN_POINT ( 'NONE',  ( 248.7937135782388793, 9.999999999999996447, 41.07712066578305610 ) ) ;
#712 = LINE ( 'NONE', #6440, #4094 ) ;
#713 = CALENDAR_DATE ( 2026, 1, 9 ) ;
#714 = EDGE_CURVE ( 'NONE', #5400, #4770, #6420, .T. ) ;
#715 = CARTESIAN_POINT ( 'NONE',  ( 148.7276078090081342, 13.00000000000000178, 39.20813028116766930 ) ) ;
#716 = LINE ( 'NONE', #2962, #5823 ) ;
#717 = CARTESIAN_POINT ( 'NONE',  ( 72.60498963079159296, 12.99999999999999822, 46.51260943331067921 ) ) ;
#718 = ORIENTED_EDGE ( 'NONE', *, *, #4626, .F. ) ;
#719 = CARTESIAN_POINT ( 'NONE',  ( 92.95837703977734634, 9.999999999999996447, 45.46413989655228249 ) ) ;
#720 = CARTESIAN_POINT ( 'NONE',  ( 138.4049074013755387, 13.00000000000000178, 34.07420855902259405 ) ) ;
#721 = CARTESIAN_POINT ( 'NONE',  ( 223.8628597212859290, 10.00000000000000000, 48.83837239987770573 ) ) ;
#722 = B_SPLINE_CURVE_WITH_KNOTS ( 'NONE', 3,
 ( #5976, #2446, #6962, #6374, #3588, #1044, #2668, #3185, #5432, #523, #5506, #3917, #6043, #2736, #2631, #460, #1560, #1666, #387 ),
 .UNSPECIFIED., .F., .F.,
 ( 4, 1, 1, 1, 1, 1, 1, 1, 1, 1, 1, 1, 1, 1, 1, 1, 4 ),
 ( 0.000000000000000000, 0.06518479598607226921, 0.1282737271139273716, 0.1902702203927573443, 0.2517683137756829281, 0.3127686945781241734, 0.3747932794097868503, 0.4379695860627112469, 0.5030473998633705479, 0.5681252136640297934, 0.6309497487122618375, 0.6923691093867020419, 0.7529731677502622400, 0.8136410669177466248, 0.8743552086918139343, 0.9365729684654821030, 1.000000000000000000 ),
 .UNSPECIFIED. ) ;
#723 = CARTESIAN_POINT ( 'NONE',  ( 132.4567877632179602, 10.00000000000000355, 38.66980375328689945 ) ) ;
#724 = ADVANCED_FACE ( 'NONE', ( #605 ), #7264, .F. ) ;
#725 = EDGE_LOOP ( 'NONE', ( #6907, #3899, #5220, #1818 ) ) ;
#726 = CARTESIAN_POINT ( 'NONE',  ( 163.7012689979007689, 13.00000000000000178, 34.10301801681355727 ) ) ;
#727 = CARTESIAN_POINT ( 'NONE',  ( 251.8045308859312001, 13.00000000000000178, 56.37760143501382260 ) ) ;
#728 = CARTESIAN_POINT ( 'NONE',  ( 213.4725697023957594, 13.00000000000000178, 56.57287179018948819 ) ) ;
#729 = CARTESIAN_POINT ( 'NONE',  ( 68.72760780900810573, 13.00000000000000178, 53.30067835809074950 ) ) ;
#730 = ADVANCED_FACE ( 'NONE', ( #643 ), #3444, .T. ) ;
#731 = CARTESIAN_POINT ( 'NONE',  ( 218.2273626430202285, 13.00000000000000178, 56.57225366324140481 ) ) ;
#732 = B_SPLINE_CURVE_WITH_KNOTS ( 'NONE', 3,
 ( #4229, #4747, #293, #6465, #1831, #330, #6870, #4825, #3785, #5477, #4861 ),
 .UNSPECIFIED., .F., .F.,
 ( 4, 1, 1, 1, 1, 1, 1, 1, 4 ),
 ( 0.000000000000000000, 0.1446324159930494901, 0.2798369641781396910, 0.4083713118090886440, 0.5330428696034673619, 0.6535963008637284410, 0.7700157379356753484, 0.8843394719004989968, 1.000000000000000000 ),
 .UNSPECIFIED. ) ;
#733 = EDGE_LOOP ( 'NONE', ( #7085, #4751, #4226, #7112 ) ) ;
#734 = DIRECTION ( 'NONE',  ( 1.000000000000000000, 0.000000000000000000, -0.000000000000000000 ) ) ;
#735 = ORIENTED_EDGE ( 'NONE', *, *, #590, .T. ) ;
#736 = LINE ( 'NONE', #5809, #5738 ) ;
#737 = CARTESIAN_POINT ( 'NONE',  ( 117.9342314293695324, 13.00000000000000178, 49.84563068826339816 ) ) ;
#738 = CARTESIAN_POINT ( 'NONE',  ( 214.6445066903093846, 10.00000000000000000, 56.73124849930004387 ) ) ;
#739 = CARTESIAN_POINT ( 'NONE',  ( 221.2991089934884883, 13.00000000000000178, 38.71065233059777455 ) ) ;
#740 = DIRECTION ( 'NONE',  ( 1.000000000000000000, 0.000000000000000000, 0.000000000000000000 ) ) ;
#741 = CARTESIAN_POINT ( 'NONE',  ( 209.7290404171073988, 13.00000000000000178, 39.30627876092201944 ) ) ;
#742 = CARTESIAN_POINT ( 'NONE',  ( 211.4821835564772528, 10.00000000000000000, 52.99244122668554979 ) ) ;
#743 = CARTESIAN_POINT ( 'NONE',  ( 199.1498198475666470, 9.999999999999998224, 29.17056476756570049 ) ) ;
#744 = DIRECTION ( 'NONE',  ( 0.000000000000000000, 0.000000000000000000, -1.000000000000000000 ) ) ;
#745 = CARTESIAN_POINT ( 'NONE',  ( 92.61351367054551531, 13.00000000000000533, 42.85195326123243120 ) ) ;
#746 = EDGE_LOOP ( 'NONE', ( #1096, #1340, #6635, #6021 ) ) ;
#747 = CARTESIAN_POINT ( 'NONE',  ( 126.4236956396289600, 10.00000000000000000, 45.33767913883112044 ) ) ;
#748 = DIRECTION ( 'NONE',  ( -0.000000000000000000, -1.000000000000000000, -0.000000000000000000 ) ) ;
#749 = CARTESIAN_POINT ( 'NONE',  ( 161.5169090036012562, 10.00000000000000533, 53.44923473455117602 ) ) ;
#750 = ORIENTED_EDGE ( 'NONE', *, *, #2026, .F. ) ;
#751 = CARTESIAN_POINT ( 'NONE',  ( 224.4241838987956044, 9.999999999999992895, 37.95780785167050198 ) ) ;
#752 = CARTESIAN_POINT ( 'NONE',  ( 126.6288755358453102, 12.99999999999999822, 43.30596343018814309 ) ) ;
#753 = CARTESIAN_POINT ( 'NONE',  ( 221.1373333206414884, 10.00000000000000000, 52.38430476564503380 ) ) ;
#754 = CARTESIAN_POINT ( 'NONE',  ( 130.6092620849714478, 10.00000000000000355, 40.57748582536765980 ) ) ;
#755 = VERTEX_POINT ( 'NONE', #6712 ) ;
#756 = CARTESIAN_POINT ( 'NONE',  ( 153.7991146248455436, 13.00000000000000178, 42.04599820013325484 ) ) ;
#757 = CARTESIAN_POINT ( 'NONE',  ( 133.7040970121375665, 10.00000000000000178, 52.95917109708094017 ) ) ;
#758 = LINE ( 'NONE', #218, #1969 ) ;
#759 = DIRECTION ( 'NONE',  ( -0.000000000000000000, -1.000000000000000000, -0.000000000000000000 ) ) ;
#760 = ADVANCED_FACE ( 'NONE', ( #6125 ), #3482, .F. ) ;
#761 = ADVANCED_FACE ( 'NONE', ( #4548 ), #5168, .T. ) ;
#762 = ADVANCED_FACE ( 'NONE', ( #4765 ), #5747, .T. ) ;
#763 = CARTESIAN_POINT ( 'NONE',  ( 227.1891462705465869, 10.00000000000000000, 45.47615912732152310 ) ) ;
#764 = EDGE_LOOP ( 'NONE', ( #5879, #5047 ) ) ;
#765 = DIRECTION ( 'NONE',  ( 0.000000000000000000, 0.000000000000000000, -1.000000000000000000 ) ) ;
#766 = ORIENTED_EDGE ( 'NONE', *, *, #4342, .F. ) ;
#767 = CARTESIAN_POINT ( 'NONE',  ( 207.5016462705465585, 13.00000000000000178, 37.69971681962920940 ) ) ;
#768 = CARTESIAN_POINT ( 'NONE',  ( 3.535533905932737309, 10.00000000000000000, 3.535533905932737309 ) ) ;
#769 = LINE ( 'NONE', #157, #3034 ) ;
#770 = CARTESIAN_POINT ( 'NONE',  ( 224.1499142652078262, 13.00000000000000533, 42.92659054266833607 ) ) ;
#771 = VECTOR ( 'NONE', #4317, 1000.000000000000000 ) ;
#772 = EDGE_LOOP ( 'NONE', ( #4892, #578, #4984, #1870 ) ) ;
#773 = CARTESIAN_POINT ( 'NONE',  ( 206.1737032581000335, 12.99999999999999822, 39.40504934708306450 ) ) ;
#774 = CARTESIAN_POINT ( 'NONE',  ( 221.4748339966896253, 12.99999999999999822, 35.46826409232594557 ) ) ;
#775 = CARTESIAN_POINT ( 'NONE',  ( 138.4932328090081057, 13.00000000000000178, 36.76221681962920940 ) ) ;
#776 = DIRECTION ( 'NONE',  ( -0.000000000000000000, 1.000000000000000000, -0.000000000000000000 ) ) ;
#778 = DIRECTION ( 'NONE',  ( 0.000000000000000000, 0.000000000000000000, 1.000000000000000000 ) ) ;
#777 = AXIS2_PLACEMENT_3D ( 'NONE', #1418, #3007, #6347 ) ;
#779 = DIRECTION ( 'NONE',  ( 0.000000000000000000, -1.000000000000000000, 0.000000000000000000 ) ) ;
#780 = DIRECTION ( 'NONE',  ( 0.000000000000000000, 0.000000000000000000, 1.000000000000000000 ) ) ;
#781 = ORIENTED_EDGE ( 'NONE', *, *, #5133, .F. ) ;
#782 = AXIS2_PLACEMENT_3D ( 'NONE', #6220, #6541, #4789 ) ;
#783 = CARTESIAN_POINT ( 'NONE',  ( 129.9184155589458101, 10.00000000000000000, 37.37723277194237426 ) ) ;
#784 = CARTESIAN_POINT ( 'NONE',  ( 173.6867257897521881, 13.00000000000000178, 46.64052332137998746 ) ) ;
#785 = CARTESIAN_POINT ( 'NONE',  ( 138.4691943474696529, 10.00000000000000000, 56.76221681962920940 ) ) ;
#786 = ORIENTED_EDGE ( 'NONE', *, *, #5195, .T. ) ;
#787 = CARTESIAN_POINT ( 'NONE',  ( 104.9196254269309492, 12.99999999999999822, 50.70095684221398358 ) ) ;
#788 = FACE_OUTER_BOUND ( 'NONE', #3892, .T. ) ;
#789 = CARTESIAN_POINT ( 'NONE',  ( 216.2306470152489908, 9.999999999999996447, 54.05867815360303297 ) ) ;
#790 = AXIS2_PLACEMENT_3D ( 'NONE', #670, #6878, #710 ) ;
#791 = VECTOR ( 'NONE', #5518, 1000.000000000000000 ) ;
#792 = EDGE_CURVE ( 'NONE', #5592, #3233, #1511, .T. ) ;
#793 = VECTOR ( 'NONE', #6210, 1000.000000000000000 ) ;
#794 = CARTESIAN_POINT ( 'NONE',  ( 153.7991146248455436, 10.00000000000000000, 42.04599820013325484 ) ) ;
#795 = ORIENTED_EDGE ( 'NONE', *, *, #3474, .F. ) ;
#796 = CARTESIAN_POINT ( 'NONE',  ( 84.12424242439274735, 10.00000000000000000, 36.76221681962921650 ) ) ;
#797 = CARTESIAN_POINT ( 'NONE',  ( 130.9884629208514184, 10.00000000000000000, 50.72312531689994586 ) ) ;
#798 = CARTESIAN_POINT ( 'NONE',  ( 205.7224262642426424, 9.999999999999996447, 50.69460416869960540 ) ) ;
#799 = CARTESIAN_POINT ( 'NONE',  ( 196.0353001167004265, 13.00000000000000178, 56.37760143501382260 ) ) ;
#800 = VECTOR ( 'NONE', #6976, 1000.000000000000000 ) ;
#801 =( GEOMETRIC_REPRESENTATION_CONTEXT ( 3 ) GLOBAL_UNCERTAINTY_ASSIGNED_CONTEXT ( ( #5410 ) ) GLOBAL_UNIT_ASSIGNED_CONTEXT ( ( #4102, #3475, #1848 ) ) REPRESENTATION_CONTEXT ( 'NONE', 'WORKASPACE' ) );
#802 = EDGE_CURVE ( 'NONE', #6351, #5435, #1890, .T. ) ;
#803 = CARTESIAN_POINT ( 'NONE',  ( 103.1075587904535098, 10.00000000000000000, 52.96539680042842946 ) ) ;
#804 = ORIENTED_EDGE ( 'NONE', *, *, #3649, .T. ) ;
#805 = CARTESIAN_POINT ( 'NONE',  ( 101.4199155013158133, 13.00000000000000178, 44.92928412732151600 ) ) ;
#806 = VERTEX_POINT ( 'NONE', #6999 ) ;
#807 = CARTESIAN_POINT ( 'NONE',  ( 111.2696751167004265, 13.00000000000000178, 54.06990912732151600 ) ) ;
#808 = CARTESIAN_POINT ( 'NONE',  ( 92.81027018264769879, 9.999999999999996447, 43.68967091283517590 ) ) ;
#809 = DIRECTION ( 'NONE',  ( 1.000000000000000000, 0.000000000000000000, 0.000000000000000000 ) ) ;
#810 = CARTESIAN_POINT ( 'NONE',  ( 169.6900396126224564, 13.00000000000000533, 55.78085791111553959 ) ) ;
#811 = EDGE_LOOP ( 'NONE', ( #3690, #3926, #4487, #7223 ) ) ;
#812 = CARTESIAN_POINT ( 'NONE',  ( 205.2319048680810170, 10.00000000000000355, 41.28356592159164506 ) ) ;
#813 = DIRECTION ( 'NONE',  ( -1.000000000000000000, 0.000000000000000000, 1.420944294689305296E-16 ) ) ;
#814 = CARTESIAN_POINT ( 'NONE',  ( 130.6092620849714478, 13.00000000000000178, 40.57748582536765980 ) ) ;
#815 = ADVANCED_FACE ( 'NONE', ( #1409 ), #5900, .T. ) ;
#816 = CARTESIAN_POINT ( 'NONE',  ( 1.224646799147353533E-14, 0.000000000000000000, 100.0000000000000000 ) ) ;
#817 = CARTESIAN_POINT ( 'NONE',  ( 138.5112616551620022, 13.00000000000000178, 54.06990912732152310 ) ) ;
#818 = CARTESIAN_POINT ( 'NONE',  ( 226.4536635002656908, 13.00000000000000178, 41.27192998687592507 ) ) ;
#819 = DIRECTION ( 'NONE',  ( -0.000000000000000000, -1.000000000000000000, -0.000000000000000000 ) ) ;
#820 = CARTESIAN_POINT ( 'NONE',  ( 131.7424762549331376, 13.00000000000000178, 35.96778728696985183 ) ) ;
#821 = CARTESIAN_POINT ( 'NONE',  ( 296.5030604351463808, 0.000000000000000000, 91.13552925583975650 ) ) ;
#822 = CARTESIAN_POINT ( 'NONE',  ( 140.9027987811193725, 9.999999999999996447, 56.58572179185647855 ) ) ;
#823 = ORIENTED_EDGE ( 'NONE', *, *, #5124, .F. ) ;
#824 = CARTESIAN_POINT ( 'NONE',  ( 173.7276078090081057, 13.00000000000000178, 38.51101489655228960 ) ) ;
#825 = CARTESIAN_POINT ( 'NONE',  ( 198.7675147496468924, 13.00000000000000178, 25.59691944370310424 ) ) ;
#826 = CARTESIAN_POINT ( 'NONE',  ( 224.4558379013425053, 9.999999999999996447, 46.63917942082377976 ) ) ;
#827 = DIRECTION ( 'NONE',  ( -1.000000000000000000, -0.000000000000000000, -0.000000000000000000 ) ) ;
#828 = FACE_OUTER_BOUND ( 'NONE', #5950, .T. ) ;
#829 = CARTESIAN_POINT ( 'NONE',  ( 204.4968385782388793, 13.00000000000000178, 45.47615912732151600 ) ) ;
#830 = VERTEX_POINT ( 'NONE', #4141 ) ;
#831 = CARTESIAN_POINT ( 'NONE',  ( 75.94065032445830354, 12.99999999999999467, 37.36992697726383028 ) ) ;
#832 = CARTESIAN_POINT ( 'NONE',  ( 240.1275422048736630, 13.00000000000000178, 34.63179824051061217 ) ) ;
#833 = CARTESIAN_POINT ( 'NONE',  ( 216.2663654223899243, 10.00000000000000178, 34.07866819422586246 ) ) ;
#834 = CARTESIAN_POINT ( 'NONE',  ( 101.4199155013158133, 10.00000000000000000, 44.92928412732151600 ) ) ;
#835 = EDGE_LOOP ( 'NONE', ( #695, #545, #3005, #3534 ) ) ;
#836 = CARTESIAN_POINT ( 'NONE',  ( 112.0379821577231070, 10.00000000000000000, 56.75395689346746053 ) ) ;
#837 = ORIENTED_EDGE ( 'NONE', *, *, #2471, .T. ) ;
#838 = CARTESIAN_POINT ( 'NONE',  ( 104.5389058859311859, 13.00000000000000178, 49.74899566578304899 ) ) ;
#839 = CARTESIAN_POINT ( 'NONE',  ( 90.41431338924273575, 9.999999999999996447, 39.24734400092118847 ) ) ;
#840 = CARTESIAN_POINT ( 'NONE',  ( 134.8077348130807422, 13.00000000000000533, 53.45855424804077671 ) ) ;
#841 = CARTESIAN_POINT ( 'NONE',  ( 100.0000000000000142, 10.00000000000000000, 96.43724644492834841 ) ) ;
#842 = ORIENTED_EDGE ( 'NONE', *, *, #1021, .T. ) ;
#843 = CARTESIAN_POINT ( 'NONE',  ( 251.8045308859312001, 13.00000000000000178, 45.18168797347536270 ) ) ;
#844 = CARTESIAN_POINT ( 'NONE',  ( 223.9057878445474614, 13.00000000000000178, 37.39297797573578919 ) ) ;
#845 = CARTESIAN_POINT ( 'NONE',  ( 197.3694347320850397, 10.00000000000000178, 29.83913989655228605 ) ) ;
#846 = CARTESIAN_POINT ( 'NONE',  ( 221.9888972176958077, 10.00000000000000000, 51.66056439072934126 ) ) ;
#847 = CARTESIAN_POINT ( 'NONE',  ( 146.4740020397773321, 13.00000000000000178, 50.22375528116766930 ) ) ;
#848 = CARTESIAN_POINT ( 'NONE',  ( 121.0353001167004265, 13.00000000000000178, 45.12760143501382260 ) ) ;
#849 = CARTESIAN_POINT ( 'NONE',  ( 232.5737616551619737, 10.00000000000000000, 56.37760143501382260 ) ) ;
#850 = ADVANCED_FACE ( 'NONE', ( #6372 ), #7179, .T. ) ;
#851 = CARTESIAN_POINT ( 'NONE',  ( 156.0478139525207268, 13.00000000000000178, 45.01013916057724629 ) ) ;
#852 = EDGE_CURVE ( 'NONE', #5044, #1126, #2115, .T. ) ;
#853 = CARTESIAN_POINT ( 'NONE',  ( 169.3484860607123323, 13.00000000000000178, 52.95638920235247582 ) ) ;
#854 = DIRECTION ( 'NONE',  ( -0.000000000000000000, -1.000000000000000000, -0.000000000000000000 ) ) ;
#855 = ORIENTED_EDGE ( 'NONE', *, *, #6422, .T. ) ;
#856 = DIRECTION ( 'NONE',  ( 1.000000000000000000, 0.000000000000000000, -0.000000000000000000 ) ) ;
#857 = CARTESIAN_POINT ( 'NONE',  ( 220.1981910054939533, 13.00000000000000178, 52.99298260652844306 ) ) ;
#858 = CARTESIAN_POINT ( 'NONE',  ( 224.4968385782389078, 10.00000000000000000, 45.49418797347536980 ) ) ;
#859 = CARTESIAN_POINT ( 'NONE',  ( 88.92080884339164015, 12.99999999999999822, 55.78085791111553959 ) ) ;
#860 = ORIENTED_EDGE ( 'NONE', *, *, #353, .F. ) ;
#861 = CARTESIAN_POINT ( 'NONE',  ( 164.4683303584545797, 13.00000000000000178, 34.08105146694710896 ) ) ;
#862 = CARTESIAN_POINT ( 'NONE',  ( 214.6445066903093846, 13.00000000000000178, 56.73124849930004387 ) ) ;
#863 = ORIENTED_EDGE ( 'NONE', *, *, #3540, .F. ) ;
#864 = CARTESIAN_POINT ( 'NONE',  ( 81.81350579664088229, 13.00000000000000178, 37.01963116780611074 ) ) ;
#865 = CARTESIAN_POINT ( 'NONE',  ( 232.5737616551619737, 13.00000000000000178, 34.45452451193689569 ) ) ;
#866 = CARTESIAN_POINT ( 'NONE',  ( 195.2877634219048844, 10.00000000000000000, 28.82154255229207607 ) ) ;
#867 = CARTESIAN_POINT ( 'NONE',  ( 85.29881703065102272, 13.00000000000000178, 56.73204691656189880 ) ) ;
#868 = EDGE_LOOP ( 'NONE', ( #7239, #974, #1098, #2499 ) ) ;
#869 = DIRECTION ( 'NONE',  ( 1.000000000000000000, 0.000000000000000000, 0.000000000000000000 ) ) ;
#870 = ORIENTED_EDGE ( 'NONE', *, *, #3849, .T. ) ;
#871 = CARTESIAN_POINT ( 'NONE',  ( 248.9383242493929345, 13.00000000000000178, 41.88114768070136051 ) ) ;
#872 = DIRECTION ( 'NONE',  ( 1.000000000000000000, 0.000000000000000000, 0.000000000000000000 ) ) ;
#873 = CARTESIAN_POINT ( 'NONE',  ( 137.2273624004560020, 13.00000000000000178, 54.02906600895365585 ) ) ;
#874 = DIRECTION ( 'NONE',  ( -0.000000000000000000, -1.000000000000000000, -0.000000000000000000 ) ) ;
#875 = CIRCLE ( 'NONE', #2757, 1.500000000000001332 ) ;
#876 = ORIENTED_EDGE ( 'NONE', *, *, #2976, .T. ) ;
#877 = CARTESIAN_POINT ( 'NONE',  ( 204.8999214698987714, 9.999999999999992895, 42.27721285859466605 ) ) ;
#878 = CARTESIAN_POINT ( 'NONE',  ( 296.5030604351463808, 0.000000000000000000, 85.13552925583971387 ) ) ;
#879 = CARTESIAN_POINT ( 'NONE',  ( 142.9494672204971835, 13.00000000000000178, 53.12899254717847697 ) ) ;
#880 = CARTESIAN_POINT ( 'NONE',  ( 141.9175698155662531, 10.00000000000000355, 53.55025811902104493 ) ) ;
#881 = CARTESIAN_POINT ( 'NONE',  ( 81.83482621842348692, 13.00000000000000178, 53.80208307318233807 ) ) ;
#882 = FACE_BOUND ( 'NONE', #2712, .T. ) ;
#883 = CARTESIAN_POINT ( 'NONE',  ( 75.91753861106734291, 10.00000000000000178, 42.08049257684432121 ) ) ;
#884 = LOCAL_TIME ( 17, 48, 22.00000000000000000, #2203 ) ;
#885 = ADVANCED_FACE ( 'NONE', ( #7106 ), #6596, .F. ) ;
#886 = VECTOR ( 'NONE', #5274, 1000.000000000000000 ) ;
#887 = CARTESIAN_POINT ( 'NONE',  ( 136.1863681191573789, 13.00000000000000178, 34.26873637109745374 ) ) ;
#888 = CARTESIAN_POINT ( 'NONE',  ( 249.1122231936234925, 10.00000000000000000, 46.06510143501382260 ) ) ;
#889 = DIRECTION ( 'NONE',  ( 1.000000000000000000, 0.000000000000000000, -0.000000000000000000 ) ) ;
#890 = ORIENTED_EDGE ( 'NONE', *, *, #5831, .T. ) ;
#891 = CARTESIAN_POINT ( 'NONE',  ( 110.8680363131393989, 10.00000000000000000, 54.05680563474012246 ) ) ;
#892 = CARTESIAN_POINT ( 'NONE',  ( 132.6563399804806238, 13.00000000000000178, 55.51187857225919942 ) ) ;
#893 = CARTESIAN_POINT ( 'NONE',  ( 92.95837703977734634, 10.00000000000000000, 52.58553412732151600 ) ) ;
#894 = CARTESIAN_POINT ( 'NONE',  ( 164.8934731936235210, 13.00000000000000178, 36.76221681962920940 ) ) ;
#895 = B_SPLINE_CURVE_WITH_KNOTS ( 'NONE', 3,
 ( #239, #3067, #2469, #1808, #6293, #818, #1260, #1915, #5309, #6881, #4653 ),
 .UNSPECIFIED., .F., .F.,
 ( 4, 1, 1, 1, 1, 1, 1, 1, 4 ),
 ( 0.000000000000000000, 0.1281572795931860131, 0.2538343627967347693, 0.3765056225222090935, 0.4985336856679090101, 0.6213677287324635978, 0.7445647449043576449, 0.8706337982552835308, 1.000000000000000000 ),
 .UNSPECIFIED. ) ;
#896 = VECTOR ( 'NONE', #255, 1000.000000000000000 ) ;
#897 = VECTOR ( 'NONE', #3004, 1000.000000000000000 ) ;
#898 = DIRECTION ( 'NONE',  ( -0.000000000000000000, -1.000000000000000000, -0.000000000000000000 ) ) ;
#899 = CARTESIAN_POINT ( 'NONE',  ( 153.3537321791202999, 10.00000000000000000, 44.97484936046267734 ) ) ;
#900 = VERTEX_POINT ( 'NONE', #7072 ) ;
#901 = ORIENTED_EDGE ( 'NONE', *, *, #6641, .T. ) ;
#902 = LINE ( 'NONE', #1341, #6661 ) ;
#903 = VECTOR ( 'NONE', #1741, 1000.000000000000000 ) ;
#904 = CARTESIAN_POINT ( 'NONE',  ( 133.3333333333333428, 10.00000000000000000, 96.43724644492834841 ) ) ;
#905 = ADVANCED_FACE ( 'NONE', ( #5462 ), #5394, .T. ) ;
#906 = DIRECTION ( 'NONE',  ( 0.000000000000000000, 0.000000000000000000, 1.000000000000000000 ) ) ;
#907 = AXIS2_PLACEMENT_3D ( 'NONE', #2767, #1628, #3878 ) ;
#908 = CARTESIAN_POINT ( 'NONE',  ( 109.6867054828607593, 10.00000000000000000, 56.69236763961816905 ) ) ;
#909 = ORIENTED_EDGE ( 'NONE', *, *, #4103, .T. ) ;
#910 = ORIENTED_EDGE ( 'NONE', *, *, #7088, .T. ) ;
#911 = FACE_OUTER_BOUND ( 'NONE', #4472, .T. ) ;
#913 = CARTESIAN_POINT ( 'NONE',  ( 92.93396077862465177, 9.999999999999996447, 44.56504963488113447 ) ) ;
#912 = AXIS2_PLACEMENT_3D ( 'NONE', #2136, #407, #7169 ) ;
#914 = LINE ( 'NONE', #1540, #7139 ) ;
#915 = CARTESIAN_POINT ( 'NONE',  ( 240.6378129525828342, 10.00000000000000178, 37.16675736289583654 ) ) ;
#916 = B_SPLINE_CURVE_WITH_KNOTS ( 'NONE', 3,
 ( #2060, #5591, #7093, #510, #2718, #1028, #6029, #7199, #2755, #2616, #5004 ),
 .UNSPECIFIED., .F., .F.,
 ( 4, 1, 1, 1, 1, 1, 1, 1, 4 ),
 ( 0.000000000000000000, 0.1318667517023338065, 0.2566614034533643562, 0.3842132129425004927, 0.5133652331525877521, 0.6404431518253905775, 0.7610850047778844329, 0.8791455246531607592, 1.000000000000000000 ),
 .UNSPECIFIED. ) ;
#917 = ORIENTED_EDGE ( 'NONE', *, *, #4551, .F. ) ;
#918 = CARTESIAN_POINT ( 'NONE',  ( 130.7114045252744461, 10.00000000000000000, 54.28523253376513225 ) ) ;
#919 = EDGE_CURVE ( 'NONE', #5329, #1762, #1557, .T. ) ;
#920 = CARTESIAN_POINT ( 'NONE',  ( 146.3345528254674548, 13.00000000000000178, 36.46425242558474622 ) ) ;
#921 = CARTESIAN_POINT ( 'NONE',  ( 199.8814539628542661, 10.00000000000000178, 27.54346681962920584 ) ) ;
#922 = CARTESIAN_POINT ( 'NONE',  ( 121.0353001167004265, 13.00000000000000178, 34.45452451193689569 ) ) ;
#923 = CARTESIAN_POINT ( 'NONE',  ( 129.1577699029508892, 13.00000000000000178, 46.50200459242339690 ) ) ;
#924 = CARTESIAN_POINT ( 'NONE',  ( 126.4199155013158418, 13.00000000000000178, 45.59635143501382970 ) ) ;
#925 = ORIENTED_EDGE ( 'NONE', *, *, #5868, .T. ) ;
#926 = CARTESIAN_POINT ( 'NONE',  ( 77.85675114685349740, 10.00000000000000178, 39.23377358587184460 ) ) ;
#927 = EDGE_CURVE ( 'NONE', #5232, #5409, #4808, .T. ) ;
#928 = LINE ( 'NONE', #6074, #2201 ) ;
#929 = CARTESIAN_POINT ( 'NONE',  ( 238.0221849455557503, 13.00000000000000533, 35.68565898416476045 ) ) ;
#930 = DIRECTION ( 'NONE',  ( -0.000000000000000000, -1.000000000000000000, -0.000000000000000000 ) ) ;
#931 = FACE_OUTER_BOUND ( 'NONE', #2517, .T. ) ;
#932 = CARTESIAN_POINT ( 'NONE',  ( 197.8636552089189138, 13.00000000000000533, 25.24668090779067242 ) ) ;
#933 = EDGE_CURVE ( 'NONE', #4525, #1830, #4845, .T. ) ;
#934 = CARTESIAN_POINT ( 'NONE',  ( 88.92080884339164015, 9.999999999999998224, 55.78085791111553959 ) ) ;
#935 = CARTESIAN_POINT ( 'NONE',  ( 207.6575286056198877, 10.00000000000000000, 53.39091921091494441 ) ) ;
#936 = CARTESIAN_POINT ( 'NONE',  ( 158.6259819160842710, 9.999999999999998224, 39.23377358587183750 ) ) ;
#937 = B_SPLINE_CURVE_WITH_KNOTS ( 'NONE', 3,
 ( #5529, #2111, #3765, #4464, #4353, #2174, #1659, #4948, #486, #6003, #4978 ),
 .UNSPECIFIED., .F., .F.,
 ( 4, 1, 1, 1, 1, 1, 1, 1, 4 ),
 ( 0.000000000000000000, 0.1283242377690976266, 0.2525844750621366597, 0.3735064833109037474, 0.4933644513855731106, 0.6146085973434217697, 0.7384702442356677610, 0.8659947178700191373, 1.000000000000000000 ),
 .UNSPECIFIED. ) ;
#938 = CARTESIAN_POINT ( 'NONE',  ( 157.5664648379403161, 10.00000000000000000, 36.59660742638341446 ) ) ;
#939 = CARTESIAN_POINT ( 'NONE',  ( 156.0353001167004265, 13.00000000000000178, 45.38601489655228960 ) ) ;
#940 = VERTEX_POINT ( 'NONE', #350 ) ;
#941 = ORIENTED_EDGE ( 'NONE', *, *, #2549, .T. ) ;
#942 = CARTESIAN_POINT ( 'NONE',  ( 85.90970640638562372, 9.999999999999998224, 36.90676465057129008 ) ) ;
#943 = DIRECTION ( 'NONE',  ( -0.000000000000000000, -1.000000000000000000, -0.000000000000000000 ) ) ;
#944 = FACE_OUTER_BOUND ( 'NONE', #5441, .T. ) ;
#945 = ADVANCED_FACE ( 'NONE', ( #490 ), #2038, .T. ) ;
#946 = CARTESIAN_POINT ( 'NONE',  ( 72.58450140988955468, 10.00000000000000178, 44.97484936046269155 ) ) ;
#947 = VERTEX_POINT ( 'NONE', #968 ) ;
#948 = EDGE_CURVE ( 'NONE', #5515, #1515, #1002, .T. ) ;
#949 = ORIENTED_EDGE ( 'NONE', *, *, #1464, .T. ) ;
#950 = FACE_OUTER_BOUND ( 'NONE', #2184, .T. ) ;
#951 = CARTESIAN_POINT ( 'NONE',  ( 119.3557040653915351, 10.00000000000000355, 52.98763072328581103 ) ) ;
#952 = CARTESIAN_POINT ( 'NONE',  ( 135.9853642823489110, 12.99999999999999822, 53.81433138705607888 ) ) ;
#953 = DIRECTION ( 'NONE',  ( 1.000000000000000000, 0.000000000000000000, 0.000000000000000000 ) ) ;
#954 = B_SPLINE_CURVE_WITH_KNOTS ( 'NONE', 3,
 ( #500, #1011, #3156, #6530, #2744, #2709, #2088, #4443, #4855, #1495, #3745, #5983, #6786, #3032, #1194, #6162, #2781, #644, #6199 ),
 .UNSPECIFIED., .F., .F.,
 ( 4, 1, 1, 1, 1, 1, 1, 1, 1, 1, 1, 1, 1, 1, 1, 1, 4 ),
 ( 0.000000000000000000, 0.06518479598607226921, 0.1282737271139273716, 0.1902702203927573443, 0.2517683137756829281, 0.3127686945781241734, 0.3747932794097868503, 0.4379695860627112469, 0.5030473998633705479, 0.5681252136640297934, 0.6309497487122618375, 0.6923691093867020419, 0.7529731677502622400, 0.8136410669177466248, 0.8743552086918139343, 0.9365729684654821030, 1.000000000000000000 ),
 .UNSPECIFIED. ) ;
#955 = EDGE_LOOP ( 'NONE', ( #4181, #1385, #2207, #5291 ) ) ;
#956 = CARTESIAN_POINT ( 'NONE',  ( 126.6185217369377511, 13.00000000000000178, 47.83232240818671244 ) ) ;
#957 = CARTESIAN_POINT ( 'NONE',  ( 207.4525574521420879, 12.99999999999999822, 47.76036701902580006 ) ) ;
#958 = CARTESIAN_POINT ( 'NONE',  ( 112.8065531544031046, 13.00000000000000178, 56.69202548554922316 ) ) ;
#959 = CARTESIAN_POINT ( 'NONE',  ( 209.1360491700016553, 12.99999999999999822, 39.95667014268951078 ) ) ;
#960 = DIRECTION ( 'NONE',  ( -0.000000000000000000, -1.000000000000000000, -0.000000000000000000 ) ) ;
#961 = ORIENTED_EDGE ( 'NONE', *, *, #1534, .F. ) ;
#962 = CARTESIAN_POINT ( 'NONE',  ( 248.7937135782388793, 13.00000000000000178, 41.07712066578305610 ) ) ;
#963 = DIRECTION ( 'NONE',  ( 0.000000000000000000, 0.000000000000000000, -1.000000000000000000 ) ) ;
#964 = CARTESIAN_POINT ( 'NONE',  ( 1.224646799147353533E-14, 10.00000000000000000, 100.0000000000000000 ) ) ;
#965 = CARTESIAN_POINT ( 'NONE',  ( 224.1843385782388793, 9.999999999999996447, 37.68168797347536270 ) ) ;
#966 = CARTESIAN_POINT ( 'NONE',  ( 197.3694347320850397, 13.00000000000000178, 25.22375528116766930 ) ) ;
#967 = CARTESIAN_POINT ( 'NONE',  ( 130.7114045252744461, 13.00000000000000178, 54.28523253376513225 ) ) ;
#968 = CARTESIAN_POINT ( 'NONE',  ( 233.3333333333332860, 20.00000000000000000, 94.93724644492834841 ) ) ;
#969 = CARTESIAN_POINT ( 'NONE',  ( 195.0554920613628269, 10.00000000000000178, 28.42445146208820361 ) ) ;
#970 = CARTESIAN_POINT ( 'NONE',  ( 111.2696751167004265, 10.00000000000000000, 54.06990912732151600 ) ) ;
#971 = ADVANCED_FACE ( 'NONE', ( #4357 ), #4249, .T. ) ;
#972 = CARTESIAN_POINT ( 'NONE',  ( 169.8398892169516330, 12.99999999999999822, 38.15028083259845459 ) ) ;
#973 = LINE ( 'NONE', #3218, #6060 ) ;
#974 = ORIENTED_EDGE ( 'NONE', *, *, #6452, .F. ) ;
#975 = ORIENTED_EDGE ( 'NONE', *, *, #5868, .F. ) ;
#976 = CARTESIAN_POINT ( 'NONE',  ( 235.7394144399517586, 13.00000000000000178, 42.36604104357167699 ) ) ;
#977 = CARTESIAN_POINT ( 'NONE',  ( 118.3423331895430266, 13.00000000000000533, 45.56849446721447805 ) ) ;
#978 = B_SPLINE_CURVE_WITH_KNOTS ( 'NONE', 3,
 ( #3994, #1191, #6483, #5971, #5934, #5316, #6370, #277, #2512, #2478, #824 ),
 .UNSPECIFIED., .F., .F.,
 ( 4, 1, 1, 1, 1, 1, 1, 1, 4 ),
 ( 0.000000000000000000, 0.1298621417207386219, 0.2546535308972880940, 0.3760145541937121028, 0.4952552518176073781, 0.6147977192994583673, 0.7381055541683320120, 0.8651963000723575936, 1.000000000000000000 ),
 .UNSPECIFIED. ) ;
#979 = CARTESIAN_POINT ( 'NONE',  ( 66.66666666666668561, 20.00000000000000000, 96.43724644492834841 ) ) ;
#980 = LINE ( 'NONE', #3226, #1130 ) ;
#981 = EDGE_LOOP ( 'NONE', ( #2973, #1420, #2006, #2802 ) ) ;
#982 = ORIENTED_EDGE ( 'NONE', *, *, #707, .F. ) ;
#983 = CARTESIAN_POINT ( 'NONE',  ( 84.08818473208503974, 10.00000000000000355, 34.06990912732151600 ) ) ;
#984 = FACE_OUTER_BOUND ( 'NONE', #4665, .T. ) ;
#985 = CARTESIAN_POINT ( 'NONE',  ( 76.45286935378558724, 13.00000000000000533, 49.72740125713123405 ) ) ;
#986 = CARTESIAN_POINT ( 'NONE',  ( 235.6807328090081057, 10.00000000000000000, 42.56750528116766930 ) ) ;
#987 = EDGE_CURVE ( 'NONE', #5025, #1529, #3248, .T. ) ;
#988 = EDGE_CURVE ( 'NONE', #5285, #6600, #3214, .T. ) ;
#989 = ORIENTED_EDGE ( 'NONE', *, *, #3241, .T. ) ;
#990 = CARTESIAN_POINT ( 'NONE',  ( 129.8361692443924653, 10.00000000000000000, 53.52440879630290027 ) ) ;
#991 = CARTESIAN_POINT ( 'NONE',  ( 211.4821835564772528, 13.00000000000000178, 52.99244122668554979 ) ) ;
#992 = CARTESIAN_POINT ( 'NONE',  ( 248.0941960756146614, 10.00000000000000000, 39.19297253269446912 ) ) ;
#993 = CARTESIAN_POINT ( 'NONE',  ( 213.3187368932789809, 10.00000000000000000, 37.10764781696636305 ) ) ;
#994 = DIRECTION ( 'NONE',  ( -0.000000000000000000, -1.000000000000000000, -0.000000000000000000 ) ) ;
#995 = ORIENTED_EDGE ( 'NONE', *, *, #1392, .T. ) ;
#996 = CARTESIAN_POINT ( 'NONE',  ( 92.33952389217817824, 13.00000000000000178, 48.85447994044527320 ) ) ;
#997 = CARTESIAN_POINT ( 'NONE',  ( 173.4435663895011714, 10.00000000000000000, 38.14319022875939424 ) ) ;
#998 = CARTESIAN_POINT ( 'NONE',  ( 173.7276078090081057, 13.00000000000000178, 38.51101489655228960 ) ) ;
#999 = CARTESIAN_POINT ( 'NONE',  ( 105.7835189017167323, 10.00000000000000533, 51.93079691680746635 ) ) ;
#1000 = CARTESIAN_POINT ( 'NONE',  ( 194.8905489909986386, 12.99999999999999822, 27.38805953732013165 ) ) ;
#1001 = CARTESIAN_POINT ( 'NONE',  ( 235.6807328090081057, 10.00000000000000000, 42.56750528116766930 ) ) ;
#1002 = LINE ( 'NONE', #3286, #4434 ) ;
#1003 = PLANE ( 'NONE',  #5852 ) ;
#1004 = CARTESIAN_POINT ( 'NONE',  ( 173.1054915539208139, 10.00000000000000000, 42.05101592644442121 ) ) ;
#1005 = CARTESIAN_POINT ( 'NONE',  ( 207.5016462705465585, 10.00000000000000000, 37.69971681962920940 ) ) ;
#1006 = VERTEX_POINT ( 'NONE', #4391 ) ;
#1007 = VERTEX_POINT ( 'NONE', #2699 ) ;
#1008 = CARTESIAN_POINT ( 'NONE',  ( 240.6378129525828342, 13.00000000000000178, 37.16675736289583654 ) ) ;
#1009 = CARTESIAN_POINT ( 'NONE',  ( 102.4877631146148360, 13.00000000000000178, 51.87033464851429443 ) ) ;
#1010 = DIRECTION ( 'NONE',  ( 1.000000000000000000, 0.000000000000000000, 0.000000000000000000 ) ) ;
#1011 = CARTESIAN_POINT ( 'NONE',  ( 224.4886248351591576, 12.99999999999999822, 45.19729462166396416 ) ) ;
#1012 = VECTOR ( 'NONE', #1757, 1000.000000000000000 ) ;
#1013 = VECTOR ( 'NONE', #158, 1000.000000000000000 ) ;
#1014 = EDGE_CURVE ( 'NONE', #1316, #1605, #2000, .T. ) ;
#1015 = CARTESIAN_POINT ( 'NONE',  ( 81.80222469716503042, 10.00000000000000178, 34.25470934172789583 ) ) ;
#1016 = ORIENTED_EDGE ( 'NONE', *, *, #700, .T. ) ;
#1017 = AXIS2_PLACEMENT_3D ( 'NONE', #4662, #3553, #1963 ) ;
#1018 = EDGE_LOOP ( 'NONE', ( #5483, #22, #2604, #909 ) ) ;
#1019 = CARTESIAN_POINT ( 'NONE',  ( 138.6915501167004550, 13.00000000000000178, 34.06990912732152310 ) ) ;
#1020 = LINE ( 'NONE', #4451, #4780 ) ;
#1021 = EDGE_CURVE ( 'NONE', #64, #1542, #1590, .T. ) ;
#1022 = DIRECTION ( 'NONE',  ( 0.000000000000000000, 0.000000000000000000, -1.000000000000000000 ) ) ;
#1023 = CARTESIAN_POINT ( 'NONE',  ( 235.8566946611218498, 10.00000000000000000, 41.96339766159374562 ) ) ;
#1024 = AXIS2_PLACEMENT_3D ( 'NONE', #5063, #5720, #6228 ) ;
#1025 = APPROVAL_DATE_TIME ( #6689, #6136 ) ;
#1026 = VERTEX_POINT ( 'NONE', #3841 ) ;
#1027 = DIRECTION ( 'NONE',  ( 0.000000000000000000, 1.000000000000000000, 0.000000000000000000 ) ) ;
#1028 = CARTESIAN_POINT ( 'NONE',  ( 195.6068793630374216, 12.99999999999999822, 29.17249881426069180 ) ) ;
#1029 = ORIENTED_EDGE ( 'NONE', *, *, #4051, .T. ) ;
#1030 = CARTESIAN_POINT ( 'NONE',  ( 243.5043566021298886, 9.999999999999998224, 36.77306022898025617 ) ) ;
#1031 = CARTESIAN_POINT ( 'NONE',  ( 210.3751723887733931, 9.999999999999996447, 38.71088443283593250 ) ) ;
#1032 = DIRECTION ( 'NONE',  ( 0.000000000000000000, 0.000000000000000000, 1.000000000000000000 ) ) ;
#1033 = ORIENTED_EDGE ( 'NONE', *, *, #3056, .T. ) ;
#1034 = CARTESIAN_POINT ( 'NONE',  ( 169.6900396126224564, 13.00000000000000533, 55.78085791111553959 ) ) ;
#1035 = VECTOR ( 'NONE', #2814, 1000.000000000000000 ) ;
#1036 = EDGE_CURVE ( 'NONE', #6973, #1186, #6254, .T. ) ;
#1037 = CARTESIAN_POINT ( 'NONE',  ( 170.9240055956471167, 13.00000000000000178, 35.72354800764802718 ) ) ;
#1038 = CARTESIAN_POINT ( 'NONE',  ( 244.8071420888616956, 12.99999999999999822, 34.11414596061872118 ) ) ;
#1039 = CARTESIAN_POINT ( 'NONE',  ( 161.4187452975416761, 9.999999999999996447, 56.31189318009942468 ) ) ;
#1040 = CARTESIAN_POINT ( 'NONE',  ( 194.9084122001381729, 9.999999999999996447, 27.08282982921788218 ) ) ;
#1041 = CARTESIAN_POINT ( 'NONE',  ( 239.4869093675952172, 13.00000000000000178, 37.69125712958948782 ) ) ;
#1042 = CARTESIAN_POINT ( 'NONE',  ( 54.49683857823887934, 13.00000000000000178, 41.76221681962920940 ) ) ;
#1043 = CARTESIAN_POINT ( 'NONE',  ( 164.3861269959380138, 13.00000000000000178, 56.75170505732219084 ) ) ;
#1044 = CARTESIAN_POINT ( 'NONE',  ( 223.8758718316016996, 10.00000000000000178, 42.13071622881658129 ) ) ;
#1045 = DIRECTION ( 'NONE',  ( -0.000000000000000000, -1.000000000000000000, -0.000000000000000000 ) ) ;
#1046 = ORIENTED_EDGE ( 'NONE', *, *, #1783, .T. ) ;
#1047 = ORIENTED_EDGE ( 'NONE', *, *, #5535, .T. ) ;
#1048 = CARTESIAN_POINT ( 'NONE',  ( 227.1641133651985456, 10.00000000000000000, 46.58069905017735834 ) ) ;
#1049 = CARTESIAN_POINT ( 'NONE',  ( 104.2827538157412590, 9.999999999999996447, 54.37119554726965731 ) ) ;
#1050 = CARTESIAN_POINT ( 'NONE',  ( 169.1029285287451103, 9.999999999999998224, 37.72523420911397807 ) ) ;
#1051 = CARTESIAN_POINT ( 'NONE',  ( 296.5030604351463808, 0.000000000000000000, 85.13552925583971387 ) ) ;
#1052 = CARTESIAN_POINT ( 'NONE',  ( 107.5794763217917307, 13.00000000000000178, 56.26634657121827843 ) ) ;
#1053 = ORIENTED_EDGE ( 'NONE', *, *, #6905, .T. ) ;
#1054 = DIRECTION ( 'NONE',  ( 0.000000000000000000, 0.000000000000000000, 1.000000000000000000 ) ) ;
#1055 = ORIENTED_EDGE ( 'NONE', *, *, #6609, .T. ) ;
#1056 = DIRECTION ( 'NONE',  ( 1.000000000000000000, 0.000000000000000000, -0.000000000000000000 ) ) ;
#1057 = CARTESIAN_POINT ( 'NONE',  ( 119.9681231058107187, 12.99999999999999822, 51.90092177348398650 ) ) ;
#1058 = CARTESIAN_POINT ( 'NONE',  ( 138.6915501167004550, 13.00000000000000178, 34.06990912732152310 ) ) ;
#1059 = VERTEX_POINT ( 'NONE', #6667 ) ;
#1060 = CARTESIAN_POINT ( 'NONE',  ( 157.2129736396096575, 10.00000000000000178, 41.05039465339895344 ) ) ;
#1061 = VERTEX_POINT ( 'NONE', #5131 ) ;
#1062 = CARTESIAN_POINT ( 'NONE',  ( 114.9074235775801895, 13.00000000000000178, 56.26506804300539244 ) ) ;
#1063 = FACE_OUTER_BOUND ( 'NONE', #4085, .T. ) ;
#1064 = CARTESIAN_POINT ( 'NONE',  ( 198.7276078090081057, 10.00000000000000000, 56.37760143501382260 ) ) ;
#1065 = ORIENTED_EDGE ( 'NONE', *, *, #6641, .F. ) ;
#1066 = CARTESIAN_POINT ( 'NONE',  ( 54.49683857823887934, 10.00000000000000000, 29.45452451193689924 ) ) ;
#1067 = CARTESIAN_POINT ( 'NONE',  ( 173.4435663895011714, 13.00000000000000178, 38.14319022875939424 ) ) ;
#1068 = CARTESIAN_POINT ( 'NONE',  ( 214.9778203673390919, 13.00000000000000178, 36.78680717029157421 ) ) ;
#1069 = DIRECTION ( 'NONE',  ( 0.000000000000000000, 1.000000000000000000, 0.000000000000000000 ) ) ;
#1070 = CARTESIAN_POINT ( 'NONE',  ( 194.8814539628542661, 13.00000000000000178, 27.54346681962920584 ) ) ;
#1071 = CARTESIAN_POINT ( 'NONE',  ( 235.7394144399517586, 13.00000000000000178, 42.36604104357167699 ) ) ;
#1072 = CARTESIAN_POINT ( 'NONE',  ( 154.1603097605879498, 10.00000000000000178, 49.76359767057062555 ) ) ;
#1073 = CARTESIAN_POINT ( 'NONE',  ( 196.4168207520515068, 10.00000000000000178, 29.68371817022396897 ) ) ;
#1074 = EDGE_CURVE ( 'NONE', #5315, #6208, #1146, .T. ) ;
#1075 = B_SPLINE_CURVE_WITH_KNOTS ( 'NONE', 3,
 ( #3473, #6812, #4430, #4582, #5060, #7214, #559, #2287, #2178, #17, #1109, #6115, #1737, #1072, #2769, #2813, #632, #1772, #2252 ),
 .UNSPECIFIED., .F., .F.,
 ( 4, 1, 1, 1, 1, 1, 1, 1, 1, 1, 1, 1, 1, 1, 1, 1, 4 ),
 ( 0.000000000000000000, 0.06461999134076834572, 0.1274334841444681454, 0.1890041265579405216, 0.2499300706860470012, 0.3106684537406724789, 0.3723289611368243990, 0.4349391099970090768, 0.4995755441940345487, 0.5641912077719243301, 0.6267352169294784225, 0.6881093335614013595, 0.7492936065367511445, 0.8103305278109455001, 0.8719011702244158224, 0.9350459146845315761, 1.000000000000000000 ),
 .UNSPECIFIED. ) ;
#1076 = EDGE_LOOP ( 'NONE', ( #6748, #2833, #6672, #1174 ) ) ;
#1077 = EDGE_CURVE ( 'NONE', #5026, #602, #521, .T. ) ;
#1078 = EDGE_CURVE ( 'NONE', #1316, #6171, #1259, .T. ) ;
#1079 = CARTESIAN_POINT ( 'NONE',  ( 146.2268889079662131, 9.999999999999996447, 40.30127014716739353 ) ) ;
#1080 = CARTESIAN_POINT ( 'NONE',  ( 160.4412793187282205, 10.00000000000000711, 34.88421282154198622 ) ) ;
#1081 = EDGE_LOOP ( 'NONE', ( #3437, #3699, #6167, #57 ) ) ;
#1082 = EDGE_LOOP ( 'NONE', ( #482, #4294, #6216, #2255 ) ) ;
#1083 = CARTESIAN_POINT ( 'NONE',  ( 248.8189423356720340, 9.999999999999998224, 41.19307946799326459 ) ) ;
#1084 = CARTESIAN_POINT ( 'NONE',  ( 108.2478282987354277, 10.00000000000000000, 56.44668145637182022 ) ) ;
#1085 = CARTESIAN_POINT ( 'NONE',  ( 143.8313308681053400, 12.99999999999999822, 55.75506926146996278 ) ) ;
#1086 = CARTESIAN_POINT ( 'NONE',  ( 128.0113547593858243, 10.00000000000000533, 39.76734760315387973 ) ) ;
#1087 = VERTEX_POINT ( 'NONE', #1219 ) ;
#1088 = CARTESIAN_POINT ( 'NONE',  ( 77.71359461941268876, 12.99999999999999822, 35.92452989401944308 ) ) ;
#1089 = EDGE_LOOP ( 'NONE', ( #781, #5702, #5049, #2910, #3662, #7269, #6490, #5296, #5921 ) ) ;
#1090 = DIRECTION ( 'NONE',  ( 0.000000000000000000, 0.000000000000000000, -1.000000000000000000 ) ) ;
#1091 = ORIENTED_EDGE ( 'NONE', *, *, #1621, .T. ) ;
#1092 = B_SPLINE_SURFACE_WITH_KNOTS ( 'NONE', 3, 1, ( 
 ( #1154, #1005 ),
 ( #5538, #4955 ),
 ( #3403, #3806 ),
 ( #2257, #3918 ),
 ( #6707, #7183 ),
 ( #6155, #7221 ),
 ( #3884, #3253 ),
 ( #1594, #3362 ),
 ( #5612, #2817 ),
 ( #6740, #3953 ),
 ( #4657, #5099 ) ),
 .UNSPECIFIED., .F., .F., .F.,
 ( 4, 1, 1, 1, 1, 1, 1, 1, 4 ),
 ( 2, 2 ),
 ( 0.000000000000000000, 0.1284975211375122273, 0.2527129855154525151, 0.3748191325670450214, 0.4964364263727303883, 0.6179105567458502701, 0.7412876173092898258, 0.8687004007446071929, 1.000000000000000000 ),
 ( 0.000000000000000000, 1.000000000000000000 ),
 .UNSPECIFIED. ) ;
#1093 = CARTESIAN_POINT ( 'NONE',  ( 146.8860198963103016, 9.999999999999996447, 53.84052403128450237 ) ) ;
#1094 = CARTESIAN_POINT ( 'NONE',  ( 51.80453088593119304, 10.00000000000000000, 56.37760143501382260 ) ) ;
#1095 = CARTESIAN_POINT ( 'NONE',  ( 141.8757234443199593, 12.99999999999999822, 34.42627598828101299 ) ) ;
#1096 = ORIENTED_EDGE ( 'NONE', *, *, #474, .F. ) ;
#1097 = CARTESIAN_POINT ( 'NONE',  ( 224.8992328722644061, 10.00000000000000000, 38.50470392780182038 ) ) ;
#1098 = ORIENTED_EDGE ( 'NONE', *, *, #4775, .F. ) ;
#1099 = DIRECTION ( 'NONE',  ( 0.000000000000000000, 0.000000000000000000, 1.000000000000000000 ) ) ;
#1100 = DIRECTION ( 'NONE',  ( -0.000000000000000000, -1.000000000000000000, -0.000000000000000000 ) ) ;
#1101 = CARTESIAN_POINT ( 'NONE',  ( 233.3333333333332860, 20.00000000000000000, 97.93724644492834841 ) ) ;
#1102 = LINE ( 'NONE', #5596, #6891 ) ;
#1103 = EDGE_CURVE ( 'NONE', #495, #4558, #89, .T. ) ;
#1104 = CARTESIAN_POINT ( 'NONE',  ( 75.90993413615807128, 10.00000000000000178, 53.45030617205737400 ) ) ;
#1105 = CARTESIAN_POINT ( 'NONE',  ( 212.5349582292949151, 13.00000000000000178, 37.38711115633669380 ) ) ;
#1106 = CARTESIAN_POINT ( 'NONE',  ( 104.5389058859311859, 13.00000000000000178, 49.74899566578304899 ) ) ;
#1107 = CARTESIAN_POINT ( 'NONE',  ( 87.91445956447820720, 10.00000000000000178, 34.70001520915453597 ) ) ;
#1108 = CARTESIAN_POINT ( 'NONE',  ( 236.3708842284422360, 9.999999999999996447, 40.82728518757085823 ) ) ;
#1109 = CARTESIAN_POINT ( 'NONE',  ( 155.8971763307382048, 10.00000000000000000, 52.60692056762644597 ) ) ;
#1110 = CARTESIAN_POINT ( 'NONE',  ( 195.6068793630374216, 12.99999999999999822, 29.17249881426069180 ) ) ;
#1111 = ADVANCED_FACE ( 'NONE', ( #2219, #2328 ), #3880, .T. ) ;
#1112 = CARTESIAN_POINT ( 'NONE',  ( 143.9957688010414358, 12.99999999999999822, 38.24670655852852974 ) ) ;
#1113 = CARTESIAN_POINT ( 'NONE',  ( 223.3570190223428824, 9.999999999999996447, 36.82419453252375519 ) ) ;
#1114 = VERTEX_POINT ( 'NONE', #5679 ) ;
#1115 = ORIENTED_EDGE ( 'NONE', *, *, #1465, .T. ) ;
#1116 = CARTESIAN_POINT ( 'NONE',  ( 249.1073993472455754, 10.00000000000000355, 45.19568552899046665 ) ) ;
#1117 = CARTESIAN_POINT ( 'NONE',  ( 101.4775543345495663, 13.00000000000000178, 47.08004599970540482 ) ) ;
#1118 = CARTESIAN_POINT ( 'NONE',  ( 199.4774829173968556, 10.00000000000000000, 26.24002622393021156 ) ) ;
#1119 = CARTESIAN_POINT ( 'NONE',  ( 129.9184155589458101, 10.00000000000000000, 37.37723277194237426 ) ) ;
#1120 = VECTOR ( 'NONE', #1404, 1000.000000000000000 ) ;
#1121 = CARTESIAN_POINT ( 'NONE',  ( 73.88179644957772041, 10.00000000000000178, 40.04288111408455819 ) ) ;
#1122 = EDGE_CURVE ( 'NONE', #6356, #5434, #1075, .T. ) ;
#1123 = ORIENTED_EDGE ( 'NONE', *, *, #3331, .T. ) ;
#1124 = CIRCLE ( 'NONE', #5251, 1.650000000000000355 ) ;
#1125 = CARTESIAN_POINT ( 'NONE',  ( 251.5880369524752780, 13.00000000000000533, 41.35023849663902240 ) ) ;
#1126 = VERTEX_POINT ( 'NONE', #4538 ) ;
#1127 = CARTESIAN_POINT ( 'NONE',  ( 173.7276078090081057, 13.00000000000000178, 34.45452451193689569 ) ) ;
#1128 = CARTESIAN_POINT ( 'NONE',  ( 87.51822190538142365, 13.00000000000000533, 53.45266743150093447 ) ) ;
#1129 = LINE ( 'NONE', #3384, #4552 ) ;
#1130 = VECTOR ( 'NONE', #5730, 1000.000000000000000 ) ;
#1131 = VERTEX_POINT ( 'NONE', #5566 ) ;
#1132 = FACE_OUTER_BOUND ( 'NONE', #3038, .T. ) ;
#1133 = ORIENTED_EDGE ( 'NONE', *, *, #6572, .F. ) ;
#1134 = CARTESIAN_POINT ( 'NONE',  ( 249.0733240333526055, 9.999999999999996447, 43.63692322962085512 ) ) ;
#1136 = CARTESIAN_POINT ( 'NONE',  ( 164.8574155013158133, 10.00000000000000000, 34.06990912732151600 ) ) ;
#1135 = CIRCLE ( 'NONE', #3372, 1.500000000000001332 ) ;
#1137 = FACE_OUTER_BOUND ( 'NONE', #6856, .T. ) ;
#1138 = CARTESIAN_POINT ( 'NONE',  ( 168.5335975268114339, 9.999999999999996447, 56.21964696543576423 ) ) ;
#1139 = PRODUCT_RELATED_PRODUCT_CATEGORY ( 'detail', '', ( #1863 ) ) ;
#1140 = LINE ( 'NONE', #2323, #3736 ) ;
#1141 = CARTESIAN_POINT ( 'NONE',  ( 156.0831918610770970, 9.999999999999998224, 46.50543886556516782 ) ) ;
#1142 = DIRECTION ( 'NONE',  ( 0.000000000000000000, 0.000000000000000000, 1.000000000000000000 ) ) ;
#1143 = CARTESIAN_POINT ( 'NONE',  ( 84.10020396285426614, 12.99999999999999467, 54.06990912732151600 ) ) ;
#1144 = CARTESIAN_POINT ( 'NONE',  ( 224.4558379013425053, 12.99999999999999822, 46.63917942082377976 ) ) ;
#1145 = AXIS2_PLACEMENT_3D ( 'NONE', #2722, #589, #6142 ) ;
#1146 = LINE ( 'NONE', #6152, #1606 ) ;
#1147 = COORDINATED_UNIVERSAL_TIME_OFFSET ( 5, 0, .BEHIND. ) ;
#1148 = VECTOR ( 'NONE', #1512, 1000.000000000000000 ) ;
#1149 = EDGE_CURVE ( 'NONE', #1007, #362, #6187, .T. ) ;
#1150 = ORIENTED_EDGE ( 'NONE', *, *, #1623, .F. ) ;
#1151 = B_SPLINE_SURFACE_WITH_KNOTS ( 'NONE', 3, 1, ( 
 ( #3541, #5783 ),
 ( #668, #2283 ),
 ( #4533, #1141 ),
 ( #3468, #4097 ),
 ( #2843, #5238 ),
 ( #5090, #2357 ),
 ( #628, #3431 ),
 ( #2324, #6842 ),
 ( #1804, #2429 ),
 ( #2877, #6329 ),
 ( #4578, #6183 ),
 ( #4054, #6808 ),
 ( #1291, #1768 ),
 ( #47, #6729 ),
 ( #4016, #6287 ) ),
 .UNSPECIFIED., .F., .F., .F.,
 ( 4, 1, 1, 1, 1, 1, 1, 1, 1, 1, 1, 1, 4 ),
 ( 2, 2 ),
 ( 0.000000000000000000, 0.08158934893218351692, 0.1628588951679348362, 0.2454836892755791755, 0.3308071391580099663, 0.4164933737762850363, 0.4998932031606325710, 0.5830481559950206893, 0.6671578520621564978, 0.7513119292929135717, 0.8337847893576149083, 0.9162564885439797857, 0.9999999999999998890 ),
 ( 0.000000000000000000, 1.000000000000000000 ),
 .UNSPECIFIED. ) ;
#1152 = EDGE_CURVE ( 'NONE', #755, #3517, #1663, .T. ) ;
#1153 = LINE ( 'NONE', #3402, #212 ) ;
#1154 = CARTESIAN_POINT ( 'NONE',  ( 207.5016462705465585, 13.00000000000000178, 37.69971681962920940 ) ) ;
#1155 = ORIENTED_EDGE ( 'NONE', *, *, #3763, .T. ) ;
#1156 = ORIENTED_EDGE ( 'NONE', *, *, #6512, .F. ) ;
#1157 = CARTESIAN_POINT ( 'NONE',  ( 226.0331238346655880, 9.999999999999996447, 40.30981004397936118 ) ) ;
#1158 = CARTESIAN_POINT ( 'NONE',  ( 101.5605784106561345, 10.00000000000000000, 48.05863241650833118 ) ) ;
#1159 = DIRECTION ( 'NONE',  ( 1.000000000000000000, 0.000000000000000000, -0.000000000000000000 ) ) ;
#1160 = CARTESIAN_POINT ( 'NONE',  ( 95.65068473208503974, 10.00000000000000000, 56.37760143501382260 ) ) ;
#1161 = CARTESIAN_POINT ( 'NONE',  ( 159.5151763395345768, 12.99999999999999822, 52.31437678168605743 ) ) ;
#1162 = EDGE_LOOP ( 'NONE', ( #6601, #4147, #1246, #5415 ) ) ;
#1163 = CARTESIAN_POINT ( 'NONE',  ( 131.6545703955292481, 10.00000000000000000, 54.95167644721863809 ) ) ;
#1164 = CARTESIAN_POINT ( 'NONE',  ( 248.0426078962067606, 12.99999999999999822, 35.28306610323654269 ) ) ;
#1165 = ORIENTED_EDGE ( 'NONE', *, *, #353, .T. ) ;
#1166 = CARTESIAN_POINT ( 'NONE',  ( 147.8812735699490872, 13.00000000000000178, 52.84246626758707777 ) ) ;
#1167 = CARTESIAN_POINT ( 'NONE',  ( 89.56767927274879071, 9.999999999999992895, 52.34132615180608639 ) ) ;
#1168 = DIRECTION ( 'NONE',  ( 0.000000000000000000, 0.000000000000000000, 1.000000000000000000 ) ) ;
#1169 = ADVANCED_FACE ( 'NONE', ( #4501 ), #3988, .F. ) ;
#1170 = DIRECTION ( 'NONE',  ( 0.000000000000000000, 1.000000000000000000, 0.000000000000000000 ) ) ;
#1171 = B_SPLINE_CURVE_WITH_KNOTS ( 'NONE', 3,
 ( #2242, #4047, #4526, #701, #4491, #6759, #2912, #3425, #5706, #5743, #3978 ),
 .UNSPECIFIED., .F., .F.,
 ( 4, 1, 1, 1, 1, 1, 1, 1, 4 ),
 ( 0.000000000000000000, 0.1318992643310784307, 0.2582840923169735237, 0.3843411247791039820, 0.5119796151257163253, 0.6386320084211462023, 0.7592297631645879008, 0.8774121680352047203, 0.9999999999999998890 ),
 .UNSPECIFIED. ) ;
#1172 = ORIENTED_EDGE ( 'NONE', *, *, #2101, .F. ) ;
#1173 = CARTESIAN_POINT ( 'NONE',  ( 78.61854265891757620, 12.99999999999999822, 55.47633565612842688 ) ) ;
#1174 = ORIENTED_EDGE ( 'NONE', *, *, #6119, .T. ) ;
#1175 = CARTESIAN_POINT ( 'NONE',  ( 198.7276078090081057, 13.00000000000000178, 56.37760143501382260 ) ) ;
#1176 = CARTESIAN_POINT ( 'NONE',  ( 171.1835441584734667, 12.99999999999999822, 39.24734400092118136 ) ) ;
#1177 = CARTESIAN_POINT ( 'NONE',  ( 129.7688944604065000, 9.999999999999998224, 42.03867125475500899 ) ) ;
#1178 = CARTESIAN_POINT ( 'NONE',  ( 220.6094086662118627, 10.00000000000000000, 38.19097185003074912 ) ) ;
#1179 = CARTESIAN_POINT ( 'NONE',  ( 204.4968385782388793, 10.00000000000000000, 45.47615912732151600 ) ) ;
#1180 = DIRECTION ( 'NONE',  ( -0.000000000000000000, -1.000000000000000000, -0.000000000000000000 ) ) ;
#1181 = CARTESIAN_POINT ( 'NONE',  ( 153.5348528003137574, 13.00000000000000178, 47.63966549222365643 ) ) ;
#1182 = FACE_OUTER_BOUND ( 'NONE', #6867, .T. ) ;
#1183 = CARTESIAN_POINT ( 'NONE',  ( 248.7937135782388793, 13.00000000000000178, 41.07712066578305610 ) ) ;
#1184 = CARTESIAN_POINT ( 'NONE',  ( 84.00405011670042654, 10.00000000000000355, 56.76221681962920940 ) ) ;
#1185 = EDGE_CURVE ( 'NONE', #6015, #4349, #1697, .T. ) ;
#1186 = VERTEX_POINT ( 'NONE', #1184 ) ;
#1187 = LINE ( 'NONE', #1775, #2317 ) ;
#1188 = DIRECTION ( 'NONE',  ( -0.000000000000000000, -1.000000000000000000, -0.000000000000000000 ) ) ;
#1189 = VERTEX_POINT ( 'NONE', #6260 ) ;
#1190 = ORIENTED_EDGE ( 'NONE', *, *, #6572, .T. ) ;
#1191 = CARTESIAN_POINT ( 'NONE',  ( 165.3048428647124695, 13.00000000000000178, 34.08223271196602866 ) ) ;
#1192 = CARTESIAN_POINT ( 'NONE',  ( 126.4199155013158418, 13.00000000000000178, 45.59635143501382970 ) ) ;
#1193 = CARTESIAN_POINT ( 'NONE',  ( 296.5030604351463808, 0.000000000000000000, 91.13552925583975650 ) ) ;
#1194 = CARTESIAN_POINT ( 'NONE',  ( 218.3584132757123939, 13.00000000000000533, 37.11019033808361200 ) ) ;
#1195 = CARTESIAN_POINT ( 'NONE',  ( 138.1644417497660982, 10.00000000000000000, 36.77127546714095985 ) ) ;
#1196 = ORIENTED_EDGE ( 'NONE', *, *, #395, .T. ) ;
#1197 = CARTESIAN_POINT ( 'NONE',  ( 199.9999999999999432, 10.00000000000000000, 94.93724644492834841 ) ) ;
#1198 = CARTESIAN_POINT ( 'NONE',  ( 249.7350541662537466, 9.999999999999998224, 36.74178829034762117 ) ) ;
#1199 = ORIENTED_EDGE ( 'NONE', *, *, #4006, .T. ) ;
#1200 = CARTESIAN_POINT ( 'NONE',  ( 139.2978569294622275, 12.99999999999999822, 56.75568450057134839 ) ) ;
#1201 = CARTESIAN_POINT ( 'NONE',  ( 85.26450472814245529, 13.00000000000000178, 54.02738226272911959 ) ) ;
#1202 = CARTESIAN_POINT ( 'NONE',  ( 251.5880369524752780, 10.00000000000000355, 41.35023849663902240 ) ) ;
#1203 = EDGE_CURVE ( 'NONE', #1370, #6122, #3435, .T. ) ;
#1204 = DIRECTION ( 'NONE',  ( 0.000000000000000000, 0.000000000000000000, -1.000000000000000000 ) ) ;
#1205 = VERTEX_POINT ( 'NONE', #1952 ) ;
#1206 = CARTESIAN_POINT ( 'NONE',  ( 84.00405011670042654, 13.00000000000000178, 56.76221681962920940 ) ) ;
#1207 = ORIENTED_EDGE ( 'NONE', *, *, #6865, .F. ) ;
#1208 = DIRECTION ( 'NONE',  ( 0.000000000000000000, 0.000000000000000000, 1.000000000000000000 ) ) ;
#1209 = CARTESIAN_POINT ( 'NONE',  ( 118.3138051162532207, 9.999999999999996447, 46.45582041149894081 ) ) ;
#1210 = CARTESIAN_POINT ( 'NONE',  ( 118.3429924243927189, 10.00000000000000000, 44.62279374270612919 ) ) ;
#1211 = CARTESIAN_POINT ( 'NONE',  ( 0.000000000000000000, 0.000000000000000000, 0.000000000000000000 ) ) ;
#1212 = ADVANCED_FACE ( 'NONE', ( #5754 ), #6333, .T. ) ;
#1213 = B_SPLINE_SURFACE_WITH_KNOTS ( 'NONE', 3, 1, ( 
 ( #4696, #3103 ),
 ( #5388, #747 ),
 ( #273, #1957 ),
 ( #7067, #4135 ),
 ( #2588, #6334 ),
 ( #6920, #5244 ),
 ( #205, #4209 ),
 ( #243, #1884 ),
 ( #5345, #1440 ),
 ( #3686, #6443 ),
 ( #2473, #1331 ),
 ( #2551, #5894 ),
 ( #3581, #5824 ),
 ( #3619, #783 ),
 ( #4802, #3035 ),
 ( #6953, #5282 ),
 ( #820, #1920 ),
 ( #7031, #4169 ),
 ( #5861, #2508 ),
 ( #3069, #5311 ),
 ( #6479, #1994 ),
 ( #4243, #5930 ),
 ( #887, #4947 ),
 ( #3209, #3764 ),
 ( #4910, #2141 ),
 ( #6625, #5561 ),
 ( #7101, #3875 ) ),
 .UNSPECIFIED., .F., .F., .F.,
 ( 4, 1, 1, 1, 1, 1, 1, 1, 1, 1, 1, 1, 1, 1, 1, 1, 1, 1, 1, 1, 1, 1, 1, 1, 4 ),
 ( 2, 2 ),
 ( 0.000000000000000000, 0.04129144695324702546, 0.08213550321446423663, 0.1226360352259625863, 0.1628308697551232309, 0.2030066005770548299, 0.2435260831621606226, 0.2841729362467872444, 0.3254098107964588649, 0.3668546660987573316, 0.4075505951658510706, 0.4481873740566100217, 0.4886828510840630635, 0.5290149651896812744, 0.5698427286954853566, 0.6113702381646676232, 0.6532377352823788286, 0.6954461190732813547, 0.7377513945470104417, 0.7800433605771129875, 0.8228070703900532967, 0.8659781422330314893, 0.9095950301662460991, 0.9542314047047883996, 1.000000000000000000 ),
 ( 0.000000000000000000, 1.000000000000000000 ),
 .UNSPECIFIED. ) ;
#1214 = CARTESIAN_POINT ( 'NONE',  ( 116.3099284126038242, 10.00000000000000355, 52.36144617301663118 ) ) ;
#1215 = DIRECTION ( 'NONE',  ( 0.000000000000000000, 0.000000000000000000, 1.000000000000000000 ) ) ;
#1216 = CARTESIAN_POINT ( 'NONE',  ( 213.5702747480799246, 10.00000000000000000, 53.81494463878632928 ) ) ;
#1217 = FACE_OUTER_BOUND ( 'NONE', #3326, .T. ) ;
#1218 = CARTESIAN_POINT ( 'NONE',  ( 266.6666666666666856, 20.00000000000000000, 96.43724644492834841 ) ) ;
#1219 = CARTESIAN_POINT ( 'NONE',  ( 95.65068473208503974, 13.00000000000000178, 56.37760143501382260 ) ) ;
#1220 = PERSON_AND_ORGANIZATION ( #3599, #2096 ) ;
#1221 = CARTESIAN_POINT ( 'NONE',  ( 164.8934731936235210, 13.00000000000000178, 36.76221681962920940 ) ) ;
#1222 = CARTESIAN_POINT ( 'NONE',  ( 135.9905850612719576, 10.00000000000000711, 56.57495964754087225 ) ) ;
#1223 = ORIENTED_EDGE ( 'NONE', *, *, #2869, .T. ) ;
#1224 = VECTOR ( 'NONE', #1032, 1000.000000000000000 ) ;
#1225 = ORIENTED_EDGE ( 'NONE', *, *, #608, .F. ) ;
#1226 = CARTESIAN_POINT ( 'NONE',  ( 92.91749502052141452, 10.00000000000000178, 46.64052332137998036 ) ) ;
#1227 = CARTESIAN_POINT ( 'NONE',  ( 129.9184155589458101, 13.00000000000000178, 37.37723277194237426 ) ) ;
#1228 = DIRECTION ( 'NONE',  ( 0.000000000000000000, 0.000000000000000000, 1.000000000000000000 ) ) ;
#1229 = AXIS2_PLACEMENT_3D ( 'NONE', #1554, #6037, #889 ) ;
#1230 = EDGE_CURVE ( 'NONE', #547, #1507, #712, .T. ) ;
#1231 = CARTESIAN_POINT ( 'NONE',  ( 130.1383740861712397, 13.00000000000000178, 41.28651346428223690 ) ) ;
#1232 = APPROVAL ( #2882, 'UNSPECIFIED' ) ;
#1233 = ORIENTED_EDGE ( 'NONE', *, *, #3783, .F. ) ;
#1234 = CARTESIAN_POINT ( 'NONE',  ( 164.4683303584545797, 13.00000000000000178, 34.08105146694710896 ) ) ;
#1235 = CARTESIAN_POINT ( 'NONE',  ( 235.5535347914592137, 10.00000000000000000, 38.05019952497703883 ) ) ;
#1236 = VERTEX_POINT ( 'NONE', #127 ) ;
#1237 = CARTESIAN_POINT ( 'NONE',  ( 148.3272246452694105, 12.99999999999999822, 52.29008812470679146 ) ) ;
#1238 = CARTESIAN_POINT ( 'NONE',  ( 92.70274725672442173, 9.999999999999996447, 47.78018687690887845 ) ) ;
#1239 = DIRECTION ( 'NONE',  ( -0.000000000000000000, -1.000000000000000000, -0.000000000000000000 ) ) ;
#1240 = EDGE_CURVE ( 'NONE', #4109, #64, #5787, .T. ) ;
#1241 = CIRCLE ( 'NONE', #3947, 1.500000000000029088 ) ;
#1242 = LINE ( 'NONE', #4084, #6767 ) ;
#1243 = ORIENTED_EDGE ( 'NONE', *, *, #3685, .T. ) ;
#1244 = ADVANCED_FACE ( 'NONE', ( #4167 ), #4134, .T. ) ;
#1245 = LINE ( 'NONE', #3496, #5715 ) ;
#1246 = ORIENTED_EDGE ( 'NONE', *, *, #5260, .T. ) ;
#1247 = CARTESIAN_POINT ( 'NONE',  ( 249.1122231936235210, 13.00000000000000178, 46.06510143501382970 ) ) ;
#1248 = CARTESIAN_POINT ( 'NONE',  ( 118.3423331895430266, 10.00000000000000355, 45.56849446721447805 ) ) ;
#1249 = CARTESIAN_POINT ( 'NONE',  ( 138.5112616551620022, 13.00000000000000178, 54.06990912732152310 ) ) ;
#1250 = CARTESIAN_POINT ( 'NONE',  ( 224.4886248351591576, 9.999999999999996447, 45.19729462166396416 ) ) ;
#1251 = VECTOR ( 'NONE', #3510, 1000.000000000000000 ) ;
#1252 = VECTOR ( 'NONE', #943, 1000.000000000000000 ) ;
#1253 = AXIS2_PLACEMENT_3D ( 'NONE', #3762, #7029, #4907 ) ;
#1254 = DIRECTION ( 'NONE',  ( -0.000000000000000000, -1.000000000000000000, -0.000000000000000000 ) ) ;
#1255 = CARTESIAN_POINT ( 'NONE',  ( 235.2845306556367575, 10.00000000000000000, 46.50744215385425662 ) ) ;
#1256 = CARTESIAN_POINT ( 'NONE',  ( 232.5737616551619737, 13.00000000000000178, 56.37760143501382260 ) ) ;
#1257 = CARTESIAN_POINT ( 'NONE',  ( 121.0353001167004265, 13.00000000000000178, 34.45452451193689569 ) ) ;
#1258 = CARTESIAN_POINT ( 'NONE',  ( 235.2660693474696529, 13.00000000000000178, 38.40885143501382260 ) ) ;
#1259 = CIRCLE ( 'NONE', #5374, 1.500000000000001332 ) ;
#1260 = CARTESIAN_POINT ( 'NONE',  ( 226.7852494175676554, 13.00000000000000178, 42.26942716819225154 ) ) ;
#1261 = AXIS2_PLACEMENT_3D ( 'NONE', #1730, #5055, #1803 ) ;
#1262 = EDGE_CURVE ( 'NONE', #1189, #4010, #4857, .T. ) ;
#1263 = PLANE ( 'NONE',  #3139 ) ;
#1264 = ADVANCED_FACE ( 'NONE', ( #2435 ), #6846, .F. ) ;
#1265 = CARTESIAN_POINT ( 'NONE',  ( 129.8361692443924653, 10.00000000000000000, 53.52440879630290027 ) ) ;
#1266 = DIRECTION ( 'NONE',  ( -0.000000000000000000, -1.000000000000000000, -0.000000000000000000 ) ) ;
#1267 = ORIENTED_EDGE ( 'NONE', *, *, #2771, .T. ) ;
#1268 = CARTESIAN_POINT ( 'NONE',  ( 225.5083676047445920, 12.99999999999999822, 39.39146632462225739 ) ) ;
#1269 = AXIS2_PLACEMENT_3D ( 'NONE', #2921, #5173, #4057 ) ;
#1270 = CARTESIAN_POINT ( 'NONE',  ( 126.4236956396289600, 13.00000000000000178, 45.33767913883112044 ) ) ;
#1271 = CARTESIAN_POINT ( 'NONE',  ( 75.31396109184636600, 10.00000000000000355, 46.50543886556517492 ) ) ;
#1272 = CARTESIAN_POINT ( 'NONE',  ( 156.0512849164984459, 13.00000000000000178, 45.75964438670087020 ) ) ;
#1273 = ORIENTED_EDGE ( 'NONE', *, *, #3316, .T. ) ;
#1274 = DIRECTION ( 'NONE',  ( 0.000000000000000000, 0.000000000000000000, -1.000000000000000000 ) ) ;
#1275 = CARTESIAN_POINT ( 'NONE',  ( 245.9632397578508005, 9.999999999999998224, 34.34571759871341357 ) ) ;
#1276 = VERTEX_POINT ( 'NONE', #3031 ) ;
#1277 = B_SPLINE_SURFACE_WITH_KNOTS ( 'NONE', 3, 1, ( 
 ( #1655, #3903 ),
 ( #737, #2422 ),
 ( #2353, #2873 ),
 ( #2914, #6283 ),
 ( #5121, #2982 ),
 ( #6177, #702 ),
 ( #1798, #3979 ),
 ( #2950, #1209 ),
 ( #4012, #1248 ),
 ( #4048, #3536 ),
 ( #4680, #2279 ) ),
 .UNSPECIFIED., .F., .F., .F.,
 ( 4, 1, 1, 1, 1, 1, 1, 1, 4 ),
 ( 2, 2 ),
 ( 0.000000000000000000, 0.06969275574202735135, 0.1540736621798079187, 0.2545914510459132973, 0.3714654144290030491, 0.5047545659520480399, 0.6534942950018599594, 0.8189527408800024721, 1.000000000000000000 ),
 ( 0.000000000000000000, 1.000000000000000000 ),
 .UNSPECIFIED. ) ;
#1278 = DIRECTION ( 'NONE',  ( 0.000000000000000000, 0.000000000000000000, 1.000000000000000000 ) ) ;
#1279 = CARTESIAN_POINT ( 'NONE',  ( 92.91749502052141452, 9.999999999999996447, 46.64052332137998036 ) ) ;
#1280 = CARTESIAN_POINT ( 'NONE',  ( 213.4479379591385282, 10.00000000000000000, 34.27867554784597814 ) ) ;
#1281 = VERTEX_POINT ( 'NONE', #3616 ) ;
#1282 = CARTESIAN_POINT ( 'NONE',  ( 227.1891462705465869, 13.00000000000000178, 45.47615912732152310 ) ) ;
#1283 = ORIENTED_EDGE ( 'NONE', *, *, #3093, .F. ) ;
#1284 = CARTESIAN_POINT ( 'NONE',  ( 148.7276078090081342, 10.00000000000000000, 39.20813028116766930 ) ) ;
#1285 = VERTEX_POINT ( 'NONE', #5279 ) ;
#1286 = DIRECTION ( 'NONE',  ( -0.000000000000000000, -1.000000000000000000, -0.000000000000000000 ) ) ;
#1287 = CARTESIAN_POINT ( 'NONE',  ( 0.000000000000000000, 10.00000000000000000, 0.000000000000000000 ) ) ;
#1288 = LINE ( 'NONE', #5708, #2093 ) ;
#1289 = LINE ( 'NONE', #3570, #1013 ) ;
#1290 = CARTESIAN_POINT ( 'NONE',  ( 205.2319048680810170, 13.00000000000000533, 41.28356592159164506 ) ) ;
#1291 = CARTESIAN_POINT ( 'NONE',  ( 163.7241338861385032, 13.00000000000000533, 54.02989262135525195 ) ) ;
#1292 = CARTESIAN_POINT ( 'NONE',  ( 209.6971304088433214, 9.999999999999996447, 51.65644130948591339 ) ) ;
#1293 = CARTESIAN_POINT ( 'NONE',  ( 139.6894509933966901, 9.999999999999998224, 54.03688037850335490 ) ) ;
#1294 = LINE ( 'NONE', #2880, #2782 ) ;
#1295 = CARTESIAN_POINT ( 'NONE',  ( 235.2660693474696529, 13.00000000000000178, 34.45452451193689569 ) ) ;
#1296 = CARTESIAN_POINT ( 'NONE',  ( 160.4547980942436425, 13.00000000000000533, 37.86962970093853897 ) ) ;
#1297 = CARTESIAN_POINT ( 'NONE',  ( 187.9583770397773606, 13.00000000000000178, 25.60837066578305254 ) ) ;
#1298 = CARTESIAN_POINT ( 'NONE',  ( 145.1479010601338473, 9.999999999999992895, 55.09404760078134444 ) ) ;
#1299 = EDGE_LOOP ( 'NONE', ( #356, #3556, #2614, #2167 ) ) ;
#1300 = CARTESIAN_POINT ( 'NONE',  ( 92.70274725672442173, 10.00000000000000000, 47.78018687690887845 ) ) ;
#1301 = CARTESIAN_POINT ( 'NONE',  ( 84.08818473208503974, 13.00000000000000178, 34.06990912732151600 ) ) ;
#1302 = CARTESIAN_POINT ( 'NONE',  ( 82.95490311690770113, 9.999999999999998224, 54.02989262135524484 ) ) ;
#1303 = EDGE_CURVE ( 'NONE', #6214, #4184, #895, .T. ) ;
#1304 = EDGE_CURVE ( 'NONE', #5329, #6351, #6399, .T. ) ;
#1305 = EDGE_CURVE ( 'NONE', #259, #327, #271, .T. ) ;
#1306 = ORIENTED_EDGE ( 'NONE', *, *, #4486, .T. ) ;
#1307 = CARTESIAN_POINT ( 'NONE',  ( 162.6040569876541895, 12.99999999999999822, 53.80208307318231675 ) ) ;
#1308 = ORIENTED_EDGE ( 'NONE', *, *, #343, .F. ) ;
#1309 = CARTESIAN_POINT ( 'NONE',  ( 154.1723818905531402, 13.00000000000000178, 41.02293868678672339 ) ) ;
#1310 = CARTESIAN_POINT ( 'NONE',  ( 241.2459273759858149, 13.00000000000000178, 34.30466168834772134 ) ) ;
#1311 = DIRECTION ( 'NONE',  ( -0.8493950987732645785, 0.000000000000000000, 0.5277574880377882138 ) ) ;
#1312 = CARTESIAN_POINT ( 'NONE',  ( 215.8550116551619737, 10.00000000000000000, 34.06990912732151600 ) ) ;
#1313 = CARTESIAN_POINT ( 'NONE',  ( 224.7655966132311107, 10.00000000000000000, 52.53370526903315607 ) ) ;
#1314 = VERTEX_POINT ( 'NONE', #4274 ) ;
#1315 = CARTESIAN_POINT ( 'NONE',  ( 119.6713642413121903, 10.00000000000000355, 52.45846658088743197 ) ) ;
#1316 = VERTEX_POINT ( 'NONE', #4381 ) ;
#1317 = DIRECTION ( 'NONE',  ( 0.000000000000000000, 0.000000000000000000, 1.000000000000000000 ) ) ;
#1318 = CARTESIAN_POINT ( 'NONE',  ( 92.95837703977734634, 9.999999999999996447, 45.46413989655228249 ) ) ;
#1319 = CARTESIAN_POINT ( 'NONE',  ( 212.3583729686683057, 10.00000000000000178, 56.30923193959399242 ) ) ;
#1320 = DIRECTION ( 'NONE',  ( 0.000000000000000000, 0.000000000000000000, 1.000000000000000000 ) ) ;
#1321 = ORIENTED_EDGE ( 'NONE', *, *, #3225, .F. ) ;
#1322 = CARTESIAN_POINT ( 'NONE',  ( 205.6563207900070722, 13.00000000000000178, 40.32566218410870107 ) ) ;
#1323 = CARTESIAN_POINT ( 'NONE',  ( 215.8550116551619737, 13.00000000000000178, 34.06990912732151600 ) ) ;
#1324 = CARTESIAN_POINT ( 'NONE',  ( 207.2029190445653626, 13.00000000000000178, 45.87777677770288420 ) ) ;
#1325 = CARTESIAN_POINT ( 'NONE',  ( 144.8369415717084507, 10.00000000000000000, 51.91282094677441705 ) ) ;
#1326 = CARTESIAN_POINT ( 'NONE',  ( 92.95837703977734634, 13.00000000000000178, 25.60837066578305254 ) ) ;
#1327 = CARTESIAN_POINT ( 'NONE',  ( 91.97204977541379378, 13.00000000000000178, 41.29128722302235843 ) ) ;
#1328 = DIRECTION ( 'NONE',  ( -1.000000000000000000, 0.000000000000000000, 0.000000000000000000 ) ) ;
#1329 = EDGE_CURVE ( 'NONE', #3928, #357, #1582, .T. ) ;
#1330 = B_SPLINE_SURFACE_WITH_KNOTS ( 'NONE', 3, 1, ( 
 ( #3717, #1947 ),
 ( #4754, #3757 ),
 ( #4834, #5924 ),
 ( #1469, #6683 ),
 ( #4447, #2541 ),
 ( #879, #1433 ),
 ( #6472, #3648 ),
 ( #7230, #7061 ),
 ( #5380, #5339 ),
 ( #2582, #2196 ),
 ( #1643, #5418 ) ),
 .UNSPECIFIED., .F., .F., .F.,
 ( 4, 1, 1, 1, 1, 1, 1, 1, 4 ),
 ( 2, 2 ),
 ( 0.000000000000000000, 0.1299810785766141730, 0.2554473120268477282, 0.3772983447181148531, 0.4984417785420213187, 0.6193721253366233359, 0.7418565019578132747, 0.8685636891457538811, 1.000000000000000000 ),
 ( 0.000000000000000000, 1.000000000000000000 ),
 .UNSPECIFIED. ) ;
#1331 = CARTESIAN_POINT ( 'NONE',  ( 128.4286868603229550, 9.999999999999996447, 39.11635155042824863 ) ) ;
#1332 = LINE ( 'NONE', #5790, #1475 ) ;
#1333 = CARTESIAN_POINT ( 'NONE',  ( 143.8313308681053400, 9.999999999999998224, 55.75506926146996278 ) ) ;
#1334 = ORIENTED_EDGE ( 'NONE', *, *, #2796, .T. ) ;
#1335 = CARTESIAN_POINT ( 'NONE',  ( 105.7835189017167323, 10.00000000000000355, 51.93079691680746635 ) ) ;
#1336 = CARTESIAN_POINT ( 'NONE',  ( 215.8550116551619737, 10.00000000000000178, 56.76221681962920940 ) ) ;
#1337 = EDGE_CURVE ( 'NONE', #6121, #5554, #2064, .T. ) ;
#1338 = CARTESIAN_POINT ( 'NONE',  ( 199.8545666873170319, 13.00000000000000178, 27.08276571322253190 ) ) ;
#1339 = CARTESIAN_POINT ( 'NONE',  ( 153.3429924243927189, 13.00000000000000178, 45.35596681962920940 ) ) ;
#1340 = ORIENTED_EDGE ( 'NONE', *, *, #3182, .F. ) ;
#1341 = CARTESIAN_POINT ( 'NONE',  ( 118.3429924243927189, 13.00000000000000178, 44.62279374270612919 ) ) ;
#1342 = FACE_OUTER_BOUND ( 'NONE', #4865, .T. ) ;
#1343 = CARTESIAN_POINT ( 'NONE',  ( 204.5052500420449917, 13.00000000000000178, 45.84730247721677898 ) ) ;
#1344 = CARTESIAN_POINT ( 'NONE',  ( 181.4199155013158133, 10.00000000000000000, 34.45452451193689569 ) ) ;
#1345 = B_SPLINE_CURVE_WITH_KNOTS ( 'NONE', 3,
 ( #4117, #1531, #3743, #2087, #4333, #2674, #4991, #6088, #2708, #4960, #3853, #7115, #1050, #1599, #2601, #5437, #4853, #5944, #392 ),
 .UNSPECIFIED., .F., .F.,
 ( 4, 1, 1, 1, 1, 1, 1, 1, 1, 1, 1, 1, 1, 1, 1, 1, 4 ),
 ( 0.000000000000000000, 0.06563379967569014928, 0.1291880880571289192, 0.1912186831121886199, 0.2519128178811570473, 0.3125074743865512983, 0.3734944337751985310, 0.4351515996540501474, 0.4987414744066494543, 0.5620952169966307865, 0.6241865668116568511, 0.6854757184651971702, 0.7460968148060537208, 0.8076116364477861076, 0.8699665806571906801, 0.9339510189149096142, 1.000000000000000000 ),
 .UNSPECIFIED. ) ;
#1346 = EDGE_CURVE ( 'NONE', #2826, #2224, #5421, .T. ) ;
#1347 = CARTESIAN_POINT ( 'NONE',  ( 75.14991540717505814, 13.00000000000000178, 38.20710892142476922 ) ) ;
#1348 = ORIENTED_EDGE ( 'NONE', *, *, #5938, .F. ) ;
#1349 = DIRECTION ( 'NONE',  ( 0.000000000000000000, 0.000000000000000000, -1.000000000000000000 ) ) ;
#1350 = ORIENTED_EDGE ( 'NONE', *, *, #5910, .F. ) ;
#1351 = CARTESIAN_POINT ( 'NONE',  ( 104.9196254269309492, 12.99999999999999822, 50.70095684221398358 ) ) ;
#1352 = CARTESIAN_POINT ( 'NONE',  ( 89.07065844772091623, 9.999999999999992895, 38.15028083259845459 ) ) ;
#1353 = CARTESIAN_POINT ( 'NONE',  ( 211.3021278385020310, 10.00000000000000000, 55.93322485905117247 ) ) ;
#1354 = CARTESIAN_POINT ( 'NONE',  ( 0.000000000000000000, 10.00000000000000000, 0.000000000000000000 ) ) ;
#1355 = VECTOR ( 'NONE', #2400, 1000.000000000000000 ) ;
#1356 = ORIENTED_EDGE ( 'NONE', *, *, #4070, .F. ) ;
#1357 = CARTESIAN_POINT ( 'NONE',  ( 204.5064669526987018, 13.00000000000000178, 45.10916016252510019 ) ) ;
#1358 = CARTESIAN_POINT ( 'NONE',  ( 138.6915501167004265, 13.00000000000000178, 34.06990912732151600 ) ) ;
#1359 = FACE_OUTER_BOUND ( 'NONE', #1794, .T. ) ;
#1360 = CARTESIAN_POINT ( 'NONE',  ( 142.9494672204971835, 10.00000000000000000, 53.12899254717847697 ) ) ;
#1362 = CARTESIAN_POINT ( 'NONE',  ( 78.74594557030390263, 13.00000000000000178, 52.31437678168607164 ) ) ;
#1361 = VECTOR ( 'NONE', #6, 1000.000000000000000 ) ;
#1363 = DIRECTION ( 'NONE',  ( -1.000000000000000000, 0.000000000000000000, 0.000000000000000000 ) ) ;
#1364 = CARTESIAN_POINT ( 'NONE',  ( 208.1768798874273898, 10.00000000000000178, 41.37399618693083880 ) ) ;
#1365 = AXIS2_PLACEMENT_3D ( 'NONE', #727, #2972, #5293 ) ;
#1366 = CIRCLE ( 'NONE', #7243, 1.500000000000029088 ) ;
#1367 = CARTESIAN_POINT ( 'NONE',  ( 33.33333333333334991, 20.00000000000000000, 97.93724644492834841 ) ) ;
#1368 = CARTESIAN_POINT ( 'NONE',  ( 197.3694347320850397, 10.00000000000000000, 25.22375528116766930 ) ) ;
#1369 = CARTESIAN_POINT ( 'NONE',  ( 77.66659897315490468, 13.00000000000000178, 54.90598210148768743 ) ) ;
#1370 = VERTEX_POINT ( 'NONE', #6507 ) ;
#1371 = LINE ( 'NONE', #2144, #438 ) ;
#1372 = CARTESIAN_POINT ( 'NONE',  ( 204.5255294793951180, 10.00000000000000355, 44.38256528472944495 ) ) ;
#1373 = CARTESIAN_POINT ( 'NONE',  ( 199.8814539628542661, 10.00000000000000000, 27.54346681962920584 ) ) ;
#1374 = CIRCLE ( 'NONE', #5377, 1.500000000000001332 ) ;
#1375 = B_SPLINE_CURVE_WITH_KNOTS ( 'NONE', 3,
 ( #1058, #7235, #6134, #3971, #1095, #6754, #2200, #6720, #4452, #6688, #2792, #616, #6212, #6613, #2272 ),
 .UNSPECIFIED., .F., .F.,
 ( 4, 1, 1, 1, 1, 1, 1, 1, 1, 1, 1, 1, 4 ),
 ( 0.000000000000000000, 0.09126880443432422441, 0.1820814045527838210, 0.2719096545272047249, 0.3620494585053541936, 0.4500663484251177238, 0.5339764739707157926, 0.6136024537413233837, 0.6901976142648824641, 0.7654128769004127086, 0.8414365506928787042, 0.9197327486057731427, 1.000000000000000000 ),
 .UNSPECIFIED. ) ;
#1376 = AXIS2_PLACEMENT_3D ( 'NONE', #4118, #4707, #7107 ) ;
#1377 = CARTESIAN_POINT ( 'NONE',  ( 162.5714554663958040, 10.00000000000000000, 34.25470934172790294 ) ) ;
#1378 = LINE ( 'NONE', #7004, #3457 ) ;
#1379 = ORIENTED_EDGE ( 'NONE', *, *, #919, .T. ) ;
#1380 = CARTESIAN_POINT ( 'NONE',  ( 83.73069095691795383, 10.00000000000000000, 36.77621942874822736 ) ) ;
#1381 = CARTESIAN_POINT ( 'NONE',  ( 187.9583770397773606, 13.00000000000000178, 34.45452451193689569 ) ) ;
#1382 = CARTESIAN_POINT ( 'NONE',  ( 223.3570190223428824, 10.00000000000000000, 36.82419453252375519 ) ) ;
#1383 = VECTOR ( 'NONE', #1591, 1000.000000000000000 ) ;
#1384 = DIRECTION ( 'NONE',  ( 0.000000000000000000, 0.000000000000000000, 1.000000000000000000 ) ) ;
#1385 = ORIENTED_EDGE ( 'NONE', *, *, #4301, .T. ) ;
#1386 = CARTESIAN_POINT ( 'NONE',  ( 112.8065531544031046, 10.00000000000000178, 56.69202548554922316 ) ) ;
#1387 = ORIENTED_EDGE ( 'NONE', *, *, #4936, .F. ) ;
#1388 = CARTESIAN_POINT ( 'NONE',  ( 213.4479379591385282, 13.00000000000000178, 34.27867554784597814 ) ) ;
#1389 = CARTESIAN_POINT ( 'NONE',  ( 91.01073649867106496, 9.999999999999996447, 39.88285603787952738 ) ) ;
#1390 = DIRECTION ( 'NONE',  ( 0.000000000000000000, 0.000000000000000000, -1.000000000000000000 ) ) ;
#1391 = CARTESIAN_POINT ( 'NONE',  ( 170.7931937937426596, 13.00000000000000178, 55.19671577654074923 ) ) ;
#1392 = EDGE_CURVE ( 'NONE', #2485, #1828, #2654, .T. ) ;
#1393 = EDGE_CURVE ( 'NONE', #6851, #4480, #5892, .T. ) ;
#1394 = VERTEX_POINT ( 'NONE', #7064 ) ;
#1395 = VERTEX_POINT ( 'NONE', #4837 ) ;
#1396 = DIRECTION ( 'NONE',  ( -0.000000000000000000, -1.000000000000000000, -0.000000000000000000 ) ) ;
#1397 = CARTESIAN_POINT ( 'NONE',  ( 148.2311156180661271, 9.999999999999996447, 38.41019250160776011 ) ) ;
#1398 = CARTESIAN_POINT ( 'NONE',  ( 199.7071458201550627, 10.00000000000000178, 28.42420767874607890 ) ) ;
#1399 = CARTESIAN_POINT ( 'NONE',  ( 218.1140879250471016, 10.00000000000000355, 53.81606149722201593 ) ) ;
#1400 = CARTESIAN_POINT ( 'NONE',  ( 166.6666666666666288, 20.00000000000000000, 96.43724644492834841 ) ) ;
#1401 = CARTESIAN_POINT ( 'NONE',  ( 91.53278321067327283, 13.00000000000000178, 40.56731213550532544 ) ) ;
#1402 = LINE ( 'NONE', #7099, #1719 ) ;
#1403 = CARTESIAN_POINT ( 'NONE',  ( 159.4890705231927370, 13.00000000000000178, 38.48701887194184934 ) ) ;
#1404 = DIRECTION ( 'NONE',  ( -0.000000000000000000, 1.000000000000000000, -0.000000000000000000 ) ) ;
#1405 = CARTESIAN_POINT ( 'NONE',  ( 169.6900396126224564, 10.00000000000000355, 55.78085791111553959 ) ) ;
#1406 = ORIENTED_EDGE ( 'NONE', *, *, #4384, .T. ) ;
#1407 = DIRECTION ( 'NONE',  ( -1.000000000000000000, 0.000000000000000000, -0.000000000000000000 ) ) ;
#1408 = CARTESIAN_POINT ( 'NONE',  ( 126.4298378748761280, 13.00000000000000178, 45.97759267008805040 ) ) ;
#1409 = FACE_OUTER_BOUND ( 'NONE', #3055, .T. ) ;
#1410 = CARTESIAN_POINT ( 'NONE',  ( 247.0430117037374771, 10.00000000000000000, 34.74124835692471436 ) ) ;
#1411 = EDGE_CURVE ( 'NONE', #947, #6446, #3172, .T. ) ;
#1412 = ORIENTED_EDGE ( 'NONE', *, *, #4909, .F. ) ;
#1413 = CARTESIAN_POINT ( 'NONE',  ( 155.9191461764057749, 13.00000000000000178, 38.20710892142476922 ) ) ;
#1414 = CARTESIAN_POINT ( 'NONE',  ( 213.4725697023957594, 13.00000000000000178, 56.57287179018948819 ) ) ;
#1415 = ORIENTED_EDGE ( 'NONE', *, *, #4233, .T. ) ;
#1416 = CARTESIAN_POINT ( 'NONE',  ( 83.73069095691795383, 13.00000000000000178, 36.77621942874822736 ) ) ;
#1417 = CARTESIAN_POINT ( 'NONE',  ( 235.2660693474696529, 13.00000000000000178, 56.37760143501382260 ) ) ;
#1418 = CARTESIAN_POINT ( 'NONE',  ( 181.4199155013158133, 13.00000000000000178, 37.14683220424458909 ) ) ;
#1419 = CARTESIAN_POINT ( 'NONE',  ( 92.95837703977734634, 13.00000000000000178, 52.58553412732151600 ) ) ;
#1420 = ORIENTED_EDGE ( 'NONE', *, *, #1346, .F. ) ;
#1421 = FACE_OUTER_BOUND ( 'NONE', #3526, .T. ) ;
#1422 = ORIENTED_EDGE ( 'NONE', *, *, #6921, .F. ) ;
#1423 = EDGE_CURVE ( 'NONE', #2529, #397, #1689, .T. ) ;
#1424 = CARTESIAN_POINT ( 'NONE',  ( 181.4199155013158133, 10.00000000000000000, 34.45452451193689569 ) ) ;
#1425 = CARTESIAN_POINT ( 'NONE',  ( 235.5734523166939312, 12.99999999999999822, 43.03738137367616190 ) ) ;
#1426 = EDGE_CURVE ( 'NONE', #3530, #3309, #3721, .T. ) ;
#1427 = CARTESIAN_POINT ( 'NONE',  ( 204.8999214698987714, 12.99999999999999467, 42.27721285859466605 ) ) ;
#1428 = CARTESIAN_POINT ( 'NONE',  ( 172.8315591869480272, 12.99999999999999822, 53.59848297056240085 ) ) ;
#1429 = B_SPLINE_CURVE_WITH_KNOTS ( 'NONE', 3,
 ( #6331, #6290, #1293, #5602, #880, #1360, #4835, #1325, #3613, #7026, #5307 ),
 .UNSPECIFIED., .F., .F.,
 ( 4, 1, 1, 1, 1, 1, 1, 1, 4 ),
 ( 0.000000000000000000, 0.1299810785766141730, 0.2554473120268477282, 0.3772983447181148531, 0.4984417785420213187, 0.6193721253366233359, 0.7418565019578132747, 0.8685636891457538811, 1.000000000000000000 ),
 .UNSPECIFIED. ) ;
#1430 = VERTEX_POINT ( 'NONE', #1437 ) ;
#1431 = CARTESIAN_POINT ( 'NONE',  ( 206.7890515370186506, 10.00000000000000000, 38.52229677155073517 ) ) ;
#1432 = CARTESIAN_POINT ( 'NONE',  ( 218.2541400805246781, 13.00000000000000178, 34.27939943226825648 ) ) ;
#1433 = CARTESIAN_POINT ( 'NONE',  ( 142.9494672204971835, 10.00000000000000000, 53.12899254717847697 ) ) ;
#1434 = ADVANCED_FACE ( 'NONE', ( #303, #7136, #2691, #2545, #3206, #6032, #1514, #3683, #4799, #5454, #409, #3137, #447, #1992, #4943, #2106, #4348, #5927, #6587, #1547, #882, #6621 ), #4241, .T. ) ;
#1435 = CARTESIAN_POINT ( 'NONE',  ( 199.8721783072126925, 10.00000000000000000, 27.69486098959957232 ) ) ;
#1436 = CARTESIAN_POINT ( 'NONE',  ( 233.3333333333332860, 20.00000000000000000, 96.43724644492834841 ) ) ;
#1437 = CARTESIAN_POINT ( 'NONE',  ( 191.8045308859312001, 10.00000000000000000, 37.14683220424458909 ) ) ;
#1438 = CARTESIAN_POINT ( 'NONE',  ( 209.7290404171073988, 10.00000000000000178, 39.30627876092201944 ) ) ;
#1439 = EDGE_CURVE ( 'NONE', #6930, #3291, #2925, .T. ) ;
#1440 = CARTESIAN_POINT ( 'NONE',  ( 127.6406237825277969, 9.999999999999996447, 40.44532814260757903 ) ) ;
#1441 = CARTESIAN_POINT ( 'NONE',  ( 194.8905489909986386, 9.999999999999998224, 27.38805953732013165 ) ) ;
#1442 = CARTESIAN_POINT ( 'NONE',  ( 164.7732808859311717, 9.999999999999996447, 56.76221681962920940 ) ) ;
#1443 = ORIENTED_EDGE ( 'NONE', *, *, #5228, .T. ) ;
#1444 = CARTESIAN_POINT ( 'NONE',  ( 54.49683857823887934, 13.00000000000000178, 53.30067835809074950 ) ) ;
#1445 = CARTESIAN_POINT ( 'NONE',  ( 138.4691943474696529, 13.00000000000000178, 56.76221681962920940 ) ) ;
#1446 = DIRECTION ( 'NONE',  ( -0.000000000000000000, -1.000000000000000000, -0.000000000000000000 ) ) ;
#1447 = CARTESIAN_POINT ( 'NONE',  ( 86.55720029521272352, 12.99999999999999822, 56.53152832937115591 ) ) ;
#1448 = CARTESIAN_POINT ( 'NONE',  ( 54.49683857823887934, 13.00000000000000178, 38.68529374270612919 ) ) ;
#1449 = FACE_OUTER_BOUND ( 'NONE', #2232, .T. ) ;
#1450 = ORIENTED_EDGE ( 'NONE', *, *, #4251, .F. ) ;
#1451 = ORIENTED_EDGE ( 'NONE', *, *, #5889, .T. ) ;
#1452 = CARTESIAN_POINT ( 'NONE',  ( 82.93203822866996688, 12.99999999999999822, 34.10301801681356437 ) ) ;
#1453 = CARTESIAN_POINT ( 'NONE',  ( 138.0777059469429560, 10.00000000000000355, 54.05611694927878119 ) ) ;
#1454 = CARTESIAN_POINT ( 'NONE',  ( 197.2042780877987411, 10.00000000000000000, 29.83168515179499636 ) ) ;
#1455 = EDGE_CURVE ( 'NONE', #403, #7130, #551, .T. ) ;
#1456 = CARTESIAN_POINT ( 'NONE',  ( 110.9790951057477315, 10.00000000000000000, 56.75930504410506927 ) ) ;
#1457 = ORIENTED_EDGE ( 'NONE', *, *, #3288, .T. ) ;
#1458 = ORIENTED_EDGE ( 'NONE', *, *, #4735, .F. ) ;
#1459 = VECTOR ( 'NONE', #5964, 1000.000000000000000 ) ;
#1460 = DIRECTION ( 'NONE',  ( -0.000000000000000000, 1.000000000000000000, -0.000000000000000000 ) ) ;
#1461 = CARTESIAN_POINT ( 'NONE',  ( 88.33369775951433667, 9.999999999999996447, 37.72523420911397807 ) ) ;
#1462 = CARTESIAN_POINT ( 'NONE',  ( 187.9583770397773606, 13.00000000000000178, 37.14683220424458909 ) ) ;
#1463 = CARTESIAN_POINT ( 'NONE',  ( 167.3264310644435398, 13.00000000000000178, 56.53152832937117722 ) ) ;
#1464 = EDGE_CURVE ( 'NONE', #1900, #7159, #7208, .T. ) ;
#1465 = EDGE_CURVE ( 'NONE', #3901, #1563, #78, .T. ) ;
#1466 = ORIENTED_EDGE ( 'NONE', *, *, #6117, .T. ) ;
#1467 = CARTESIAN_POINT ( 'NONE',  ( 138.4691943474696529, 13.00000000000000178, 56.76221681962920940 ) ) ;
#1468 = CYLINDRICAL_SURFACE ( 'NONE', #3129, 1.500000000000029088 ) ;
#1469 = CARTESIAN_POINT ( 'NONE',  ( 140.8308848654252756, 13.00000000000000178, 53.85234640712121745 ) ) ;
#1470 = CARTESIAN_POINT ( 'NONE',  ( 112.0379821577231070, 13.00000000000000178, 56.75395689346746053 ) ) ;
#1471 = CARTESIAN_POINT ( 'NONE',  ( 78.74594557030390263, 10.00000000000000000, 52.31437678168607164 ) ) ;
#1472 = CARTESIAN_POINT ( 'NONE',  ( 112.4483011969710873, 12.99999999999999822, 54.03063504934642225 ) ) ;
#1473 = ORIENTED_EDGE ( 'NONE', *, *, #4461, .T. ) ;
#1474 = CARTESIAN_POINT ( 'NONE',  ( 76.44374287037892657, 10.00000000000000000, 41.05039465339896054 ) ) ;
#1475 = VECTOR ( 'NONE', #748, 1000.000000000000000 ) ;
#1476 = CIRCLE ( 'NONE', #3135, 1.500000000000001332 ) ;
#1477 = CARTESIAN_POINT ( 'NONE',  ( 164.8574155013158133, 10.00000000000000000, 34.06990912732151600 ) ) ;
#1478 = CARTESIAN_POINT ( 'NONE',  ( 195.6070906638567806, 9.999999999999998224, 25.89052667940538299 ) ) ;
#1479 = CARTESIAN_POINT ( 'NONE',  ( 107.9132788801841656, 10.00000000000000000, 53.44389797696532440 ) ) ;
#1480 = CARTESIAN_POINT ( 'NONE',  ( 111.2696751167004265, 10.00000000000000000, 54.06990912732151600 ) ) ;
#1481 = DIRECTION ( 'NONE',  ( 0.000000000000000000, 0.000000000000000000, -1.000000000000000000 ) ) ;
#1482 = CARTESIAN_POINT ( 'NONE',  ( 91.07283312081895588, 10.00000000000000000, 54.47347302048313367 ) ) ;
#1483 = CARTESIAN_POINT ( 'NONE',  ( 204.5218714868044856, 13.00000000000000178, 46.58069904533257244 ) ) ;
#1484 = CARTESIAN_POINT ( 'NONE',  ( 158.6259819160842710, 13.00000000000000178, 39.23377358587183750 ) ) ;
#1485 = EDGE_CURVE ( 'NONE', #2083, #1059, #3904, .T. ) ;
#1486 = AXIS2_PLACEMENT_3D ( 'NONE', #1925, #1481, #4174 ) ;
#1487 = ADVANCED_FACE ( 'NONE', ( #1137 ), #6106, .T. ) ;
#1488 = CARTESIAN_POINT ( 'NONE',  ( 155.9191461764057749, 10.00000000000000000, 38.20710892142476922 ) ) ;
#1489 = CARTESIAN_POINT ( 'NONE',  ( 157.2129736396096575, 13.00000000000000178, 41.05039465339895344 ) ) ;
#1490 = VERTEX_POINT ( 'NONE', #4974 ) ;
#1491 = VERTEX_POINT ( 'NONE', #2838 ) ;
#1492 = CARTESIAN_POINT ( 'NONE',  ( 75.30351335953109526, 9.999999999999996447, 44.26131613962511580 ) ) ;
#1493 = VECTOR ( 'NONE', #3413, 1000.000000000000000 ) ;
#1494 = CARTESIAN_POINT ( 'NONE',  ( 165.2589761843321980, 9.999999999999998224, 54.05568086510032799 ) ) ;
#1495 = CARTESIAN_POINT ( 'NONE',  ( 221.9445665181908396, 13.00000000000000178, 39.30838121551087738 ) ) ;
#1496 = VECTOR ( 'NONE', #5501, 1000.000000000000000 ) ;
#1497 = AXIS2_PLACEMENT_3D ( 'NONE', #83, #627, #5639 ) ;
#1498 = CARTESIAN_POINT ( 'NONE',  ( 108.9500031431815330, 10.00000000000000178, 56.59115474822871761 ) ) ;
#1499 = ORIENTED_EDGE ( 'NONE', *, *, #1103, .F. ) ;
#1500 = AXIS2_PLACEMENT_3D ( 'NONE', #3931, #2715, #2163 ) ;
#1501 = EDGE_LOOP ( 'NONE', ( #2788, #3327, #7200, #2794 ) ) ;
#1502 = DIRECTION ( 'NONE',  ( 0.000000000000000000, 0.000000000000000000, 1.000000000000000000 ) ) ;
#1504 = CARTESIAN_POINT ( 'NONE',  ( 120.6284661830531633, 12.99999999999999822, 49.86667511488739279 ) ) ;
#1503 = VECTOR ( 'NONE', #6282, 1000.000000000000000 ) ;
#1505 = CARTESIAN_POINT ( 'NONE',  ( 82.95490311690770113, 12.99999999999999822, 54.02989262135524484 ) ) ;
#1506 = CARTESIAN_POINT ( 'NONE',  ( 168.5335975268114339, 13.00000000000000178, 56.21964696543576423 ) ) ;
#1507 = VERTEX_POINT ( 'NONE', #4493 ) ;
#1508 = CARTESIAN_POINT ( 'NONE',  ( 135.9905850612719576, 13.00000000000000888, 56.57495964754087225 ) ) ;
#1509 = CARTESIAN_POINT ( 'NONE',  ( 207.1891462705465869, 13.00000000000000178, 45.49418797347536270 ) ) ;
#1510 = CARTESIAN_POINT ( 'NONE',  ( 199.8721783072126925, 10.00000000000000178, 27.69486098959957232 ) ) ;
#1511 = B_SPLINE_CURVE_WITH_KNOTS ( 'NONE', 3,
 ( #3075, #2998, #1271, #312, #6959, #211, #2968, #5218, #4176, #6408, #6927, #174, #1302, #2406, #5318 ),
 .UNSPECIFIED., .F., .F.,
 ( 4, 1, 1, 1, 1, 1, 1, 1, 1, 1, 1, 1, 4 ),
 ( 0.000000000000000000, 0.08158934893218348916, 0.1628588951679348362, 0.2454836892755792033, 0.3308071391580110210, 0.4164933737762843702, 0.4998932031606319049, 0.5830481559950214665, 0.6671578520621573860, 0.7513119292929145709, 0.8337847893576159075, 0.9162564885439797857, 0.9999999999999998890 ),
 .UNSPECIFIED. ) ;
#1512 = DIRECTION ( 'NONE',  ( -0.000000000000000000, -1.000000000000000000, -0.000000000000000000 ) ) ;
#1513 = CARTESIAN_POINT ( 'NONE',  ( 77.87208601619354909, 13.00000000000000178, 51.56446602506200350 ) ) ;
#1514 = FACE_BOUND ( 'NONE', #2671, .T. ) ;
#1515 = VERTEX_POINT ( 'NONE', #7 ) ;
#1516 = B_SPLINE_CURVE_WITH_KNOTS ( 'NONE', 3,
 ( #4666, #6897, #3557, #6824, #756, #1309, #4556, #5151, #6791, #611, #107, #4705, #2342, #2938, #2860, #5189, #726, #1234, #1861 ),
 .UNSPECIFIED., .F., .F.,
 ( 4, 1, 1, 1, 1, 1, 1, 1, 1, 1, 1, 1, 1, 1, 1, 1, 4 ),
 ( 0.000000000000000000, 0.06377453230563222275, 0.1260788099895061298, 0.1869040927472075675, 0.2475739349176192261, 0.3080033561644468509, 0.3691318984609778808, 0.4320332277442045510, 0.4967907944370908990, 0.5616108232295647928, 0.6249138657484626380, 0.6867263492419258819, 0.7480788332577719135, 0.8095822911398953270, 0.8716307425688283317, 0.9348858208285538707, 1.000000000000000000 ),
 .UNSPECIFIED. ) ;
#1517 = CARTESIAN_POINT ( 'NONE',  ( 249.1105671248897124, 13.00000000000000178, 45.76662333562447316 ) ) ;
#1518 = CARTESIAN_POINT ( 'NONE',  ( 166.1822268074018041, 10.00000000000000000, 34.10639867982590800 ) ) ;
#1519 = DIRECTION ( 'NONE',  ( 0.000000000000000000, 1.000000000000000000, 0.000000000000000000 ) ) ;
#1520 = CARTESIAN_POINT ( 'NONE',  ( 95.65068473208503974, 13.00000000000000178, 25.60837066578305254 ) ) ;
#1521 = CARTESIAN_POINT ( 'NONE',  ( 101.4199155013158133, 13.00000000000000178, 34.45452451193689569 ) ) ;
#1522 = CARTESIAN_POINT ( 'NONE',  ( 126.8799917304366289, 12.99999999999999822, 48.89578160767243986 ) ) ;
#1523 = CARTESIAN_POINT ( 'NONE',  ( 198.7276078090081057, 10.00000000000000000, 34.45452451193689569 ) ) ;
#1524 = PLANE ( 'NONE',  #682 ) ;
#1525 = FACE_OUTER_BOUND ( 'NONE', #3271, .T. ) ;
#1526 = CARTESIAN_POINT ( 'NONE',  ( 172.3020139799040180, 12.99999999999999822, 40.56731213550533255 ) ) ;
#1527 = CARTESIAN_POINT ( 'NONE',  ( 210.2980291503153865, 12.99999999999999822, 55.45927162691315715 ) ) ;
#1528 = ORIENTED_EDGE ( 'NONE', *, *, #590, .F. ) ;
#1529 = VERTEX_POINT ( 'NONE', #1064 ) ;
#1530 = CARTESIAN_POINT ( 'NONE',  ( 198.3367551602638628, 12.99999999999999822, 29.68626784381318728 ) ) ;
#1531 = CARTESIAN_POINT ( 'NONE',  ( 173.7193821829658589, 10.00000000000000000, 45.16124420648579019 ) ) ;
#1532 = EDGE_CURVE ( 'NONE', #539, #6964, #5036, .T. ) ;
#1533 = CARTESIAN_POINT ( 'NONE',  ( 219.3395660839207721, 13.00000000000000178, 56.30911066526655873 ) ) ;
#1534 = EDGE_CURVE ( 'NONE', #3795, #6615, #4495, .T. ) ;
#1535 = CARTESIAN_POINT ( 'NONE',  ( 101.4237352586692111, 13.00000000000000178, 45.30392958099378120 ) ) ;
#1536 = ORIENTED_EDGE ( 'NONE', *, *, #2381, .F. ) ;
#1537 = VERTEX_POINT ( 'NONE', #6354 ) ;
#1538 = CARTESIAN_POINT ( 'NONE',  ( 84.53575736974784149, 10.00000000000000000, 34.08334137905296046 ) ) ;
#1539 = CARTESIAN_POINT ( 'NONE',  ( 116.6978314474285412, 13.00000000000000178, 55.48390832421141994 ) ) ;
#1540 = CARTESIAN_POINT ( 'NONE',  ( 148.7276078090081342, 13.00000000000000178, 39.20813028116766930 ) ) ;
#1541 = CARTESIAN_POINT ( 'NONE',  ( 235.5734523166939312, 9.999999999999996447, 43.03738137367616190 ) ) ;
#1542 = VERTEX_POINT ( 'NONE', #3462 ) ;
#1543 = FACE_OUTER_BOUND ( 'NONE', #1887, .T. ) ;
#1544 = CARTESIAN_POINT ( 'NONE',  ( 164.8934731936235210, 10.00000000000000000, 36.76221681962920940 ) ) ;
#1545 = DIRECTION ( 'NONE',  ( -0.000000000000000000, -1.000000000000000000, -0.000000000000000000 ) ) ;
#1546 = CARTESIAN_POINT ( 'NONE',  ( 207.2135318018727901, 12.99999999999999822, 44.61305909623124677 ) ) ;
#1547 = FACE_BOUND ( 'NONE', #1778, .T. ) ;
#1548 = ORIENTED_EDGE ( 'NONE', *, *, #2070, .F. ) ;
#1549 = CARTESIAN_POINT ( 'NONE',  ( 168.5335975268114339, 13.00000000000000178, 56.21964696543576423 ) ) ;
#1550 = B_SPLINE_CURVE_WITH_KNOTS ( 'NONE', 3,
 ( #4761, #5863, #1922, #4171, #3071, #6404, #3478, #1369, #6850, #5214, #4062, #5722, #679, #2929, #6299, #5758, #717, #2963, #3177 ),
 .UNSPECIFIED., .F., .F.,
 ( 4, 1, 1, 1, 1, 1, 1, 1, 1, 1, 1, 1, 1, 1, 1, 1, 4 ),
 ( 0.000000000000000000, 0.06461999134076831797, 0.1274334841444696165, 0.1890041265579404384, 0.2499300706860468901, 0.3106684537406716462, 0.3723289611368242324, 0.4349391099970088548, 0.4995755441940342156, 0.5641912077719239971, 0.6267352169294785336, 0.6881093335614019146, 0.7492936065367513665, 0.8103305278109453891, 0.8719011702244161555, 0.9350459146845315761, 1.000000000000000000 ),
 .UNSPECIFIED. ) ;
#1551 = CC_DESIGN_PERSON_AND_ORGANIZATION_ASSIGNMENT ( #2288, #6774, ( #4617 ) ) ;
#1552 = DIRECTION ( 'NONE',  ( -0.000000000000000000, -1.000000000000000000, -0.000000000000000000 ) ) ;
#1553 = LINE ( 'NONE', #4387, #3594 ) ;
#1554 = CARTESIAN_POINT ( 'NONE',  ( 191.8045308859312001, 13.00000000000000178, 37.14683220424458909 ) ) ;
#1555 = CARTESIAN_POINT ( 'NONE',  ( 89.06725659992950739, 12.99999999999999822, 35.20651190607286196 ) ) ;
#1556 = CARTESIAN_POINT ( 'NONE',  ( 237.4661838762625905, 13.00000000000000178, 39.30836470766579538 ) ) ;
#1557 = LINE ( 'NONE', #3770, #1496 ) ;
#1558 = CARTESIAN_POINT ( 'NONE',  ( 158.4358297423856925, 13.00000000000000533, 54.90598210148770875 ) ) ;
#1559 = EDGE_CURVE ( 'NONE', #6214, #106, #2951, .T. ) ;
#1560 = CARTESIAN_POINT ( 'NONE',  ( 216.7040766546793691, 9.999999999999998224, 36.78733181120357898 ) ) ;
#1561 = CARTESIAN_POINT ( 'NONE',  ( 153.5331345506240268, 10.00000000000000000, 43.11329757784675110 ) ) ;
#1562 = VERTEX_POINT ( 'NONE', #1833 ) ;
#1563 = VERTEX_POINT ( 'NONE', #1905 ) ;
#1564 = CARTESIAN_POINT ( 'NONE',  ( 248.8751958768476982, 9.999999999999998224, 41.45163731699150134 ) ) ;
#1565 = CARTESIAN_POINT ( 'NONE',  ( 118.6074611560205767, 10.00000000000000178, 53.94570277209817277 ) ) ;
#1566 = DIRECTION ( 'NONE',  ( 0.000000000000000000, 0.000000000000000000, 1.000000000000000000 ) ) ;
#1567 = DIRECTION ( 'NONE',  ( 0.000000000000000000, 0.000000000000000000, 1.000000000000000000 ) ) ;
#1568 = CARTESIAN_POINT ( 'NONE',  ( 73.40315112132235242, 10.00000000000000000, 41.02293868678673761 ) ) ;
#1569 = ORIENTED_EDGE ( 'NONE', *, *, #1847, .T. ) ;
#1570 = ORIENTED_EDGE ( 'NONE', *, *, #6583, .T. ) ;
#1571 = CARTESIAN_POINT ( 'NONE',  ( 207.1891462705465869, 10.00000000000000000, 45.49418797347536270 ) ) ;
#1572 = CARTESIAN_POINT ( 'NONE',  ( 68.72760780900810573, 10.00000000000000000, 38.68529374270612919 ) ) ;
#1573 = PLANE ( 'NONE',  #5503 ) ;
#1574 = CARTESIAN_POINT ( 'NONE',  ( 235.2698815607820961, 10.00000000000000355, 47.45127205404926229 ) ) ;
#1575 = EDGE_CURVE ( 'NONE', #6971, #4235, #5848, .T. ) ;
#1576 = ORIENTED_EDGE ( 'NONE', *, *, #6146, .F. ) ;
#1577 = CARTESIAN_POINT ( 'NONE',  ( 126.4494096993537511, 9.999999999999992895, 46.72958880198225273 ) ) ;
#1578 = CARTESIAN_POINT ( 'NONE',  ( 224.1843385782388793, 9.999999999999996447, 37.68168797347536270 ) ) ;
#1579 = ORIENTED_EDGE ( 'NONE', *, *, #1149, .F. ) ;
#1580 = CARTESIAN_POINT ( 'NONE',  ( 119.6713642413121903, 13.00000000000000533, 52.45846658088743197 ) ) ;
#1581 = CARTESIAN_POINT ( 'NONE',  ( 132.6863913199084948, 12.99999999999999822, 52.33797802497373652 ) ) ;
#1582 = LINE ( 'NONE', #3794, #6511 ) ;
#1583 = ORIENTED_EDGE ( 'NONE', *, *, #36, .F. ) ;
#1584 = CARTESIAN_POINT ( 'NONE',  ( 171.8420638900497579, 9.999999999999996447, 54.47347302048315498 ) ) ;
#1585 = CARTESIAN_POINT ( 'NONE',  ( 172.8917353181363978, 12.99999999999999822, 37.42858641902314076 ) ) ;
#1586 = CARTESIAN_POINT ( 'NONE',  ( 51.80453088593119304, 10.00000000000000000, 56.37760143501382260 ) ) ;
#1587 = CARTESIAN_POINT ( 'NONE',  ( 104.1686608812924248, 9.999999999999996447, 47.06315605665455593 ) ) ;
#1588 = CARTESIAN_POINT ( 'NONE',  ( 84.53575736974784149, 13.00000000000000178, 34.08334137905296046 ) ) ;
#1589 = LINE ( 'NONE', #1662, #80 ) ;
#1590 = LINE ( 'NONE', #3693, #672 ) ;
#1591 = DIRECTION ( 'NONE',  ( 0.000000000000000000, 0.000000000000000000, -1.000000000000000000 ) ) ;
#1592 = AXIS2_PLACEMENT_3D ( 'NONE', #5807, #6386, #1349 ) ;
#1593 = CARTESIAN_POINT ( 'NONE',  ( 171.7799672679018386, 10.00000000000000000, 39.88285603787951317 ) ) ;
#1594 = CARTESIAN_POINT ( 'NONE',  ( 213.4479379591385282, 13.00000000000000178, 34.27867554784597814 ) ) ;
#1595 = ORIENTED_EDGE ( 'NONE', *, *, #6383, .F. ) ;
#1596 = ORIENTED_EDGE ( 'NONE', *, *, #5252, .F. ) ;
#1597 = CARTESIAN_POINT ( 'NONE',  ( 197.5365018370976031, 12.99999999999999822, 29.83138921042374747 ) ) ;
#1598 = CARTESIAN_POINT ( 'NONE',  ( 101.4237352586692111, 10.00000000000000000, 45.30392958099378120 ) ) ;
#1599 = CARTESIAN_POINT ( 'NONE',  ( 168.3322110694501532, 10.00000000000000355, 37.37345188199134327 ) ) ;
#1600 = CYLINDRICAL_SURFACE ( 'NONE', #5955, 1.649999999999987477 ) ;
#1601 = VECTOR ( 'NONE', #6371, 1000.000000000000000 ) ;
#1602 = VECTOR ( 'NONE', #4630, 1000.000000000000000 ) ;
#1603 = VECTOR ( 'NONE', #120, 1000.000000000000000 ) ;
#1604 = CARTESIAN_POINT ( 'NONE',  ( 84.08818473208503974, 10.00000000000000355, 34.06990912732151600 ) ) ;
#1605 = VERTEX_POINT ( 'NONE', #5203 ) ;
#1606 = VECTOR ( 'NONE', #51, 1000.000000000000000 ) ;
#1607 = ORIENTED_EDGE ( 'NONE', *, *, #1439, .F. ) ;
#1608 = CARTESIAN_POINT ( 'NONE',  ( 207.2029190445653626, 10.00000000000000000, 45.87777677770288420 ) ) ;
#1609 = CARTESIAN_POINT ( 'NONE',  ( 120.2193132342405448, 13.00000000000000178, 51.28599225701984210 ) ) ;
#1610 = DIRECTION ( 'NONE',  ( 1.000000000000000000, 0.000000000000000000, 0.000000000000000000 ) ) ;
#1611 = AXIS2_PLACEMENT_3D ( 'NONE', #6195, #58, #2295 ) ;
#1612 = ORIENTED_EDGE ( 'NONE', *, *, #5053, .T. ) ;
#1613 = VECTOR ( 'NONE', #542, 1000.000000000000000 ) ;
#1614 = CIRCLE ( 'NONE', #221, 1.500000000000001332 ) ;
#1615 = CARTESIAN_POINT ( 'NONE',  ( 164.4999217261487843, 10.00000000000000000, 36.77621942874822736 ) ) ;
#1616 = ORIENTED_EDGE ( 'NONE', *, *, #3822, .T. ) ;
#1617 = CARTESIAN_POINT ( 'NONE',  ( 120.9769630880889224, 13.00000000000000533, 47.21622700213894319 ) ) ;
#1618 = CARTESIAN_POINT ( 'NONE',  ( 92.95837703977734634, 13.00000000000000178, 25.60837066578305254 ) ) ;
#1619 = CARTESIAN_POINT ( 'NONE',  ( 134.7947034230484462, 10.00000000000000000, 37.37028872724781792 ) ) ;
#1620 = ORIENTED_EDGE ( 'NONE', *, *, #240, .T. ) ;
#1621 = EDGE_CURVE ( 'NONE', #3753, #3831, #1288, .T. ) ;
#1622 = CARTESIAN_POINT ( 'NONE',  ( 167.3264310644435398, 9.999999999999996447, 56.53152832937117722 ) ) ;
#1623 = EDGE_CURVE ( 'NONE', #318, #4674, #4643, .T. ) ;
#1624 = B_SPLINE_CURVE_WITH_KNOTS ( 'NONE', 3,
 ( #2513, #4764, #5392, #4215, #5899, #857, #4844, #2592, #7071, #2037, #4282, #5532, #1144, #2145, #5059 ),
 .UNSPECIFIED., .F., .F.,
 ( 4, 1, 1, 1, 1, 1, 1, 1, 1, 1, 1, 1, 4 ),
 ( 0.000000000000000000, 0.08560569497352767121, 0.1689832639222354493, 0.2509075823297898244, 0.3337080961143233937, 0.4160049842563379729, 0.4976595675743805125, 0.5798932856419648507, 0.6639023210428564026, 0.7484662538082593741, 0.8317908864798556623, 0.9152519088316870555, 1.000000000000000000 ),
 .UNSPECIFIED. ) ;
#1625 = DIRECTION ( 'NONE',  ( -0.000000000000000000, -1.000000000000000000, -0.000000000000000000 ) ) ;
#1626 = CARTESIAN_POINT ( 'NONE',  ( 215.5520986130635208, 13.00000000000000178, 36.77048474826580815 ) ) ;
#1627 = CARTESIAN_POINT ( 'NONE',  ( 104.1315457930380148, 13.00000000000000533, 46.31386994824730152 ) ) ;
#1628 = DIRECTION ( 'NONE',  ( 0.000000000000000000, 1.000000000000000000, 0.000000000000000000 ) ) ;
#1629 = CARTESIAN_POINT ( 'NONE',  ( 236.6895550573929654, 10.00000000000000000, 40.29472657616717157 ) ) ;
#1630 = DIRECTION ( 'NONE',  ( 1.000000000000000000, 0.000000000000000000, 0.000000000000000000 ) ) ;
#1631 = CARTESIAN_POINT ( 'NONE',  ( 195.2877634219048844, 10.00000000000000178, 28.82154255229207607 ) ) ;
#1632 = CARTESIAN_POINT ( 'NONE',  ( 146.4740020397773321, 10.00000000000000000, 40.60837066578305610 ) ) ;
#1633 = FACE_OUTER_BOUND ( 'NONE', #6622, .T. ) ;
#1634 = ORIENTED_EDGE ( 'NONE', *, *, #852, .F. ) ;
#1635 = ORIENTED_EDGE ( 'NONE', *, *, #4251, .T. ) ;
#1636 = CARTESIAN_POINT ( 'NONE',  ( 237.9232839197824774, 13.00000000000000178, 38.85541176349818215 ) ) ;
#1637 = CARTESIAN_POINT ( 'NONE',  ( 107.5794763217917307, 13.00000000000000178, 56.26634657121827843 ) ) ;
#1638 = CARTESIAN_POINT ( 'NONE',  ( 173.1087546614089661, 10.00000000000000178, 48.85447994044526610 ) ) ;
#1639 = CARTESIAN_POINT ( 'NONE',  ( 226.7623302028986245, 13.00000000000000178, 48.70824923709615462 ) ) ;
#1640 = EDGE_CURVE ( 'NONE', #602, #3824, #769, .T. ) ;
#1641 = CARTESIAN_POINT ( 'NONE',  ( 102.4877631146148360, 13.00000000000000178, 51.87033464851429443 ) ) ;
#1642 = ORIENTED_EDGE ( 'NONE', *, *, #2743, .T. ) ;
#1643 = CARTESIAN_POINT ( 'NONE',  ( 146.4740020397773321, 13.00000000000000178, 50.22375528116766930 ) ) ;
#1644 = VERTEX_POINT ( 'NONE', #3537 ) ;
#1645 = DIRECTION ( 'NONE',  ( 0.000000000000000000, 0.000000000000000000, -1.000000000000000000 ) ) ;
#1646 = CARTESIAN_POINT ( 'NONE',  ( 121.0353001167004265, 10.00000000000000000, 34.45452451193689569 ) ) ;
#1647 = CARTESIAN_POINT ( 'NONE',  ( 54.49683857823887934, 10.00000000000000000, 41.76221681962920940 ) ) ;
#1648 = ORIENTED_EDGE ( 'NONE', *, *, #6452, .T. ) ;
#1649 = SHAPE_DEFINITION_REPRESENTATION ( #2807, #2824 ) ;
#1650 = ORIENTED_EDGE ( 'NONE', *, *, #3913, .T. ) ;
#1651 = EDGE_CURVE ( 'NONE', #4744, #5422, #1874, .T. ) ;
#1652 = CARTESIAN_POINT ( 'NONE',  ( 153.3429924243927189, 13.00000000000000178, 45.35596681962920940 ) ) ;
#1653 = EDGE_LOOP ( 'NONE', ( #1986, #6020, #3740, #2648 ) ) ;
#1654 = CARTESIAN_POINT ( 'NONE',  ( 171.9397454612123681, 10.00000000000000178, 36.49823338785065374 ) ) ;
#1655 = CARTESIAN_POINT ( 'NONE',  ( 117.8982808859312001, 13.00000000000000178, 49.96534181962920940 ) ) ;
#1656 = CARTESIAN_POINT ( 'NONE',  ( 244.2059655964741296, 13.00000000000000178, 36.79386421768305127 ) ) ;
#1657 = CARTESIAN_POINT ( 'NONE',  ( 199.9999999999999432, 20.00000000000000000, 96.43724644492834841 ) ) ;
#1658 = CARTESIAN_POINT ( 'NONE',  ( 82.85341161338160987, 10.00000000000000178, 56.73097539661677047 ) ) ;
#1659 = CARTESIAN_POINT ( 'NONE',  ( 141.9843643916103986, 9.999999999999998224, 37.27877626147937207 ) ) ;
#1660 = CARTESIAN_POINT ( 'NONE',  ( 154.6387675952217080, 9.999999999999996447, 50.75559613247387603 ) ) ;
#1661 = DIRECTION ( 'NONE',  ( -0.000000000000000000, -1.000000000000000000, -0.000000000000000000 ) ) ;
#1662 = CARTESIAN_POINT ( 'NONE',  ( 68.72760780900810573, 10.00000000000000000, 29.45452451193689924 ) ) ;
#1663 = LINE ( 'NONE', #3911, #1845 ) ;
#1664 = CARTESIAN_POINT ( 'NONE',  ( 104.1122231936234925, 10.00000000000000000, 34.45452451193689569 ) ) ;
#1665 = EDGE_CURVE ( 'NONE', #3207, #2371, #6766, .T. ) ;
#1666 = CARTESIAN_POINT ( 'NONE',  ( 216.1318562847348517, 10.00000000000000000, 36.77064202724938724 ) ) ;
#1667 = CARTESIAN_POINT ( 'NONE',  ( 221.4748339966896253, 12.99999999999999822, 35.46826409232594557 ) ) ;
#1668 = ORIENTED_EDGE ( 'NONE', *, *, #406, .T. ) ;
#1669 = ORIENTED_EDGE ( 'NONE', *, *, #2289, .T. ) ;
#1670 = CARTESIAN_POINT ( 'NONE',  ( 224.7655966132311107, 10.00000000000000178, 52.53370526903315607 ) ) ;
#1671 = CARTESIAN_POINT ( 'NONE',  ( 108.9500031431815330, 13.00000000000000178, 56.59115474822871761 ) ) ;
#1672 = DIRECTION ( 'NONE',  ( 1.209235833580611488E-12, -1.000000000000000000, -1.073955692979499347E-14 ) ) ;
#1673 = CARTESIAN_POINT ( 'NONE',  ( 215.8429924243927189, 10.00000000000000178, 36.76221681962920940 ) ) ;
#1674 = CARTESIAN_POINT ( 'NONE',  ( 104.7467839803694716, 13.00000000000000178, 54.77496180208711252 ) ) ;
#1675 = EDGE_LOOP ( 'NONE', ( #7157, #1150, #62, #2268 ) ) ;
#1676 = CARTESIAN_POINT ( 'NONE',  ( 251.8045308859312001, 10.00000000000000000, 56.37760143501382260 ) ) ;
#1677 = DIRECTION ( 'NONE',  ( 1.000000000000000000, 0.000000000000000000, 0.000000000000000000 ) ) ;
#1678 = CARTESIAN_POINT ( 'NONE',  ( 113.5412200092536636, 9.999999999999996447, 56.59099777052870905 ) ) ;
#1679 = CARTESIAN_POINT ( 'NONE',  ( 185.2660693474696529, 13.00000000000000178, 34.45452451193689569 ) ) ;
#1680 = EDGE_CURVE ( 'NONE', #1430, #215, #119, .T. ) ;
#1681 = ORIENTED_EDGE ( 'NONE', *, *, #6545, .T. ) ;
#1682 = CARTESIAN_POINT ( 'NONE',  ( 83.61689622670725441, 10.00000000000000178, 56.75170505732219084 ) ) ;
#1683 = ORIENTED_EDGE ( 'NONE', *, *, #1392, .F. ) ;
#1684 = CARTESIAN_POINT ( 'NONE',  ( 54.49683857823887934, 13.00000000000000178, 53.30067835809074950 ) ) ;
#1685 = CARTESIAN_POINT ( 'NONE',  ( 215.8429924243927189, 10.00000000000000000, 36.76221681962920940 ) ) ;
#1686 = CARTESIAN_POINT ( 'NONE',  ( 248.5273445024015189, 13.00000000000000178, 40.08160984087832190 ) ) ;
#1687 = ADVANCED_FACE ( 'NONE', ( #2423 ), #4504, .T. ) ;
#1688 = CARTESIAN_POINT ( 'NONE',  ( 95.65068473208503974, 10.00000000000000000, 25.60837066578305254 ) ) ;
#1689 = B_SPLINE_CURVE_WITH_KNOTS ( 'NONE', 3,
 ( #2029, #2138, #1472, #375, #5342, #2620, #4872, #5998, #6552, #4311, #7097 ),
 .UNSPECIFIED., .F., .F.,
 ( 4, 1, 1, 1, 1, 1, 1, 1, 4 ),
 ( 0.000000000000000000, 0.1446324159930494901, 0.2798369641781396910, 0.4083713118090886440, 0.5330428696034673619, 0.6535963008637284410, 0.7700157379356753484, 0.8843394719004989968, 1.000000000000000000 ),
 .UNSPECIFIED. ) ;
#1690 = ADVANCED_FACE ( 'NONE', ( #2577 ), #436, .T. ) ;
#1691 = CARTESIAN_POINT ( 'NONE',  ( 116.9811091448773226, 12.99999999999999822, 51.64994209833304950 ) ) ;
#1692 = CARTESIAN_POINT ( 'NONE',  ( 235.6469643926450601, 10.00000000000000000, 42.71540702162960912 ) ) ;
#1693 = CARTESIAN_POINT ( 'NONE',  ( 162.4995360071359300, 9.999999999999992895, 56.57015565131723633 ) ) ;
#1694 = DIRECTION ( 'NONE',  ( 1.000000000000000000, 0.000000000000000000, -0.000000000000000000 ) ) ;
#1695 = B_SPLINE_CURVE_WITH_KNOTS ( 'NONE', 3,
 ( #817, #3136, #4836, #5341, #3030, #5891, #2468, #5382, #6985, #7063, #847 ),
 .UNSPECIFIED., .F., .F.,
 ( 4, 1, 1, 1, 1, 1, 1, 1, 4 ),
 ( 0.000000000000000000, 0.1299810785766141730, 0.2554473120268477282, 0.3772983447181148531, 0.4984417785420213187, 0.6193721253366233359, 0.7418565019578132747, 0.8685636891457538811, 1.000000000000000000 ),
 .UNSPECIFIED. ) ;
#1696 = CARTESIAN_POINT ( 'NONE',  ( 238.9425656750537712, 13.00000000000000178, 38.03881323232089073 ) ) ;
#1697 = LINE ( 'NONE', #3401, #6543 ) ;
#1698 = DATE_AND_TIME ( #713, #4214 ) ;
#1699 = EDGE_LOOP ( 'NONE', ( #5622, #4275, #4369, #3314 ) ) ;
#1700 = CARTESIAN_POINT ( 'NONE',  ( 92.95837703977734634, 13.00000000000000178, 56.37760143501382260 ) ) ;
#1701 = CARTESIAN_POINT ( 'NONE',  ( 154.6510272188084230, 9.999999999999998224, 40.04288111408454398 ) ) ;
#1702 = ORIENTED_EDGE ( 'NONE', *, *, #1710, .T. ) ;
#1703 = EDGE_LOOP ( 'NONE', ( #3886, #1583, #6751, #6495 ) ) ;
#1704 = CARTESIAN_POINT ( 'NONE',  ( 92.94456127460044570, 9.999999999999998224, 45.86168966173467254 ) ) ;
#1705 = CARTESIAN_POINT ( 'NONE',  ( 103.4625534334707169, 10.00000000000000000, 53.46721588852523865 ) ) ;
#1706 = CARTESIAN_POINT ( 'NONE',  ( 199.1496096029885621, 9.999999999999996447, 25.89245956570815110 ) ) ;
#1707 = EDGE_CURVE ( 'NONE', #6052, #4659, #914, .T. ) ;
#1708 = CARTESIAN_POINT ( 'NONE',  ( 211.7838167514399856, 9.999999999999994671, 37.74795886129023614 ) ) ;
#1709 = VECTOR ( 'NONE', #4623, 1000.000000000000000 ) ;
#1710 = EDGE_CURVE ( 'NONE', #4413, #6190, #2472, .T. ) ;
#1711 = CARTESIAN_POINT ( 'NONE',  ( 164.8574155013158133, 13.00000000000000178, 34.06990912732151600 ) ) ;
#1712 = ORIENTED_EDGE ( 'NONE', *, *, #2999, .T. ) ;
#1713 = CARTESIAN_POINT ( 'NONE',  ( 129.0323282773942992, 10.00000000000000000, 52.69948901655517659 ) ) ;
#1714 = CARTESIAN_POINT ( 'NONE',  ( 251.1175078068390576, 13.00000000000000178, 39.22534286530480330 ) ) ;
#1715 = ORIENTED_EDGE ( 'NONE', *, *, #4819, .F. ) ;
#1716 = LINE ( 'NONE', #5154, #4919 ) ;
#1717 = CARTESIAN_POINT ( 'NONE',  ( 113.5412200092536636, 12.99999999999999822, 56.59099777052870905 ) ) ;
#1718 = CARTESIAN_POINT ( 'NONE',  ( 187.9583770397773606, 13.00000000000000178, 25.60837066578305254 ) ) ;
#1719 = VECTOR ( 'NONE', #3653, 1000.000000000000000 ) ;
#1720 = EDGE_LOOP ( 'NONE', ( #3152, #2305, #3335, #6618 ) ) ;
#1721 = CARTESIAN_POINT ( 'NONE',  ( 75.90993413615807128, 10.00000000000000178, 53.45030617205737400 ) ) ;
#1722 = ORIENTED_EDGE ( 'NONE', *, *, #2237, .F. ) ;
#1723 = LINE ( 'NONE', #1175, #2676 ) ;
#1725 = DIRECTION ( 'NONE',  ( 0.000000000000000000, 0.000000000000000000, -1.000000000000000000 ) ) ;
#1724 = VECTOR ( 'NONE', #4728, 1000.000000000000000 ) ;
#1726 = CARTESIAN_POINT ( 'NONE',  ( 117.9342314293695324, 10.00000000000000000, 49.84563068826339816 ) ) ;
#1727 = PLANE ( 'NONE',  #782 ) ;
#1728 = EDGE_CURVE ( 'NONE', #5957, #6721, #6499, .T. ) ;
#1729 = VECTOR ( 'NONE', #4165, 1000.000000000000000 ) ;
#1730 = CARTESIAN_POINT ( 'NONE',  ( 235.2660693474696529, 13.00000000000000178, 56.37760143501382260 ) ) ;
#1731 = CARTESIAN_POINT ( 'NONE',  ( 104.5389058859311859, 13.00000000000000178, 49.74899566578304899 ) ) ;
#1732 = CARTESIAN_POINT ( 'NONE',  ( 157.5283495250789656, 9.999999999999992895, 54.22677498651071204 ) ) ;
#1733 = CARTESIAN_POINT ( 'NONE',  ( 104.1157662993163342, 12.99999999999999822, 45.49225406176356756 ) ) ;
#1734 = DIRECTION ( 'NONE',  ( 0.000000000000000000, 0.000000000000000000, -1.000000000000000000 ) ) ;
#1735 = EDGE_CURVE ( 'NONE', #2341, #5329, #2645, .T. ) ;
#1736 = VECTOR ( 'NONE', #2534, 1000.000000000000000 ) ;
#1737 = CARTESIAN_POINT ( 'NONE',  ( 154.6387675952217080, 10.00000000000000000, 50.75559613247387603 ) ) ;
#1738 = EDGE_CURVE ( 'NONE', #2529, #2007, #3231, .T. ) ;
#1739 = COORDINATED_UNIVERSAL_TIME_OFFSET ( 5, 0, .BEHIND. ) ;
#1740 = B_SPLINE_SURFACE_WITH_KNOTS ( 'NONE', 3, 1, ( 
 ( #1206, #2801 ),
 ( #2276, #1682 ),
 ( #4524, #4087 ),
 ( #74, #2240 ),
 ( #4569, #5704 ),
 ( #3458, #1761 ),
 ( #1173, #2834 ),
 ( #5160, #115 ),
 ( #5741, #3533 ),
 ( #6174, #1721 ),
 ( #546, #3423 ),
 ( #6868, #5048 ),
 ( #2350, #4009 ),
 ( #4604, #1795 ),
 ( #4045, #2385 ),
 ( #5667, #5199 ),
 ( #3976, #4489 ),
 ( #152, #6280 ),
 ( #3390, #6722 ) ),
 .UNSPECIFIED., .F., .F., .F.,
 ( 4, 1, 1, 1, 1, 1, 1, 1, 1, 1, 1, 1, 1, 1, 1, 1, 4 ),
 ( 2, 2 ),
 ( 0.000000000000000000, 0.06461999134076831797, 0.1274334841444696165, 0.1890041265579404384, 0.2499300706860468901, 0.3106684537406716462, 0.3723289611368242324, 0.4349391099970088548, 0.4995755441940342156, 0.5641912077719239971, 0.6267352169294785336, 0.6881093335614019146, 0.7492936065367513665, 0.8103305278109453891, 0.8719011702244161555, 0.9350459146845315761, 1.000000000000000000 ),
 ( 0.000000000000000000, 1.000000000000000000 ),
 .UNSPECIFIED. ) ;
#1741 = DIRECTION ( 'NONE',  ( 1.000000000000000000, 0.000000000000000000, 0.000000000000000000 ) ) ;
#1742 = LINE ( 'NONE', #1297, #192 ) ;
#1743 = CARTESIAN_POINT ( 'NONE',  ( 156.0831918610770970, 10.00000000000000000, 46.50543886556516782 ) ) ;
#1744 = ORIENTED_EDGE ( 'NONE', *, *, #6101, .F. ) ;
#1745 = EDGE_CURVE ( 'NONE', #5336, #5993, #295, .T. ) ;
#1746 = CARTESIAN_POINT ( 'NONE',  ( 181.4199155013158133, 13.00000000000000178, 37.14683220424458909 ) ) ;
#1747 = CARTESIAN_POINT ( 'NONE',  ( 126.5174600535557943, 13.00000000000000178, 44.05946524728891944 ) ) ;
#1748 = CARTESIAN_POINT ( 'NONE',  ( 171.9741715790359535, 10.00000000000000000, 50.78380950763850166 ) ) ;
#1749 = DIRECTION ( 'NONE',  ( -0.000000000000000000, -1.000000000000000000, -0.000000000000000000 ) ) ;
#1750 = CARTESIAN_POINT ( 'NONE',  ( 158.6413167854243795, 13.00000000000000533, 51.56446602506199639 ) ) ;
#1751 = ORIENTED_EDGE ( 'NONE', *, *, #3469, .T. ) ;
#1752 = EDGE_CURVE ( 'NONE', #1395, #1281, #4727, .T. ) ;
#1753 = DIRECTION ( 'NONE',  ( -1.000000000000000000, 0.000000000000000000, 0.000000000000000000 ) ) ;
#1754 = CARTESIAN_POINT ( 'NONE',  ( 245.9632397578508005, 13.00000000000000178, 34.34571759871341357 ) ) ;
#1755 = ORIENTED_EDGE ( 'NONE', *, *, #3627, .T. ) ;
#1756 = CARTESIAN_POINT ( 'NONE',  ( 138.4691943474696529, 13.00000000000000178, 56.76221681962920940 ) ) ;
#1757 = DIRECTION ( 'NONE',  ( 0.000000000000000000, 0.000000000000000000, 1.000000000000000000 ) ) ;
#1758 = CARTESIAN_POINT ( 'NONE',  ( 88.92080884339164015, 9.999999999999996447, 55.78085791111553959 ) ) ;
#1759 = CARTESIAN_POINT ( 'NONE',  ( 207.1891462705465869, 13.00000000000000178, 45.49418797347536270 ) ) ;
#1760 = ORIENTED_EDGE ( 'NONE', *, *, #4342, .T. ) ;
#1761 = CARTESIAN_POINT ( 'NONE',  ( 79.61001819120990319, 10.00000000000000178, 55.95274269874143158 ) ) ;
#1762 = VERTEX_POINT ( 'NONE', #2238 ) ;
#1763 = DIRECTION ( 'NONE',  ( -0.000000000000000000, -1.000000000000000000, -0.000000000000000000 ) ) ;
#1764 = CARTESIAN_POINT ( 'NONE',  ( 173.7276078090081342, 13.00000000000000178, 45.46413989655228960 ) ) ;
#1765 = CARTESIAN_POINT ( 'NONE',  ( 213.4725697023957594, 10.00000000000000000, 56.57287179018948819 ) ) ;
#1766 = CARTESIAN_POINT ( 'NONE',  ( 215.8429924243927189, 13.00000000000000178, 36.76221681962920940 ) ) ;
#1767 = CARTESIAN_POINT ( 'NONE',  ( 117.7766806464915277, 10.00000000000000000, 50.26331067780942874 ) ) ;
#1768 = CARTESIAN_POINT ( 'NONE',  ( 163.7241338861385032, 10.00000000000000178, 54.02989262135525195 ) ) ;
#1769 = CARTESIAN_POINT ( 'NONE',  ( 130.1383740861712397, 13.00000000000000178, 41.28651346428223690 ) ) ;
#1770 = CARTESIAN_POINT ( 'NONE',  ( 296.4644660940673475, 0.000000000000000000, 1.885533905932749610 ) ) ;
#1771 = CARTESIAN_POINT ( 'NONE',  ( 75.30351335953109526, 12.99999999999999822, 44.26131613962511580 ) ) ;
#1772 = CARTESIAN_POINT ( 'NONE',  ( 153.3534993084370228, 10.00000000000000178, 45.74512780677691381 ) ) ;
#1773 = APPROVAL_ROLE ( '' ) ;
#1774 = EDGE_CURVE ( 'NONE', #3868, #3965, #3269, .T. ) ;
#1775 = CARTESIAN_POINT ( 'NONE',  ( 266.6666666666666856, 20.00000000000000000, 97.93724644492837683 ) ) ;
#1776 = CARTESIAN_POINT ( 'NONE',  ( 235.2660693474696529, 10.00000000000000000, 48.45091874270612919 ) ) ;
#1777 = VERTEX_POINT ( 'NONE', #5043 ) ;
#1778 = EDGE_LOOP ( 'NONE', ( #4676, #1744 ) ) ;
#1779 = PLANE ( 'NONE',  #7011 ) ;
#1780 = CARTESIAN_POINT ( 'NONE',  ( 127.0357301250707707, 13.00000000000000533, 41.84699477803371082 ) ) ;
#1781 = CARTESIAN_POINT ( 'NONE',  ( 173.4719780259551953, 9.999999999999998224, 47.78018687690887845 ) ) ;
#1782 = CARTESIAN_POINT ( 'NONE',  ( 148.7276078090081342, 10.00000000000000000, 51.70212066578302768 ) ) ;
#1783 = EDGE_CURVE ( 'NONE', #2554, #3955, #450, .T. ) ;
#1784 = EDGE_CURVE ( 'NONE', #7152, #5695, #4411, .T. ) ;
#1785 = CARTESIAN_POINT ( 'NONE',  ( 133.9742426927812460, 10.00000000000000355, 37.72814835530725475 ) ) ;
#1786 = ORIENTED_EDGE ( 'NONE', *, *, #5053, .F. ) ;
#1787 = DIRECTION ( 'NONE',  ( -0.000000000000000000, -1.000000000000000000, -0.000000000000000000 ) ) ;
#1788 = CARTESIAN_POINT ( 'NONE',  ( 235.2660693474696529, 13.00000000000000178, 38.40885143501382260 ) ) ;
#1789 = VERTEX_POINT ( 'NONE', #6648 ) ;
#1790 = CARTESIAN_POINT ( 'NONE',  ( 146.3453083835016173, 13.00000000000000178, 54.29702133883008486 ) ) ;
#1791 = CARTESIAN_POINT ( 'NONE',  ( 66.66666666666668561, 10.00000000000000000, 96.43724644492834841 ) ) ;
#1792 = CARTESIAN_POINT ( 'NONE',  ( 86.55720029521272352, 9.999999999999996447, 56.53152832937115591 ) ) ;
#1793 = CYLINDRICAL_SURFACE ( 'NONE', #2905, 1.649999999999987477 ) ;
#1794 = EDGE_LOOP ( 'NONE', ( #289, #2127, #1334, #2084 ) ) ;
#1795 = CARTESIAN_POINT ( 'NONE',  ( 73.39107899135714774, 10.00000000000000178, 49.76359767057063976 ) ) ;
#1796 = VERTEX_POINT ( 'NONE', #7196 ) ;
#1797 = CARTESIAN_POINT ( 'NONE',  ( 156.0353001167004265, 13.00000000000000178, 45.38601489655228960 ) ) ;
#1798 = CARTESIAN_POINT ( 'NONE',  ( 118.2885534597399015, 13.00000000000000178, 47.25757534989466535 ) ) ;
#1799 = CARTESIAN_POINT ( 'NONE',  ( 129.1122231936234925, 10.00000000000000000, 45.35596681962920940 ) ) ;
#1800 = EDGE_CURVE ( 'NONE', #5153, #6608, #5663, .T. ) ;
#1801 = FACE_OUTER_BOUND ( 'NONE', #7267, .T. ) ;
#1802 = B_SPLINE_SURFACE_WITH_KNOTS ( 'NONE', 3, 1, ( 
 ( #3821, #986 ),
 ( #3788, #7163 ),
 ( #3232, #1541 ),
 ( #3198, #5481 ),
 ( #437, #2683 ),
 ( #4341, #3270 ),
 ( #6614, #2099 ),
 ( #4935, #5519 ),
 ( #5445, #1574 ),
 ( #7126, #402 ),
 ( #2646, #4898 ) ),
 .UNSPECIFIED., .F., .F., .F.,
 ( 4, 1, 1, 1, 1, 1, 1, 1, 4 ),
 ( 2, 2 ),
 ( 0.000000000000000000, 0.07699545471705707134, 0.1676150771831735886, 0.2710523936342347229, 0.3894595025720735126, 0.5208428024655772370, 0.6663987586080737380, 0.8260936125153154341, 1.000000000000000000 ),
 ( 0.000000000000000000, 1.000000000000000000 ),
 .UNSPECIFIED. ) ;
#1803 = DIRECTION ( 'NONE',  ( 1.000000000000000000, 0.000000000000000000, -0.000000000000000000 ) ) ;
#1804 = CARTESIAN_POINT ( 'NONE',  ( 159.5151763395345768, 12.99999999999999822, 52.31437678168605743 ) ) ;
#1805 = CARTESIAN_POINT ( 'NONE',  ( 196.0353001167004265, 13.00000000000000178, 34.45452451193689569 ) ) ;
#1806 = CARTESIAN_POINT ( 'NONE',  ( 104.1122231936234925, 13.00000000000000178, 44.62279374270612919 ) ) ;
#1807 = LINE ( 'NONE', #3434, #1251 ) ;
#1808 = CARTESIAN_POINT ( 'NONE',  ( 225.5083676047445920, 12.99999999999999822, 39.39146632462225739 ) ) ;
#1809 = CARTESIAN_POINT ( 'NONE',  ( 138.4932328090081057, 10.00000000000000000, 36.76221681962920940 ) ) ;
#1810 = CARTESIAN_POINT ( 'NONE',  ( 68.72760780900810573, 10.00000000000000000, 29.45452451193689924 ) ) ;
#1811 = LINE ( 'NONE', #6368, #7217 ) ;
#1812 = VECTOR ( 'NONE', #2959, 1000.000000000000000 ) ;
#1813 = ORIENTED_EDGE ( 'NONE', *, *, #3725, .F. ) ;
#1814 = CARTESIAN_POINT ( 'NONE',  ( 181.4199155013158133, 13.00000000000000178, 34.45452451193689569 ) ) ;
#1815 = CARTESIAN_POINT ( 'NONE',  ( 130.4844697347684530, 12.99999999999999822, 36.86692256097850162 ) ) ;
#1816 = CARTESIAN_POINT ( 'NONE',  ( 222.7238853131304666, 10.00000000000000000, 50.80844566485120595 ) ) ;
#1817 = CARTESIAN_POINT ( 'NONE',  ( 129.1122231936235210, 13.00000000000000178, 45.35596681962921650 ) ) ;
#1818 = ORIENTED_EDGE ( 'NONE', *, *, #6135, .T. ) ;
#1819 = CARTESIAN_POINT ( 'NONE',  ( 198.7276078090081057, 13.00000000000000178, 56.37760143501382260 ) ) ;
#1820 = CARTESIAN_POINT ( 'NONE',  ( 233.3333333333332860, 20.00000000000000000, 97.93724644492834841 ) ) ;
#1821 = ORIENTED_EDGE ( 'NONE', *, *, #1840, .F. ) ;
#1822 = DIRECTION ( 'NONE',  ( -0.000000000000000000, -1.000000000000000000, -0.000000000000000000 ) ) ;
#1823 = CARTESIAN_POINT ( 'NONE',  ( 115.5415464193369388, 12.99999999999999822, 56.05333166816927815 ) ) ;
#1824 = CARTESIAN_POINT ( 'NONE',  ( 251.4540505408949116, 9.999999999999998224, 40.57075630474415817 ) ) ;
#1825 = ORIENTED_EDGE ( 'NONE', *, *, #3280, .T. ) ;
#1826 = AXIS2_PLACEMENT_3D ( 'NONE', #4140, #4661, #2336 ) ;
#1827 = CARTESIAN_POINT ( 'NONE',  ( 68.72760780900810573, 10.00000000000000000, 56.37760143501382260 ) ) ;
#1828 = VERTEX_POINT ( 'NONE', #4968 ) ;
#1829 = CARTESIAN_POINT ( 'NONE',  ( 215.8429924243927189, 10.00000000000000178, 36.76221681962920940 ) ) ;
#1830 = VERTEX_POINT ( 'NONE', #1647 ) ;
#1831 = CARTESIAN_POINT ( 'NONE',  ( 114.5886416286365659, 10.00000000000000355, 53.46329881252448502 ) ) ;
#1832 = CARTESIAN_POINT ( 'NONE',  ( 169.1029285287451103, 12.99999999999999822, 37.72523420911397807 ) ) ;
#1833 = CARTESIAN_POINT ( 'NONE',  ( 68.72760780900810573, 13.00000000000000178, 38.68529374270612919 ) ) ;
#1834 = CARTESIAN_POINT ( 'NONE',  ( 223.8758718316016996, 10.00000000000000000, 42.13071622881658129 ) ) ;
#1835 = VECTOR ( 'NONE', #6353, 1000.000000000000000 ) ;
#1836 = AXIS2_PLACEMENT_3D ( 'NONE', #904, #2636, #5403 ) ;
#1837 = AXIS2_PLACEMENT_3D ( 'NONE', #61, #7265, #2229 ) ;
#1838 = CARTESIAN_POINT ( 'NONE',  ( 204.5255294793951180, 10.00000000000000355, 44.38256528472944495 ) ) ;
#1839 = FACE_OUTER_BOUND ( 'NONE', #1082, .T. ) ;
#1840 = EDGE_CURVE ( 'NONE', #5634, #495, #5551, .T. ) ;
#1841 = CARTESIAN_POINT ( 'NONE',  ( 214.6900521256146419, 10.00000000000000000, 54.03670200219131914 ) ) ;
#1842 = CARTESIAN_POINT ( 'NONE',  ( 104.5389058859311859, 13.00000000000000178, 49.74899566578304899 ) ) ;
#1843 = CARTESIAN_POINT ( 'NONE',  ( 247.5472173831513203, 9.999999999999996447, 38.43698806558620618 ) ) ;
#1844 = ADVANCED_FACE ( 'NONE', ( #6097 ), #1573, .T. ) ;
#1845 = VECTOR ( 'NONE', #6773, 1000.000000000000000 ) ;
#1846 = CARTESIAN_POINT ( 'NONE',  ( 92.33626078468998344, 12.99999999999999822, 42.05101592644439989 ) ) ;
#1847 = EDGE_CURVE ( 'NONE', #6939, #6052, #1375, .T. ) ;
#1848 =( NAMED_UNIT ( * ) SI_UNIT ( $, .STERADIAN. ) SOLID_ANGLE_UNIT ( ) );
#1849 = VECTOR ( 'NONE', #2971, 1000.000000000000000 ) ;
#1850 = DIRECTION ( 'NONE',  ( 0.000000000000000000, 0.000000000000000000, -1.000000000000000000 ) ) ;
#1851 = CARTESIAN_POINT ( 'NONE',  ( 138.4691943474696529, 10.00000000000000000, 56.76221681962920940 ) ) ;
#1852 = CARTESIAN_POINT ( 'NONE',  ( 148.7276078090081342, 10.00000000000000000, 51.70212066578302768 ) ) ;
#1853 = VERTEX_POINT ( 'NONE', #473 ) ;
#1854 = CARTESIAN_POINT ( 'NONE',  ( 227.1607005421022905, 12.99999999999999822, 44.37855023952668887 ) ) ;
#1855 = VECTOR ( 'NONE', #5635, 1000.000000000000000 ) ;
#1856 = CARTESIAN_POINT ( 'NONE',  ( 138.6915501167004550, 13.00000000000000178, 34.06990912732152310 ) ) ;
#1857 = CARTESIAN_POINT ( 'NONE',  ( 220.1981910054939533, 10.00000000000000000, 52.99298260652844306 ) ) ;
#1858 = ORIENTED_EDGE ( 'NONE', *, *, #7012, .T. ) ;
#1859 = CARTESIAN_POINT ( 'NONE',  ( 133.9742426927812460, 13.00000000000000178, 37.72814835530725475 ) ) ;
#1860 = VERTEX_POINT ( 'NONE', #1 ) ;
#1861 = CARTESIAN_POINT ( 'NONE',  ( 164.8574155013158133, 13.00000000000000178, 34.06990912732151600 ) ) ;
#1862 = CARTESIAN_POINT ( 'NONE',  ( 66.66666666666668561, 20.00000000000000000, 94.93724644492834841 ) ) ;
#1863 = PRODUCT ( '2_Education copy', '2_Education copy', '', ( #6261 ) ) ;
#1864 = EDGE_CURVE ( 'NONE', #7130, #6446, #2436, .T. ) ;
#1865 = CARTESIAN_POINT ( 'NONE',  ( 205.2736416595389528, 13.00000000000000888, 49.71846686920739700 ) ) ;
#1866 = DIRECTION ( 'NONE',  ( 1.000000000000000000, 0.000000000000000000, 0.000000000000000000 ) ) ;
#1867 = CARTESIAN_POINT ( 'NONE',  ( 215.8550116551619737, 10.00000000000000000, 56.76221681962920940 ) ) ;
#1868 = ORIENTED_EDGE ( 'NONE', *, *, #4522, .T. ) ;
#1869 = FACE_OUTER_BOUND ( 'NONE', #5083, .T. ) ;
#1870 = ORIENTED_EDGE ( 'NONE', *, *, #2447, .T. ) ;
#1871 = EDGE_CURVE ( 'NONE', #140, #95, #2832, .T. ) ;
#1872 = CARTESIAN_POINT ( 'NONE',  ( 211.2373485264214423, 12.99999999999999822, 34.95928154362823648 ) ) ;
#1873 = LINE ( 'NONE', #4125, #1835 ) ;
#1874 = LINE ( 'NONE', #1249, #4565 ) ;
#1875 = CARTESIAN_POINT ( 'NONE',  ( 217.5457807398765340, 10.00000000000000000, 36.90981921091352547 ) ) ;
#1876 = EDGE_CURVE ( 'NONE', #1006, #6930, #1129, .T. ) ;
#1877 = ORIENTED_EDGE ( 'NONE', *, *, #6680, .T. ) ;
#1878 = CARTESIAN_POINT ( 'NONE',  ( 204.8999214698987714, 12.99999999999999467, 42.27721285859466605 ) ) ;
#1879 = DIRECTION ( 'NONE',  ( 0.000000000000000000, 0.000000000000000000, -1.000000000000000000 ) ) ;
#1880 = CARTESIAN_POINT ( 'NONE',  ( 137.5168966985926886, 12.99999999999999822, 36.78911622710588603 ) ) ;
#1881 = LINE ( 'NONE', #4132, #3737 ) ;
#1882 = CARTESIAN_POINT ( 'NONE',  ( 51.80453088593119304, 10.00000000000000000, 26.37760143501382260 ) ) ;
#1883 = DIRECTION ( 'NONE',  ( -0.000000000000000000, -1.000000000000000000, -0.000000000000000000 ) ) ;
#1884 = CARTESIAN_POINT ( 'NONE',  ( 127.3140918260885144, 10.00000000000000355, 41.13913962400169311 ) ) ;
#1885 = CARTESIAN_POINT ( 'NONE',  ( 130.7114045252744461, 10.00000000000000178, 54.28523253376513225 ) ) ;
#1886 = CARTESIAN_POINT ( 'NONE',  ( 148.3272246452694105, 9.999999999999998224, 52.29008812470679146 ) ) ;
#1887 = EDGE_LOOP ( 'NONE', ( #2011, #5440 ) ) ;
#1888 = CARTESIAN_POINT ( 'NONE',  ( 105.1770111689979359, 13.00000000000000533, 51.13274497731458013 ) ) ;
#1889 = CARTESIAN_POINT ( 'NONE',  ( 235.2660693474696529, 13.00000000000000178, 48.45091874270612919 ) ) ;
#1890 = LINE ( 'NONE', #279, #323 ) ;
#1891 = EDGE_CURVE ( 'NONE', #3761, #4514, #4934, .T. ) ;
#1892 = CARTESIAN_POINT ( 'NONE',  ( 158.4828253886434482, 10.00000000000000000, 35.92452989401945018 ) ) ;
#1893 = ORIENTED_EDGE ( 'NONE', *, *, #3783, .T. ) ;
#1894 = CARTESIAN_POINT ( 'NONE',  ( 89.07065844772091623, 9.999999999999998224, 38.15028083259845459 ) ) ;
#1895 = CARTESIAN_POINT ( 'NONE',  ( 129.7838773345364132, 9.999999999999996447, 48.71516281069281007 ) ) ;
#1896 = CARTESIAN_POINT ( 'NONE',  ( 205.7224262642426424, 12.99999999999999822, 50.69460416869960540 ) ) ;
#1897 = LINE ( 'NONE', #287, #4667 ) ;
#1898 = B_SPLINE_CURVE_WITH_KNOTS ( 'NONE', 3,
 ( #6779, #7260, #1743, #6230, #3440, #275, #1959, #132, #6955, #5246, #749, #2440, #5826, #4211, #4658 ),
 .UNSPECIFIED., .F., .F.,
 ( 4, 1, 1, 1, 1, 1, 1, 1, 1, 1, 1, 1, 4 ),
 ( 0.000000000000000000, 0.08158934893218351692, 0.1628588951679348362, 0.2454836892755791755, 0.3308071391580099663, 0.4164933737762850363, 0.4998932031606325710, 0.5830481559950206893, 0.6671578520621564978, 0.7513119292929135717, 0.8337847893576149083, 0.9162564885439797857, 0.9999999999999998890 ),
 .UNSPECIFIED. ) ;
#1899 = CARTESIAN_POINT ( 'NONE',  ( 225.9635592248193348, 10.00000000000000355, 50.69460513278718139 ) ) ;
#1900 = VERTEX_POINT ( 'NONE', #34 ) ;
#1901 = LINE ( 'NONE', #805, #3833 ) ;
#1902 = EDGE_LOOP ( 'NONE', ( #2738, #7165, #6682, #1379 ) ) ;
#1903 = CARTESIAN_POINT ( 'NONE',  ( 207.7797770507696384, 13.00000000000000178, 37.40850305459901648 ) ) ;
#1904 = FACE_OUTER_BOUND ( 'NONE', #1703, .T. ) ;
#1905 = CARTESIAN_POINT ( 'NONE',  ( 68.72760780900810573, 13.00000000000000178, 26.37760143501382260 ) ) ;
#1906 = EDGE_CURVE ( 'NONE', #1562, #3824, #5080, .T. ) ;
#1907 = CARTESIAN_POINT ( 'NONE',  ( 165.2087419016817478, 13.00000000000000178, 56.75206996115357327 ) ) ;
#1908 = ORIENTED_EDGE ( 'NONE', *, *, #3505, .T. ) ;
#1909 = CARTESIAN_POINT ( 'NONE',  ( 164.8694347320850397, 10.00000000000000000, 54.06990912732151600 ) ) ;
#1910 = EDGE_CURVE ( 'NONE', #5993, #3784, #4373, .T. ) ;
#1911 = CARTESIAN_POINT ( 'NONE',  ( 220.4598371785232871, 13.00000000000000533, 34.94813308764030779 ) ) ;
#1912 = CARTESIAN_POINT ( 'NONE',  ( 208.3266165343556509, 9.999999999999996447, 49.86206620326450434 ) ) ;
#1913 = CARTESIAN_POINT ( 'NONE',  ( 300.0000000000000000, 0.000000000000000000, 0.000000000000000000 ) ) ;
#1914 = CARTESIAN_POINT ( 'NONE',  ( 130.3158017687460983, 13.00000000000000178, 49.75803255746424725 ) ) ;
#1915 = CARTESIAN_POINT ( 'NONE',  ( 227.0206696711844359, 13.00000000000000178, 43.30573012098180641 ) ) ;
#1916 = DIRECTION ( 'NONE',  ( 0.000000000000000000, 0.000000000000000000, 1.000000000000000000 ) ) ;
#1917 = EDGE_CURVE ( 'NONE', #3337, #6851, #7000, .T. ) ;
#1918 = B_SPLINE_CURVE_WITH_KNOTS ( 'NONE', 3,
 ( #1312, #833, #3703, #7046, #3561, #2567, #4185, #5945, #1382, #4776, #5803 ),
 .UNSPECIFIED., .F., .F.,
 ( 4, 1, 1, 1, 1, 1, 1, 1, 4 ),
 ( 0.000000000000000000, 0.1317514273024050775, 0.2583323505141578713, 0.3821339760925451801, 0.5038043916000845002, 0.6246929865409319715, 0.7468705897275765837, 0.8715135042348156613, 1.000000000000000000 ),
 .UNSPECIFIED. ) ;
#1919 = B_SPLINE_SURFACE_WITH_KNOTS ( 'NONE', 3, 1, ( 
 ( #3379, #6858 ),
 ( #6309, #5152 ),
 ( #689, #2267 ),
 ( #1754, #1275 ),
 ( #3525, #537 ),
 ( #1164, #2828 ),
 ( #5037, #2233 ),
 ( #6750, #1198 ),
 ( #4481, #6716 ),
 ( #2304, #577 ),
 ( #1714, #3927 ),
 ( #6166, #6825 ),
 ( #5075, #5659 ),
 ( #1125, #66 ),
 ( #4001, #30 ),
 ( #4516, #4557 ),
 ( #3967, #3416 ),
 ( #612, #2861 ),
 ( #3449, #5110 ) ),
 .UNSPECIFIED., .F., .F., .F.,
 ( 4, 1, 1, 1, 1, 1, 1, 1, 1, 1, 1, 1, 1, 1, 1, 1, 4 ),
 ( 2, 2 ),
 ( 0.000000000000000000, 0.07724042361647730226, 0.1511781404663821715, 0.2234879838003998309, 0.2955426441988697750, 0.3669762546197887776, 0.4371305254863862011, 0.5070436156432690522, 0.5785597335236775107, 0.6166135446965536060, 0.6587562369775288307, 0.7044912261144044008, 0.7548031149051498412, 0.8093316253185656173, 0.8682744554728211162, 0.9320728834092937287, 1.000000000000000000 ),
 ( 0.000000000000000000, 1.000000000000000000 ),
 .UNSPECIFIED. ) ;
#1920 = CARTESIAN_POINT ( 'NONE',  ( 131.7424762549331376, 10.00000000000000000, 35.96778728696985183 ) ) ;
#1921 = CARTESIAN_POINT ( 'NONE',  ( 237.0403800856475414, 12.99999999999999822, 36.43947519883429464 ) ) ;
#1922 = CARTESIAN_POINT ( 'NONE',  ( 82.85341161338160987, 13.00000000000000178, 56.73097539661677047 ) ) ;
#1923 = EDGE_LOOP ( 'NONE', ( #3933, #4362, #1702, #4343 ) ) ;
#1924 = CARTESIAN_POINT ( 'NONE',  ( 232.5737616551619737, 13.00000000000000178, 56.37760143501382260 ) ) ;
#1925 = CARTESIAN_POINT ( 'NONE',  ( 1.224646799147353533E-14, 10.00000000000000000, 100.0000000000000000 ) ) ;
#1926 = CARTESIAN_POINT ( 'NONE',  ( 199.8723828754103522, 10.00000000000000000, 27.38803790620323042 ) ) ;
#1927 = ORIENTED_EDGE ( 'NONE', *, *, #6659, .T. ) ;
#1928 = PLANE ( 'NONE',  #7119 ) ;
#1929 = CARTESIAN_POINT ( 'NONE',  ( 204.5052500420449917, 13.00000000000000178, 45.84730247721677898 ) ) ;
#1930 = VERTEX_POINT ( 'NONE', #4635 ) ;
#1931 = CARTESIAN_POINT ( 'NONE',  ( 75.27858318328993903, 9.999999999999996447, 45.01013916057723918 ) ) ;
#1932 = PLANE ( 'NONE',  #1365 ) ;
#1933 = DIRECTION ( 'NONE',  ( -0.000000000000000000, -1.000000000000000000, -0.000000000000000000 ) ) ;
#1934 = EDGE_CURVE ( 'NONE', #5515, #3753, #3111, .T. ) ;
#1935 = CARTESIAN_POINT ( 'NONE',  ( 66.66666666666668561, 10.00000000000000000, 96.43724644492834841 ) ) ;
#1936 = ORIENTED_EDGE ( 'NONE', *, *, #2415, .F. ) ;
#1937 = CARTESIAN_POINT ( 'NONE',  ( 120.9769630880889224, 10.00000000000000533, 47.21622700213894319 ) ) ;
#1938 = VERTEX_POINT ( 'NONE', #3076 ) ;
#1939 = CARTESIAN_POINT ( 'NONE',  ( 33.33333333333334991, 20.00000000000000000, 96.43724644492834841 ) ) ;
#1940 = PLANE ( 'NONE',  #429 ) ;
#1941 = CARTESIAN_POINT ( 'NONE',  ( 134.8077348130807422, 10.00000000000000355, 53.45855424804077671 ) ) ;
#1942 = PLANE ( 'NONE',  #203 ) ;
#1943 = VECTOR ( 'NONE', #765, 1000.000000000000000 ) ;
#1944 = ORIENTED_EDGE ( 'NONE', *, *, #617, .F. ) ;
#1945 = CARTESIAN_POINT ( 'NONE',  ( 170.3369100419795927, 13.00000000000000178, 52.34132615180608639 ) ) ;
#1946 = CARTESIAN_POINT ( 'NONE',  ( 138.6915501167004265, 10.00000000000000000, 34.06990912732151600 ) ) ;
#1947 = CARTESIAN_POINT ( 'NONE',  ( 138.5112616551619737, 10.00000000000000000, 54.06990912732151600 ) ) ;
#1948 = ADVANCED_FACE ( 'NONE', ( #6486 ), #6794, .T. ) ;
#1949 = DIRECTION ( 'NONE',  ( 1.000000000000000000, 0.000000000000000000, 0.000000000000000000 ) ) ;
#1951 = CARTESIAN_POINT ( 'NONE',  ( 75.92793738754514266, 9.999999999999996447, 48.68802131267673872 ) ) ;
#1950 = AXIS2_PLACEMENT_3D ( 'NONE', #2643, #6686, #4896 ) ;
#1952 = CARTESIAN_POINT ( 'NONE',  ( 296.5030604351463808, 10.00000000000000000, 85.13552925583971387 ) ) ;
#1953 = VECTOR ( 'NONE', #1239, 1000.000000000000000 ) ;
#1954 = CARTESIAN_POINT ( 'NONE',  ( 80.72224796160058702, 10.00000000000000178, 37.37864197663828492 ) ) ;
#1955 = VECTOR ( 'NONE', #6936, 1000.000000000000000 ) ;
#1956 = AXIS2_PLACEMENT_3D ( 'NONE', #3803, #6040, #4952 ) ;
#1957 = CARTESIAN_POINT ( 'NONE',  ( 126.4312149586522338, 10.00000000000000000, 44.82313724741562311 ) ) ;
#1958 = CARTESIAN_POINT ( 'NONE',  ( 239.0507735468741544, 12.99999999999999822, 35.08476932178484731 ) ) ;
#1959 = CARTESIAN_POINT ( 'NONE',  ( 157.8794140492624365, 10.00000000000000178, 50.69240783167714426 ) ) ;
#1960 = ORIENTED_EDGE ( 'NONE', *, *, #987, .T. ) ;
#1961 = PLANE ( 'NONE',  #4679 ) ;
#1962 = CARTESIAN_POINT ( 'NONE',  ( 134.8247536280317433, 12.99999999999999467, 56.32675150801015462 ) ) ;
#1963 = DIRECTION ( 'NONE',  ( -1.000000000000000000, -8.251574559326090073E-14, 0.000000000000000000 ) ) ;
#1964 = VECTOR ( 'NONE', #827, 1000.000000000000000 ) ;
#1965 = CARTESIAN_POINT ( 'NONE',  ( 91.07283312081895588, 10.00000000000000000, 54.47347302048313367 ) ) ;
#1966 = VECTOR ( 'NONE', #3573, 1000.000000000000000 ) ;
#1967 = EDGE_LOOP ( 'NONE', ( #3741, #3894, #1569, #3932 ) ) ;
#1968 = EDGE_CURVE ( 'NONE', #448, #6817, #2789, .T. ) ;
#1969 = VECTOR ( 'NONE', #1311, 1000.000000000000114 ) ;
#1970 = CARTESIAN_POINT ( 'NONE',  ( 160.4412793187282205, 13.00000000000000888, 34.88421282154198622 ) ) ;
#1971 = CARTESIAN_POINT ( 'NONE',  ( 104.2747405437838211, 10.00000000000000000, 48.34592287105321873 ) ) ;
#1972 = ORIENTED_EDGE ( 'NONE', *, *, #395, .F. ) ;
#1973 = CARTESIAN_POINT ( 'NONE',  ( 75.30351335953109526, 12.99999999999999822, 44.26131613962511580 ) ) ;
#1974 = DIRECTION ( 'NONE',  ( 0.000000000000000000, 1.000000000000000000, 0.000000000000000000 ) ) ;
#1975 = CARTESIAN_POINT ( 'NONE',  ( 146.4740020397773321, 10.00000000000000000, 50.22375528116766930 ) ) ;
#1976 = EDGE_CURVE ( 'NONE', #3824, #1314, #112, .T. ) ;
#1977 = CARTESIAN_POINT ( 'NONE',  ( 102.7822156033699201, 10.00000000000000000, 52.43659032673190978 ) ) ;
#1978 = ORIENTED_EDGE ( 'NONE', *, *, #4626, .T. ) ;
#1979 = CARTESIAN_POINT ( 'NONE',  ( 176.4199155013158133, 13.00000000000000178, 34.45452451193689569 ) ) ;
#1980 = ORIENTED_EDGE ( 'NONE', *, *, #7236, .T. ) ;
#1981 = CARTESIAN_POINT ( 'NONE',  ( 110.8680363131393989, 13.00000000000000178, 54.05680563474012246 ) ) ;
#1982 = CARTESIAN_POINT ( 'NONE',  ( 235.4219887001751204, 13.00000000000000178, 44.17699046833391918 ) ) ;
#1983 = CARTESIAN_POINT ( 'NONE',  ( 81.83482621842348692, 13.00000000000000178, 53.80208307318233807 ) ) ;
#1984 = CARTESIAN_POINT ( 'NONE',  ( 187.9583770397773606, 10.00000000000000000, 34.45452451193689569 ) ) ;
#1985 = EDGE_CURVE ( 'NONE', #397, #3795, #3661, .T. ) ;
#1986 = ORIENTED_EDGE ( 'NONE', *, *, #6659, .F. ) ;
#1987 = CARTESIAN_POINT ( 'NONE',  ( 166.0337354973732147, 12.99999999999999822, 54.02738226272910538 ) ) ;
#1988 = CARTESIAN_POINT ( 'NONE',  ( 140.8290217826608739, 13.00000000000000533, 34.22624956190545475 ) ) ;
#1989 = CARTESIAN_POINT ( 'NONE',  ( 84.08818473208503974, 13.00000000000000178, 34.06990912732151600 ) ) ;
#1990 = CARTESIAN_POINT ( 'NONE',  ( 222.7238853131304666, 10.00000000000000000, 50.80844566485120595 ) ) ;
#1991 = CARTESIAN_POINT ( 'NONE',  ( 84.10020396285426614, 13.00000000000000178, 54.06990912732151600 ) ) ;
#1992 = FACE_BOUND ( 'NONE', #3747, .T. ) ;
#1993 = CARTESIAN_POINT ( 'NONE',  ( 249.1073993472455754, 13.00000000000000533, 45.19568552899046665 ) ) ;
#1994 = CARTESIAN_POINT ( 'NONE',  ( 134.6170568277781001, 10.00000000000000000, 34.64867645038453503 ) ) ;
#1995 = CARTESIAN_POINT ( 'NONE',  ( 173.1087546614089661, 13.00000000000000178, 48.85447994044526610 ) ) ;
#1996 = DIRECTION ( 'NONE',  ( 0.000000000000000000, 0.000000000000000000, -1.000000000000000000 ) ) ;
#1997 = EDGE_LOOP ( 'NONE', ( #1596, #2723, #1980, #6107 ) ) ;
#1998 = CARTESIAN_POINT ( 'NONE',  ( 108.9560167829814077, 13.00000000000000178, 53.81157642012874476 ) ) ;
#1999 = CARTESIAN_POINT ( 'NONE',  ( 92.11531251750886895, 13.00000000000000178, 37.61404915078250610 ) ) ;
#2000 = LINE ( 'NONE', #6630, #4672 ) ;
#2001 = EDGE_CURVE ( 'NONE', #4261, #5522, #2089, .T. ) ;
#2002 = CARTESIAN_POINT ( 'NONE',  ( 90.02396302451191445, 13.00000000000000178, 55.19671577654076344 ) ) ;
#2003 = ADVANCED_FACE ( 'NONE', ( #5975 ), #4883, .T. ) ;
#2004 = CARTESIAN_POINT ( 'NONE',  ( 154.6510272188084230, 12.99999999999999822, 40.04288111408454398 ) ) ;
#2005 = CARTESIAN_POINT ( 'NONE',  ( 104.5027790817235740, 10.00000000000000000, 49.61926770080471272 ) ) ;
#2006 = ORIENTED_EDGE ( 'NONE', *, *, #3216, .T. ) ;
#2007 = VERTEX_POINT ( 'NONE', #970 ) ;
#2008 = FACE_OUTER_BOUND ( 'NONE', #5651, .T. ) ;
#2009 = CARTESIAN_POINT ( 'NONE',  ( 242.4126248567384607, 13.00000000000000178, 34.10850601515096514 ) ) ;
#2010 = ADVANCED_FACE ( 'NONE', ( #1525 ), #2269, .T. ) ;
#2011 = ORIENTED_EDGE ( 'NONE', *, *, #4819, .T. ) ;
#2012 = CARTESIAN_POINT ( 'NONE',  ( 185.2660693474696529, 10.00000000000000000, 56.37760143501382260 ) ) ;
#2013 = EDGE_CURVE ( 'NONE', #3860, #5522, #973, .T. ) ;
#2014 = CARTESIAN_POINT ( 'NONE',  ( 72.60573332561949655, 10.00000000000000178, 44.22140070343981222 ) ) ;
#2015 = ORIENTED_EDGE ( 'NONE', *, *, #5446, .T. ) ;
#2016 = DIRECTION ( 'NONE',  ( 0.000000000000000000, 0.000000000000000000, -1.000000000000000000 ) ) ;
#2017 = ORIENTED_EDGE ( 'NONE', *, *, #2407, .T. ) ;
#2018 = CARTESIAN_POINT ( 'NONE',  ( 138.4932328090081057, 10.00000000000000355, 36.76221681962920940 ) ) ;
#2019 = CARTESIAN_POINT ( 'NONE',  ( 235.4940536321894626, 13.00000000000000178, 43.56576211125829445 ) ) ;
#2020 = CARTESIAN_POINT ( 'NONE',  ( 138.0777059469429560, 10.00000000000000355, 54.05611694927878119 ) ) ;
#2021 = CARTESIAN_POINT ( 'NONE',  ( 133.3333333333333428, 20.00000000000000000, 96.43724644492834841 ) ) ;
#2022 = ORIENTED_EDGE ( 'NONE', *, *, #6460, .T. ) ;
#2023 = DIRECTION ( 'NONE',  ( 0.000000000000000000, 1.000000000000000000, 0.000000000000000000 ) ) ;
#2024 = CARTESIAN_POINT ( 'NONE',  ( 243.6074155013158133, 13.00000000000000178, 34.06990912732151600 ) ) ;
#2025 = CARTESIAN_POINT ( 'NONE',  ( 198.7674590389789557, 10.00000000000000178, 29.46594151034154052 ) ) ;
#2026 = EDGE_CURVE ( 'NONE', #3816, #1605, #5135, .T. ) ;
#2027 = CARTESIAN_POINT ( 'NONE',  ( 224.4968385782389078, 10.00000000000000000, 45.49418797347536980 ) ) ;
#2028 = FACE_OUTER_BOUND ( 'NONE', #1923, .T. ) ;
#2029 = CARTESIAN_POINT ( 'NONE',  ( 111.2696751167004265, 13.00000000000000178, 54.06990912732151600 ) ) ;
#2030 = EDGE_LOOP ( 'NONE', ( #3274, #4771, #1712, #2151 ) ) ;
#2031 = CARTESIAN_POINT ( 'NONE',  ( 75.54753548018103970, 10.00000000000000000, 43.15727347485353249 ) ) ;
#2032 = EDGE_CURVE ( 'NONE', #806, #1395, #5587, .T. ) ;
#2033 = CARTESIAN_POINT ( 'NONE',  ( 161.4914787308314033, 13.00000000000000178, 37.37864197663829202 ) ) ;
#2034 = LINE ( 'NONE', #4760, #5475 ) ;
#2035 = CARTESIAN_POINT ( 'NONE',  ( 110.8680363131393989, 10.00000000000000000, 54.05680563474012246 ) ) ;
#2036 = CARTESIAN_POINT ( 'NONE',  ( 104.5389058859312001, 10.00000000000000000, 49.74899566578305610 ) ) ;
#2037 = CARTESIAN_POINT ( 'NONE',  ( 223.3524590694859171, 13.00000000000000178, 49.86080970353242492 ) ) ;
#2038 = PLANE ( 'NONE',  #2195 ) ;
#2039 = CARTESIAN_POINT ( 'NONE',  ( 68.72760780900810573, 13.00000000000000178, 26.37760143501382260 ) ) ;
#2040 = CARTESIAN_POINT ( 'NONE',  ( 162.5827365658716701, 9.999999999999998224, 37.01963116780610363 ) ) ;
#2041 = CARTESIAN_POINT ( 'NONE',  ( 176.4199155013158133, 13.00000000000000178, 56.37760143501382260 ) ) ;
#2042 = CARTESIAN_POINT ( 'NONE',  ( 156.6867693802981591, 9.999999999999998224, 42.08049257684432831 ) ) ;
#2043 = ORIENTED_EDGE ( 'NONE', *, *, #4735, .T. ) ;
#2044 = VERTEX_POINT ( 'NONE', #5355 ) ;
#2045 = CARTESIAN_POINT ( 'NONE',  ( 199.8721783072126925, 13.00000000000000178, 27.69486098959957232 ) ) ;
#2046 = CARTESIAN_POINT ( 'NONE',  ( 196.0353001167004265, 13.00000000000000178, 34.45452451193689569 ) ) ;
#2047 = DIRECTION ( 'NONE',  ( -0.000000000000000000, 1.000000000000000000, -0.000000000000000000 ) ) ;
#2048 = CARTESIAN_POINT ( 'NONE',  ( 74.46403719547072342, 10.00000000000000178, 39.10513232824221319 ) ) ;
#2049 = ORIENTED_EDGE ( 'NONE', *, *, #1103, .T. ) ;
#2050 = B_SPLINE_CURVE_WITH_KNOTS ( 'NONE', 3,
 ( #585, #39, #5118, #698, #658, #2314, #4639, #6320, #3934, #6247, #6757, #2947, #6801, #2909, #1284 ),
 .UNSPECIFIED., .F., .F.,
 ( 4, 1, 1, 1, 1, 1, 1, 1, 1, 1, 1, 1, 4 ),
 ( 0.000000000000000000, 0.09126880443432422441, 0.1820814045527838210, 0.2719096545272047249, 0.3620494585053541936, 0.4500663484251177238, 0.5339764739707157926, 0.6136024537413233837, 0.6901976142648824641, 0.7654128769004127086, 0.8414365506928787042, 0.9197327486057731427, 1.000000000000000000 ),
 .UNSPECIFIED. ) ;
#2051 = B_SPLINE_CURVE_WITH_KNOTS ( 'NONE', 3,
 ( #3154, #2188, #4889, #498, #4442, #466, #6017, #3778, #977, #4927, #3701 ),
 .UNSPECIFIED., .F., .F.,
 ( 4, 1, 1, 1, 1, 1, 1, 1, 4 ),
 ( 0.000000000000000000, 0.06969275574202735135, 0.1540736621798079187, 0.2545914510459132973, 0.3714654144290030491, 0.5047545659520480399, 0.6534942950018599594, 0.8189527408800024721, 1.000000000000000000 ),
 .UNSPECIFIED. ) ;
#2052 = EDGE_CURVE ( 'NONE', #1087, #3868, #283, .T. ) ;
#2053 = EDGE_LOOP ( 'NONE', ( #5664, #6099, #6798, #6568 ) ) ;
#2054 = CARTESIAN_POINT ( 'NONE',  ( 212.4966491385777374, 10.00000000000000000, 53.47381056121482601 ) ) ;
#2055 = CARTESIAN_POINT ( 'NONE',  ( 120.9769630880889224, 13.00000000000000533, 47.21622700213894319 ) ) ;
#2056 = CARTESIAN_POINT ( 'NONE',  ( 75.31396109184636600, 13.00000000000000533, 46.50543886556517492 ) ) ;
#2057 = CARTESIAN_POINT ( 'NONE',  ( 84.08818473208503974, 10.00000000000000355, 34.06990912732151600 ) ) ;
#2058 = EDGE_LOOP ( 'NONE', ( #4937, #4478, #4621, #5101 ) ) ;
#2059 = CARTESIAN_POINT ( 'NONE',  ( 126.8799917304366289, 9.999999999999996447, 48.89578160767243986 ) ) ;
#2060 = CARTESIAN_POINT ( 'NONE',  ( 197.3694347320850397, 13.00000000000000178, 29.83913989655228605 ) ) ;
#2061 = CARTESIAN_POINT ( 'NONE',  ( 197.5365018370976031, 9.999999999999998224, 29.83138921042374747 ) ) ;
#2062 = CARTESIAN_POINT ( 'NONE',  ( 121.0353001167004265, 13.00000000000000178, 45.12760143501382260 ) ) ;
#2063 = CARTESIAN_POINT ( 'NONE',  ( 75.31396109184636600, 13.00000000000000533, 46.50543886556517492 ) ) ;
#2064 = LINE ( 'NONE', #2585, #3465 ) ;
#2065 = ORIENTED_EDGE ( 'NONE', *, *, #5851, .F. ) ;
#2066 = FACE_OUTER_BOUND ( 'NONE', #1076, .T. ) ;
#2067 = VECTOR ( 'NONE', #5126, 1000.000000000000000 ) ;
#2068 = EDGE_CURVE ( 'NONE', #5066, #2341, #1378, .T. ) ;
#2069 = AXIS2_PLACEMENT_3D ( 'NONE', #6702, #2812, #5209 ) ;
#2070 = EDGE_CURVE ( 'NONE', #226, #3665, #5177, .T. ) ;
#2071 = CARTESIAN_POINT ( 'NONE',  ( 114.5886416286365659, 13.00000000000000533, 53.46329881252448502 ) ) ;
#2072 = ADVANCED_FACE ( 'NONE', ( #1449 ), #3697, .T. ) ;
#2073 = CARTESIAN_POINT ( 'NONE',  ( 236.1113715147155574, 13.00000000000000533, 37.35422298077789094 ) ) ;
#2074 = CARTESIAN_POINT ( 'NONE',  ( 104.9196254269309492, 9.999999999999996447, 50.70095684221398358 ) ) ;
#2075 = CARTESIAN_POINT ( 'NONE',  ( 85.41429271818959990, 10.00000000000000178, 34.10970739645933492 ) ) ;
#2076 = CARTESIAN_POINT ( 'NONE',  ( 129.8361692443924653, 13.00000000000000178, 53.52440879630290027 ) ) ;
#2077 = DIRECTION ( 'NONE',  ( 0.000000000000000000, 0.000000000000000000, 1.000000000000000000 ) ) ;
#2078 = CARTESIAN_POINT ( 'NONE',  ( 214.6445066903093846, 13.00000000000000178, 56.73124849930004387 ) ) ;
#2079 = CARTESIAN_POINT ( 'NONE',  ( 164.4999217261487843, 13.00000000000000178, 36.77621942874822736 ) ) ;
#2080 = AXIS2_PLACEMENT_3D ( 'NONE', #1354, #3092, #6431 ) ;
#2081 = CARTESIAN_POINT ( 'NONE',  ( 172.3020139799040180, 9.999999999999996447, 40.56731213550533255 ) ) ;
#2082 = CARTESIAN_POINT ( 'NONE',  ( 204.6791024687979643, 13.00000000000000178, 47.66086506136123546 ) ) ;
#2083 = VERTEX_POINT ( 'NONE', #5941 ) ;
#2084 = ORIENTED_EDGE ( 'NONE', *, *, #5124, .T. ) ;
#2085 = CARTESIAN_POINT ( 'NONE',  ( 75.26606934746966715, 10.00000000000000000, 45.38601489655228960 ) ) ;
#2086 = VECTOR ( 'NONE', #2876, 1000.000000000000000 ) ;
#2087 = CARTESIAN_POINT ( 'NONE',  ( 173.5795009518785150, 10.00000000000000178, 43.68967091283518300 ) ) ;
#2088 = CARTESIAN_POINT ( 'NONE',  ( 223.5102659986143578, 13.00000000000000533, 41.37203762034374677 ) ) ;
#2089 = B_SPLINE_CURVE_WITH_KNOTS ( 'NONE', 3,
 ( #5901, #3492, #5737, #2943, #4079, #147, #6314, #1280, #6010, #2630, #6565 ),
 .UNSPECIFIED., .F., .F.,
 ( 4, 1, 1, 1, 1, 1, 1, 1, 4 ),
 ( 0.000000000000000000, 0.1284975211375122273, 0.2527129855154525151, 0.3748191325670450214, 0.4964364263727303883, 0.6179105567458502701, 0.7412876173092898258, 0.8687004007446071929, 1.000000000000000000 ),
 .UNSPECIFIED. ) ;
#2090 = AXIS2_PLACEMENT_3D ( 'NONE', #2680, #4932, #1056 ) ;
#2091 = CARTESIAN_POINT ( 'NONE',  ( 74.46403719547072342, 10.00000000000000000, 39.10513232824221319 ) ) ;
#2092 = ORIENTED_EDGE ( 'NONE', *, *, #5195, .F. ) ;
#2093 = VECTOR ( 'NONE', #4092, 1000.000000000000000 ) ;
#2094 = ORIENTED_EDGE ( 'NONE', *, *, #6252, .F. ) ;
#2095 = CARTESIAN_POINT ( 'NONE',  ( 213.5702747480799246, 10.00000000000000178, 53.81494463878632928 ) ) ;
#2097 = CARTESIAN_POINT ( 'NONE',  ( 118.6074611560205767, 13.00000000000000178, 53.94570277209817277 ) ) ;
#2096 = ORGANIZATION ( 'UNSPECIFIED', 'UNSPECIFIED', '' ) ;
#2098 = CARTESIAN_POINT ( 'NONE',  ( 131.7785134634123096, 13.00000000000000178, 51.58869778305805909 ) ) ;
#2099 = CARTESIAN_POINT ( 'NONE',  ( 235.3247683422680439, 10.00000000000000000, 45.64827782982003157 ) ) ;
#2100 = ORIENTED_EDGE ( 'NONE', *, *, #3705, .F. ) ;
#2101 = EDGE_CURVE ( 'NONE', #5434, #3657, #505, .T. ) ;
#2102 = CARTESIAN_POINT ( 'NONE',  ( 173.6867257897521881, 10.00000000000000000, 46.64052332137998746 ) ) ;
#2103 = CARTESIAN_POINT ( 'NONE',  ( 159.4890705231927370, 10.00000000000000000, 38.48701887194184934 ) ) ;
#2104 = DIRECTION ( 'NONE',  ( -0.000000000000000000, -0.000000000000000000, -1.000000000000000000 ) ) ;
#2105 = CARTESIAN_POINT ( 'NONE',  ( 209.1360491700016553, 9.999999999999996447, 39.95667014268951078 ) ) ;
#2106 = FACE_BOUND ( 'NONE', #3219, .T. ) ;
#2107 = EDGE_LOOP ( 'NONE', ( #5965, #3776, #3572, #3072 ) ) ;
#2108 = CARTESIAN_POINT ( 'NONE',  ( 170.7931937937426596, 13.00000000000000178, 55.19671577654074923 ) ) ;
#2109 = EDGE_CURVE ( 'NONE', #806, #3207, #2222, .T. ) ;
#2110 = CARTESIAN_POINT ( 'NONE',  ( 167.4656097439745963, 13.00000000000000178, 34.30750777113145489 ) ) ;
#2111 = CARTESIAN_POINT ( 'NONE',  ( 146.2268889079662131, 9.999999999999998224, 40.30127014716739353 ) ) ;
#2112 = FACE_OUTER_BOUND ( 'NONE', #725, .T. ) ;
#2113 = CARTESIAN_POINT ( 'NONE',  ( 87.91445956447820720, 13.00000000000000178, 34.70001520915453597 ) ) ;
#2114 = CARTESIAN_POINT ( 'NONE',  ( 236.3708842284422360, 12.99999999999999822, 40.82728518757085823 ) ) ;
#2115 = LINE ( 'NONE', #6007, #6536 ) ;
#2116 = CARTESIAN_POINT ( 'NONE',  ( 197.3694347320850397, 13.00000000000000178, 29.83913989655228605 ) ) ;
#2117 = CARTESIAN_POINT ( 'NONE',  ( 173.5795009518785150, 10.00000000000000000, 43.68967091283518300 ) ) ;
#2118 = FACE_OUTER_BOUND ( 'NONE', #5407, .T. ) ;
#2119 = ORIENTED_EDGE ( 'NONE', *, *, #1534, .T. ) ;
#2120 = ORIENTED_EDGE ( 'NONE', *, *, #4265, .T. ) ;
#2121 = CARTESIAN_POINT ( 'NONE',  ( 236.6895550573929654, 13.00000000000000178, 40.29472657616717157 ) ) ;
#2122 = DIRECTION ( 'NONE',  ( 0.000000000000000000, 0.000000000000000000, -1.000000000000000000 ) ) ;
#2123 = ADVANCED_FACE ( 'NONE', ( #2118 ), #563, .T. ) ;
#2124 = CARTESIAN_POINT ( 'NONE',  ( 220.3944302567643945, 13.00000000000000178, 55.93445609116771777 ) ) ;
#2125 = CARTESIAN_POINT ( 'NONE',  ( 73.02988385561478424, 10.00000000000000000, 42.04599820013325484 ) ) ;
#2126 = ORIENTED_EDGE ( 'NONE', *, *, #919, .F. ) ;
#2127 = ORIENTED_EDGE ( 'NONE', *, *, #2274, .F. ) ;
#2128 = LINE ( 'NONE', #7051, #4208 ) ;
#2129 = CARTESIAN_POINT ( 'NONE',  ( 199.9999999999999432, 20.00000000000000000, 97.93724644492834841 ) ) ;
#2130 = DIRECTION ( 'NONE',  ( -0.000000000000000000, -1.000000000000000000, -0.000000000000000000 ) ) ;
#2131 = CARTESIAN_POINT ( 'NONE',  ( 235.6807328090081057, 10.00000000000000000, 42.56750528116766930 ) ) ;
#2132 = ORIENTED_EDGE ( 'NONE', *, *, #3280, .F. ) ;
#2133 = CARTESIAN_POINT ( 'NONE',  ( 84.12424242439274735, 13.00000000000000178, 36.76221681962921650 ) ) ;
#2134 = CARTESIAN_POINT ( 'NONE',  ( 146.4740020397773321, 10.00000000000000000, 40.60837066578307031 ) ) ;
#2135 = ORIENTED_EDGE ( 'NONE', *, *, #3158, .F. ) ;
#2136 = CARTESIAN_POINT ( 'NONE',  ( 296.4644660940673475, 0.000000000000000000, 3.535533905932737309 ) ) ;
#2137 = DIRECTION ( 'NONE',  ( 0.000000000000000000, 0.000000000000000000, -1.000000000000000000 ) ) ;
#2138 = CARTESIAN_POINT ( 'NONE',  ( 111.6712766114259239, 12.99999999999999822, 54.05652699648053527 ) ) ;
#2139 = ORIENTED_EDGE ( 'NONE', *, *, #2612, .T. ) ;
#2140 = CARTESIAN_POINT ( 'NONE',  ( 89.56767927274879071, 12.99999999999999822, 52.34132615180608639 ) ) ;
#2141 = CARTESIAN_POINT ( 'NONE',  ( 137.8387129209710622, 10.00000000000000000, 34.08270106334198601 ) ) ;
#2142 = CARTESIAN_POINT ( 'NONE',  ( 250.8284308266304663, 13.00000000000000178, 38.48229605725229874 ) ) ;
#2143 = CARTESIAN_POINT ( 'NONE',  ( 106.5382992571377656, 10.00000000000000178, 52.62018264446357563 ) ) ;
#2144 = CARTESIAN_POINT ( 'NONE',  ( 3.535533905932737309, 0.000000000000000000, 1.885533905932736509 ) ) ;
#2145 = CARTESIAN_POINT ( 'NONE',  ( 224.4831021475732484, 13.00000000000000178, 45.87779372879010964 ) ) ;
#2146 = DIRECTION ( 'NONE',  ( -0.000000000000000000, -1.000000000000000000, -0.000000000000000000 ) ) ;
#2147 = CARTESIAN_POINT ( 'NONE',  ( 194.8814539628542661, 13.00000000000000178, 27.54346681962920584 ) ) ;
#2148 = CARTESIAN_POINT ( 'NONE',  ( 173.7276078090081057, 10.00000000000000000, 45.46413989655228249 ) ) ;
#2149 = CARTESIAN_POINT ( 'NONE',  ( 153.3749640948502133, 10.00000000000000000, 44.22140070343980511 ) ) ;
#2150 = ORIENTED_EDGE ( 'NONE', *, *, #2407, .F. ) ;
#2151 = ORIENTED_EDGE ( 'NONE', *, *, #6109, .T. ) ;
#2152 = CARTESIAN_POINT ( 'NONE',  ( 235.8566946611218498, 13.00000000000000178, 41.96339766159374562 ) ) ;
#2153 = CARTESIAN_POINT ( 'NONE',  ( 101.4199155013158133, 13.00000000000000178, 44.92928412732151600 ) ) ;
#2154 = CARTESIAN_POINT ( 'NONE',  ( 169.3484860607123323, 10.00000000000000000, 52.95638920235247582 ) ) ;
#2155 = DIRECTION ( 'NONE',  ( 0.000000000000000000, 1.000000000000000000, 0.000000000000000000 ) ) ;
#2156 = CARTESIAN_POINT ( 'NONE',  ( 79.67204854949740422, 10.00000000000000178, 34.88421282154197200 ) ) ;
#2157 = ADVANCED_FACE ( 'NONE', ( #1633 ), #1092, .T. ) ;
#2158 = EDGE_LOOP ( 'NONE', ( #4172, #2484, #4455, #1406 ) ) ;
#2159 = EDGE_CURVE ( 'NONE', #3782, #5914, #716, .T. ) ;
#2160 = ORIENTED_EDGE ( 'NONE', *, *, #321, .T. ) ;
#2161 = PLANE ( 'NONE',  #2090 ) ;
#2162 = CARTESIAN_POINT ( 'NONE',  ( 120.6284661830531633, 9.999999999999996447, 49.86667511488739279 ) ) ;
#2163 = DIRECTION ( 'NONE',  ( 0.000000000000000000, 0.000000000000000000, 1.000000000000000000 ) ) ;
#2164 = AXIS2_PLACEMENT_3D ( 'NONE', #5977, #4885, #5433 ) ;
#2165 = ORIENTED_EDGE ( 'NONE', *, *, #8, .T. ) ;
#2166 = CARTESIAN_POINT ( 'NONE',  ( 227.1607005421022905, 9.999999999999998224, 44.37855023952668887 ) ) ;
#2167 = ORIENTED_EDGE ( 'NONE', *, *, #4144, .T. ) ;
#2168 = CARTESIAN_POINT ( 'NONE',  ( 120.2193132342405448, 13.00000000000000178, 51.28599225701984210 ) ) ;
#2169 = DIRECTION ( 'NONE',  ( 0.000000000000000000, 0.000000000000000000, -1.000000000000000000 ) ) ;
#2170 = CARTESIAN_POINT ( 'NONE',  ( 246.8795215314500524, 13.00000000000000178, 37.81833045166283824 ) ) ;
#2171 = ORIENTED_EDGE ( 'NONE', *, *, #1934, .F. ) ;
#2172 = CARTESIAN_POINT ( 'NONE',  ( 164.7732808859311717, 13.00000000000000178, 56.76221681962920940 ) ) ;
#2173 = CARTESIAN_POINT ( 'NONE',  ( 112.4483011969710873, 9.999999999999996447, 54.03063504934642225 ) ) ;
#2174 = CARTESIAN_POINT ( 'NONE',  ( 143.0248141063436833, 9.999999999999998224, 37.70067440750503351 ) ) ;
#2175 = CARTESIAN_POINT ( 'NONE',  ( 154.1603097605879498, 9.999999999999996447, 49.76359767057062555 ) ) ;
#2176 = CARTESIAN_POINT ( 'NONE',  ( 92.11531251750886895, 10.00000000000000178, 37.61404915078250610 ) ) ;
#2177 = CARTESIAN_POINT ( 'NONE',  ( 239.4869093675952172, 10.00000000000000000, 37.69125712958948782 ) ) ;
#2178 = CARTESIAN_POINT ( 'NONE',  ( 157.5283495250789656, 9.999999999999998224, 54.22677498651071204 ) ) ;
#2179 = CARTESIAN_POINT ( 'NONE',  ( 197.2042780877987411, 10.00000000000000178, 29.83168515179499636 ) ) ;
#2180 = VECTOR ( 'NONE', #6784, 1000.000000000000000 ) ;
#2181 = ORIENTED_EDGE ( 'NONE', *, *, #2733, .T. ) ;
#2182 = CARTESIAN_POINT ( 'NONE',  ( 170.5306995652266835, 13.00000000000000533, 38.66768861012785408 ) ) ;
#2183 = CARTESIAN_POINT ( 'NONE',  ( 158.4828253886434482, 10.00000000000000178, 35.92452989401945018 ) ) ;
#2184 = EDGE_LOOP ( 'NONE', ( #6653, #4931, #3645, #5835 ) ) ;
#2185 = VERTEX_POINT ( 'NONE', #6885 ) ;
#2186 = CARTESIAN_POINT ( 'NONE',  ( 226.7623302028986245, 10.00000000000000000, 48.70824923709615462 ) ) ;
#2187 = CARTESIAN_POINT ( 'NONE',  ( 102.2348052099604416, 12.99999999999999822, 51.24828885046218119 ) ) ;
#2188 = CARTESIAN_POINT ( 'NONE',  ( 117.9342314293695324, 13.00000000000000178, 49.84563068826339816 ) ) ;
#2189 = CARTESIAN_POINT ( 'NONE',  ( 251.8045308859312001, 10.00000000000000000, 45.18168797347536270 ) ) ;
#2190 = AXIS2_PLACEMENT_3D ( 'NONE', #6760, #623, #1725 ) ;
#2191 = ADVANCED_FACE ( 'NONE', ( #55 ), #638, .T. ) ;
#2192 = VECTOR ( 'NONE', #705, 1000.000000000000000 ) ;
#2193 = CARTESIAN_POINT ( 'NONE',  ( 103.4625534334707169, 13.00000000000000178, 53.46721588852523865 ) ) ;
#2194 = VERTEX_POINT ( 'NONE', #206 ) ;
#2195 = AXIS2_PLACEMENT_3D ( 'NONE', #4881, #4283, #6485 ) ;
#2196 = CARTESIAN_POINT ( 'NONE',  ( 146.2143436990845089, 10.00000000000000000, 50.53063890441953987 ) ) ;
#2197 = VERTEX_POINT ( 'NONE', #2993 ) ;
#2198 = CARTESIAN_POINT ( 'NONE',  ( 196.0353001167004265, 10.00000000000000000, 34.45452451193689569 ) ) ;
#2199 = DIRECTION ( 'NONE',  ( -0.000000000000000000, -1.000000000000000000, -0.000000000000000000 ) ) ;
#2200 = CARTESIAN_POINT ( 'NONE',  ( 143.8548115980178750, 13.00000000000000178, 35.08144586393235187 ) ) ;
#2201 = VECTOR ( 'NONE', #1552, 1000.000000000000000 ) ;
#2202 = ORIENTED_EDGE ( 'NONE', *, *, #3412, .F. ) ;
#2203 = COORDINATED_UNIVERSAL_TIME_OFFSET ( 5, 0, .BEHIND. ) ;
#2204 = ORIENTED_EDGE ( 'NONE', *, *, #3913, .F. ) ;
#2205 = VECTOR ( 'NONE', #86, 1000.000000000000000 ) ;
#2206 = CARTESIAN_POINT ( 'NONE',  ( 156.3167662494118133, 10.00000000000000178, 43.15727347485353960 ) ) ;
#2207 = ORIENTED_EDGE ( 'NONE', *, *, #6919, .T. ) ;
#2208 = CARTESIAN_POINT ( 'NONE',  ( 118.1805898199735338, 13.00000000000000178, 54.37548729267580683 ) ) ;
#2209 = CARTESIAN_POINT ( 'NONE',  ( 227.1891462705465585, 10.00000000000000000, 45.47615912732151600 ) ) ;
#2210 = CARTESIAN_POINT ( 'NONE',  ( 129.1122231936235210, 10.00000000000000355, 45.35596681962921650 ) ) ;
#2211 = EDGE_CURVE ( 'NONE', #1828, #5409, #2886, .T. ) ;
#2212 = DIRECTION ( 'NONE',  ( -0.000000000000000000, -1.000000000000000000, -0.000000000000000000 ) ) ;
#2213 = B_SPLINE_SURFACE_WITH_KNOTS ( 'NONE', 3, 1, ( 
 ( #1358, #1946 ),
 ( #6982, #6436 ),
 ( #5338, #3097 ),
 ( #1988, #3063 ),
 ( #299, #4237 ),
 ( #2581, #5960 ),
 ( #5816, #6947 ),
 ( #3168, #5305 ),
 ( #267, #2540 ),
 ( #920, #4202 ),
 ( #7060, #5417 ),
 ( #3647, #6503 ),
 ( #2501, #1397 ),
 ( #4795, #371 ),
 ( #5887, #6471 ) ),
 .UNSPECIFIED., .F., .F., .F.,
 ( 4, 1, 1, 1, 1, 1, 1, 1, 1, 1, 1, 1, 4 ),
 ( 2, 2 ),
 ( 0.000000000000000000, 0.09126880443432422441, 0.1820814045527838210, 0.2719096545272047249, 0.3620494585053541936, 0.4500663484251177238, 0.5339764739707157926, 0.6136024537413233837, 0.6901976142648824641, 0.7654128769004127086, 0.8414365506928787042, 0.9197327486057731427, 1.000000000000000000 ),
 ( 0.000000000000000000, 1.000000000000000000 ),
 .UNSPECIFIED. ) ;
#2214 = CARTESIAN_POINT ( 'NONE',  ( 116.9811091448773226, 9.999999999999996447, 51.64994209833304950 ) ) ;
#2215 = PLANE ( 'NONE',  #535 ) ;
#2216 = CARTESIAN_POINT ( 'NONE',  ( 154.1603097605879498, 13.00000000000000178, 49.76359767057062555 ) ) ;
#2217 = CARTESIAN_POINT ( 'NONE',  ( 197.2042767850348355, 12.99999999999999822, 25.23120922246896924 ) ) ;
#2218 = CARTESIAN_POINT ( 'NONE',  ( 129.1122231936235210, 10.00000000000000355, 45.35596681962921650 ) ) ;
#2219 = FACE_OUTER_BOUND ( 'NONE', #1089, .T. ) ;
#2220 = CARTESIAN_POINT ( 'NONE',  ( 154.1603097605879498, 13.00000000000000178, 49.76359767057062555 ) ) ;
#2221 = CARTESIAN_POINT ( 'NONE',  ( 173.3827444397761610, 9.999999999999992895, 42.85195326123239568 ) ) ;
#2222 = LINE ( 'NONE', #6671, #3355 ) ;
#2223 = VERTEX_POINT ( 'NONE', #2439 ) ;
#2224 = VERTEX_POINT ( 'NONE', #4697 ) ;
#2225 = CARTESIAN_POINT ( 'NONE',  ( 216.2621715714823267, 10.00000000000000178, 56.75178443784670179 ) ) ;
#2226 = CARTESIAN_POINT ( 'NONE',  ( 111.2456366551619737, 13.00000000000000178, 56.76221681962921650 ) ) ;
#2227 = CARTESIAN_POINT ( 'NONE',  ( 197.3694347320850397, 13.00000000000000178, 25.22375528116766930 ) ) ;
#2228 = EDGE_CURVE ( 'NONE', #186, #2224, #6988, .T. ) ;
#2229 = DIRECTION ( 'NONE',  ( 0.000000000000000000, 0.000000000000000000, -1.000000000000000000 ) ) ;
#2230 = EDGE_CURVE ( 'NONE', #5634, #2083, #1742, .T. ) ;
#2231 = CARTESIAN_POINT ( 'NONE',  ( 78.66693703073410404, 10.00000000000000178, 35.34409976131068731 ) ) ;
#2232 = EDGE_LOOP ( 'NONE', ( #2, #2692, #2970, #3479 ) ) ;
#2233 = CARTESIAN_POINT ( 'NONE',  ( 248.9436982964579954, 9.999999999999994671, 35.95683587526915659 ) ) ;
#2234 = ORIENTED_EDGE ( 'NONE', *, *, #573, .T. ) ;
#2235 = FACE_OUTER_BOUND ( 'NONE', #635, .T. ) ;
#2236 = CARTESIAN_POINT ( 'NONE',  ( 198.7276078090081057, 13.00000000000000178, 34.45452451193689569 ) ) ;
#2237 = EDGE_CURVE ( 'NONE', #4558, #5066, #4107, .T. ) ;
#2238 = CARTESIAN_POINT ( 'NONE',  ( 187.9583770397773606, 10.00000000000000000, 56.37760143501382260 ) ) ;
#2239 = EDGE_LOOP ( 'NONE', ( #4969, #6489, #92, #1755 ) ) ;
#2240 = CARTESIAN_POINT ( 'NONE',  ( 81.73030523790517066, 9.999999999999998224, 56.57015565131724344 ) ) ;
#2241 = ORIENTED_EDGE ( 'NONE', *, *, #5479, .F. ) ;
#2242 = CARTESIAN_POINT ( 'NONE',  ( 197.3694347320850397, 10.00000000000000000, 25.22375528116766930 ) ) ;
#2243 = CARTESIAN_POINT ( 'NONE',  ( 214.1325096412702749, 12.99999999999999822, 36.91095492495090724 ) ) ;
#2244 = CARTESIAN_POINT ( 'NONE',  ( 117.8982808859312001, 10.00000000000000178, 49.96534181962920940 ) ) ;
#2245 = DIRECTION ( 'NONE',  ( 1.771725262758005876E-14, 1.000000000000000000, 1.420067132038985923E-14 ) ) ;
#2246 = EDGE_CURVE ( 'NONE', #6615, #1938, #3439, .T. ) ;
#2247 = CARTESIAN_POINT ( 'NONE',  ( 72.60498963079159296, 9.999999999999998224, 46.51260943331067921 ) ) ;
#2248 = CARTESIAN_POINT ( 'NONE',  ( 251.8014492183638993, 12.99999999999999822, 44.13345003493209617 ) ) ;
#2249 = CARTESIAN_POINT ( 'NONE',  ( 160.3792489604406910, 13.00000000000000533, 55.95274269874146000 ) ) ;
#2250 = DIRECTION ( 'NONE',  ( -1.000000000000000000, 0.000000000000000000, -0.000000000000000000 ) ) ;
#2251 = CARTESIAN_POINT ( 'NONE',  ( 121.0353001167004265, 10.00000000000000000, 45.12760143501382260 ) ) ;
#2252 = CARTESIAN_POINT ( 'NONE',  ( 153.3429924243927189, 10.00000000000000000, 45.35596681962920940 ) ) ;
#2253 = EDGE_CURVE ( 'NONE', #755, #2386, #5362, .T. ) ;
#2254 = CARTESIAN_POINT ( 'NONE',  ( 197.3694347320850397, 10.00000000000000178, 29.83913989655228605 ) ) ;
#2255 = ORIENTED_EDGE ( 'NONE', *, *, #6236, .T. ) ;
#2256 = CARTESIAN_POINT ( 'NONE',  ( 145.7404886630507406, 9.999999999999996447, 39.69679491603125143 ) ) ;
#2257 = CARTESIAN_POINT ( 'NONE',  ( 209.2469021214388079, 13.00000000000000178, 36.10264402345832480 ) ) ;
#2258 = ORIENTED_EDGE ( 'NONE', *, *, #948, .F. ) ;
#2259 = EDGE_LOOP ( 'NONE', ( #1422, #2094, #3086, #4254 ) ) ;
#2260 = CARTESIAN_POINT ( 'NONE',  ( 92.95837703977734634, 10.00000000000000000, 25.60837066578305254 ) ) ;
#2261 = CARTESIAN_POINT ( 'NONE',  ( 105.2448575067208196, 13.00000000000000178, 55.14668785601595857 ) ) ;
#2262 = DIRECTION ( 'NONE',  ( -1.000000000000000000, 0.000000000000000000, 0.000000000000000000 ) ) ;
#2263 = CARTESIAN_POINT ( 'NONE',  ( 137.0025510158946815, 9.999999999999998224, 34.15972625980484167 ) ) ;
#2264 = CARTESIAN_POINT ( 'NONE',  ( 160.4831264001695956, 13.00000000000000178, 52.94212741259027410 ) ) ;
#2265 = VERTEX_POINT ( 'NONE', #6778 ) ;
#2266 = CARTESIAN_POINT ( 'NONE',  ( 138.0439582016124973, 12.99999999999999822, 56.75457727848592526 ) ) ;
#2267 = CARTESIAN_POINT ( 'NONE',  ( 244.8071420888616956, 9.999999999999994671, 34.11414596061872118 ) ) ;
#2268 = ORIENTED_EDGE ( 'NONE', *, *, #137, .T. ) ;
#2269 = B_SPLINE_SURFACE_WITH_KNOTS ( 'NONE', 3, 1, ( 
 ( #894, #3772 ),
 ( #2079, #3147 ),
 ( #4285, #5396 ),
 ( #4323, #2040 ),
 ( #352, #5431 ),
 ( #2595, #3735 ),
 ( #7074, #6522 ),
 ( #1484, #936 ),
 ( #3183, #3186 ),
 ( #1489, #2519 ),
 ( #3150, #2042 ),
 ( #4253, #5322 ),
 ( #317, #3774 ),
 ( #6013, #355 ),
 ( #939, #5399 ) ),
 .UNSPECIFIED., .F., .F., .F.,
 ( 4, 1, 1, 1, 1, 1, 1, 1, 1, 1, 1, 1, 4 ),
 ( 2, 2 ),
 ( 0.000000000000000000, 0.08592051741176975899, 0.1695934351247459781, 0.2524755148685384754, 0.3362444769570526737, 0.4195045210415739856, 0.5020359066440907014, 0.5847746476768727053, 0.6698464747058016089, 0.7541848663887862347, 0.8366582383293271752, 0.9180097257088054574, 1.000000000000000000 ),
 ( 0.000000000000000000, 1.000000000000000000 ),
 .UNSPECIFIED. ) ;
#2270 = CARTESIAN_POINT ( 'NONE',  ( 148.5939989328547597, 10.00000000000000000, 51.89832689650462783 ) ) ;
#2271 = CARTESIAN_POINT ( 'NONE',  ( 111.2456366551619595, 10.00000000000000000, 56.76221681962920940 ) ) ;
#2272 = CARTESIAN_POINT ( 'NONE',  ( 148.7276078090081342, 13.00000000000000178, 39.20813028116766930 ) ) ;
#2273 = ORIENTED_EDGE ( 'NONE', *, *, #141, .T. ) ;
#2274 = EDGE_CURVE ( 'NONE', #4762, #1276, #1332, .T. ) ;
#2275 = VERTEX_POINT ( 'NONE', #1810 ) ;
#2276 = CARTESIAN_POINT ( 'NONE',  ( 83.61689622670725441, 13.00000000000000178, 56.75170505732219084 ) ) ;
#2277 = ORIENTED_EDGE ( 'NONE', *, *, #3950, .F. ) ;
#2278 = DIRECTION ( 'NONE',  ( -0.000000000000000000, -1.000000000000000000, -0.000000000000000000 ) ) ;
#2279 = CARTESIAN_POINT ( 'NONE',  ( 118.3429924243927189, 10.00000000000000000, 44.62279374270612919 ) ) ;
#2280 = CARTESIAN_POINT ( 'NONE',  ( 248.7026375938989418, 12.99999999999999822, 40.73673908051748782 ) ) ;
#2281 = CARTESIAN_POINT ( 'NONE',  ( 216.1318562847348517, 10.00000000000000000, 36.77064202724938724 ) ) ;
#2282 = LINE ( 'NONE', #6255, #5148 ) ;
#2283 = CARTESIAN_POINT ( 'NONE',  ( 156.0512849164984459, 9.999999999999998224, 45.75964438670087020 ) ) ;
#2284 = CARTESIAN_POINT ( 'NONE',  ( 104.2150650914148571, 10.00000000000000000, 47.74054522885079876 ) ) ;
#2285 = PLANE ( 'NONE',  #7256 ) ;
#2286 = CARTESIAN_POINT ( 'NONE',  ( 248.0941960756146614, 9.999999999999996447, 39.19297253269446912 ) ) ;
#2287 = CARTESIAN_POINT ( 'NONE',  ( 158.4358297423856925, 10.00000000000000355, 54.90598210148770875 ) ) ;
#2288 = PERSON_AND_ORGANIZATION ( #3599, #2096 ) ;
#2289 = EDGE_CURVE ( 'NONE', #6171, #3816, #5649, .T. ) ;
#2290 = EDGE_CURVE ( 'NONE', #5026, #1562, #94, .T. ) ;
#2291 = CARTESIAN_POINT ( 'NONE',  ( 143.0248141063436833, 12.99999999999999822, 37.70067440750503351 ) ) ;
#2292 = CARTESIAN_POINT ( 'NONE',  ( 126.4494096993537511, 9.999999999999994671, 46.72958880198225273 ) ) ;
#2293 = ORIENTED_EDGE ( 'NONE', *, *, #2289, .F. ) ;
#2294 = ORIENTED_EDGE ( 'NONE', *, *, #2237, .T. ) ;
#2295 = DIRECTION ( 'NONE',  ( 1.000000000000000000, 0.000000000000000000, -0.000000000000000000 ) ) ;
#2296 = LINE ( 'NONE', #4547, #2180 ) ;
#2297 = CARTESIAN_POINT ( 'NONE',  ( 140.9027987811193725, 12.99999999999999822, 56.58572179185647855 ) ) ;
#2298 = CARTESIAN_POINT ( 'NONE',  ( 213.3187368932789809, 10.00000000000000178, 37.10764781696636305 ) ) ;
#2299 = VECTOR ( 'NONE', #2726, 1000.000000000000000 ) ;
#2300 = DIRECTION ( 'NONE',  ( -0.000000000000000000, -1.000000000000000000, -0.000000000000000000 ) ) ;
#2301 = ORIENTED_EDGE ( 'NONE', *, *, #1985, .T. ) ;
#2302 = DIRECTION ( 'NONE',  ( -0.000000000000000000, -1.000000000000000000, -0.000000000000000000 ) ) ;
#2303 = VECTOR ( 'NONE', #2137, 1000.000000000000000 ) ;
#2304 = CARTESIAN_POINT ( 'NONE',  ( 250.8284308266304663, 13.00000000000000178, 38.48229605725229874 ) ) ;
#2305 = ORIENTED_EDGE ( 'NONE', *, *, #137, .F. ) ;
#2306 = CARTESIAN_POINT ( 'NONE',  ( 140.1116590574805230, 10.00000000000000000, 56.68303923383442822 ) ) ;
#2307 = CARTESIAN_POINT ( 'NONE',  ( 112.8065531544031046, 13.00000000000000178, 56.69202548554922316 ) ) ;
#2308 = CARTESIAN_POINT ( 'NONE',  ( 85.29881703065102272, 13.00000000000000178, 56.73204691656189880 ) ) ;
#2309 = ORIENTED_EDGE ( 'NONE', *, *, #5535, .F. ) ;
#2310 = AXIS2_PLACEMENT_3D ( 'NONE', #1211, #4093, #4609 ) ;
#2311 = VECTOR ( 'NONE', #138, 1000.000000000000000 ) ;
#2312 = CARTESIAN_POINT ( 'NONE',  ( 219.3395660839207721, 13.00000000000000178, 56.30911066526655873 ) ) ;
#2313 = EDGE_LOOP ( 'NONE', ( #6321, #1156, #1033, #4605 ) ) ;
#2314 = CARTESIAN_POINT ( 'NONE',  ( 142.8884129028394909, 10.00000000000000000, 34.72261452917847180 ) ) ;
#2315 = ORIENTED_EDGE ( 'NONE', *, *, #3964, .T. ) ;
#2316 = CARTESIAN_POINT ( 'NONE',  ( 173.7276078090081057, 10.00000000000000000, 38.51101489655228960 ) ) ;
#2318 = DIRECTION ( 'NONE',  ( -0.000000000000000000, -1.000000000000000000, -0.000000000000000000 ) ) ;
#2317 = VECTOR ( 'NONE', #3438, 1000.000000000000000 ) ;
#2319 = CARTESIAN_POINT ( 'NONE',  ( 132.4567877632179602, 10.00000000000000000, 38.66980375328689945 ) ) ;
#2320 = CARTESIAN_POINT ( 'NONE',  ( 220.6094086662118627, 13.00000000000000178, 38.19097185003074912 ) ) ;
#2321 = APPLICATION_CONTEXT ( 'configuration controlled 3d designs of mechanical parts and assemblies' ) ;
#2322 = CIRCLE ( 'NONE', #4444, 1.649999999999987477 ) ;
#2323 = CARTESIAN_POINT ( 'NONE',  ( 248.7937135782388793, 13.00000000000000178, 41.07712066578305610 ) ) ;
#2324 = CARTESIAN_POINT ( 'NONE',  ( 158.6413167854243795, 13.00000000000000533, 51.56446602506199639 ) ) ;
#2325 = CARTESIAN_POINT ( 'NONE',  ( 155.8971763307382048, 9.999999999999996447, 52.60692056762644597 ) ) ;
#2326 = DIRECTION ( 'NONE',  ( -1.000000000000000000, 0.000000000000000000, 0.000000000000000000 ) ) ;
#2327 = CARTESIAN_POINT ( 'NONE',  ( 75.27858318328993903, 12.99999999999999822, 45.01013916057723918 ) ) ;
#2328 = FACE_BOUND ( 'NONE', #526, .T. ) ;
#2329 = EDGE_CURVE ( 'NONE', #4413, #5592, #3991, .T. ) ;
#2330 = B_SPLINE_SURFACE_WITH_KNOTS ( 'NONE', 3, 1, ( 
 ( #6670, #1632 ),
 ( #3883, #1079 ),
 ( #3324, #2256 ),
 ( #6739, #6884 ),
 ( #1112, #6814 ),
 ( #2291, #2399 ),
 ( #130, #3514 ),
 ( #5756, #4023 ),
 ( #4542, #4656 ),
 ( #3990, #4583 ),
 ( #5098, #1809 ) ),
 .UNSPECIFIED., .F., .F., .F.,
 ( 4, 1, 1, 1, 1, 1, 1, 1, 4 ),
 ( 2, 2 ),
 ( 0.000000000000000000, 0.1283242377690976266, 0.2525844750621366597, 0.3735064833109037474, 0.4933644513855731106, 0.6146085973434217697, 0.7384702442356677610, 0.8659947178700191373, 1.000000000000000000 ),
 ( 0.000000000000000000, 1.000000000000000000 ),
 .UNSPECIFIED. ) ;
#2331 = DIRECTION ( 'NONE',  ( -1.000000000000000000, 0.000000000000000000, 0.000000000000000000 ) ) ;
#2332 = CARTESIAN_POINT ( 'NONE',  ( 54.49683857823887934, 13.00000000000000178, 38.68529374270612919 ) ) ;
#2333 = ORIENTED_EDGE ( 'NONE', *, *, #5804, .F. ) ;
#2334 = ORIENTED_EDGE ( 'NONE', *, *, #4367, .F. ) ;
#2335 = CARTESIAN_POINT ( 'NONE',  ( 226.4536635002656908, 13.00000000000000178, 41.27192998687592507 ) ) ;
#2336 = DIRECTION ( 'NONE',  ( 0.000000000000000000, -0.000000000000000000, 1.000000000000000000 ) ) ;
#2337 = CARTESIAN_POINT ( 'NONE',  ( 197.8636552089189138, 13.00000000000000533, 25.24668090779067242 ) ) ;
#2338 = CARTESIAN_POINT ( 'NONE',  ( 134.6170568277781001, 10.00000000000000178, 34.64867645038453503 ) ) ;
#2339 = CARTESIAN_POINT ( 'NONE',  ( 135.6607666422003149, 12.99999999999999822, 37.10328052702774926 ) ) ;
#2340 = EDGE_CURVE ( 'NONE', #3364, #2678, #676, .T. ) ;
#2341 = VERTEX_POINT ( 'NONE', #2589 ) ;
#2342 = CARTESIAN_POINT ( 'NONE',  ( 159.4361677999648634, 12.99999999999999467, 35.34409976131067310 ) ) ;
#2343 = CARTESIAN_POINT ( 'NONE',  ( 235.2660693474696529, 13.00000000000000178, 34.45452451193689569 ) ) ;
#2344 = ORIENTED_EDGE ( 'NONE', *, *, #2329, .T. ) ;
#2345 = CARTESIAN_POINT ( 'NONE',  ( 143.8313308681053400, 12.99999999999999822, 55.75506926146996278 ) ) ;
#2346 = DIRECTION ( 'NONE',  ( 0.000000000000000000, 0.000000000000000000, 1.000000000000000000 ) ) ;
#2347 = CARTESIAN_POINT ( 'NONE',  ( 68.72760780900810573, 10.00000000000000000, 38.68529374270612919 ) ) ;
#2348 = DIRECTION ( 'NONE',  ( -0.000000000000000000, -1.000000000000000000, -0.000000000000000000 ) ) ;
#2349 = ORIENTED_EDGE ( 'NONE', *, *, #6624, .T. ) ;
#2350 = CARTESIAN_POINT ( 'NONE',  ( 73.86953682599092019, 12.99999999999999822, 50.75559613247386892 ) ) ;
#2351 = VERTEX_POINT ( 'NONE', #888 ) ;
#2352 = FACE_OUTER_BOUND ( 'NONE', #6103, .T. ) ;
#2353 = CARTESIAN_POINT ( 'NONE',  ( 118.0137093008630558, 12.99999999999999822, 49.58097861335487977 ) ) ;
#2354 = CARTESIAN_POINT ( 'NONE',  ( 204.4968385782388793, 10.00000000000000000, 45.47615912732151600 ) ) ;
#2355 = FACE_BOUND ( 'NONE', #4957, .T. ) ;
#2356 = CARTESIAN_POINT ( 'NONE',  ( 153.3429924243927189, 10.00000000000000000, 45.35596681962920940 ) ) ;
#2357 = CARTESIAN_POINT ( 'NONE',  ( 157.2221001230162756, 9.999999999999994671, 49.72740125713122694 ) ) ;
#2358 = CARTESIAN_POINT ( 'NONE',  ( 210.5426135548111972, 10.00000000000000355, 52.38660540760701423 ) ) ;
#2359 = CARTESIAN_POINT ( 'NONE',  ( 296.4644660940673475, 0.000000000000000000, 3.535533905932737309 ) ) ;
#2360 = CARTESIAN_POINT ( 'NONE',  ( 244.2059655964741296, 13.00000000000000178, 36.79386421768305127 ) ) ;
#2361 = CARTESIAN_POINT ( 'NONE',  ( 3.505202749622875924, 10.00000000000000000, 85.13552925583975650 ) ) ;
#2362 = COORDINATED_UNIVERSAL_TIME_OFFSET ( 5, 0, .BEHIND. ) ;
#2363 = CARTESIAN_POINT ( 'NONE',  ( 235.2660693474696529, 10.00000000000000000, 34.45452451193689569 ) ) ;
#2364 = CARTESIAN_POINT ( 'NONE',  ( 128.3421037886666056, 10.00000000000000178, 51.80934686284911805 ) ) ;
#2365 = CARTESIAN_POINT ( 'NONE',  ( 243.6074155013158133, 10.00000000000000355, 34.06990912732151600 ) ) ;
#2366 = ORIENTED_EDGE ( 'NONE', *, *, #2516, .F. ) ;
#2367 = CARTESIAN_POINT ( 'NONE',  ( 224.1843385782388793, 9.999999999999996447, 37.68168797347536270 ) ) ;
#2368 = CARTESIAN_POINT ( 'NONE',  ( 126.4312149586522338, 13.00000000000000178, 44.82313724741562311 ) ) ;
#2369 = CARTESIAN_POINT ( 'NONE',  ( 51.80453088593119304, 13.00000000000000178, 56.37760143501382260 ) ) ;
#2370 = CARTESIAN_POINT ( 'NONE',  ( 137.5168966985926886, 12.99999999999999822, 36.78911622710588603 ) ) ;
#2371 = VERTEX_POINT ( 'NONE', #5969 ) ;
#2372 = DIRECTION ( 'NONE',  ( 0.000000000000000000, 0.000000000000000000, 1.000000000000000000 ) ) ;
#2373 = FACE_OUTER_BOUND ( 'NONE', #5999, .T. ) ;
#2374 = EDGE_LOOP ( 'NONE', ( #5827, #2333, #5375, #5685 ) ) ;
#2375 = DIRECTION ( 'NONE',  ( -1.000000000000000000, 0.000000000000000000, 0.000000000000000000 ) ) ;
#2376 = CARTESIAN_POINT ( 'NONE',  ( 116.1359223366767708, 13.00000000000000178, 55.78576528426309977 ) ) ;
#2377 = CARTESIAN_POINT ( 'NONE',  ( 245.9632397578508005, 10.00000000000000000, 34.34571759871341357 ) ) ;
#2378 = ORIENTED_EDGE ( 'NONE', *, *, #1346, .T. ) ;
#2379 = EDGE_CURVE ( 'NONE', #3920, #2275, #2475, .T. ) ;
#2380 = B_SPLINE_CURVE_WITH_KNOTS ( 'NONE', 3,
 ( #7079, #2045, #4290, #5573, #4439, #6047, #6570, #1530, #3921, #1597, #23 ),
 .UNSPECIFIED., .F., .F.,
 ( 4, 1, 1, 1, 1, 1, 1, 1, 4 ),
 ( 0.000000000000000000, 0.1201621349925916377, 0.2375463202768773596, 0.3574970509273588393, 0.4849171224652690793, 0.6133292680851260004, 0.7401503701286902270, 0.8673012545632630133, 1.000000000000000000 ),
 .UNSPECIFIED. ) ;
#2381 = EDGE_CURVE ( 'NONE', #4258, #3441, #2657, .T. ) ;
#2382 = EDGE_CURVE ( 'NONE', #3532, #1542, #3620, .T. ) ;
#2383 = CARTESIAN_POINT ( 'NONE',  ( 216.2621715714823267, 10.00000000000000000, 56.75178443784670179 ) ) ;
#2384 = ORIENTED_EDGE ( 'NONE', *, *, #3849, .F. ) ;
#2385 = CARTESIAN_POINT ( 'NONE',  ( 73.02253889615084859, 9.999999999999998224, 48.72375550313605430 ) ) ;
#2386 = VERTEX_POINT ( 'NONE', #3141 ) ;
#2387 = DIRECTION ( 'NONE',  ( 0.000000000000000000, 1.000000000000000000, 0.000000000000000000 ) ) ;
#2388 = CARTESIAN_POINT ( 'NONE',  ( 172.3020139799040180, 12.99999999999999822, 40.56731213550533255 ) ) ;
#2389 = CARTESIAN_POINT ( 'NONE',  ( 224.1843385782388793, 13.00000000000000178, 37.68168797347536270 ) ) ;
#2390 = CARTESIAN_POINT ( 'NONE',  ( 92.95837703977734634, 10.00000000000000000, 56.37760143501382260 ) ) ;
#2391 = B_SPLINE_SURFACE_WITH_KNOTS ( 'NONE', 3, 1, ( 
 ( #1282, #763 ),
 ( #2454, #3010 ),
 ( #72, #3531 ),
 ( #4709, #2417 ),
 ( #2867, #5739 ),
 ( #5701, #696 ),
 ( #5197, #1899 ),
 ( #4673, #6903 ),
 ( #2945, #1313 ),
 ( #5116, #656 ),
 ( #3421, #2907 ),
 ( #618, #5262 ),
 ( #4120, #3563 ),
 ( #150, #5158 ),
 ( #2312, #4566 ),
 ( #731, #113 ),
 ( #6348, #6213 ),
 ( #6799, #2383 ),
 ( #4007, #1867 ) ),
 .UNSPECIFIED., .F., .F., .F.,
 ( 4, 1, 1, 1, 1, 1, 1, 1, 1, 1, 1, 1, 1, 1, 1, 1, 4 ),
 ( 2, 2 ),
 ( 0.000000000000000000, 0.06241602615881781946, 0.1233369785373296390, 0.1832651398530923681, 0.2431724430697092543, 0.3028983539197452890, 0.3637735975039105840, 0.4256053049523821352, 0.4896590425101846056, 0.5537845767921165674, 0.6162215328110730583, 0.6778544713083429762, 0.7395168974879378077, 0.8020965355763719495, 0.8658658412779710600, 0.9315077951965113900, 1.000000000000000000 ),
 ( 0.000000000000000000, 1.000000000000000000 ),
 .UNSPECIFIED. ) ;
#2392 = CARTESIAN_POINT ( 'NONE',  ( 168.2874526746121546, 10.00000000000000000, 53.45266743150089894 ) ) ;
#2393 = CARTESIAN_POINT ( 'NONE',  ( 209.1360491700016553, 12.99999999999999822, 39.95667014268951078 ) ) ;
#2394 = CARTESIAN_POINT ( 'NONE',  ( 208.9558126944748437, 10.00000000000000355, 50.81068572931047811 ) ) ;
#2395 = CARTESIAN_POINT ( 'NONE',  ( 1.224646799147353533E-14, 0.000000000000000000, 100.0000000000000000 ) ) ;
#2396 = CARTESIAN_POINT ( 'NONE',  ( 248.7026375938989418, 9.999999999999992895, 40.73673908051748782 ) ) ;
#2397 = CARTESIAN_POINT ( 'NONE',  ( 92.93396077862465177, 13.00000000000000178, 44.56504963488113447 ) ) ;
#2398 = B_SPLINE_CURVE_WITH_KNOTS ( 'NONE', 3,
 ( #767, #1903, #4089, #4156, #4192, #1872, #6427, #1388, #6388, #4641, #2459 ),
 .UNSPECIFIED., .F., .F.,
 ( 4, 1, 1, 1, 1, 1, 1, 1, 4 ),
 ( 0.000000000000000000, 0.1284975211375122273, 0.2527129855154525151, 0.3748191325670450214, 0.4964364263727303883, 0.6179105567458502701, 0.7412876173092898258, 0.8687004007446071929, 1.000000000000000000 ),
 .UNSPECIFIED. ) ;
#2399 = CARTESIAN_POINT ( 'NONE',  ( 143.0248141063436833, 9.999999999999996447, 37.70067440750503351 ) ) ;
#2400 = DIRECTION ( 'NONE',  ( 0.000000000000000000, 0.000000000000000000, 1.000000000000000000 ) ) ;
#2401 = CARTESIAN_POINT ( 'NONE',  ( 144.5029082796448847, 10.00000000000000178, 55.44215793395000702 ) ) ;
#2402 = AXIS2_PLACEMENT_3D ( 'NONE', #6476, #5383, #341 ) ;
#2403 = VERTEX_POINT ( 'NONE', #3104 ) ;
#2404 = CARTESIAN_POINT ( 'NONE',  ( 227.1795831158877945, 13.00000000000000178, 45.10715456590124717 ) ) ;
#2405 = DIRECTION ( 'NONE',  ( 0.000000000000000000, 0.000000000000000000, -1.000000000000000000 ) ) ;
#2406 = CARTESIAN_POINT ( 'NONE',  ( 83.71649454992426342, 10.00000000000000000, 54.05650242281573981 ) ) ;
#2407 = EDGE_CURVE ( 'NONE', #7152, #1026, #3655, .T. ) ;
#2408 = CARTESIAN_POINT ( 'NONE',  ( 156.6971681567759447, 13.00000000000000178, 48.68802131267675293 ) ) ;
#2409 = EDGE_LOOP ( 'NONE', ( #3194, #5705, #3872, #21, #31, #646 ) ) ;
#2410 = LINE ( 'NONE', #3003, #4793 ) ;
#2411 = DIRECTION ( 'NONE',  ( -1.000000000000000000, 0.000000000000000000, 0.000000000000000000 ) ) ;
#2412 = CARTESIAN_POINT ( 'NONE',  ( 197.3694347320850397, 13.00000000000000178, 25.22375528116766930 ) ) ;
#2413 = CARTESIAN_POINT ( 'NONE',  ( 68.72760780900810573, 13.00000000000000178, 29.45452451193689924 ) ) ;
#2414 = VECTOR ( 'NONE', #131, 1000.000000000000000 ) ;
#2415 = EDGE_CURVE ( 'NONE', #7113, #2605, #4803, .T. ) ;
#2416 = AXIS2_PLACEMENT_3D ( 'NONE', #7009, #3051, #5326 ) ;
#2417 = CARTESIAN_POINT ( 'NONE',  ( 227.0068823675609053, 10.00000000000000000, 47.66086504265002333 ) ) ;
#2418 = ORIENTED_EDGE ( 'NONE', *, *, #4601, .T. ) ;
#2419 = CARTESIAN_POINT ( 'NONE',  ( 114.9074235775801895, 10.00000000000000000, 56.26506804300539244 ) ) ;
#2420 = VERTEX_POINT ( 'NONE', #5895 ) ;
#2421 = CARTESIAN_POINT ( 'NONE',  ( 248.7937135782388793, 13.00000000000000178, 41.07712066578305610 ) ) ;
#2422 = CARTESIAN_POINT ( 'NONE',  ( 117.9342314293695324, 10.00000000000000000, 49.84563068826339816 ) ) ;
#2423 = FACE_OUTER_BOUND ( 'NONE', #746, .T. ) ;
#2424 = CARTESIAN_POINT ( 'NONE',  ( 224.3483903194656364, 12.99999999999999822, 43.75366137092157715 ) ) ;
#2425 = VECTOR ( 'NONE', #898, 1000.000000000000000 ) ;
#2426 = VERTEX_POINT ( 'NONE', #4279 ) ;
#2427 = VECTOR ( 'NONE', #3752, 1000.000000000000000 ) ;
#2428 = CARTESIAN_POINT ( 'NONE',  ( 191.8045308859312001, 13.00000000000000178, 34.45452451193689569 ) ) ;
#2429 = CARTESIAN_POINT ( 'NONE',  ( 159.5151763395345768, 9.999999999999994671, 52.31437678168605743 ) ) ;
#2430 = CARTESIAN_POINT ( 'NONE',  ( 134.7947034230484462, 13.00000000000000178, 37.37028872724781792 ) ) ;
#2431 = EDGE_CURVE ( 'NONE', #6156, #1644, #3305, .T. ) ;
#2432 = DIRECTION ( 'NONE',  ( -0.000000000000000000, -1.000000000000000000, -0.000000000000000000 ) ) ;
#2433 = FACE_OUTER_BOUND ( 'NONE', #601, .T. ) ;
#2434 = AXIS2_PLACEMENT_3D ( 'NONE', #1193, #1228, #1159 ) ;
#2435 = FACE_OUTER_BOUND ( 'NONE', #2717, .T. ) ;
#2436 = CIRCLE ( 'NONE', #6781, 1.500000000000001332 ) ;
#2437 = VECTOR ( 'NONE', #3108, 1000.000000000000000 ) ;
#2438 = CARTESIAN_POINT ( 'NONE',  ( 158.6259819160842710, 13.00000000000000178, 39.23377358587183750 ) ) ;
#2439 = CARTESIAN_POINT ( 'NONE',  ( 92.95837703977734634, 10.00000000000000000, 56.37760143501382260 ) ) ;
#2440 = CARTESIAN_POINT ( 'NONE',  ( 162.6040569876541895, 9.999999999999996447, 53.80208307318231675 ) ) ;
#2441 = EDGE_LOOP ( 'NONE', ( #575, #4900, #4189, #2904 ) ) ;
#2442 = DIRECTION ( 'NONE',  ( 0.000000000000000000, -0.000000000000000000, 1.000000000000000000 ) ) ;
#2443 = AXIS2_PLACEMENT_3D ( 'NONE', #5549, #4966, #4409 ) ;
#2444 = CARTESIAN_POINT ( 'NONE',  ( 89.06725659992950739, 12.99999999999999822, 35.20651190607286196 ) ) ;
#2445 = CARTESIAN_POINT ( 'NONE',  ( 220.1981910054939533, 13.00000000000000178, 52.99298260652844306 ) ) ;
#2446 = CARTESIAN_POINT ( 'NONE',  ( 224.4886248351591576, 9.999999999999998224, 45.19729462166396416 ) ) ;
#2447 = EDGE_CURVE ( 'NONE', #3364, #6608, #6480, .T. ) ;
#2448 = ORIENTED_EDGE ( 'NONE', *, *, #538, .T. ) ;
#2449 = CARTESIAN_POINT ( 'NONE',  ( 90.41431338924273575, 10.00000000000000000, 39.24734400092118847 ) ) ;
#2450 = CARTESIAN_POINT ( 'NONE',  ( 138.5112616551620022, 10.00000000000000000, 54.06990912732152310 ) ) ;
#2451 = CARTESIAN_POINT ( 'NONE',  ( 211.3021278385020310, 13.00000000000000178, 55.93322485905117247 ) ) ;
#2452 = DIRECTION ( 'NONE',  ( 0.000000000000000000, -0.000000000000000000, 1.000000000000000000 ) ) ;
#2453 = EDGE_CURVE ( 'NONE', #1762, #3928, #2034, .T. ) ;
#2454 = CARTESIAN_POINT ( 'NONE',  ( 227.1807348078216933, 13.00000000000000178, 45.84730247884469634 ) ) ;
#2455 = ORIENTED_EDGE ( 'NONE', *, *, #1710, .F. ) ;
#2456 = EDGE_CURVE ( 'NONE', #1285, #6231, #2526, .T. ) ;
#2457 = CARTESIAN_POINT ( 'NONE',  ( 116.6978314474285412, 10.00000000000000000, 55.48390832421141994 ) ) ;
#2458 = ORIENTED_EDGE ( 'NONE', *, *, #606, .T. ) ;
#2459 = CARTESIAN_POINT ( 'NONE',  ( 215.8550116551619737, 13.00000000000000178, 34.06990912732151600 ) ) ;
#2460 = CARTESIAN_POINT ( 'NONE',  ( 121.0353001167004265, 13.00000000000000178, 34.45452451193689569 ) ) ;
#2461 = CARTESIAN_POINT ( 'NONE',  ( 129.3952109861143072, 10.00000000000000355, 47.62724546477542020 ) ) ;
#2462 = CARTESIAN_POINT ( 'NONE',  ( 173.4240181750695911, 12.99999999999999822, 52.92873064696008356 ) ) ;
#2463 = VERTEX_POINT ( 'NONE', #3876 ) ;
#2464 = CARTESIAN_POINT ( 'NONE',  ( 164.8694347320850397, 13.00000000000000178, 54.06990912732151600 ) ) ;
#2465 = CARTESIAN_POINT ( 'NONE',  ( 181.4199155013158133, 10.00000000000000000, 37.14683220424458909 ) ) ;
#2466 = CARTESIAN_POINT ( 'NONE',  ( 121.0353001167004265, 10.00000000000000000, 34.45452451193689569 ) ) ;
#2467 = CARTESIAN_POINT ( 'NONE',  ( 216.9958664093277321, 9.999999999999998224, 54.03650852345681699 ) ) ;
#2468 = CARTESIAN_POINT ( 'NONE',  ( 143.9246915009793213, 13.00000000000000178, 52.58447098230429617 ) ) ;
#2469 = CARTESIAN_POINT ( 'NONE',  ( 224.8992328722644061, 13.00000000000000178, 38.50470392780182038 ) ) ;
#2470 = CARTESIAN_POINT ( 'NONE',  ( 133.3333333333333428, 20.00000000000000000, 94.93724644492834841 ) ) ;
#2471 = EDGE_CURVE ( 'NONE', #2678, #5508, #3844, .T. ) ;
#2472 = B_SPLINE_CURVE_WITH_KNOTS ( 'NONE', 3,
 ( #6024, #3164, #2056, #5480, #7053, #985, #3710, #4194, #5444, #6540, #4863, #1983, #1505, #401, #4266 ),
 .UNSPECIFIED., .F., .F.,
 ( 4, 1, 1, 1, 1, 1, 1, 1, 1, 1, 1, 1, 4 ),
 ( 0.000000000000000000, 0.08158934893218348916, 0.1628588951679348362, 0.2454836892755792033, 0.3308071391580110210, 0.4164933737762843702, 0.4998932031606319049, 0.5830481559950214665, 0.6671578520621573860, 0.7513119292929145709, 0.8337847893576159075, 0.9162564885439797857, 0.9999999999999998890 ),
 .UNSPECIFIED. ) ;
#2473 = CARTESIAN_POINT ( 'NONE',  ( 128.4286868603229550, 12.99999999999999822, 39.11635155042824863 ) ) ;
#2474 = EDGE_CURVE ( 'NONE', #2265, #6535, #6592, .T. ) ;
#2475 = LINE ( 'NONE', #4210, #771 ) ;
#2476 = LINE ( 'NONE', #4730, #3466 ) ;
#2477 = ORIENTED_EDGE ( 'NONE', *, *, #2109, .T. ) ;
#2478 = CARTESIAN_POINT ( 'NONE',  ( 173.4435663895011714, 13.00000000000000178, 38.14319022875939424 ) ) ;
#2479 = PLANE ( 'NONE',  #1826 ) ;
#2480 = CARTESIAN_POINT ( 'NONE',  ( 218.1140879250471016, 13.00000000000000533, 53.81606149722201593 ) ) ;
#2481 = VERTEX_POINT ( 'NONE', #1586 ) ;
#2482 = LINE ( 'NONE', #2041, #6304 ) ;
#2483 = CARTESIAN_POINT ( 'NONE',  ( 211.3021278385020310, 13.00000000000000178, 55.93322485905117247 ) ) ;
#2484 = ORIENTED_EDGE ( 'NONE', *, *, #6109, .F. ) ;
#2485 = VERTEX_POINT ( 'NONE', #2765 ) ;
#2486 = CARTESIAN_POINT ( 'NONE',  ( 81.81350579664088229, 10.00000000000000000, 37.01963116780611074 ) ) ;
#2487 = LINE ( 'NONE', #4773, #5018 ) ;
#2488 = FACE_OUTER_BOUND ( 'NONE', #6129, .T. ) ;
#2489 = EDGE_CURVE ( 'NONE', #1563, #3088, #1553, .T. ) ;
#2490 = CARTESIAN_POINT ( 'NONE',  ( 72.76390378139321058, 9.999999999999994671, 43.11329757784672267 ) ) ;
#2491 = ORIENTED_EDGE ( 'NONE', *, *, #6072, .F. ) ;
#2492 = B_SPLINE_CURVE_WITH_KNOTS ( 'NONE', 3,
 ( #258, #6972, #3123, #1937, #5264, #6603, #7015, #5913, #5878, #4190, #1315, #5367, #6425, #1565, #225, #5231, #3639, #2457, #4227, #4822, #2419, #4675, #6906, #1386, #836, #4711, #3087 ),
 .UNSPECIFIED., .F., .F.,
 ( 4, 1, 1, 1, 1, 1, 1, 1, 1, 1, 1, 1, 1, 1, 1, 1, 1, 1, 1, 1, 1, 1, 1, 1, 4 ),
 ( 0.000000000000000000, 0.06221003268244141432, 0.1206959731983287404, 0.1755484638831967259, 0.2261906127214152185, 0.2737107306295715747, 0.3173020717741424357, 0.3578372980216199539, 0.3954278376537090356, 0.4310885268449396457, 0.4660974733410731541, 0.5010152197637681715, 0.5354236135188901180, 0.5701735381629636779, 0.6047650703833906682, 0.6400930345425706047, 0.6759387007616813881, 0.7122247901876547216, 0.7494554524110942362, 0.7876011171624474061, 0.8267837743908831305, 0.8678285699487365834, 0.9101595124056448549, 0.9539387393934005699, 1.000000000000000000 ),
 .UNSPECIFIED. ) ;
#2493 = DIRECTION ( 'NONE',  ( 0.000000000000000000, -0.000000000000000000, 1.000000000000000000 ) ) ;
#2494 = ORIENTED_EDGE ( 'NONE', *, *, #1240, .F. ) ;
#2495 = CARTESIAN_POINT ( 'NONE',  ( 139.7074470531401005, 13.00000000000000178, 36.79419527577769600 ) ) ;
#2496 = CARTESIAN_POINT ( 'NONE',  ( 92.61351367054551531, 10.00000000000000000, 42.85195326123243120 ) ) ;
#2497 = DIRECTION ( 'NONE',  ( -0.000000000000000000, -1.000000000000000000, -0.000000000000000000 ) ) ;
#2498 = PLANE ( 'NONE',  #2080 ) ;
#2499 = ORIENTED_EDGE ( 'NONE', *, *, #4070, .T. ) ;
#2500 = CARTESIAN_POINT ( 'NONE',  ( 206.7890515370186506, 13.00000000000000178, 38.52229677155073517 ) ) ;
#2501 = CARTESIAN_POINT ( 'NONE',  ( 148.2311156180661271, 12.99999999999999822, 38.41019250160776011 ) ) ;
#2502 = CARTESIAN_POINT ( 'NONE',  ( 3.535533905932737309, 0.000000000000000000, 3.535533905932737309 ) ) ;
#2503 = LINE ( 'NONE', #1913, #1729 ) ;
#2504 = DIRECTION ( 'NONE',  ( -0.000000000000000000, -1.000000000000000000, -0.000000000000000000 ) ) ;
#2505 = CARTESIAN_POINT ( 'NONE',  ( 196.0353001167004265, 13.00000000000000178, 34.45452451193689569 ) ) ;
#2506 = CARTESIAN_POINT ( 'NONE',  ( 249.1122231936234925, 13.00000000000000178, 46.06510143501382260 ) ) ;
#2507 = EDGE_CURVE ( 'NONE', #4514, #4289, #3244, .T. ) ;
#2508 = CARTESIAN_POINT ( 'NONE',  ( 133.1294022598765707, 10.00000000000000000, 35.21512628246320276 ) ) ;
#2509 = DIRECTION ( 'NONE',  ( -0.000000000000000000, -1.000000000000000000, -0.000000000000000000 ) ) ;
#2510 = CARTESIAN_POINT ( 'NONE',  ( 147.8812735699490872, 10.00000000000000000, 52.84246626758707777 ) ) ;
#2511 = EDGE_LOOP ( 'NONE', ( #6137, #6645, #1046, #3095 ) ) ;
#2512 = CARTESIAN_POINT ( 'NONE',  ( 172.8917353181363978, 12.99999999999999822, 37.42858641902314076 ) ) ;
#2513 = CARTESIAN_POINT ( 'NONE',  ( 215.8429924243927189, 12.99999999999999822, 54.06990912732151600 ) ) ;
#2514 = DIRECTION ( 'NONE',  ( 0.000000000000000000, 0.000000000000000000, -1.000000000000000000 ) ) ;
#2515 = CARTESIAN_POINT ( 'NONE',  ( 84.00405011670042654, 10.00000000000000000, 56.76221681962920940 ) ) ;
#2516 = EDGE_CURVE ( 'NONE', #4480, #6208, #6626, .T. ) ;
#2517 = EDGE_LOOP ( 'NONE', ( #335, #1133, #2888, #1199 ) ) ;
#2518 = CARTESIAN_POINT ( 'NONE',  ( 158.4828253886434482, 13.00000000000000178, 35.92452989401945018 ) ) ;
#2519 = CARTESIAN_POINT ( 'NONE',  ( 157.2129736396096575, 9.999999999999998224, 41.05039465339895344 ) ) ;
#2520 = ORIENTED_EDGE ( 'NONE', *, *, #3874, .T. ) ;
#2521 = AXIS2_PLACEMENT_3D ( 'NONE', #3730, #415, #2662 ) ;
#2522 = CARTESIAN_POINT ( 'NONE',  ( 78.71983975396199185, 12.99999999999999822, 38.48701887194184224 ) ) ;
#2523 = PLANE ( 'NONE',  #5604 ) ;
#2524 = EDGE_LOOP ( 'NONE', ( #6469, #390, #1570, #3053 ) ) ;
#2525 = LINE ( 'NONE', #799, #543 ) ;
#2526 = B_SPLINE_CURVE_WITH_KNOTS ( 'NONE', 3,
 ( #5283, #1441, #244, #5931, #6516, #1478, #4729, #6954, #4170, #6403, #1368 ),
 .UNSPECIFIED., .F., .F.,
 ( 4, 1, 1, 1, 1, 1, 1, 1, 4 ),
 ( 0.000000000000000000, 0.1232898687277949740, 0.2421490813339683967, 0.3634374760537287252, 0.4897453933413709604, 0.6181148445930065849, 0.7448937812572480333, 0.8689322665891827668, 1.000000000000000000 ),
 .UNSPECIFIED. ) ;
#2527 = ADVANCED_FACE ( 'NONE', ( #4912 ), #2215, .T. ) ;
#2528 = CARTESIAN_POINT ( 'NONE',  ( 102.0114745308192852, 10.00000000000000000, 50.56002801823969151 ) ) ;
#2529 = VERTEX_POINT ( 'NONE', #3210 ) ;
#2530 = CARTESIAN_POINT ( 'NONE',  ( 296.5030604351463808, 10.00000000000000000, 91.13552925583975650 ) ) ;
#2531 = ORIENTED_EDGE ( 'NONE', *, *, #4265, .F. ) ;
#2532 = CARTESIAN_POINT ( 'NONE',  ( 140.8785228094612876, 12.99999999999999822, 36.98023164288257192 ) ) ;
#2533 = CARTESIAN_POINT ( 'NONE',  ( 91.53278321067327283, 9.999999999999996447, 40.56731213550532544 ) ) ;
#2534 = DIRECTION ( 'NONE',  ( -0.000000000000000000, -1.000000000000000000, -0.000000000000000000 ) ) ;
#2535 = DIRECTION ( 'NONE',  ( 0.000000000000000000, 1.000000000000000000, 0.000000000000000000 ) ) ;
#2536 = VECTOR ( 'NONE', #3054, 1000.000000000000000 ) ;
#2537 = ORIENTED_EDGE ( 'NONE', *, *, #1621, .F. ) ;
#2538 = EDGE_CURVE ( 'NONE', #3955, #2554, #6644, .T. ) ;
#2539 = CARTESIAN_POINT ( 'NONE',  ( 166.0337354973732147, 9.999999999999996447, 54.02738226272910538 ) ) ;
#2540 = CARTESIAN_POINT ( 'NONE',  ( 145.5808877757056052, 9.999999999999996447, 35.95236573074836883 ) ) ;
#2541 = CARTESIAN_POINT ( 'NONE',  ( 141.9175698155662531, 10.00000000000000355, 53.55025811902104493 ) ) ;
#2542 = FACE_OUTER_BOUND ( 'NONE', #6651, .T. ) ;
#2544 = VECTOR ( 'NONE', #3285, 1000.000000000000000 ) ;
#2543 = CARTESIAN_POINT ( 'NONE',  ( 77.11018328003159183, 13.00000000000000178, 50.69240783167715847 ) ) ;
#2545 = FACE_BOUND ( 'NONE', #2705, .T. ) ;
#2546 = CARTESIAN_POINT ( 'NONE',  ( 209.1360491700016553, 9.999999999999998224, 39.95667014268951078 ) ) ;
#2547 = VECTOR ( 'NONE', #5694, 1000.000000000000000 ) ;
#2548 = VECTOR ( 'NONE', #3855, 1000.000000000000000 ) ;
#2549 = EDGE_CURVE ( 'NONE', #2739, #6930, #937, .T. ) ;
#2550 = VECTOR ( 'NONE', #3948, 1000.000000000000000 ) ;
#2551 = CARTESIAN_POINT ( 'NONE',  ( 128.8905260024659469, 12.99999999999999822, 38.50132013896843119 ) ) ;
#2552 = CARTESIAN_POINT ( 'NONE',  ( 171.9741715790359535, 13.00000000000000178, 50.78380950763850166 ) ) ;
#2553 = CARTESIAN_POINT ( 'NONE',  ( 104.5389058859311859, 10.00000000000000355, 49.74899566578304899 ) ) ;
#2554 = VERTEX_POINT ( 'NONE', #5458 ) ;
#2555 = CARTESIAN_POINT ( 'NONE',  ( 106.5382992571377656, 13.00000000000000178, 52.62018264446357563 ) ) ;
#2556 = CARTESIAN_POINT ( 'NONE',  ( 92.95837703977734634, 13.00000000000000178, 38.69731297347536270 ) ) ;
#2557 = EDGE_CURVE ( 'NONE', #3807, #4762, #3200, .T. ) ;
#2558 = CARTESIAN_POINT ( 'NONE',  ( 215.8429924243927189, 10.00000000000000000, 54.06990912732151600 ) ) ;
#2559 = CARTESIAN_POINT ( 'NONE',  ( 92.95837703977734634, 10.00000000000000000, 52.58553412732151600 ) ) ;
#2560 = AXIS2_PLACEMENT_3D ( 'NONE', #3243, #6110, #6662 ) ;
#2561 = VECTOR ( 'NONE', #1822, 1000.000000000000000 ) ;
#2562 = CARTESIAN_POINT ( 'NONE',  ( 164.4683303584545797, 10.00000000000000000, 34.08105146694710896 ) ) ;
#2563 = CARTESIAN_POINT ( 'NONE',  ( 104.3457407766577489, 10.00000000000000000, 48.87717450275513187 ) ) ;
#2564 = ORIENTED_EDGE ( 'NONE', *, *, #3225, .T. ) ;
#2565 = CARTESIAN_POINT ( 'NONE',  ( 166.6666666666666288, 20.00000000000000000, 97.93724644492834841 ) ) ;
#2566 = CARTESIAN_POINT ( 'NONE',  ( 130.3158017687460983, 10.00000000000000178, 49.75803255746424725 ) ) ;
#2567 = CARTESIAN_POINT ( 'NONE',  ( 220.4598371785232871, 10.00000000000000355, 34.94813308764030779 ) ) ;
#2568 = EDGE_CURVE ( 'NONE', #5005, #3665, #6769, .T. ) ;
#2569 = CARTESIAN_POINT ( 'NONE',  ( 72.58450140988955468, 13.00000000000000178, 44.97484936046269155 ) ) ;
#2570 = B_SPLINE_CURVE_WITH_KNOTS ( 'NONE', 3,
 ( #4463, #3467, #1658, #6698, #3396, #6147, #2842, #5599, #4015, #1104, #554, #2808, #12, #3430, #6807, #4496, #2247, #3942, #6182 ),
 .UNSPECIFIED., .F., .F.,
 ( 4, 1, 1, 1, 1, 1, 1, 1, 1, 1, 1, 1, 1, 1, 1, 1, 4 ),
 ( 0.000000000000000000, 0.06461999134076831797, 0.1274334841444696165, 0.1890041265579404384, 0.2499300706860468901, 0.3106684537406716462, 0.3723289611368242324, 0.4349391099970088548, 0.4995755441940342156, 0.5641912077719239971, 0.6267352169294785336, 0.6881093335614019146, 0.7492936065367513665, 0.8103305278109453891, 0.8719011702244161555, 0.9350459146845315761, 1.000000000000000000 ),
 .UNSPECIFIED. ) ;
#2571 = ORIENTED_EDGE ( 'NONE', *, *, #6375, .F. ) ;
#2572 = CARTESIAN_POINT ( 'NONE',  ( 176.4199155013158133, 13.00000000000000178, 56.37760143501382260 ) ) ;
#2573 = EDGE_CURVE ( 'NONE', #6369, #2739, #4649, .T. ) ;
#2574 = ORIENTED_EDGE ( 'NONE', *, *, #1784, .F. ) ;
#2575 = CARTESIAN_POINT ( 'NONE',  ( 215.8429924243927189, 10.00000000000000000, 54.06990912732151600 ) ) ;
#2576 = CARTESIAN_POINT ( 'NONE',  ( 104.1122231936234925, 13.00000000000000178, 34.45452451193689569 ) ) ;
#2577 = FACE_OUTER_BOUND ( 'NONE', #3602, .T. ) ;
#2578 = DIRECTION ( 'NONE',  ( 1.000000000000000000, 0.000000000000000000, 0.000000000000000000 ) ) ;
#2579 = ORIENTED_EDGE ( 'NONE', *, *, #1304, .F. ) ;
#2580 = PLANE ( 'NONE',  #6305 ) ;
#2581 = CARTESIAN_POINT ( 'NONE',  ( 142.8884129028394909, 13.00000000000000178, 34.72261452917847180 ) ) ;
#2582 = CARTESIAN_POINT ( 'NONE',  ( 146.2143436990845089, 13.00000000000000178, 50.53063890441953987 ) ) ;
#2583 = CARTESIAN_POINT ( 'NONE',  ( 224.4558379013425053, 9.999999999999998224, 46.63917942082377976 ) ) ;
#2584 = CARTESIAN_POINT ( 'NONE',  ( 75.28205414726768652, 10.00000000000000000, 45.75964438670087020 ) ) ;
#2585 = CARTESIAN_POINT ( 'NONE',  ( 232.5737616551619737, 13.00000000000000178, 34.45452451193689569 ) ) ;
#2586 = ORIENTED_EDGE ( 'NONE', *, *, #6765, .F. ) ;
#2587 = CARTESIAN_POINT ( 'NONE',  ( 207.2135318018727901, 9.999999999999996447, 44.61305909623124677 ) ) ;
#2588 = CARTESIAN_POINT ( 'NONE',  ( 126.6288755358453102, 12.99999999999999822, 43.30596343018814309 ) ) ;
#2589 = CARTESIAN_POINT ( 'NONE',  ( 187.9583770397773606, 13.00000000000000178, 37.14683220424458909 ) ) ;
#2590 = CARTESIAN_POINT ( 'NONE',  ( 196.0353001167004265, 10.00000000000000000, 56.37760143501382260 ) ) ;
#2591 = CARTESIAN_POINT ( 'NONE',  ( 148.7276078090081342, 13.00000000000000178, 39.20813028116766930 ) ) ;
#2592 = CARTESIAN_POINT ( 'NONE',  ( 221.9888972176958077, 13.00000000000000178, 51.66056439072934126 ) ) ;
#2593 = DIRECTION ( 'NONE',  ( -0.000000000000000000, -1.000000000000000000, -0.000000000000000000 ) ) ;
#2594 = CARTESIAN_POINT ( 'NONE',  ( 204.9236546916693271, 9.999999999999992895, 48.70824916815978867 ) ) ;
#2595 = CARTESIAN_POINT ( 'NONE',  ( 160.4547980942436425, 13.00000000000000533, 37.86962970093853897 ) ) ;
#2596 = CARTESIAN_POINT ( 'NONE',  ( 162.5714554663958040, 13.00000000000000178, 34.25470934172790294 ) ) ;
#2597 = CARTESIAN_POINT ( 'NONE',  ( 212.3583729686683057, 13.00000000000000178, 56.30923193959399242 ) ) ;
#2598 = ORIENTED_EDGE ( 'NONE', *, *, #3216, .F. ) ;
#2599 = EDGE_LOOP ( 'NONE', ( #1595, #7078, #890, #7048 ) ) ;
#2600 = CARTESIAN_POINT ( 'NONE',  ( 72.76390378139321058, 12.99999999999999467, 43.11329757784672267 ) ) ;
#2601 = CARTESIAN_POINT ( 'NONE',  ( 167.5263996312039296, 10.00000000000000000, 37.09351631144043893 ) ) ;
#2602 = CARTESIAN_POINT ( 'NONE',  ( 225.9635592248193348, 13.00000000000000533, 50.69460513278718139 ) ) ;
#2603 = CARTESIAN_POINT ( 'NONE',  ( 73.88179644957772041, 10.00000000000000178, 40.04288111408455819 ) ) ;
#2604 = ORIENTED_EDGE ( 'NONE', *, *, #452, .T. ) ;
#2605 = VERTEX_POINT ( 'NONE', #196 ) ;
#2606 = DESIGN_CONTEXT ( 'detailed design', #6829, 'design' ) ;
#2607 = LINE ( 'NONE', #3195, #441 ) ;
#2608 = CARTESIAN_POINT ( 'NONE',  ( 92.95015141373512790, 9.999999999999996447, 45.16124420648579019 ) ) ;
#2609 = CARTESIAN_POINT ( 'NONE',  ( 205.2319048680810170, 13.00000000000000533, 41.28356592159164506 ) ) ;
#2610 = CARTESIAN_POINT ( 'NONE',  ( 237.9232839197824774, 10.00000000000000000, 38.85541176349818215 ) ) ;
#2611 = ADVANCED_FACE ( 'NONE', ( #1839 ), #1151, .T. ) ;
#2612 = EDGE_CURVE ( 'NONE', #215, #1762, #6256, .T. ) ;
#2613 = EDGE_CURVE ( 'NONE', #6194, #1828, #7234, .T. ) ;
#2614 = ORIENTED_EDGE ( 'NONE', *, *, #2032, .T. ) ;
#2615 = CARTESIAN_POINT ( 'NONE',  ( 127.2626796713283142, 10.00000000000000000, 49.91119908669642058 ) ) ;
#2616 = CARTESIAN_POINT ( 'NONE',  ( 194.8907527142174274, 13.00000000000000178, 27.69484013985573512 ) ) ;
#2617 = FACE_OUTER_BOUND ( 'NONE', #2871, .T. ) ;
#2618 = CARTESIAN_POINT ( 'NONE',  ( 248.5273445024015189, 10.00000000000000000, 40.08160984087832190 ) ) ;
#2619 = CARTESIAN_POINT ( 'NONE',  ( 82.95490311690770113, 12.99999999999999822, 54.02989262135524484 ) ) ;
#2620 = CARTESIAN_POINT ( 'NONE',  ( 115.5045069255513681, 12.99999999999999822, 52.96780671153156561 ) ) ;
#2621 = VERTEX_POINT ( 'NONE', #5206 ) ;
#2622 = LINE ( 'NONE', #3102, #5373 ) ;
#2623 = PLANE ( 'NONE',  #3257 ) ;
#2624 = CARTESIAN_POINT ( 'NONE',  ( 249.1122231936234925, 13.00000000000000178, 56.37760143501382260 ) ) ;
#2625 = CARTESIAN_POINT ( 'NONE',  ( 167.3264310644435398, 10.00000000000000178, 56.53152832937117722 ) ) ;
#2626 = FACE_OUTER_BOUND ( 'NONE', #1675, .T. ) ;
#2627 = CARTESIAN_POINT ( 'NONE',  ( 129.0323282773942992, 13.00000000000000178, 52.69948901655517659 ) ) ;
#2628 = DIRECTION ( 'NONE',  ( -0.000000000000000000, -1.000000000000000000, -0.000000000000000000 ) ) ;
#2629 = LINE ( 'NONE', #3592, #3856 ) ;
#2630 = CARTESIAN_POINT ( 'NONE',  ( 215.4436677010392884, 10.00000000000000000, 34.07886240977938286 ) ) ;
#2631 = CARTESIAN_POINT ( 'NONE',  ( 218.3584132757123939, 10.00000000000000355, 37.11019033808361200 ) ) ;
#2632 = CARTESIAN_POINT ( 'NONE',  ( 206.2700576312429916, 13.00000000000000178, 51.63240496959004844 ) ) ;
#2633 = ORIENTED_EDGE ( 'NONE', *, *, #633, .T. ) ;
#2634 = ORIENTED_EDGE ( 'NONE', *, *, #1917, .F. ) ;
#2635 = CARTESIAN_POINT ( 'NONE',  ( 72.58450140988955468, 13.00000000000000178, 44.97484936046269155 ) ) ;
#2636 = DIRECTION ( 'NONE',  ( 0.000000000000000000, 1.000000000000000000, 0.000000000000000000 ) ) ;
#2637 = CARTESIAN_POINT ( 'NONE',  ( 204.4968385782388793, 13.00000000000000178, 45.47615912732151600 ) ) ;
#2638 = ADVANCED_FACE ( 'NONE', ( #160 ), #2213, .T. ) ;
#2639 = CARTESIAN_POINT ( 'NONE',  ( 72.76390378139321058, 12.99999999999999467, 43.11329757784672267 ) ) ;
#2640 = EDGE_LOOP ( 'NONE', ( #5660, #1616, #469, #3424 ) ) ;
#2641 = ORIENTED_EDGE ( 'NONE', *, *, #3357, .F. ) ;
#2642 = CARTESIAN_POINT ( 'NONE',  ( 207.4525574521420879, 9.999999999999996447, 47.76036701902580006 ) ) ;
#2643 = CARTESIAN_POINT ( 'NONE',  ( 173.7276078090081057, 13.00000000000000178, 38.51101489655228960 ) ) ;
#2644 = EDGE_CURVE ( 'NONE', #3860, #6214, #224, .T. ) ;
#2645 = LINE ( 'NONE', #1462, #800 ) ;
#2646 = CARTESIAN_POINT ( 'NONE',  ( 235.2660693474696814, 13.00000000000000178, 48.45091874270613630 ) ) ;
#2647 = CC_DESIGN_APPROVAL ( #6136, ( #451 ) ) ;
#2648 = ORIENTED_EDGE ( 'NONE', *, *, #6513, .T. ) ;
#2649 = CARTESIAN_POINT ( 'NONE',  ( 126.4298378748761280, 13.00000000000000178, 45.97759267008805040 ) ) ;
#2650 = CARTESIAN_POINT ( 'NONE',  ( 227.1891462705465585, 10.00000000000000000, 45.47615912732151600 ) ) ;
#2651 = CARTESIAN_POINT ( 'NONE',  ( 121.0315141611156520, 13.00000000000000178, 45.49023433316057918 ) ) ;
#2652 = CARTESIAN_POINT ( 'NONE',  ( 215.5520986130635208, 13.00000000000000178, 36.77048474826580815 ) ) ;
#2653 = VECTOR ( 'NONE', #4600, 1000.000000000000000 ) ;
#2654 = LINE ( 'NONE', #7171, #3695 ) ;
#2655 = ORIENTED_EDGE ( 'NONE', *, *, #1439, .T. ) ;
#2656 = CARTESIAN_POINT ( 'NONE',  ( 208.6176665134643429, 10.00000000000000000, 40.64965607598939812 ) ) ;
#2657 = CIRCLE ( 'NONE', #4777, 1.500000000000001332 ) ;
#2658 = ADVANCED_FACE ( 'NONE', ( #3679 ), #5923, .F. ) ;
#2659 = VECTOR ( 'NONE', #6539, 1000.000000000000000 ) ;
#2660 = CARTESIAN_POINT ( 'NONE',  ( 171.9397454612123681, 13.00000000000000178, 36.49823338785065374 ) ) ;
#2661 = CARTESIAN_POINT ( 'NONE',  ( 245.9632397578508005, 13.00000000000000178, 34.34571759871341357 ) ) ;
#2662 = DIRECTION ( 'NONE',  ( 0.000000000000000000, 0.000000000000000000, 1.000000000000000000 ) ) ;
#2663 = LINE ( 'NONE', #7144, #3025 ) ;
#2664 = CARTESIAN_POINT ( 'NONE',  ( 204.4968385782388793, 10.00000000000000000, 45.47615912732151600 ) ) ;
#2665 = DIRECTION ( 'NONE',  ( 0.000000000000000000, 0.000000000000000000, 1.000000000000000000 ) ) ;
#2666 = CARTESIAN_POINT ( 'NONE',  ( 153.3534993084370228, 13.00000000000000178, 45.74512780677691381 ) ) ;
#2667 = AXIS2_PLACEMENT_3D ( 'NONE', #2021, #2535, #5270 ) ;
#2668 = CARTESIAN_POINT ( 'NONE',  ( 223.5102659986143578, 10.00000000000000533, 41.37203762034374677 ) ) ;
#2669 = CARTESIAN_POINT ( 'NONE',  ( 153.7991146248455436, 10.00000000000000000, 42.04599820013325484 ) ) ;
#2670 = EDGE_LOOP ( 'NONE', ( #2930, #6337 ) ) ;
#2671 = EDGE_LOOP ( 'NONE', ( #5357, #4296, #1960, #4246 ) ) ;
#2672 = CARTESIAN_POINT ( 'NONE',  ( 225.4159247602457867, 9.999999999999998224, 51.63240126954931242 ) ) ;
#2673 = VECTOR ( 'NONE', #4914, 1000.000000000000000 ) ;
#2674 = CARTESIAN_POINT ( 'NONE',  ( 173.1054915539208139, 10.00000000000000000, 42.05101592644442121 ) ) ;
#2675 = CARTESIAN_POINT ( 'NONE',  ( 223.2136891311471061, 13.00000000000000178, 54.18086000942628289 ) ) ;
#2676 = VECTOR ( 'NONE', #2278, 1000.000000000000000 ) ;
#2677 = CARTESIAN_POINT ( 'NONE',  ( 83.69909958922380611, 13.00000000000000178, 34.08105146694710896 ) ) ;
#2678 = VERTEX_POINT ( 'NONE', #2024 ) ;
#2679 = ORIENTED_EDGE ( 'NONE', *, *, #2253, .F. ) ;
#2680 = CARTESIAN_POINT ( 'NONE',  ( 68.72760780900810573, 13.00000000000000178, 41.76221681962920940 ) ) ;
#2681 = FACE_OUTER_BOUND ( 'NONE', #4731, .T. ) ;
#2682 = DIRECTION ( 'NONE',  ( -0.000000000000000000, -1.000000000000000000, -0.000000000000000000 ) ) ;
#2683 = CARTESIAN_POINT ( 'NONE',  ( 235.4219887001751204, 10.00000000000000000, 44.17699046833391918 ) ) ;
#2684 = CALENDAR_DATE ( 2026, 1, 9 ) ;
#2685 = ORIENTED_EDGE ( 'NONE', *, *, #386, .F. ) ;
#2686 = DIRECTION ( 'NONE',  ( 0.000000000000000000, -0.000000000000000000, 1.000000000000000000 ) ) ;
#2687 = CARTESIAN_POINT ( 'NONE',  ( 163.7231137264067797, 10.00000000000000178, 36.80385835193838773 ) ) ;
#2688 = EDGE_LOOP ( 'NONE', ( #5368, #680, #4033, #786 ) ) ;
#2689 = CARTESIAN_POINT ( 'NONE',  ( 244.2059655964741296, 10.00000000000000178, 36.79386421768305127 ) ) ;
#2690 = LINE ( 'NONE', #7170, #2303 ) ;
#2691 = FACE_BOUND ( 'NONE', #4268, .T. ) ;
#2692 = ORIENTED_EDGE ( 'NONE', *, *, #3685, .F. ) ;
#2693 = CARTESIAN_POINT ( 'NONE',  ( 165.2087419016817478, 9.999999999999996447, 56.75206996115357327 ) ) ;
#2694 = CARTESIAN_POINT ( 'NONE',  ( 101.4199155013158133, 13.00000000000000178, 44.92928412732151600 ) ) ;
#2695 = DIRECTION ( 'NONE',  ( 0.000000000000000000, 0.000000000000000000, -1.000000000000000000 ) ) ;
#2696 = DIRECTION ( 'NONE',  ( 0.000000000000000000, 0.000000000000000000, 1.000000000000000000 ) ) ;
#2697 = CARTESIAN_POINT ( 'NONE',  ( 232.5737616551619737, 13.00000000000000178, 34.45452451193689569 ) ) ;
#2698 = DIRECTION ( 'NONE',  ( 0.000000000000000000, 0.000000000000000000, 1.000000000000000000 ) ) ;
#2699 = CARTESIAN_POINT ( 'NONE',  ( 54.49683857823887934, 13.00000000000000178, 29.45452451193689924 ) ) ;
#2700 = CARTESIAN_POINT ( 'NONE',  ( 33.33333333333334991, 20.00000000000000000, 94.93724644492834841 ) ) ;
#2701 = ADVANCED_FACE ( 'NONE', ( #5379 ), #337, .T. ) ;
#2702 = CARTESIAN_POINT ( 'NONE',  ( 173.7276078090081057, 13.00000000000000178, 45.46413989655228249 ) ) ;
#2703 = CARTESIAN_POINT ( 'NONE',  ( 219.3816698171216899, 13.00000000000000178, 34.56009112700211716 ) ) ;
#2704 = ORIENTED_EDGE ( 'NONE', *, *, #7148, .F. ) ;
#2705 = EDGE_LOOP ( 'NONE', ( #6527, #910, #941, #2655, #309, #6588, #6054, #6501, #3672, #1415 ) ) ;
#2706 = CARTESIAN_POINT ( 'NONE',  ( 221.3942304276900757, 9.999999999999996447, 55.45928681446972774 ) ) ;
#2707 = CARTESIAN_POINT ( 'NONE',  ( 102.7822156033699201, 13.00000000000000178, 52.43659032673190978 ) ) ;
#2708 = CARTESIAN_POINT ( 'NONE',  ( 171.7799672679018386, 10.00000000000000000, 39.88285603787951317 ) ) ;
#2709 = CARTESIAN_POINT ( 'NONE',  ( 223.8758718316016996, 13.00000000000000178, 42.13071622881658129 ) ) ;
#2710 = CARTESIAN_POINT ( 'NONE',  ( 82.93203822866996688, 9.999999999999998224, 34.10301801681356437 ) ) ;
#2711 = ORIENTED_EDGE ( 'NONE', *, *, #1575, .F. ) ;
#2712 = EDGE_LOOP ( 'NONE', ( #6836, #640 ) ) ;
#2713 = CARTESIAN_POINT ( 'NONE',  ( 92.67307099642532364, 10.00000000000000000, 38.33071978043330574 ) ) ;
#2714 = CARTESIAN_POINT ( 'NONE',  ( 121.0241688893951704, 12.99999999999999822, 46.19379176060918013 ) ) ;
#2715 = DIRECTION ( 'NONE',  ( 0.000000000000000000, 1.000000000000000000, 0.000000000000000000 ) ) ;
#2716 = ADVANCED_FACE ( 'NONE', ( #4130 ), #1468, .T. ) ;
#2717 = EDGE_LOOP ( 'NONE', ( #982, #6061, #2204, #4398, #1348, #5912, #2940, #3049, #5161, #6717, #6014, #3188 ) ) ;
#2718 = CARTESIAN_POINT ( 'NONE',  ( 195.9897194143944716, 13.00000000000000178, 29.46586611507682107 ) ) ;
#2719 = ORIENTED_EDGE ( 'NONE', *, *, #3780, .F. ) ;
#2720 = CARTESIAN_POINT ( 'NONE',  ( 167.4656097439745963, 10.00000000000000000, 34.30750777113145489 ) ) ;
#2721 = CARTESIAN_POINT ( 'NONE',  ( 133.7040970121375665, 13.00000000000000178, 52.95917109708094017 ) ) ;
#2722 = CARTESIAN_POINT ( 'NONE',  ( 266.6666666666666856, 20.00000000000000000, 96.43724644492834841 ) ) ;
#2723 = ORIENTED_EDGE ( 'NONE', *, *, #6680, .F. ) ;
#2724 = CARTESIAN_POINT ( 'NONE',  ( 170.7931937937426596, 9.999999999999996447, 55.19671577654074923 ) ) ;
#2725 = CARTESIAN_POINT ( 'NONE',  ( 187.9583770397773606, 13.00000000000000178, 56.37760143501382260 ) ) ;
#2726 = DIRECTION ( 'NONE',  ( -0.000000000000000000, -1.000000000000000000, -0.000000000000000000 ) ) ;
#2727 = CARTESIAN_POINT ( 'NONE',  ( 104.1122231936234925, 13.00000000000000178, 44.62279374270612919 ) ) ;
#2728 = CARTESIAN_POINT ( 'NONE',  ( 90.15065568749960789, 13.00000000000000178, 35.86480405995698106 ) ) ;
#2729 = CARTESIAN_POINT ( 'NONE',  ( 249.1122231936234925, 13.00000000000000178, 56.37760143501382260 ) ) ;
#2730 = DIRECTION ( 'NONE',  ( 0.000000000000000000, 0.000000000000000000, 1.000000000000000000 ) ) ;
#2731 = CARTESIAN_POINT ( 'NONE',  ( 195.9897194143944716, 10.00000000000000178, 29.46586611507682107 ) ) ;
#2732 = EDGE_CURVE ( 'NONE', #5508, #5285, #6359, .T. ) ;
#2733 = EDGE_CURVE ( 'NONE', #4370, #6721, #234, .T. ) ;
#2734 = B_SPLINE_CURVE_WITH_KNOTS ( 'NONE', 3,
 ( #1221, #6848, #4060, #6297, #2033, #1296, #1403, #2438, #6992, #3140, #3654, #6366, #2992, #851, #6402 ),
 .UNSPECIFIED., .F., .F.,
 ( 4, 1, 1, 1, 1, 1, 1, 1, 1, 1, 1, 1, 4 ),
 ( 0.000000000000000000, 0.08592051741176975899, 0.1695934351247459781, 0.2524755148685384754, 0.3362444769570526737, 0.4195045210415739856, 0.5020359066440907014, 0.5847746476768727053, 0.6698464747058016089, 0.7541848663887862347, 0.8366582383293271752, 0.9180097257088054574, 1.000000000000000000 ),
 .UNSPECIFIED. ) ;
#2735 = VERTEX_POINT ( 'NONE', #6394 ) ;
#2736 = CARTESIAN_POINT ( 'NONE',  ( 219.1422924269758425, 9.999999999999996447, 37.38402468373432441 ) ) ;
#2737 = CARTESIAN_POINT ( 'NONE',  ( 157.5664648379403161, 10.00000000000000000, 36.59660742638341446 ) ) ;
#2738 = ORIENTED_EDGE ( 'NONE', *, *, #2612, .F. ) ;
#2739 = VERTEX_POINT ( 'NONE', #2134 ) ;
#2740 = CARTESIAN_POINT ( 'NONE',  ( 249.0974080899494254, 9.999999999999996447, 44.37823675878753704 ) ) ;
#2741 = CARTESIAN_POINT ( 'NONE',  ( 110.4553161479495742, 13.00000000000000178, 56.75358313413370581 ) ) ;
#2742 = CARTESIAN_POINT ( 'NONE',  ( 1.224646799147353533E-14, 10.00000000000000000, 100.0000000000000000 ) ) ;
#2743 = EDGE_CURVE ( 'NONE', #106, #3566, #5045, .T. ) ;
#2744 = CARTESIAN_POINT ( 'NONE',  ( 224.1499142652078262, 13.00000000000000533, 42.92659054266833607 ) ) ;
#2745 = CARTESIAN_POINT ( 'NONE',  ( 83.69909958922380611, 10.00000000000000000, 34.08105146694710896 ) ) ;
#2746 = EDGE_CURVE ( 'NONE', #5285, #7152, #4414, .T. ) ;
#2747 = VERTEX_POINT ( 'NONE', #3900 ) ;
#2748 = CARTESIAN_POINT ( 'NONE',  ( 199.8538414337380118, 12.99999999999999822, 27.99414934686826228 ) ) ;
#2749 = VERTEX_POINT ( 'NONE', #4377 ) ;
#2750 = CARTESIAN_POINT ( 'NONE',  ( 33.33333333333334991, 20.00000000000000000, 97.93724644492834841 ) ) ;
#2751 = CARTESIAN_POINT ( 'NONE',  ( 121.0315141611156520, 13.00000000000000178, 45.49023433316057918 ) ) ;
#2752 = CARTESIAN_POINT ( 'NONE',  ( 207.5016462705465585, 13.00000000000000178, 37.69971681962920940 ) ) ;
#2753 = VECTOR ( 'NONE', #994, 1000.000000000000000 ) ;
#2754 = EDGE_LOOP ( 'NONE', ( #6581, #917 ) ) ;
#2755 = CARTESIAN_POINT ( 'NONE',  ( 194.9091352452004742, 13.00000000000000533, 27.99408727964832266 ) ) ;
#2756 = EDGE_LOOP ( 'NONE', ( #5254, #7041, #477, #511 ) ) ;
#2757 = AXIS2_PLACEMENT_3D ( 'NONE', #3432, #1069, #1142 ) ;
#2758 = CARTESIAN_POINT ( 'NONE',  ( 121.0241688893951704, 12.99999999999999822, 46.19379176060918013 ) ) ;
#2759 = CARTESIAN_POINT ( 'NONE',  ( 207.2135318018727901, 9.999999999999996447, 44.61305909623124677 ) ) ;
#2760 = CARTESIAN_POINT ( 'NONE',  ( 246.0975580259610922, 12.99999999999999822, 37.33686613704847446 ) ) ;
#2761 = CARTESIAN_POINT ( 'NONE',  ( 92.91749502052141452, 13.00000000000000178, 46.64052332137998036 ) ) ;
#2762 = EDGE_CURVE ( 'NONE', #1644, #1131, #4902, .T. ) ;
#2763 = EDGE_CURVE ( 'NONE', #5466, #5434, #7167, .T. ) ;
#2764 = CARTESIAN_POINT ( 'NONE',  ( 164.8574155013158133, 13.00000000000000178, 34.06990912732151600 ) ) ;
#2765 = CARTESIAN_POINT ( 'NONE',  ( 235.2660693474696814, 13.00000000000000178, 48.45091874270613630 ) ) ;
#2766 = CARTESIAN_POINT ( 'NONE',  ( 104.2747405437838211, 13.00000000000000178, 48.34592287105321873 ) ) ;
#2767 = CARTESIAN_POINT ( 'NONE',  ( 3.535533905932737309, 10.00000000000000000, 3.535533905932737309 ) ) ;
#2768 = CARTESIAN_POINT ( 'NONE',  ( 238.4145365568097077, 13.00000000000000178, 38.42616141609028801 ) ) ;
#2769 = CARTESIAN_POINT ( 'NONE',  ( 153.7917696653815653, 9.999999999999998224, 48.72375550313607562 ) ) ;
#2770 = CARTESIAN_POINT ( 'NONE',  ( 195.2877634219048844, 13.00000000000000178, 28.82154255229207607 ) ) ;
#2771 = EDGE_CURVE ( 'NONE', #3228, #4544, #2849, .T. ) ;
#2772 = AXIS2_PLACEMENT_3D ( 'NONE', #878, #3132, #813 ) ;
#2773 = EDGE_CURVE ( 'NONE', #5723, #1900, #916, .T. ) ;
#2774 = PLANE ( 'NONE',  #3960 ) ;
#2775 = CARTESIAN_POINT ( 'NONE',  ( 216.2663654223899243, 13.00000000000000178, 34.07866819422586246 ) ) ;
#2776 = VERTEX_POINT ( 'NONE', #4306 ) ;
#2777 = ORIENTED_EDGE ( 'NONE', *, *, #538, .F. ) ;
#2778 = CARTESIAN_POINT ( 'NONE',  ( 220.3944302567643945, 10.00000000000000178, 55.93445609116771777 ) ) ;
#2779 = CARTESIAN_POINT ( 'NONE',  ( 101.4237352586692111, 13.00000000000000178, 45.30392958099378120 ) ) ;
#2780 = CARTESIAN_POINT ( 'NONE',  ( 147.4002464410511948, 13.00000000000000178, 53.35950925874943351 ) ) ;
#2781 = CARTESIAN_POINT ( 'NONE',  ( 216.7040766546793691, 12.99999999999999822, 36.78733181120357898 ) ) ;
#2782 = VECTOR ( 'NONE', #50, 1000.000000000000000 ) ;
#2783 = AXIS2_PLACEMENT_3D ( 'NONE', #1256, #2956, #5207 ) ;
#2784 = CARTESIAN_POINT ( 'NONE',  ( 101.8288119161161518, 13.00000000000000178, 49.79800644559057332 ) ) ;
#2785 = ORIENTED_EDGE ( 'NONE', *, *, #633, .F. ) ;
#2786 = VECTOR ( 'NONE', #6703, 1000.000000000000000 ) ;
#2787 = CARTESIAN_POINT ( 'NONE',  ( 117.8982808859312001, 13.00000000000000178, 49.96534181962920940 ) ) ;
#2788 = ORIENTED_EDGE ( 'NONE', *, *, #6473, .F. ) ;
#2789 = B_SPLINE_CURVE_WITH_KNOTS ( 'NONE', 3,
 ( #4217, #6451, #3694, #2377, #1410, #5937, #2866, #70, #5773, #3454, #4561, #6244, #1824, #1202, #5698, #694, #653, #2903, #5156 ),
 .UNSPECIFIED., .F., .F.,
 ( 4, 1, 1, 1, 1, 1, 1, 1, 1, 1, 1, 1, 1, 1, 1, 1, 4 ),
 ( 0.000000000000000000, 0.07724042361647730226, 0.1511781404663821715, 0.2234879838003998309, 0.2955426441988697750, 0.3669762546197887776, 0.4371305254863862011, 0.5070436156432690522, 0.5785597335236775107, 0.6166135446965536060, 0.6587562369775288307, 0.7044912261144044008, 0.7548031149051498412, 0.8093316253185656173, 0.8682744554728211162, 0.9320728834092937287, 1.000000000000000000 ),
 .UNSPECIFIED. ) ;
#2790 = CARTESIAN_POINT ( 'NONE',  ( 173.7276078090081057, 10.00000000000000000, 56.37760143501382260 ) ) ;
#2791 = CARTESIAN_POINT ( 'NONE',  ( 119.6713642413121903, 13.00000000000000533, 52.45846658088743197 ) ) ;
#2792 = CARTESIAN_POINT ( 'NONE',  ( 147.0218058313393215, 13.00000000000000178, 37.04163161749366395 ) ) ;
#2793 = VECTOR ( 'NONE', #1396, 1000.000000000000000 ) ;
#2794 = ORIENTED_EDGE ( 'NONE', *, *, #4086, .F. ) ;
#2795 = EDGE_CURVE ( 'NONE', #4289, #2223, #7240, .T. ) ;
#2796 = EDGE_CURVE ( 'NONE', #4762, #2463, #4520, .T. ) ;
#2797 = DATE_TIME_ROLE ( 'classification_date' ) ;
#2798 = B_SPLINE_CURVE_WITH_KNOTS ( 'NONE', 3,
 ( #5456, #6477, #6987, #6000, #1954, #4242, #3617, #926, #3684, #1474, #883, #2031, #3208, #5384, #4168 ),
 .UNSPECIFIED., .F., .F.,
 ( 4, 1, 1, 1, 1, 1, 1, 1, 1, 1, 1, 1, 4 ),
 ( 0.000000000000000000, 0.08592051741176787161, 0.1695934351247442295, 0.2524755148685387529, 0.3362444769570503422, 0.4195045210415727088, 0.5020359066440894802, 0.5847746476768715951, 0.6698464747058006097, 0.7541848663887863458, 0.8366582383293271752, 0.9180097257088053464, 1.000000000000000000 ),
 .UNSPECIFIED. ) ;
#2799 = ORIENTED_EDGE ( 'NONE', *, *, #5938, .T. ) ;
#2800 = CIRCLE ( 'NONE', #6901, 1.500000000000001332 ) ;
#2801 = CARTESIAN_POINT ( 'NONE',  ( 84.00405011670042654, 10.00000000000000178, 56.76221681962920940 ) ) ;
#2802 = ORIENTED_EDGE ( 'NONE', *, *, #3546, .T. ) ;
#2803 = CARTESIAN_POINT ( 'NONE',  ( 33.33333333333334991, 20.00000000000000000, 96.43724644492834841 ) ) ;
#2804 = CARTESIAN_POINT ( 'NONE',  ( 138.0777059469429560, 13.00000000000000533, 54.05611694927878119 ) ) ;
#2805 = CARTESIAN_POINT ( 'NONE',  ( 195.2858286907124636, 13.00000000000000178, 26.24217381734213461 ) ) ;
#2806 = FACE_OUTER_BOUND ( 'NONE', #4739, .T. ) ;
#2807 = PRODUCT_DEFINITION_SHAPE ( 'NONE', 'NONE',  #4617 ) ;
#2808 = CARTESIAN_POINT ( 'NONE',  ( 74.44170608188873928, 10.00000000000000178, 51.70738730869676658 ) ) ;
#2809 = CARTESIAN_POINT ( 'NONE',  ( 244.0131066508862432, 12.99999999999999822, 34.08486794538890052 ) ) ;
#2810 = CARTESIAN_POINT ( 'NONE',  ( 104.1686608812924248, 12.99999999999999822, 47.06315605665455593 ) ) ;
#2811 = LINE ( 'NONE', #4651, #331 ) ;
#2812 = DIRECTION ( 'NONE',  ( -0.000000000000000000, -1.000000000000000000, -0.000000000000000000 ) ) ;
#2813 = CARTESIAN_POINT ( 'NONE',  ( 153.5348528003137574, 10.00000000000000000, 47.63966549222365643 ) ) ;
#2814 = DIRECTION ( 'NONE',  ( 0.000000000000000000, 0.000000000000000000, 1.000000000000000000 ) ) ;
#2815 = ORIENTED_EDGE ( 'NONE', *, *, #1532, .F. ) ;
#2816 = CARTESIAN_POINT ( 'NONE',  ( 101.4199155013158133, 13.00000000000000178, 44.92928412732151600 ) ) ;
#2817 = CARTESIAN_POINT ( 'NONE',  ( 214.6331566630771874, 10.00000000000000000, 34.09650393382603539 ) ) ;
#2818 = EDGE_LOOP ( 'NONE', ( #1972, #246, #6715, #2017 ) ) ;
#2819 = ORIENTED_EDGE ( 'NONE', *, *, #2549, .F. ) ;
#2820 = CARTESIAN_POINT ( 'NONE',  ( 240.0591747205680804, 12.99999999999999822, 37.41243395623314427 ) ) ;
#2821 = CARTESIAN_POINT ( 'NONE',  ( 108.2478282987354277, 13.00000000000000178, 56.44668145637182022 ) ) ;
#2822 = CARTESIAN_POINT ( 'NONE',  ( 51.80453088593119304, 13.00000000000000178, 56.37760143501382260 ) ) ;
#2823 = CARTESIAN_POINT ( 'NONE',  ( 211.0645933022705663, 10.00000000000000533, 38.19117337730164508 ) ) ;
#2824 = ADVANCED_BREP_SHAPE_REPRESENTATION ( '2_Education copy', ( #3044, #6201 ), #801 ) ;
#2825 = CARTESIAN_POINT ( 'NONE',  ( 72.76390378139321058, 9.999999999999994671, 43.11329757784672267 ) ) ;
#2826 = VERTEX_POINT ( 'NONE', #3 ) ;
#2827 = DIRECTION ( 'NONE',  ( 0.000000000000000000, -0.000000000000000000, 1.000000000000000000 ) ) ;
#2828 = CARTESIAN_POINT ( 'NONE',  ( 248.0426078962067606, 9.999999999999994671, 35.28306610323654269 ) ) ;
#2829 = ORIENTED_EDGE ( 'NONE', *, *, #3199, .F. ) ;
#2830 = CARTESIAN_POINT ( 'NONE',  ( 146.3453083835016173, 10.00000000000000000, 54.29702133883008486 ) ) ;
#2831 = CARTESIAN_POINT ( 'NONE',  ( 111.2456366551619595, 13.00000000000000178, 56.76221681962920940 ) ) ;
#2832 = LINE ( 'NONE', #1679, #4563 ) ;
#2833 = ORIENTED_EDGE ( 'NONE', *, *, #5552, .F. ) ;
#2834 = CARTESIAN_POINT ( 'NONE',  ( 78.61854265891757620, 9.999999999999998224, 55.47633565612842688 ) ) ;
#2835 = VERTEX_POINT ( 'NONE', #1829 ) ;
#2836 = CARTESIAN_POINT ( 'NONE',  ( 249.1122231936235210, 9.999999999999996447, 46.06510143501382970 ) ) ;
#2837 = CARTESIAN_POINT ( 'NONE',  ( 165.7988315733845468, 13.00000000000000533, 36.77853332741074155 ) ) ;
#2838 = CARTESIAN_POINT ( 'NONE',  ( 33.33333333333334991, 10.00000000000000000, 97.93724644492834841 ) ) ;
#2839 = EDGE_CURVE ( 'NONE', #5303, #4659, #2050, .T. ) ;
#2840 = CARTESIAN_POINT ( 'NONE',  ( 166.0680477998817537, 9.999999999999996447, 56.73204691656188459 ) ) ;
#2841 = ADVANCED_FACE ( 'NONE', ( #6215 ), #1740, .T. ) ;
#2842 = CARTESIAN_POINT ( 'NONE',  ( 78.61854265891757620, 9.999999999999998224, 55.47633565612842688 ) ) ;
#2843 = CARTESIAN_POINT ( 'NONE',  ( 156.6971681567759447, 13.00000000000000178, 48.68802131267675293 ) ) ;
#2844 = CARTESIAN_POINT ( 'NONE',  ( 153.3429924243927189, 13.00000000000000178, 45.35596681962920940 ) ) ;
#2845 = DIRECTION ( 'NONE',  ( 0.000000000000000000, -0.000000000000000000, 1.000000000000000000 ) ) ;
#2846 = PLANE ( 'NONE',  #7117 ) ;
#2847 = CARTESIAN_POINT ( 'NONE',  ( 100.0000000000000142, 20.00000000000000000, 96.43724644492834841 ) ) ;
#2848 = CALENDAR_DATE ( 2026, 1, 9 ) ;
#2849 = B_SPLINE_CURVE_WITH_KNOTS ( 'NONE', 3,
 ( #1544, #1615, #2687, #5555, #3867, #6102, #2103, #3756, #3273, #1060, #5521, #2206, #6063, #6138, #5485 ),
 .UNSPECIFIED., .F., .F.,
 ( 4, 1, 1, 1, 1, 1, 1, 1, 1, 1, 1, 1, 4 ),
 ( 0.000000000000000000, 0.08592051741176975899, 0.1695934351247459781, 0.2524755148685384754, 0.3362444769570526737, 0.4195045210415739856, 0.5020359066440907014, 0.5847746476768727053, 0.6698464747058016089, 0.7541848663887862347, 0.8366582383293271752, 0.9180097257088054574, 1.000000000000000000 ),
 .UNSPECIFIED. ) ;
#2850 = PLANE ( 'NONE',  #91 ) ;
#2851 = DIRECTION ( 'NONE',  ( -0.000000000000000000, -1.000000000000000000, -0.000000000000000000 ) ) ;
#2852 = ORIENTED_EDGE ( 'NONE', *, *, #4326, .F. ) ;
#2853 = ORIENTED_EDGE ( 'NONE', *, *, #5014, .F. ) ;
#2854 = CARTESIAN_POINT ( 'NONE',  ( 86.40826508139970485, 10.00000000000000000, 53.81068570307285626 ) ) ;
#2855 = CARTESIAN_POINT ( 'NONE',  ( 101.4199155013158133, 10.00000000000000000, 44.92928412732151600 ) ) ;
#2856 = CARTESIAN_POINT ( 'NONE',  ( 199.1496096029885621, 12.99999999999999822, 25.89245956570815110 ) ) ;
#2857 = CARTESIAN_POINT ( 'NONE',  ( 127.6406237825277969, 9.999999999999998224, 40.44532814260757903 ) ) ;
#2858 = CYLINDRICAL_SURFACE ( 'NONE', #4309, 1.500000000000001332 ) ;
#2859 = ORIENTED_EDGE ( 'NONE', *, *, #2381, .T. ) ;
#2860 = CARTESIAN_POINT ( 'NONE',  ( 161.4832830742766419, 12.99999999999999467, 34.51213478258944889 ) ) ;
#2861 = CARTESIAN_POINT ( 'NONE',  ( 251.8034824211075033, 9.999999999999998224, 44.82504969844536902 ) ) ;
#2862 = ORIENTED_EDGE ( 'NONE', *, *, #7088, .F. ) ;
#2863 = B_SPLINE_SURFACE_WITH_KNOTS ( 'NONE', 3, 1, ( 
 ( #2226, #3294 ),
 ( #3810, #4441 ),
 ( #2741, #6638 ),
 ( #6048, #570 ),
 ( #1671, #3852 ),
 ( #2821, #1084 ),
 ( #1637, #5510 ),
 ( #4990, #5068 ),
 ( #4510, #24 ),
 ( #6087, #4959 ),
 ( #2261, #59 ),
 ( #7187, #4475 ),
 ( #6159, #1049 ),
 ( #5617, #3888 ),
 ( #6744, #1705 ),
 ( #7225, #6197 ),
 ( #2707, #5542 ),
 ( #1009, #497 ),
 ( #2187, #3329 ),
 ( #6124, #5574 ),
 ( #6711, #3922 ),
 ( #5029, #3258 ),
 ( #3957, #1158 ),
 ( #1117, #6676 ),
 ( #465, #528 ),
 ( #2779, #1598 ),
 ( #2153, #2855 ) ),
 .UNSPECIFIED., .F., .F., .F.,
 ( 4, 1, 1, 1, 1, 1, 1, 1, 1, 1, 1, 1, 1, 1, 1, 1, 1, 1, 1, 1, 1, 1, 1, 1, 4 ),
 ( 2, 2 ),
 ( 0.000000000000000000, 0.04515167880477894552, 0.08872725216454134534, 0.1305341108247534132, 0.1710707458966342909, 0.2100958400813104643, 0.2477692374166780565, 0.2848493643644386397, 0.3209855015160366642, 0.3563873757532811104, 0.3915492787874602643, 0.4261913606636693608, 0.4605110592984612561, 0.4949714404811202950, 0.5295336250796109923, 0.5645757480731530276, 0.6000961892387711716, 0.6375349450701497389, 0.6782134162474363626, 0.7225827429711684236, 0.7701823039810381522, 0.8218792822902016848, 0.8770670125167508990, 0.9365240376354082574, 1.000000000000000000 ),
 ( 0.000000000000000000, 1.000000000000000000 ),
 .UNSPECIFIED. ) ;
#2864 = CARTESIAN_POINT ( 'NONE',  ( 144.5029082796448847, 13.00000000000000178, 55.44215793395000702 ) ) ;
#2865 = CARTESIAN_POINT ( 'NONE',  ( 114.2417352605896497, 13.00000000000000533, 56.44773089219729201 ) ) ;
#2866 = CARTESIAN_POINT ( 'NONE',  ( 248.9436982964579954, 9.999999999999998224, 35.95683587526915659 ) ) ;
#2867 = CARTESIAN_POINT ( 'NONE',  ( 226.7623302028986245, 13.00000000000000178, 48.70824923709615462 ) ) ;
#2868 = ORIENTED_EDGE ( 'NONE', *, *, #2953, .T. ) ;
#2869 = EDGE_CURVE ( 'NONE', #1515, #3831, #1245, .T. ) ;
#2870 = CARTESIAN_POINT ( 'NONE',  ( 215.8429924243927189, 12.99999999999999822, 54.06990912732151600 ) ) ;
#2871 = EDGE_LOOP ( 'NONE', ( #6271, #6319, #40, #1635 ) ) ;
#2872 = CARTESIAN_POINT ( 'NONE',  ( 251.8045308859312001, 10.00000000000000000, 56.37760143501382260 ) ) ;
#2873 = CARTESIAN_POINT ( 'NONE',  ( 118.0137093008630558, 9.999999999999996447, 49.58097861335487977 ) ) ;
#2874 = CARTESIAN_POINT ( 'NONE',  ( 194.9084122001381729, 12.99999999999999822, 27.08282982921788218 ) ) ;
#2875 = FACE_BOUND ( 'NONE', #3220, .T. ) ;
#2876 = DIRECTION ( 'NONE',  ( -1.000000000000000000, 0.000000000000000000, 0.000000000000000000 ) ) ;
#2877 = CARTESIAN_POINT ( 'NONE',  ( 160.4831264001695956, 13.00000000000000178, 52.94212741259027410 ) ) ;
#2878 = CARTESIAN_POINT ( 'NONE',  ( 104.1134395213499602, 9.999999999999996447, 44.92127444997887409 ) ) ;
#2879 = CARTESIAN_POINT ( 'NONE',  ( 104.5027790817235740, 13.00000000000000178, 49.61926770080471272 ) ) ;
#2880 = CARTESIAN_POINT ( 'NONE',  ( 181.4199155013158133, 13.00000000000000178, 34.45452451193689569 ) ) ;
#2881 = DIRECTION ( 'NONE',  ( -4.428532632179356242E-14, 1.000000000000000000, -4.422914748332247399E-14 ) ) ;
#2882 = APPROVAL_STATUS ( 'not_yet_approved' ) ;
#2883 = ADVANCED_FACE ( 'NONE', ( #1132 ), #6938, .T. ) ;
#2884 = ORIENTED_EDGE ( 'NONE', *, *, #2613, .T. ) ;
#2885 = DIRECTION ( 'NONE',  ( -0.000000000000000000, -1.000000000000000000, -0.000000000000000000 ) ) ;
#2886 = LINE ( 'NONE', #1776, #5130 ) ;
#2887 = ORIENTED_EDGE ( 'NONE', *, *, #5910, .T. ) ;
#2888 = ORIENTED_EDGE ( 'NONE', *, *, #5717, .T. ) ;
#2889 = CARTESIAN_POINT ( 'NONE',  ( 224.1843385782388793, 13.00000000000000178, 37.68168797347536270 ) ) ;
#2890 = DIRECTION ( 'NONE',  ( 0.000000000000000000, 0.000000000000000000, -1.000000000000000000 ) ) ;
#2891 = CARTESIAN_POINT ( 'NONE',  ( 173.7137920438312904, 10.00000000000000178, 45.86168966173468675 ) ) ;
#2892 = CARTESIAN_POINT ( 'NONE',  ( 128.4286868603229550, 9.999999999999998224, 39.11635155042824863 ) ) ;
#2893 = VECTOR ( 'NONE', #4721, 1000.000000000000000 ) ;
#2894 = CARTESIAN_POINT ( 'NONE',  ( 136.5662725261925914, 13.00000000000000533, 36.90063474154295875 ) ) ;
#2895 = ORIENTED_EDGE ( 'NONE', *, *, #568, .F. ) ;
#2896 = CARTESIAN_POINT ( 'NONE',  ( 91.97204977541379378, 10.00000000000000000, 41.29128722302235843 ) ) ;
#2897 = VECTOR ( 'NONE', #7116, 1000.000000000000000 ) ;
#2898 = DIRECTION ( 'NONE',  ( -1.000000000000000000, 0.000000000000000000, 0.000000000000000000 ) ) ;
#2899 = AXIS2_PLACEMENT_3D ( 'NONE', #4738, #6454, #5465 ) ;
#2900 = EDGE_LOOP ( 'NONE', ( #2100, #2135, #7121, #3748 ) ) ;
#2901 = LINE ( 'NONE', #2198, #793 ) ;
#2902 = CARTESIAN_POINT ( 'NONE',  ( 88.57925529148157295, 13.00000000000000178, 52.95638920235245450 ) ) ;
#2903 = CARTESIAN_POINT ( 'NONE',  ( 251.8034824211075033, 10.00000000000000178, 44.82504969844536902 ) ) ;
#2904 = ORIENTED_EDGE ( 'NONE', *, *, #1305, .T. ) ;
#2905 = AXIS2_PLACEMENT_3D ( 'NONE', #5665, #2977, #6278 ) ;
#2906 = VECTOR ( 'NONE', #458, 1000.000000000000000 ) ;
#2907 = CARTESIAN_POINT ( 'NONE',  ( 223.2136891311471061, 10.00000000000000000, 54.18086000942628289 ) ) ;
#2908 = ORIENTED_EDGE ( 'NONE', *, *, #5447, .T. ) ;
#2909 = CARTESIAN_POINT ( 'NONE',  ( 148.5607445732994165, 10.00000000000000000, 38.93995591262626021 ) ) ;
#2910 = ORIENTED_EDGE ( 'NONE', *, *, #5795, .F. ) ;
#2911 = VECTOR ( 'NONE', #581, 1000.000000000000000 ) ;
#2912 = CARTESIAN_POINT ( 'NONE',  ( 199.4774829173968556, 10.00000000000000000, 26.24002622393021156 ) ) ;
#2914 = CARTESIAN_POINT ( 'NONE',  ( 118.0991008852528665, 13.00000000000000533, 49.13200934149549681 ) ) ;
#2913 = VECTOR ( 'NONE', #1753, 1000.000000000000000 ) ;
#2915 = CARTESIAN_POINT ( 'NONE',  ( 118.1760248417843400, 9.999999999999996447, 48.59659844525858574 ) ) ;
#2916 = CARTESIAN_POINT ( 'NONE',  ( 54.49683857823887934, 13.00000000000000178, 41.76221681962920940 ) ) ;
#2917 = AXIS2_PLACEMENT_3D ( 'NONE', #2949, #587, #4606 ) ;
#2918 = CARTESIAN_POINT ( 'NONE',  ( 68.72760780900810573, 13.00000000000000178, 53.30067835809074950 ) ) ;
#2919 = CARTESIAN_POINT ( 'NONE',  ( 235.4219887001751204, 10.00000000000000178, 44.17699046833391918 ) ) ;
#2920 = CARTESIAN_POINT ( 'NONE',  ( 129.2676211118790661, 13.00000000000000178, 43.63544190279788637 ) ) ;
#2921 = CARTESIAN_POINT ( 'NONE',  ( 233.3333333333332860, 20.00000000000000000, 96.43724644492834841 ) ) ;
#2922 = CARTESIAN_POINT ( 'NONE',  ( 300.0000000000000000, 10.00000000000000000, 0.000000000000000000 ) ) ;
#2923 = CARTESIAN_POINT ( 'NONE',  ( 92.95015141373512790, 13.00000000000000178, 45.16124420648579019 ) ) ;
#2924 = DATE_AND_TIME ( #5755, #6787 ) ;
#2925 = B_SPLINE_CURVE_WITH_KNOTS ( 'NONE', 3,
 ( #6219, #5595, #480, #6657, #3427, #1619, #5122, #3938, #2319, #3980, #5559, #5637, #5052, #1177, #3871, #4573, #5671, #5008, #2210 ),
 .UNSPECIFIED., .F., .F.,
 ( 4, 1, 1, 1, 1, 1, 1, 1, 1, 1, 1, 1, 1, 1, 1, 1, 4 ),
 ( 0.000000000000000000, 0.06952164132604456148, 0.1369209822612536542, 0.2019692428653310223, 0.2654615503849184766, 0.3282478845128374845, 0.3908167166700962092, 0.4535501756793818284, 0.5175419816323163502, 0.5807383719174792347, 0.6419215091741669044, 0.7015967244089301724, 0.7603128802455005886, 0.8187565130146949866, 0.8777180795361955168, 0.9380940530276963285, 1.000000000000000000 ),
 .UNSPECIFIED. ) ;
#2926 = B_SPLINE_SURFACE_WITH_KNOTS ( 'NONE', 3, 1, ( 
 ( #6035, #453 ),
 ( #7209, #3175 ),
 ( #7174, #2173 ),
 ( #4386, #4876 ),
 ( #2071, #4316 ),
 ( #4053, #4610 ),
 ( #3906, #1214 ),
 ( #1691, #2214 ),
 ( #6841, #4532 ),
 ( #5089, #1767 ),
 ( #6768, #592 ) ),
 .UNSPECIFIED., .F., .F., .F.,
 ( 4, 1, 1, 1, 1, 1, 1, 1, 4 ),
 ( 2, 2 ),
 ( 0.000000000000000000, 0.1446324159930494901, 0.2798369641781396910, 0.4083713118090886440, 0.5330428696034673619, 0.6535963008637284410, 0.7700157379356753484, 0.8843394719004989968, 1.000000000000000000 ),
 ( 0.000000000000000000, 1.000000000000000000 ),
 .UNSPECIFIED. ) ;
#2927 = FACE_OUTER_BOUND ( 'NONE', #584, .T. ) ;
#2928 = CARTESIAN_POINT ( 'NONE',  ( 134.8247536280317433, 9.999999999999994671, 56.32675150801015462 ) ) ;
#2929 = CARTESIAN_POINT ( 'NONE',  ( 73.39107899135714774, 13.00000000000000178, 49.76359767057063976 ) ) ;
#2930 = ORIENTED_EDGE ( 'NONE', *, *, #134, .T. ) ;
#2931 = CARTESIAN_POINT ( 'NONE',  ( 87.51822190538142365, 10.00000000000000355, 53.45266743150093447 ) ) ;
#2932 = CARTESIAN_POINT ( 'NONE',  ( 135.3932866351351834, 13.00000000000000178, 34.44202857116708572 ) ) ;
#2933 = CARTESIAN_POINT ( 'NONE',  ( 145.7596405869670662, 13.00000000000000533, 54.70717769178786227 ) ) ;
#2934 = ADVANCED_FACE ( 'NONE', ( #7049 ), #5330, .T. ) ;
#2935 = ADVANCED_FACE ( 'NONE', ( #4154 ), #3601, .T. ) ;
#2936 = CARTESIAN_POINT ( 'NONE',  ( 129.7688944604065000, 12.99999999999999822, 42.03867125475500899 ) ) ;
#2937 = ORIENTED_EDGE ( 'NONE', *, *, #1122, .T. ) ;
#2938 = CARTESIAN_POINT ( 'NONE',  ( 160.4412793187282205, 13.00000000000000888, 34.88421282154198622 ) ) ;
#2939 = CARTESIAN_POINT ( 'NONE',  ( 249.1122231936234925, 13.00000000000000178, 46.06510143501382260 ) ) ;
#2940 = ORIENTED_EDGE ( 'NONE', *, *, #3763, .F. ) ;
#2941 = FACE_OUTER_BOUND ( 'NONE', #1299, .T. ) ;
#2942 = DIRECTION ( 'NONE',  ( 0.000000000000000000, 0.000000000000000000, 1.000000000000000000 ) ) ;
#2943 = CARTESIAN_POINT ( 'NONE',  ( 209.2469021214388079, 10.00000000000000000, 36.10264402345832480 ) ) ;
#2944 = ORIENTED_EDGE ( 'NONE', *, *, #1707, .F. ) ;
#2945 = CARTESIAN_POINT ( 'NONE',  ( 224.7655966132311107, 13.00000000000000178, 52.53370526903315607 ) ) ;
#2946 = ORIENTED_EDGE ( 'NONE', *, *, #53, .F. ) ;
#2947 = CARTESIAN_POINT ( 'NONE',  ( 147.6497014819846925, 10.00000000000000355, 37.69140553811955385 ) ) ;
#2948 = ORIENTED_EDGE ( 'NONE', *, *, #7100, .F. ) ;
#2949 = CARTESIAN_POINT ( 'NONE',  ( 266.6666666666666856, 20.00000000000000000, 96.43724644492834841 ) ) ;
#2950 = CARTESIAN_POINT ( 'NONE',  ( 118.3138051162532207, 12.99999999999999822, 46.45582041149894081 ) ) ;
#2951 = LINE ( 'NONE', #2389, #220 ) ;
#2952 = CARTESIAN_POINT ( 'NONE',  ( 222.5447132687457952, 10.00000000000000000, 39.95426956511983008 ) ) ;
#2953 = EDGE_CURVE ( 'NONE', #5905, #5957, #5297, .T. ) ;
#2954 = DIRECTION ( 'NONE',  ( -1.000000000000000000, 0.000000000000000000, 0.000000000000000000 ) ) ;
#2955 = CARTESIAN_POINT ( 'NONE',  ( 235.2660693474696814, 10.00000000000000000, 48.45091874270613630 ) ) ;
#2956 = DIRECTION ( 'NONE',  ( -1.000000000000000000, 0.000000000000000000, 0.000000000000000000 ) ) ;
#2957 = FACE_OUTER_BOUND ( 'NONE', #3954, .T. ) ;
#2958 = DIRECTION ( 'NONE',  ( 1.000000000000000000, 0.000000000000000000, 0.000000000000000000 ) ) ;
#2959 = DIRECTION ( 'NONE',  ( 1.445602896647337931E-16, 0.000000000000000000, 1.000000000000000000 ) ) ;
#2960 = DATE_TIME_ROLE ( 'creation_date' ) ;
#2961 = DIRECTION ( 'NONE',  ( 0.8493950987732645785, 0.000000000000000000, -0.5277574880377882138 ) ) ;
#2962 = CARTESIAN_POINT ( 'NONE',  ( 72.57376165516197375, 13.00000000000000178, 45.35596681962920940 ) ) ;
#2963 = CARTESIAN_POINT ( 'NONE',  ( 72.58426853920626343, 13.00000000000000178, 45.74512780677689960 ) ) ;
#2964 = ORIENTED_EDGE ( 'NONE', *, *, #2379, .T. ) ;
#2965 = CARTESIAN_POINT ( 'NONE',  ( 51.80453088593119304, 13.00000000000000178, 26.37760143501382260 ) ) ;
#2966 = LINE ( 'NONE', #1889, #1601 ) ;
#2967 = ADVANCED_FACE ( 'NONE', ( #4745 ), #5844, .T. ) ;
#2968 = CARTESIAN_POINT ( 'NONE',  ( 77.11018328003159183, 10.00000000000000178, 50.69240783167715847 ) ) ;
#2969 = CARTESIAN_POINT ( 'NONE',  ( 129.1122231936235210, 10.00000000000000355, 45.35596681962921650 ) ) ;
#2970 = ORIENTED_EDGE ( 'NONE', *, *, #2732, .T. ) ;
#2971 = DIRECTION ( 'NONE',  ( -0.000000000000000000, -1.000000000000000000, -0.000000000000000000 ) ) ;
#2972 = DIRECTION ( 'NONE',  ( 0.000000000000000000, -0.000000000000000000, 1.000000000000000000 ) ) ;
#2973 = ORIENTED_EDGE ( 'NONE', *, *, #4233, .F. ) ;
#2974 = CARTESIAN_POINT ( 'NONE',  ( 209.3570020336064204, 13.00000000000000178, 54.87117143052888935 ) ) ;
#2975 = CARTESIAN_POINT ( 'NONE',  ( 92.95837703977734634, 13.00000000000000178, 52.58553412732151600 ) ) ;
#2976 = EDGE_CURVE ( 'NONE', #1542, #1205, #2979, .T. ) ;
#2977 = DIRECTION ( 'NONE',  ( -0.000000000000000000, 1.000000000000000000, -0.000000000000000000 ) ) ;
#2978 = ORIENTED_EDGE ( 'NONE', *, *, #4301, .F. ) ;
#2979 = LINE ( 'NONE', #2530, #6991 ) ;
#2980 = EDGE_LOOP ( 'NONE', ( #4304, #4850, #3375, #1387 ) ) ;
#2981 = CARTESIAN_POINT ( 'NONE',  ( 143.9957688010414358, 12.99999999999999822, 38.24670655852852974 ) ) ;
#2982 = CARTESIAN_POINT ( 'NONE',  ( 118.1760248417843400, 9.999999999999996447, 48.59659844525858574 ) ) ;
#2983 = CARTESIAN_POINT ( 'NONE',  ( 208.4724313291847295, 10.00000000000000178, 54.18065581419941168 ) ) ;
#2984 = CARTESIAN_POINT ( 'NONE',  ( 219.8912517069278749, 12.99999999999999822, 37.74990674578392458 ) ) ;
#2985 = B_SPLINE_SURFACE_WITH_KNOTS ( 'NONE', 3, 1, ( 
 ( #3162, #5411 ),
 ( #6538, #2270 ),
 ( #1237, #3452 ),
 ( #1166, #651 ),
 ( #7270, #4038 ),
 ( #5661, #1093 ),
 ( #1790, #2830 ),
 ( #110, #5583 ),
 ( #7232, #4559 ),
 ( #2864, #6168 ),
 ( #2345, #3969 ),
 ( #3490, #540 ),
 ( #3418, #6795 ),
 ( #5112, #3895 ),
 ( #4598, #68 ),
 ( #3338, #2306 ),
 ( #1200, #32 ),
 ( #614, #4483 ),
 ( #1756, #6718 ) ),
 .UNSPECIFIED., .F., .F., .F.,
 ( 4, 1, 1, 1, 1, 1, 1, 1, 1, 1, 1, 1, 1, 1, 1, 1, 4 ),
 ( 2, 2 ),
 ( 0.000000000000000000, 0.05963339613625172342, 0.1190688615049903393, 0.1781965462156710478, 0.2369566475521801552, 0.2959319880758040644, 0.3558557687429133032, 0.4164733051171483069, 0.4777415997317964735, 0.5399029904536087887, 0.6025375151243946847, 0.6654223850767742032, 0.7297652560446459269, 0.7948287708416035269, 0.8618265399701647844, 0.9300109324340654071, 1.000000000000000000 ),
 ( 0.000000000000000000, 1.000000000000000000 ),
 .UNSPECIFIED. ) ;
#2986 = CARTESIAN_POINT ( 'NONE',  ( 204.5064669526987018, 10.00000000000000000, 45.10916016252510019 ) ) ;
#2987 = CARTESIAN_POINT ( 'NONE',  ( 207.2135318018727901, 12.99999999999999822, 44.61305909623124677 ) ) ;
#2988 = CARTESIAN_POINT ( 'NONE',  ( 214.6900521256146419, 13.00000000000000178, 54.03670200219131914 ) ) ;
#2989 = CARTESIAN_POINT ( 'NONE',  ( 197.8636513158535024, 10.00000000000000000, 29.81621187837649956 ) ) ;
#2990 = CARTESIAN_POINT ( 'NONE',  ( 75.54753548018103970, 13.00000000000000178, 43.15727347485353249 ) ) ;
#2991 = CARTESIAN_POINT ( 'NONE',  ( 85.90970640638562372, 12.99999999999999822, 36.90676465057129008 ) ) ;
#2992 = CARTESIAN_POINT ( 'NONE',  ( 156.0727441287618831, 13.00000000000000178, 44.26131613962512290 ) ) ;
#2993 = CARTESIAN_POINT ( 'NONE',  ( 164.8574155013158133, 13.00000000000000178, 34.06990912732151600 ) ) ;
#2994 = CARTESIAN_POINT ( 'NONE',  ( 148.5939989328547597, 10.00000000000000000, 51.89832689650462783 ) ) ;
#2995 = ORIENTED_EDGE ( 'NONE', *, *, #6775, .F. ) ;
#2996 = CARTESIAN_POINT ( 'NONE',  ( 225.5083676047445920, 9.999999999999992895, 39.39146632462225739 ) ) ;
#2997 = CARTESIAN_POINT ( 'NONE',  ( 86.69913718844352957, 13.00000000000000178, 34.33004768506687299 ) ) ;
#2998 = CARTESIAN_POINT ( 'NONE',  ( 75.28205414726768652, 10.00000000000000178, 45.75964438670087020 ) ) ;
#2999 = EDGE_CURVE ( 'NONE', #5336, #7222, #1901, .T. ) ;
#3000 = EDGE_CURVE ( 'NONE', #140, #2735, #6350, .T. ) ;
#3001 = CARTESIAN_POINT ( 'NONE',  ( 129.1350665797679937, 13.00000000000000178, 44.48425339630494335 ) ) ;
#3002 = ORIENTED_EDGE ( 'NONE', *, *, #6163, .F. ) ;
#3003 = CARTESIAN_POINT ( 'NONE',  ( 66.66666666666668561, 20.00000000000000000, 97.93724644492834841 ) ) ;
#3004 = DIRECTION ( 'NONE',  ( 1.000000000000000000, 0.000000000000000000, 0.000000000000000000 ) ) ;
#3005 = ORIENTED_EDGE ( 'NONE', *, *, #1864, .T. ) ;
#3006 = CARTESIAN_POINT ( 'NONE',  ( 207.6575286056198877, 13.00000000000000178, 53.39091921091494441 ) ) ;
#3007 = DIRECTION ( 'NONE',  ( -1.000000000000000000, 0.000000000000000000, 0.000000000000000000 ) ) ;
#3008 = VECTOR ( 'NONE', #6548, 1000.000000000000000 ) ;
#3009 = VECTOR ( 'NONE', #2318, 1000.000000000000000 ) ;
#3010 = CARTESIAN_POINT ( 'NONE',  ( 227.1807348078216933, 10.00000000000000000, 45.84730247884469634 ) ) ;
#3011 = B_SPLINE_CURVE_WITH_KNOTS ( 'NONE', 3,
 ( #1806, #5752, #1733, #162, #3509, #4499, #6771, #6731, #3945, #2879, #1842 ),
 .UNSPECIFIED., .F., .F.,
 ( 4, 1, 1, 1, 1, 1, 1, 1, 4 ),
 ( 0.000000000000000000, 0.1736165757486500816, 0.3321203769789023985, 0.4779362767239450638, 0.6099318098113857278, 0.7270315210379777460, 0.8316714227513101187, 0.9217154761224310988, 1.000000000000000000 ),
 .UNSPECIFIED. ) ;
#3012 = ORIENTED_EDGE ( 'NONE', *, *, #1665, .T. ) ;
#3013 = AXIS2_PLACEMENT_3D ( 'NONE', #3667, #4668, #3591 ) ;
#3014 = DIRECTION ( 'NONE',  ( 0.000000000000000000, 0.000000000000000000, 1.000000000000000000 ) ) ;
#3015 = ORIENTED_EDGE ( 'NONE', *, *, #685, .F. ) ;
#3016 = CARTESIAN_POINT ( 'NONE',  ( 106.1474572255850859, 12.99999999999999822, 52.28414757667084700 ) ) ;
#3017 = DIRECTION ( 'NONE',  ( 0.000000000000000000, 1.000000000000000000, 0.000000000000000000 ) ) ;
#3018 = CARTESIAN_POINT ( 'NONE',  ( 205.2736416595389528, 10.00000000000000711, 49.71846686920739700 ) ) ;
#3019 = EDGE_CURVE ( 'NONE', #3309, #1490, #2492, .T. ) ;
#3020 = CARTESIAN_POINT ( 'NONE',  ( 221.2991089934884883, 10.00000000000000000, 38.71065233059777455 ) ) ;
#3021 = AXIS2_PLACEMENT_3D ( 'NONE', #841, #4750, #5992 ) ;
#3022 = B_SPLINE_CURVE_WITH_KNOTS ( 'NONE', 3,
 ( #3081, #254, #3558, #320, #1895, #2566, #797, #5800, #4817, #757, #4257, #5325, #6492, #1453, #2450 ),
 .UNSPECIFIED., .F., .F.,
 ( 4, 1, 1, 1, 1, 1, 1, 1, 1, 1, 1, 1, 4 ),
 ( 0.000000000000000000, 0.08052524235254109042, 0.1599654769449850300, 0.2403213612945771238, 0.3225285276294000969, 0.4050235832074841613, 0.4865966363996187538, 0.5678654736293198280, 0.6513327733845221124, 0.7362375672940282278, 0.8215290690095373716, 0.9090049060738446540, 1.000000000000000000 ),
 .UNSPECIFIED. ) ;
#3023 = ADVANCED_FACE ( 'NONE', ( #1869 ), #4122, .T. ) ;
#3024 = ORIENTED_EDGE ( 'NONE', *, *, #4351, .T. ) ;
#3025 = VECTOR ( 'NONE', #7177, 1000.000000000000000 ) ;
#3026 = LINE ( 'NONE', #3539, #5729 ) ;
#3027 = CARTESIAN_POINT ( 'NONE',  ( 121.0353001167004265, 13.00000000000000178, 34.45452451193689569 ) ) ;
#3028 = CARTESIAN_POINT ( 'NONE',  ( 136.5662725261925914, 13.00000000000000533, 36.90063474154295875 ) ) ;
#3029 = FACE_OUTER_BOUND ( 'NONE', #2524, .T. ) ;
#3030 = CARTESIAN_POINT ( 'NONE',  ( 141.9175698155662531, 13.00000000000000533, 53.55025811902104493 ) ) ;
#3031 = CARTESIAN_POINT ( 'NONE',  ( 207.1891462705465869, 10.00000000000000000, 45.49418797347536270 ) ) ;
#3032 = CARTESIAN_POINT ( 'NONE',  ( 219.1422924269758425, 12.99999999999999822, 37.38402468373432441 ) ) ;
#3033 = CIRCLE ( 'NONE', #912, 1.649999999999987477 ) ;
#3034 = VECTOR ( 'NONE', #809, 1000.000000000000000 ) ;
#3035 = CARTESIAN_POINT ( 'NONE',  ( 130.4844697347684530, 9.999999999999996447, 36.86692256097850162 ) ) ;
#3036 = DIRECTION ( 'NONE',  ( -1.000000000000000000, 0.000000000000000000, 0.000000000000000000 ) ) ;
#3037 = CARTESIAN_POINT ( 'NONE',  ( 240.1275422048736630, 10.00000000000000178, 34.63179824051061217 ) ) ;
#3038 = EDGE_LOOP ( 'NONE', ( #2853, #1634, #1612, #6742 ) ) ;
#3039 = LINE ( 'NONE', #247, #4440 ) ;
#3040 = LOCAL_TIME ( 17, 48, 22.00000000000000000, #1147 ) ;
#3041 = CARTESIAN_POINT ( 'NONE',  ( 127.3140918260885144, 13.00000000000000533, 41.13913962400169311 ) ) ;
#3042 = CARTESIAN_POINT ( 'NONE',  ( 223.3524590694859171, 13.00000000000000178, 49.86080970353242492 ) ) ;
#3043 = ADVANCED_FACE ( 'NONE', ( #1421 ), #2863, .T. ) ;
#3044 = MANIFOLD_SOLID_BREP ( 'Boss-Extrude4', #6978 ) ;
#3045 = CARTESIAN_POINT ( 'NONE',  ( 154.1723818905531402, 13.00000000000000178, 41.02293868678672339 ) ) ;
#3046 = ORIENTED_EDGE ( 'NONE', *, *, #1532, .T. ) ;
#3047 = CARTESIAN_POINT ( 'NONE',  ( 77.85675114685349740, 10.00000000000000000, 39.23377358587184460 ) ) ;
#3048 = CARTESIAN_POINT ( 'NONE',  ( 133.3333333333333428, 10.00000000000000000, 94.93724644492834841 ) ) ;
#3049 = ORIENTED_EDGE ( 'NONE', *, *, #2290, .F. ) ;
#3050 = CARTESIAN_POINT ( 'NONE',  ( 204.4968385782388793, 13.00000000000000178, 45.47615912732151600 ) ) ;
#3051 = DIRECTION ( 'NONE',  ( 0.000000000000000000, -1.000000000000000000, 0.000000000000000000 ) ) ;
#3052 = CARTESIAN_POINT ( 'NONE',  ( 101.4311329280455283, 10.00000000000000000, 46.02950006706866759 ) ) ;
#3053 = ORIENTED_EDGE ( 'NONE', *, *, #190, .F. ) ;
#3054 = DIRECTION ( 'NONE',  ( -0.000000000000000000, -1.000000000000000000, -0.000000000000000000 ) ) ;
#3055 = EDGE_LOOP ( 'NONE', ( #5003, #3143, #3422, #1321 ) ) ;
#3056 = EDGE_CURVE ( 'NONE', #4408, #3300, #7263, .T. ) ;
#3057 = CARTESIAN_POINT ( 'NONE',  ( 146.4740020397773321, 13.00000000000000178, 40.60837066578305610 ) ) ;
#3058 = CARTESIAN_POINT ( 'NONE',  ( 92.33626078468998344, 12.99999999999999822, 42.05101592644439989 ) ) ;
#3059 = CARTESIAN_POINT ( 'NONE',  ( 118.3138051162532207, 9.999999999999996447, 46.45582041149894081 ) ) ;
#3060 = FACE_OUTER_BOUND ( 'NONE', #4873, .T. ) ;
#3061 = ORIENTED_EDGE ( 'NONE', *, *, #452, .F. ) ;
#3062 = DIRECTION ( 'NONE',  ( -0.000000000000000000, -1.000000000000000000, -0.000000000000000000 ) ) ;
#3063 = CARTESIAN_POINT ( 'NONE',  ( 140.8290217826608739, 10.00000000000000355, 34.22624956190545475 ) ) ;
#3064 = CARTESIAN_POINT ( 'NONE',  ( 207.2302554255559812, 13.00000000000000178, 46.63912882499817414 ) ) ;
#3065 = DIRECTION ( 'NONE',  ( 1.000000000000000000, 0.000000000000000000, 0.000000000000000000 ) ) ;
#3066 = CARTESIAN_POINT ( 'NONE',  ( 75.26606934746965294, 13.00000000000000178, 45.38601489655228960 ) ) ;
#3067 = CARTESIAN_POINT ( 'NONE',  ( 224.4241838987956044, 12.99999999999999822, 37.95780785167050198 ) ) ;
#3068 = LINE ( 'NONE', #4758, #3250 ) ;
#3069 = CARTESIAN_POINT ( 'NONE',  ( 133.8628308628343007, 13.00000000000000178, 34.90969852939176121 ) ) ;
#3070 = CARTESIAN_POINT ( 'NONE',  ( 133.3333333333333428, 20.00000000000000000, 96.43724644492834841 ) ) ;
#3071 = CARTESIAN_POINT ( 'NONE',  ( 80.64951452831095935, 13.00000000000000178, 56.31189318009945310 ) ) ;
#3072 = ORIENTED_EDGE ( 'NONE', *, *, #7218, .F. ) ;
#3073 = CARTESIAN_POINT ( 'NONE',  ( 198.7276078090081057, 13.00000000000000178, 56.37760143501382260 ) ) ;
#3074 = CARTESIAN_POINT ( 'NONE',  ( 126.4494096993537511, 12.99999999999999467, 46.72958880198225273 ) ) ;
#3075 = CARTESIAN_POINT ( 'NONE',  ( 75.26606934746965294, 10.00000000000000000, 45.38601489655228960 ) ) ;
#3076 = CARTESIAN_POINT ( 'NONE',  ( 118.3429924243927189, 10.00000000000000000, 34.45452451193689569 ) ) ;
#3077 = CARTESIAN_POINT ( 'NONE',  ( 154.1723818905531402, 10.00000000000000000, 41.02293868678672339 ) ) ;
#3078 = CARTESIAN_POINT ( 'NONE',  ( 104.1686608812924248, 9.999999999999998224, 47.06315605665455593 ) ) ;
#3079 = ORIENTED_EDGE ( 'NONE', *, *, #175, .F. ) ;
#3080 = CARTESIAN_POINT ( 'NONE',  ( 76.79723406870954250, 13.00000000000000178, 36.59660742638343578 ) ) ;
#3081 = CARTESIAN_POINT ( 'NONE',  ( 129.1122231936235210, 10.00000000000000355, 45.35596681962921650 ) ) ;
#3082 = LINE ( 'NONE', #6934, #3242 ) ;
#3083 = EDGE_CURVE ( 'NONE', #4473, #2403, #1241, .T. ) ;
#3084 = CC_DESIGN_PERSON_AND_ORGANIZATION_ASSIGNMENT ( #634, #6813, ( #1863 ) ) ;
#3085 = CARTESIAN_POINT ( 'NONE',  ( 110.4553161479495742, 10.00000000000000178, 56.75358313413370581 ) ) ;
#3086 = ORIENTED_EDGE ( 'NONE', *, *, #11, .T. ) ;
#3087 = CARTESIAN_POINT ( 'NONE',  ( 111.2456366551619595, 10.00000000000000533, 56.76221681962920940 ) ) ;
#3088 = VERTEX_POINT ( 'NONE', #5103 ) ;
#3089 = CARTESIAN_POINT ( 'NONE',  ( 144.8958666372175514, 13.00000000000000533, 38.91670977369031448 ) ) ;
#3090 = CARTESIAN_POINT ( 'NONE',  ( 89.07065844772091623, 12.99999999999999822, 38.15028083259845459 ) ) ;
#3091 = CARTESIAN_POINT ( 'NONE',  ( 111.2696751167004265, 13.00000000000000178, 54.06990912732151600 ) ) ;
#3092 = DIRECTION ( 'NONE',  ( 0.000000000000000000, 1.000000000000000000, 0.000000000000000000 ) ) ;
#3093 = EDGE_CURVE ( 'NONE', #3901, #3417, #2296, .T. ) ;
#3094 = EDGE_CURVE ( 'NONE', #67, #327, #642, .T. ) ;
#3095 = ORIENTED_EDGE ( 'NONE', *, *, #11, .F. ) ;
#3096 = CARTESIAN_POINT ( 'NONE',  ( 171.2240347072633426, 13.00000000000000178, 51.62126537154138362 ) ) ;
#3097 = CARTESIAN_POINT ( 'NONE',  ( 139.7666728684459656, 10.00000000000000000, 34.09357540000946329 ) ) ;
#3098 = CARTESIAN_POINT ( 'NONE',  ( 196.0353001167004265, 10.00000000000000000, 34.45452451193689569 ) ) ;
#3099 = LINE ( 'NONE', #816, #6556 ) ;
#3100 = CARTESIAN_POINT ( 'NONE',  ( 82.95490311690770113, 9.999999999999996447, 54.02989262135524484 ) ) ;
#3101 = CARTESIAN_POINT ( 'NONE',  ( 233.3333333333332860, 20.00000000000000000, 94.93724644492834841 ) ) ;
#3102 = CARTESIAN_POINT ( 'NONE',  ( 104.1122231936234925, 13.00000000000000178, 34.45452451193689569 ) ) ;
#3103 = CARTESIAN_POINT ( 'NONE',  ( 126.4199155013158133, 10.00000000000000000, 45.59635143501382260 ) ) ;
#3104 = CARTESIAN_POINT ( 'NONE',  ( 266.6666666666666856, 20.00000000000000000, 97.93724644492837683 ) ) ;
#3105 = B_SPLINE_CURVE_WITH_KNOTS ( 'NONE', 3,
 ( #3275, #6654, #5523, #2720, #7201, #4416, #3498, #1654, #3902, #622, #2316 ),
 .UNSPECIFIED., .F., .F.,
 ( 4, 1, 1, 1, 1, 1, 1, 1, 4 ),
 ( 0.000000000000000000, 0.1298621417207386219, 0.2546535308972880940, 0.3760145541937121028, 0.4952552518176073781, 0.6147977192994583673, 0.7381055541683320120, 0.8651963000723575936, 1.000000000000000000 ),
 .UNSPECIFIED. ) ;
#3106 = CARTESIAN_POINT ( 'NONE',  ( 173.7276078090081057, 10.00000000000000000, 52.58553412732151600 ) ) ;
#3107 = ORIENTED_EDGE ( 'NONE', *, *, #4303, .T. ) ;
#3108 = DIRECTION ( 'NONE',  ( -0.000000000000000000, -1.000000000000000000, -0.000000000000000000 ) ) ;
#3109 = CARTESIAN_POINT ( 'NONE',  ( 127.2626796713283142, 13.00000000000000178, 49.91119908669642058 ) ) ;
#3110 = CARTESIAN_POINT ( 'NONE',  ( 199.8545666873170319, 10.00000000000000000, 27.08276571322253190 ) ) ;
#3111 = LINE ( 'NONE', #6830, #5822 ) ;
#3112 = ADVANCED_FACE ( 'NONE', ( #788 ), #3995, .T. ) ;
#3113 = ORIENTED_EDGE ( 'NONE', *, *, #10, .T. ) ;
#3114 = CARTESIAN_POINT ( 'NONE',  ( 155.2332679647015254, 10.00000000000000000, 39.10513232824222740 ) ) ;
#3115 = CARTESIAN_POINT ( 'NONE',  ( 205.2736416595389528, 13.00000000000000888, 49.71846686920739700 ) ) ;
#3116 = ORIENTED_EDGE ( 'NONE', *, *, #4367, .T. ) ;
#3117 = ORIENTED_EDGE ( 'NONE', *, *, #4601, .F. ) ;
#3118 = CARTESIAN_POINT ( 'NONE',  ( 75.27858318328993903, 12.99999999999999822, 45.01013916057723918 ) ) ;
#3119 = CARTESIAN_POINT ( 'NONE',  ( 243.6074155013158133, 10.00000000000000000, 34.06990912732151600 ) ) ;
#3120 = CARTESIAN_POINT ( 'NONE',  ( 266.6666666666666856, 20.00000000000000000, 94.93724644492831999 ) ) ;
#3121 = CARTESIAN_POINT ( 'NONE',  ( 84.43951113245095996, 12.99999999999999822, 56.75206996115356617 ) ) ;
#3122 = EDGE_LOOP ( 'NONE', ( #5798, #1308, #6316, #6165 ) ) ;
#3123 = CARTESIAN_POINT ( 'NONE',  ( 121.0241688893951704, 9.999999999999996447, 46.19379176060918013 ) ) ;
#3124 = EDGE_LOOP ( 'NONE', ( #6892, #376, #3046, #1053 ) ) ;
#3125 = DIRECTION ( 'NONE',  ( 0.000000000000000000, 0.000000000000000000, -1.000000000000000000 ) ) ;
#3126 = DIRECTION ( 'NONE',  ( 0.000000000000000000, 0.000000000000000000, -1.000000000000000000 ) ) ;
#3127 = CARTESIAN_POINT ( 'NONE',  ( 132.6863913199084948, 9.999999999999996447, 52.33797802497373652 ) ) ;
#3128 = CARTESIAN_POINT ( 'NONE',  ( 51.80453088593119304, 10.00000000000000000, 26.37760143501382260 ) ) ;
#3129 = AXIS2_PLACEMENT_3D ( 'NONE', #3716, #4163, #1879 ) ;
#3130 = ORIENTED_EDGE ( 'NONE', *, *, #7055, .T. ) ;
#3131 = DIRECTION ( 'NONE',  ( 0.000000000000000000, 0.000000000000000000, -1.000000000000000000 ) ) ;
#3132 = DIRECTION ( 'NONE',  ( -1.420944294689305296E-16, 0.000000000000000000, -1.000000000000000000 ) ) ;
#3133 = CARTESIAN_POINT ( 'NONE',  ( 199.8814539628542661, 13.00000000000000178, 27.54346681962920584 ) ) ;
#3134 = CARTESIAN_POINT ( 'NONE',  ( 296.5030604351463808, 0.000000000000000000, 91.13552925583975650 ) ) ;
#3136 = CARTESIAN_POINT ( 'NONE',  ( 138.9085918069741865, 12.99999999999999822, 54.05877057992831425 ) ) ;
#3135 = AXIS2_PLACEMENT_3D ( 'NONE', #4004, #6169, #2346 ) ;
#3137 = FACE_BOUND ( 'NONE', #7077, .T. ) ;
#3138 = CARTESIAN_POINT ( 'NONE',  ( 207.5016462705465585, 13.00000000000000178, 37.69971681962920940 ) ) ;
#3139 = AXIS2_PLACEMENT_3D ( 'NONE', #6777, #598, #1850 ) ;
#3140 = CARTESIAN_POINT ( 'NONE',  ( 157.2129736396096575, 13.00000000000000178, 41.05039465339895344 ) ) ;
#3141 = CARTESIAN_POINT ( 'NONE',  ( 3.535533905932737309, 0.000000000000000000, 1.885533905932736509 ) ) ;
#3142 = CARTESIAN_POINT ( 'NONE',  ( 164.7732808859311717, 9.999999999999996447, 56.76221681962920940 ) ) ;
#3143 = ORIENTED_EDGE ( 'NONE', *, *, #2773, .F. ) ;
#3144 = CARTESIAN_POINT ( 'NONE',  ( 107.9132788801841656, 10.00000000000000000, 53.44389797696532440 ) ) ;
#3145 = CARTESIAN_POINT ( 'NONE',  ( 131.6545703955292481, 13.00000000000000178, 54.95167644721863809 ) ) ;
#3146 = CARTESIAN_POINT ( 'NONE',  ( 92.65478740583883166, 10.00000000000000178, 52.92873064696009067 ) ) ;
#3147 = CARTESIAN_POINT ( 'NONE',  ( 164.4999217261487843, 9.999999999999998224, 36.77621942874822736 ) ) ;
#3148 = VECTOR ( 'NONE', #3062, 1000.000000000000000 ) ;
#3149 = CARTESIAN_POINT ( 'NONE',  ( 163.7012689979007689, 13.00000000000000178, 34.10301801681355727 ) ) ;
#3150 = CARTESIAN_POINT ( 'NONE',  ( 156.6867693802981591, 13.00000000000000178, 42.08049257684432831 ) ) ;
#3151 = ORIENTED_EDGE ( 'NONE', *, *, #685, .T. ) ;
#3152 = ORIENTED_EDGE ( 'NONE', *, *, #4810, .F. ) ;
#3153 = CARTESIAN_POINT ( 'NONE',  ( 76.44374287037892657, 10.00000000000000000, 41.05039465339896054 ) ) ;
#3154 = CARTESIAN_POINT ( 'NONE',  ( 117.8982808859312001, 13.00000000000000178, 49.96534181962920940 ) ) ;
#3155 = ADVANCED_FACE ( 'NONE', ( #6302 ), #2479, .T. ) ;
#3156 = CARTESIAN_POINT ( 'NONE',  ( 224.4724614427231302, 13.00000000000000178, 44.61305383029397831 ) ) ;
#3157 = EDGE_CURVE ( 'NONE', #5987, #1860, #6233, .T. ) ;
#3158 = EDGE_CURVE ( 'NONE', #2426, #1938, #683, .T. ) ;
#3159 = CARTESIAN_POINT ( 'NONE',  ( 104.7467839803694716, 10.00000000000000000, 54.77496180208711252 ) ) ;
#3160 = VERTEX_POINT ( 'NONE', #136 ) ;
#3161 = ORIENTED_EDGE ( 'NONE', *, *, #2489, .T. ) ;
#3162 = CARTESIAN_POINT ( 'NONE',  ( 148.7276078090081342, 13.00000000000000178, 51.70212066578304899 ) ) ;
#3163 = CARTESIAN_POINT ( 'NONE',  ( 235.2673756692031475, 13.00000000000000178, 48.10837227740439914 ) ) ;
#3164 = CARTESIAN_POINT ( 'NONE',  ( 75.28205414726768652, 13.00000000000000178, 45.75964438670087020 ) ) ;
#3165 = CARTESIAN_POINT ( 'NONE',  ( 239.4869093675952172, 10.00000000000000178, 37.69125712958948782 ) ) ;
#3166 = ORIENTED_EDGE ( 'NONE', *, *, #2456, .T. ) ;
#3167 = CARTESIAN_POINT ( 'NONE',  ( 173.4719780259551953, 9.999999999999996447, 47.78018687690887845 ) ) ;
#3168 = CARTESIAN_POINT ( 'NONE',  ( 144.7594011711035478, 13.00000000000000178, 35.48441198717918610 ) ) ;
#3169 = CARTESIAN_POINT ( 'NONE',  ( 198.3367551602638628, 9.999999999999998224, 29.68626784381318728 ) ) ;
#3170 = DIRECTION ( 'NONE',  ( -0.000000000000000000, -1.000000000000000000, -0.000000000000000000 ) ) ;
#3171 = CARTESIAN_POINT ( 'NONE',  ( 77.87208601619354909, 10.00000000000000000, 51.56446602506200350 ) ) ;
#3172 = LINE ( 'NONE', #3101, #1459 ) ;
#3173 = ORIENTED_EDGE ( 'NONE', *, *, #3380, .T. ) ;
#3174 = LINE ( 'NONE', #5423, #5256 ) ;
#3175 = CARTESIAN_POINT ( 'NONE',  ( 111.6712766114259239, 9.999999999999996447, 54.05652699648053527 ) ) ;
#3176 = CARTESIAN_POINT ( 'NONE',  ( 104.1122231936234925, 13.00000000000000178, 34.45452451193689569 ) ) ;
#3177 = CARTESIAN_POINT ( 'NONE',  ( 72.57376165516197375, 13.00000000000000178, 45.35596681962920940 ) ) ;
#3178 = PLANE ( 'NONE',  #4908 ) ;
#3179 = CARTESIAN_POINT ( 'NONE',  ( 199.8545666873170319, 13.00000000000000178, 27.08276571322253190 ) ) ;
#3180 = CARTESIAN_POINT ( 'NONE',  ( 3.535533905932737309, 0.000000000000000000, 3.535533905932737309 ) ) ;
#3181 = FACE_OUTER_BOUND ( 'NONE', #6064, .T. ) ;
#3182 = EDGE_CURVE ( 'NONE', #7045, #3291, #6268, .T. ) ;
#3183 = CARTESIAN_POINT ( 'NONE',  ( 157.8584730473190803, 12.99999999999999822, 40.08951942148313918 ) ) ;
#3184 = EDGE_CURVE ( 'NONE', #2776, #6194, #248, .T. ) ;
#3185 = CARTESIAN_POINT ( 'NONE',  ( 223.0609792008055479, 9.999999999999998224, 40.65178281699719776 ) ) ;
#3186 = CARTESIAN_POINT ( 'NONE',  ( 157.8584730473190803, 9.999999999999994671, 40.08951942148313918 ) ) ;
#3187 = ORIENTED_EDGE ( 'NONE', *, *, #4488, .F. ) ;
#3188 = ORIENTED_EDGE ( 'NONE', *, *, #1465, .F. ) ;
#3189 = CARTESIAN_POINT ( 'NONE',  ( 75.54753548018103970, 10.00000000000000000, 43.15727347485353249 ) ) ;
#3190 = CARTESIAN_POINT ( 'NONE',  ( 166.0337354973732147, 9.999999999999998224, 54.02738226272910538 ) ) ;
#3191 = PLANE ( 'NONE',  #3359 ) ;
#3192 = CARTESIAN_POINT ( 'NONE',  ( 86.55720029521272352, 12.99999999999999822, 56.53152832937115591 ) ) ;
#3193 = ORIENTED_EDGE ( 'NONE', *, *, #2743, .F. ) ;
#3194 = ORIENTED_EDGE ( 'NONE', *, *, #6738, .F. ) ;
#3195 = CARTESIAN_POINT ( 'NONE',  ( 243.1386655013157849, 13.00000000000000178, 36.76221681962920940 ) ) ;
#3196 = CARTESIAN_POINT ( 'NONE',  ( 117.2279674302650534, 13.00000000000000178, 55.14884021526930979 ) ) ;
#3197 = DIRECTION ( 'NONE',  ( -0.000000000000000000, -1.000000000000000000, -0.000000000000000000 ) ) ;
#3198 = CARTESIAN_POINT ( 'NONE',  ( 235.4940536321894626, 13.00000000000000178, 43.56576211125829445 ) ) ;
#3199 = EDGE_CURVE ( 'NONE', #2485, #5232, #2966, .T. ) ;
#3200 = B_SPLINE_CURVE_WITH_KNOTS ( 'NONE', 3,
 ( #7210, #1626, #1068, #414, #5562, #1105, #3351, #5600, #555, #741, #2393, #593, #123, #6875, #5675, #6222, #2987, #84, #4611 ),
 .UNSPECIFIED., .F., .F.,
 ( 4, 1, 1, 1, 1, 1, 1, 1, 1, 1, 1, 1, 1, 1, 1, 1, 4 ),
 ( 0.000000000000000000, 0.06384589973478733971, 0.1260436278408440247, 0.1871653577195669660, 0.2473992895212621668, 0.3083800306041627470, 0.3697796166640489046, 0.4325839246869346288, 0.4976407859952560742, 0.5624011369620610656, 0.6255571033330404873, 0.6873320046201728539, 0.7483127457030734897, 0.8097910391226145199, 0.8717675719729277573, 0.9348361909503147826, 1.000000000000000000 ),
 .UNSPECIFIED. ) ;
#3201 = EDGE_LOOP ( 'NONE', ( #4924, #823, #1825, #3130 ) ) ;
#3202 = CARTESIAN_POINT ( 'NONE',  ( 100.0000000000000142, 20.00000000000000000, 96.43724644492834841 ) ) ;
#3203 = CARTESIAN_POINT ( 'NONE',  ( 207.8244398511338602, 13.00000000000000178, 48.83678289432925368 ) ) ;
#3204 = LINE ( 'NONE', #4456, #7018 ) ;
#3205 = CARTESIAN_POINT ( 'NONE',  ( 138.6915501167004550, 13.00000000000000178, 34.06990912732152310 ) ) ;
#3206 = FACE_BOUND ( 'NONE', #114, .T. ) ;
#3207 = VERTEX_POINT ( 'NONE', #1336 ) ;
#3208 = CARTESIAN_POINT ( 'NONE',  ( 75.30351335953109526, 9.999999999999996447, 44.26131613962511580 ) ) ;
#3209 = CARTESIAN_POINT ( 'NONE',  ( 137.0025510158946815, 12.99999999999999822, 34.15972625980484167 ) ) ;
#3210 = CARTESIAN_POINT ( 'NONE',  ( 111.2696751167004265, 13.00000000000000178, 54.06990912732151600 ) ) ;
#3211 = LINE ( 'NONE', #380, #3814 ) ;
#3212 = CARTESIAN_POINT ( 'NONE',  ( 84.53575736974784149, 10.00000000000000178, 34.08334137905296046 ) ) ;
#3213 = CARTESIAN_POINT ( 'NONE',  ( 199.7070318634718546, 13.00000000000000533, 26.64512023788945072 ) ) ;
#3214 = LINE ( 'NONE', #5533, #5956 ) ;
#3215 = CARTESIAN_POINT ( 'NONE',  ( 194.8907527142174274, 10.00000000000000178, 27.69484013985573512 ) ) ;
#3216 = EDGE_CURVE ( 'NONE', #2826, #6939, #6442, .T. ) ;
#3217 = CARTESIAN_POINT ( 'NONE',  ( 169.1029285287451103, 12.99999999999999822, 37.72523420911397807 ) ) ;
#3218 = CARTESIAN_POINT ( 'NONE',  ( 215.8550116551619737, 13.00000000000000178, 34.06990912732151600 ) ) ;
#3219 = EDGE_LOOP ( 'NONE', ( #2785, #5580 ) ) ;
#3220 = EDGE_LOOP ( 'NONE', ( #3935, #2160 ) ) ;
#3221 = CARTESIAN_POINT ( 'NONE',  ( 227.1807348078216933, 10.00000000000000000, 45.84730247884469634 ) ) ;
#3222 = LINE ( 'NONE', #5981, #1252 ) ;
#3223 = EDGE_CURVE ( 'NONE', #318, #6826, #5397, .T. ) ;
#3224 = LINE ( 'NONE', #7190, #5947 ) ;
#3225 = EDGE_CURVE ( 'NONE', #7159, #2044, #3464, .T. ) ;
#3226 = CARTESIAN_POINT ( 'NONE',  ( 104.1122231936234925, 13.00000000000000178, 44.62279374270612919 ) ) ;
#3227 = ORIENTED_EDGE ( 'NONE', *, *, #4041, .F. ) ;
#3228 = VERTEX_POINT ( 'NONE', #3659 ) ;
#3229 = CARTESIAN_POINT ( 'NONE',  ( 92.11531251750886895, 10.00000000000000178, 37.61404915078250610 ) ) ;
#3230 = CARTESIAN_POINT ( 'NONE',  ( 120.8959664082377685, 9.999999999999996447, 48.16904624400029888 ) ) ;
#3231 = LINE ( 'NONE', #3091, #4920 ) ;
#3232 = CARTESIAN_POINT ( 'NONE',  ( 235.5734523166939312, 12.99999999999999822, 43.03738137367616190 ) ) ;
#3233 = VERTEX_POINT ( 'NONE', #5428 ) ;
#3234 = CARTESIAN_POINT ( 'NONE',  ( 128.3421037886666056, 10.00000000000000000, 51.80934686284911805 ) ) ;
#3235 = CARTESIAN_POINT ( 'NONE',  ( 208.9558126944748437, 13.00000000000000533, 50.81068572931047811 ) ) ;
#3236 = CARTESIAN_POINT ( 'NONE',  ( 119.3557040653915351, 13.00000000000000533, 52.98763072328581103 ) ) ;
#3237 = CARTESIAN_POINT ( 'NONE',  ( 211.7838167514399856, 9.999999999999992895, 37.74795886129023614 ) ) ;
#3238 = DIRECTION ( 'NONE',  ( 1.224646799147353454E-16, 0.000000000000000000, 1.000000000000000000 ) ) ;
#3239 = ORIENTED_EDGE ( 'NONE', *, *, #4351, .F. ) ;
#3240 = CARTESIAN_POINT ( 'NONE',  ( 66.66666666666668561, 20.00000000000000000, 96.43724644492834841 ) ) ;
#3241 = EDGE_CURVE ( 'NONE', #2371, #4261, #5136, .T. ) ;
#3242 = VECTOR ( 'NONE', #4818, 1000.000000000000000 ) ;
#3243 = CARTESIAN_POINT ( 'NONE',  ( 118.3429924243927189, 13.00000000000000178, 34.45452451193689569 ) ) ;
#3244 = LINE ( 'NONE', #5497, #6755 ) ;
#3245 = FACE_OUTER_BOUND ( 'NONE', #835, .T. ) ;
#3246 = CARTESIAN_POINT ( 'NONE',  ( 195.9896631804602407, 10.00000000000000000, 25.59699438138462213 ) ) ;
#3247 = DIRECTION ( 'NONE',  ( -1.000000000000000000, 0.000000000000000000, 0.000000000000000000 ) ) ;
#3248 = LINE ( 'NONE', #1523, #2906 ) ;
#3249 = CARTESIAN_POINT ( 'NONE',  ( 101.4199155013158133, 13.00000000000000178, 34.45452451193689569 ) ) ;
#3250 = VECTOR ( 'NONE', #5310, 1000.000000000000000 ) ;
#3251 = AXIS2_PLACEMENT_3D ( 'NONE', #5030, #4511, #5069 ) ;
#3252 = CARTESIAN_POINT ( 'NONE',  ( 165.7988315733845468, 10.00000000000000355, 36.77853332741074155 ) ) ;
#3253 = CARTESIAN_POINT ( 'NONE',  ( 212.3146301660424058, 10.00000000000000000, 34.55780853454479740 ) ) ;
#3254 = ORIENTED_EDGE ( 'NONE', *, *, #5691, .T. ) ;
#3255 = ORIENTED_EDGE ( 'NONE', *, *, #6294, .T. ) ;
#3256 = CARTESIAN_POINT ( 'NONE',  ( 222.3298364312694844, 10.00000000000000355, 54.86938803416907717 ) ) ;
#3257 = AXIS2_PLACEMENT_3D ( 'NONE', #6514, #963, #7249 ) ;
#3258 = CARTESIAN_POINT ( 'NONE',  ( 101.6801621873115664, 10.00000000000000000, 48.96287563031259538 ) ) ;
#3259 = CARTESIAN_POINT ( 'NONE',  ( 164.8694347320850397, 10.00000000000000000, 54.06990912732151600 ) ) ;
#3260 = EDGE_CURVE ( 'NONE', #5740, #2826, #4427, .T. ) ;
#3261 = CARTESIAN_POINT ( 'NONE',  ( 3.505202749622875924, 10.00000000000000000, 85.13552925583975650 ) ) ;
#3262 = CIRCLE ( 'NONE', #2443, 1.500000000000001332 ) ;
#3263 = CARTESIAN_POINT ( 'NONE',  ( 76.79723406870954250, 10.00000000000000000, 36.59660742638343578 ) ) ;
#3264 = ORIENTED_EDGE ( 'NONE', *, *, #6998, .T. ) ;
#3265 = ORIENTED_EDGE ( 'NONE', *, *, #6905, .F. ) ;
#3266 = DIRECTION ( 'NONE',  ( 0.000000000000000000, 0.000000000000000000, 1.000000000000000000 ) ) ;
#3268 = DIRECTION ( 'NONE',  ( -0.8493950987732645785, 0.000000000000000000, 0.5277574880377882138 ) ) ;
#3267 = APPROVAL_PERSON_ORGANIZATION ( #5211, #5290, #6188 ) ;
#3269 = LINE ( 'NONE', #3864, #5850 ) ;
#3270 = CARTESIAN_POINT ( 'NONE',  ( 235.3616719120159644, 10.00000000000000000, 44.87035318595540190 ) ) ;
#3271 = EDGE_LOOP ( 'NONE', ( #4964, #5191, #1443, #6266 ) ) ;
#3272 = ADVANCED_FACE ( 'NONE', ( #5461 ), #6448, .F. ) ;
#3273 = CARTESIAN_POINT ( 'NONE',  ( 157.8584730473190803, 9.999999999999998224, 40.08951942148313918 ) ) ;
#3274 = ORIENTED_EDGE ( 'NONE', *, *, #1910, .F. ) ;
#3275 = CARTESIAN_POINT ( 'NONE',  ( 164.8574155013158133, 10.00000000000000000, 34.06990912732151600 ) ) ;
#3276 = CARTESIAN_POINT ( 'NONE',  ( 207.5361883414259978, 10.00000000000000000, 42.92666440158208019 ) ) ;
#3277 = CARTESIAN_POINT ( 'NONE',  ( 195.0556017670391498, 13.00000000000000178, 26.64487240422627679 ) ) ;
#3278 = VERTEX_POINT ( 'NONE', #278 ) ;
#3279 = CARTESIAN_POINT ( 'NONE',  ( 88.57925529148157295, 13.00000000000000178, 52.95638920235245450 ) ) ;
#3280 = EDGE_CURVE ( 'NONE', #2463, #2621, #1624, .T. ) ;
#3281 = CARTESIAN_POINT ( 'NONE',  ( 167.4656097439745963, 10.00000000000000000, 34.30750777113145489 ) ) ;
#3282 = CARTESIAN_POINT ( 'NONE',  ( 251.5880369524752780, 13.00000000000000533, 41.35023849663902240 ) ) ;
#3283 = CARTESIAN_POINT ( 'NONE',  ( 104.5389058859311859, 10.00000000000000000, 49.74899566578304899 ) ) ;
#3284 = CARTESIAN_POINT ( 'NONE',  ( 195.0556017670391498, 10.00000000000000000, 26.64487240422627679 ) ) ;
#3285 = DIRECTION ( 'NONE',  ( -0.000000000000000000, -1.000000000000000000, -0.000000000000000000 ) ) ;
#3286 = CARTESIAN_POINT ( 'NONE',  ( 173.7276078090081057, 13.00000000000000178, 34.45452451193689569 ) ) ;
#3287 = CARTESIAN_POINT ( 'NONE',  ( 162.4995360071359300, 12.99999999999999822, 56.57015565131723633 ) ) ;
#3288 = EDGE_CURVE ( 'NONE', #830, #1186, #4981, .T. ) ;
#3289 = CARTESIAN_POINT ( 'NONE',  ( 173.5795009518785150, 13.00000000000000178, 43.68967091283518300 ) ) ;
#3290 = CARTESIAN_POINT ( 'NONE',  ( 216.2663654223899243, 9.999999999999996447, 34.07866819422586246 ) ) ;
#3291 = VERTEX_POINT ( 'NONE', #2218 ) ;
#3292 = ORIENTED_EDGE ( 'NONE', *, *, #4830, .F. ) ;
#3293 = CARTESIAN_POINT ( 'NONE',  ( 226.4123430185068173, 9.999999999999998224, 49.71846661211826301 ) ) ;
#3294 = CARTESIAN_POINT ( 'NONE',  ( 111.2456366551619737, 10.00000000000000000, 56.76221681962921650 ) ) ;
#3295 = LINE ( 'NONE', #7226, #315 ) ;
#3296 = CARTESIAN_POINT ( 'NONE',  ( 227.1891462705465585, 13.00000000000000178, 45.47615912732151600 ) ) ;
#3297 = CARTESIAN_POINT ( 'NONE',  ( 72.57376165516197375, 10.00000000000000178, 45.35596681962920940 ) ) ;
#3298 = ORIENTED_EDGE ( 'NONE', *, *, #1976, .F. ) ;
#3299 = CARTESIAN_POINT ( 'NONE',  ( 95.65068473208503974, 13.00000000000000178, 56.37760143501382260 ) ) ;
#3300 = VERTEX_POINT ( 'NONE', #5565 ) ;
#3301 = CARTESIAN_POINT ( 'NONE',  ( 89.06725659992950739, 9.999999999999998224, 35.20651190607286196 ) ) ;
#3302 = CARTESIAN_POINT ( 'NONE',  ( 119.9681231058107187, 9.999999999999996447, 51.90092177348398650 ) ) ;
#3303 = DIRECTION ( 'NONE',  ( 0.000000000000000000, 0.000000000000000000, -1.000000000000000000 ) ) ;
#3304 = ADVANCED_FACE ( 'NONE', ( #489 ), #16, .T. ) ;
#3305 = B_SPLINE_CURVE_WITH_KNOTS ( 'NONE', 3,
 ( #346, #4244, #379, #5346, #5825, #853, #307, #5313, #2552, #7032, #1995, #4877, #784, #4841, #7068 ),
 .UNSPECIFIED., .F., .F.,
 ( 4, 1, 1, 1, 1, 1, 1, 1, 1, 1, 1, 1, 4 ),
 ( 0.000000000000000000, 0.08480238836882758591, 0.1686635395998405951, 0.2525519243727811225, 0.3382396894642448193, 0.4231026613931543334, 0.5055560510576223576, 0.5861756559890528573, 0.6671357203303603933, 0.7484991803055335291, 0.8304523987582788092, 0.9134557062010132400, 0.9999999999999998890 ),
 .UNSPECIFIED. ) ;
#3306 = PERSON_AND_ORGANIZATION_ROLE ( 'design_supplier' ) ;
#3307 = ORIENTED_EDGE ( 'NONE', *, *, #3474, .T. ) ;
#3308 = DIRECTION ( 'NONE',  ( -1.000000000000000000, 0.000000000000000000, 0.000000000000000000 ) ) ;
#3309 = VERTEX_POINT ( 'NONE', #2251 ) ;
#3310 = CARTESIAN_POINT ( 'NONE',  ( 118.9912060211126743, 12.99999999999999822, 53.47528445337607650 ) ) ;
#3311 = CARTESIAN_POINT ( 'NONE',  ( 213.3187368932789809, 13.00000000000000178, 37.10764781696636305 ) ) ;
#3312 = CARTESIAN_POINT ( 'NONE',  ( 196.4168352818878134, 13.00000000000000178, 25.37918596850887809 ) ) ;
#3313 = ADVANCED_FACE ( 'NONE', ( #3840 ), #7257, .T. ) ;
#3314 = ORIENTED_EDGE ( 'NONE', *, *, #2763, .T. ) ;
#3315 = CYLINDRICAL_SURFACE ( 'NONE', #5607, 1.500000000000001332 ) ;
#3316 = EDGE_CURVE ( 'NONE', #2275, #362, #1589, .T. ) ;
#3317 = CARTESIAN_POINT ( 'NONE',  ( 165.3048428647124695, 13.00000000000000178, 34.08223271196602866 ) ) ;
#3318 = DIRECTION ( 'NONE',  ( -0.000000000000000000, -1.000000000000000000, -0.000000000000000000 ) ) ;
#3319 = CARTESIAN_POINT ( 'NONE',  ( 155.2109368511194987, 12.99999999999999822, 51.70738730869675237 ) ) ;
#3320 = CARTESIAN_POINT ( 'NONE',  ( 196.4168352818878134, 13.00000000000000178, 25.37918596850887809 ) ) ;
#3321 = CARTESIAN_POINT ( 'NONE',  ( 242.4934788446875871, 13.00000000000000178, 36.77437115329158246 ) ) ;
#3322 = CARTESIAN_POINT ( 'NONE',  ( 84.43951113245095996, 9.999999999999998224, 56.75206996115356617 ) ) ;
#3323 = CARTESIAN_POINT ( 'NONE',  ( 194.8907527142174274, 13.00000000000000178, 27.69484013985573512 ) ) ;
#3324 = CARTESIAN_POINT ( 'NONE',  ( 145.7404886630507406, 12.99999999999999822, 39.69679491603125143 ) ) ;
#3325 = CARTESIAN_POINT ( 'NONE',  ( 223.9057878445474614, 9.999999999999996447, 37.39297797573578919 ) ) ;
#3326 = EDGE_LOOP ( 'NONE', ( #4121, #37, #223, #1751 ) ) ;
#3327 = ORIENTED_EDGE ( 'NONE', *, *, #5360, .T. ) ;
#3328 = CARTESIAN_POINT ( 'NONE',  ( 235.6807328090081057, 13.00000000000000178, 42.56750528116766930 ) ) ;
#3329 = CARTESIAN_POINT ( 'NONE',  ( 102.2348052099604416, 9.999999999999996447, 51.24828885046218119 ) ) ;
#3330 = CARTESIAN_POINT ( 'NONE',  ( 198.7675147496468924, 13.00000000000000178, 25.59691944370310424 ) ) ;
#3331 = EDGE_CURVE ( 'NONE', #1087, #4289, #3354, .T. ) ;
#3332 = CARTESIAN_POINT ( 'NONE',  ( 207.5016462705465585, 10.00000000000000000, 37.69971681962920940 ) ) ;
#3333 = ADVANCED_FACE ( 'NONE', ( #7253 ), #4467, .T. ) ;
#3334 = CARTESIAN_POINT ( 'NONE',  ( 82.93203822866996688, 9.999999999999998224, 34.10301801681356437 ) ) ;
#3335 = ORIENTED_EDGE ( 'NONE', *, *, #6009, .T. ) ;
#3336 = DIRECTION ( 'NONE',  ( 0.000000000000000000, -0.000000000000000000, 1.000000000000000000 ) ) ;
#3337 = VERTEX_POINT ( 'NONE', #2922 ) ;
#3338 = CARTESIAN_POINT ( 'NONE',  ( 140.1116590574805230, 13.00000000000000178, 56.68303923383442822 ) ) ;
#3339 = CARTESIAN_POINT ( 'NONE',  ( 120.7730291084493075, 13.00000000000000178, 49.05275384286212415 ) ) ;
#3340 = DIRECTION ( 'NONE',  ( 0.000000000000000000, 0.000000000000000000, -1.000000000000000000 ) ) ;
#3341 = SECURITY_CLASSIFICATION_LEVEL ( 'unclassified' ) ;
#3342 = AXIS2_PLACEMENT_3D ( 'NONE', #4693, #779, #5175 ) ;
#3343 = ORIENTED_EDGE ( 'NONE', *, *, #134, .F. ) ;
#3344 = DIRECTION ( 'NONE',  ( -0.000000000000000000, -1.000000000000000000, -0.000000000000000000 ) ) ;
#3345 = ORIENTED_EDGE ( 'NONE', *, *, #1784, .T. ) ;
#3346 = CARTESIAN_POINT ( 'NONE',  ( 235.2660693474696529, 10.00000000000000000, 38.40885143501382260 ) ) ;
#3347 = CARTESIAN_POINT ( 'NONE',  ( 215.5520986130635208, 10.00000000000000000, 36.77048474826580815 ) ) ;
#3348 = CARTESIAN_POINT ( 'NONE',  ( 243.1386655013157849, 13.00000000000000178, 36.76221681962920940 ) ) ;
#3349 = CARTESIAN_POINT ( 'NONE',  ( 92.70274725672442173, 13.00000000000000178, 47.78018687690887845 ) ) ;
#3350 = CARTESIAN_POINT ( 'NONE',  ( 138.5112616551620022, 10.00000000000000000, 54.06990912732152310 ) ) ;
#3351 = CARTESIAN_POINT ( 'NONE',  ( 211.7838167514399856, 12.99999999999999467, 37.74795886129023614 ) ) ;
#3352 = LINE ( 'NONE', #6112, #5010 ) ;
#3353 = LINE ( 'NONE', #456, #553 ) ;
#3355 = VECTOR ( 'NONE', #1045, 1000.000000000000000 ) ;
#3354 = LINE ( 'NONE', #5500, #5597 ) ;
#3356 = CARTESIAN_POINT ( 'NONE',  ( 86.55720029521272352, 9.999999999999996447, 56.53152832937115591 ) ) ;
#3357 = EDGE_CURVE ( 'NONE', #5957, #140, #1294, .T. ) ;
#3358 = CARTESIAN_POINT ( 'NONE',  ( 164.7732808859311717, 13.00000000000000178, 56.76221681962920940 ) ) ;
#3359 = AXIS2_PLACEMENT_3D ( 'NONE', #979, #2155, #4292 ) ;
#3360 = CIRCLE ( 'NONE', #4783, 1.650000000000000355 ) ;
#3361 = CARTESIAN_POINT ( 'NONE',  ( 215.8429924243927189, 13.00000000000000178, 54.06990912732151600 ) ) ;
#3362 = CARTESIAN_POINT ( 'NONE',  ( 213.4479379591385282, 10.00000000000000000, 34.27867554784597814 ) ) ;
#3363 = EDGE_LOOP ( 'NONE', ( #6392, #3999, #109, #4746 ) ) ;
#3364 = VERTEX_POINT ( 'NONE', #1258 ) ;
#3365 = CARTESIAN_POINT ( 'NONE',  ( 249.0394813512151586, 10.00000000000000355, 42.97351722328868107 ) ) ;
#3366 = CARTESIAN_POINT ( 'NONE',  ( 68.72760780900810573, 13.00000000000000178, 56.37760143501382260 ) ) ;
#3367 = CARTESIAN_POINT ( 'NONE',  ( 147.8812735699490872, 13.00000000000000178, 52.84246626758707777 ) ) ;
#3368 = CARTESIAN_POINT ( 'NONE',  ( 214.9778203673390919, 10.00000000000000178, 36.78680717029157421 ) ) ;
#3369 = VECTOR ( 'NONE', #2578, 1000.000000000000000 ) ;
#3370 = B_SPLINE_CURVE_WITH_KNOTS ( 'NONE', 3,
 ( #2553, #3689, #4804, #2074, #5459, #6560, #999, #4878, #2143, #6517, #1479, #5932, #7069, #2035, #7103 ),
 .UNSPECIFIED., .F., .F.,
 ( 4, 1, 1, 1, 1, 1, 1, 1, 1, 1, 1, 1, 4 ),
 ( 0.000000000000000000, 0.06048671878424762005, 0.1197159334053024549, 0.1780861642555809365, 0.2359713213676928045, 0.2946097683616256124, 0.3535360182612490854, 0.4131613089451967591, 0.4745453087944144221, 0.5992335172031756363, 0.7270292124547209633, 0.8596954264724339101, 1.000000000000000000 ),
 .UNSPECIFIED. ) ;
#3371 = AXIS2_PLACEMENT_3D ( 'NONE', #7146, #6079, #2077 ) ;
#3372 = AXIS2_PLACEMENT_3D ( 'NONE', #5179, #5682, #677 ) ;
#3373 = CARTESIAN_POINT ( 'NONE',  ( 79.67204854949740422, 13.00000000000000178, 34.88421282154197200 ) ) ;
#3374 = EDGE_CURVE ( 'NONE', #1529, #67, #1807, .T. ) ;
#3375 = ORIENTED_EDGE ( 'NONE', *, *, #2431, .F. ) ;
#3376 = CARTESIAN_POINT ( 'NONE',  ( 173.7276078090081342, 10.00000000000000000, 45.46413989655228960 ) ) ;
#3377 = EDGE_CURVE ( 'NONE', #7222, #7113, #5174, .T. ) ;
#3378 = VECTOR ( 'NONE', #1883, 1000.000000000000000 ) ;
#3379 = CARTESIAN_POINT ( 'NONE',  ( 243.6074155013158133, 13.00000000000000178, 34.06990912732151600 ) ) ;
#3380 = EDGE_CURVE ( 'NONE', #4010, #4413, #6532, .T. ) ;
#3381 = ORIENTED_EDGE ( 'NONE', *, *, #647, .F. ) ;
#3382 = DIRECTION ( 'NONE',  ( -1.000000000000000000, 0.000000000000000000, -0.000000000000000000 ) ) ;
#3383 = CARTESIAN_POINT ( 'NONE',  ( 91.20494080980517992, 12.99999999999999822, 50.78380950763849455 ) ) ;
#3384 = CARTESIAN_POINT ( 'NONE',  ( 138.4932328090081057, 13.00000000000000178, 36.76221681962920940 ) ) ;
#3385 = VECTOR ( 'NONE', #1661, 1000.000000000000000 ) ;
#3386 = ORIENTED_EDGE ( 'NONE', *, *, #4694, .T. ) ;
#3387 = VECTOR ( 'NONE', #189, 1000.000000000000000 ) ;
#3388 = EDGE_LOOP ( 'NONE', ( #4851, #2946, #2868, #5759 ) ) ;
#3389 = VECTOR ( 'NONE', #660, 1000.000000000000000 ) ;
#3390 = CARTESIAN_POINT ( 'NONE',  ( 72.57376165516197375, 13.00000000000000178, 45.35596681962920940 ) ) ;
#3391 = ORIENTED_EDGE ( 'NONE', *, *, #6101, .T. ) ;
#3392 = CARTESIAN_POINT ( 'NONE',  ( 215.8429924243927189, 13.00000000000000178, 36.76221681962920940 ) ) ;
#3393 = DIRECTION ( 'NONE',  ( 1.000000000000000000, 0.000000000000000000, 0.000000000000000000 ) ) ;
#3394 = CARTESIAN_POINT ( 'NONE',  ( 197.2042767850348355, 12.99999999999999822, 25.23120922246896924 ) ) ;
#3395 = CARTESIAN_POINT ( 'NONE',  ( 167.3264310644435398, 13.00000000000000178, 56.53152832937117722 ) ) ;
#3396 = CARTESIAN_POINT ( 'NONE',  ( 80.64951452831095935, 10.00000000000000178, 56.31189318009945310 ) ) ;
#3397 = CARTESIAN_POINT ( 'NONE',  ( 235.6807328090081057, 10.00000000000000000, 42.56750528116766930 ) ) ;
#3398 = CARTESIAN_POINT ( 'NONE',  ( 104.1122231936234925, 10.00000000000000000, 44.62279374270612919 ) ) ;
#3399 = DIRECTION ( 'NONE',  ( 0.000000000000000000, 0.000000000000000000, 1.000000000000000000 ) ) ;
#3400 = CARTESIAN_POINT ( 'NONE',  ( 235.8566946611218498, 13.00000000000000178, 41.96339766159374562 ) ) ;
#3401 = CARTESIAN_POINT ( 'NONE',  ( 232.5737616551619737, 13.00000000000000178, 56.37760143501382260 ) ) ;
#3402 = CARTESIAN_POINT ( 'NONE',  ( 68.72760780900810573, 10.00000000000000000, 56.37760143501382260 ) ) ;
#3403 = CARTESIAN_POINT ( 'NONE',  ( 208.3267701694827281, 13.00000000000000178, 36.83577994420361534 ) ) ;
#3404 = ORIENTED_EDGE ( 'NONE', *, *, #1185, .F. ) ;
#3405 = ORIENTED_EDGE ( 'NONE', *, *, #1917, .T. ) ;
#3406 = EDGE_CURVE ( 'NONE', #5987, #4177, #200, .T. ) ;
#3407 = CARTESIAN_POINT ( 'NONE',  ( 227.1795831158877945, 9.999999999999996447, 45.10715456590124717 ) ) ;
#3408 = DIRECTION ( 'NONE',  ( -1.000000000000000000, 0.000000000000000000, 0.000000000000000000 ) ) ;
#3409 = CARTESIAN_POINT ( 'NONE',  ( 142.4142868481634991, 13.00000000000000178, 56.25530877539821972 ) ) ;
#3410 = ADVANCED_FACE ( 'NONE', ( #2433 ), #2846, .T. ) ;
#3411 = CARTESIAN_POINT ( 'NONE',  ( 164.8694347320850397, 10.00000000000000000, 54.06990912732151600 ) ) ;
#3412 = EDGE_CURVE ( 'NONE', #2403, #4473, #6409, .T. ) ;
#3413 = DIRECTION ( 'NONE',  ( -0.000000000000000000, -1.000000000000000000, -0.000000000000000000 ) ) ;
#3414 = ORIENTED_EDGE ( 'NONE', *, *, #7197, .T. ) ;
#3415 = PLANE ( 'NONE',  #6189 ) ;
#3416 = CARTESIAN_POINT ( 'NONE',  ( 251.8014492183638993, 9.999999999999994671, 44.13345003493209617 ) ) ;
#3417 = VERTEX_POINT ( 'NONE', #1882 ) ;
#3418 = CARTESIAN_POINT ( 'NONE',  ( 142.4142868481634991, 13.00000000000000178, 56.25530877539821972 ) ) ;
#3419 = CARTESIAN_POINT ( 'NONE',  ( 92.95837703977734634, 13.00000000000000178, 56.37760143501382260 ) ) ;
#3420 = CARTESIAN_POINT ( 'NONE',  ( 95.65068473208503974, 13.00000000000000178, 25.60837066578305254 ) ) ;
#3421 = CARTESIAN_POINT ( 'NONE',  ( 223.2136891311471061, 13.00000000000000178, 54.18086000942628289 ) ) ;
#3422 = ORIENTED_EDGE ( 'NONE', *, *, #5831, .F. ) ;
#3423 = CARTESIAN_POINT ( 'NONE',  ( 75.12794556150745962, 10.00000000000000178, 52.60692056762643887 ) ) ;
#3424 = ORIENTED_EDGE ( 'NONE', *, *, #4694, .F. ) ;
#3425 = CARTESIAN_POINT ( 'NONE',  ( 199.7070318634718546, 10.00000000000000355, 26.64512023788945072 ) ) ;
#3426 = CARTESIAN_POINT ( 'NONE',  ( 251.8045308859312001, 13.00000000000000178, 45.18168797347536270 ) ) ;
#3427 = CARTESIAN_POINT ( 'NONE',  ( 135.6607666422003149, 9.999999999999998224, 37.10328052702774926 ) ) ;
#3428 = ADVANCED_FACE ( 'NONE', ( #163 ), #45, .T. ) ;
#3429 = FACE_OUTER_BOUND ( 'NONE', #5263, .T. ) ;
#3430 = CARTESIAN_POINT ( 'NONE',  ( 73.39107899135714774, 10.00000000000000178, 49.76359767057063976 ) ) ;
#3431 = CARTESIAN_POINT ( 'NONE',  ( 157.8794140492624365, 9.999999999999998224, 50.69240783167714426 ) ) ;
#3432 = CARTESIAN_POINT ( 'NONE',  ( 199.9999999999999432, 10.00000000000000000, 96.43724644492834841 ) ) ;
#3433 = CARTESIAN_POINT ( 'NONE',  ( 197.3694347320850397, 10.00000000000000000, 25.22375528116766930 ) ) ;
#3434 = CARTESIAN_POINT ( 'NONE',  ( 198.7276078090081057, 10.00000000000000000, 56.37760143501382260 ) ) ;
#3435 = LINE ( 'NONE', #5210, #3378 ) ;
#3436 = CARTESIAN_POINT ( 'NONE',  ( 0.000000000000000000, 0.000000000000000000, 0.000000000000000000 ) ) ;
#3437 = ORIENTED_EDGE ( 'NONE', *, *, #7012, .F. ) ;
#3438 = DIRECTION ( 'NONE',  ( -0.000000000000000000, -1.000000000000000000, -0.000000000000000000 ) ) ;
#3439 = LINE ( 'NONE', #5683, #2414 ) ;
#3440 = CARTESIAN_POINT ( 'NONE',  ( 156.6971681567759447, 10.00000000000000000, 48.68802131267675293 ) ) ;
#3441 = VERTEX_POINT ( 'NONE', #5714 ) ;
#3442 = CARTESIAN_POINT ( 'NONE',  ( 88.57925529148157295, 10.00000000000000000, 52.95638920235245450 ) ) ;
#3443 = CARTESIAN_POINT ( 'NONE',  ( 126.8176675678941763, 13.00000000000000178, 42.57218297862775813 ) ) ;
#3444 = PLANE ( 'NONE',  #88 ) ;
#3445 = CARTESIAN_POINT ( 'NONE',  ( 126.6288755358453102, 9.999999999999998224, 43.30596343018814309 ) ) ;
#3446 = CARTESIAN_POINT ( 'NONE',  ( 156.3124835273456199, 13.00000000000000533, 47.61098666643686528 ) ) ;
#3447 = EDGE_LOOP ( 'NONE', ( #3775, #1536, #6569, #2633 ) ) ;
#3448 = CARTESIAN_POINT ( 'NONE',  ( 89.76146879599583883, 9.999999999999998224, 38.66768861012784697 ) ) ;
#3449 = CARTESIAN_POINT ( 'NONE',  ( 251.8045308859312001, 13.00000000000000178, 45.18168797347536270 ) ) ;
#3450 = ORIENTED_EDGE ( 'NONE', *, *, #1074, .F. ) ;
#3451 = B_SPLINE_SURFACE_WITH_KNOTS ( 'NONE', 3, 1, ( 
 ( #6257, #3542 ),
 ( #1324, #4689 ),
 ( #3064, #4722 ),
 ( #6330, #124 ),
 ( #3508, #4164 ),
 ( #5306, #1912 ),
 ( #5239, #2394 ),
 ( #3612, #1292 ),
 ( #5784, #2358 ),
 ( #6809, #742 ),
 ( #669, #6395 ),
 ( #268, #1216 ),
 ( #2988, #1841 ),
 ( #6915, #4579 ),
 ( #5817, #6876 ) ),
 .UNSPECIFIED., .F., .F., .F.,
 ( 4, 1, 1, 1, 1, 1, 1, 1, 1, 1, 1, 1, 4 ),
 ( 2, 2 ),
 ( 0.000000000000000000, 0.08473274469801536646, 0.1681786536463132364, 0.2514881976122794738, 0.3358406713894909190, 0.4198344941507970440, 0.5023448759880102532, 0.5836490197324389895, 0.6659310052762723586, 0.7487165252643905866, 0.8310473361373623691, 0.9144098067945605202, 1.000000000000000000 ),
 ( 0.000000000000000000, 1.000000000000000000 ),
 .UNSPECIFIED. ) ;
#3452 = CARTESIAN_POINT ( 'NONE',  ( 148.3272246452694105, 9.999999999999996447, 52.29008812470679146 ) ) ;
#3453 = CARTESIAN_POINT ( 'NONE',  ( 86.40826508139970485, 13.00000000000000178, 53.81068570307285626 ) ) ;
#3454 = CARTESIAN_POINT ( 'NONE',  ( 250.8284308266304663, 10.00000000000000000, 38.48229605725229874 ) ) ;
#3455 = DIRECTION ( 'NONE',  ( 0.000000000000000000, 0.000000000000000000, 1.000000000000000000 ) ) ;
#3456 = ORIENTED_EDGE ( 'NONE', *, *, #1752, .T. ) ;
#3457 = VECTOR ( 'NONE', #3739, 1000.000000000000000 ) ;
#3458 = CARTESIAN_POINT ( 'NONE',  ( 79.61001819120990319, 13.00000000000000178, 55.95274269874143158 ) ) ;
#3459 = VERTEX_POINT ( 'NONE', #4614 ) ;
#3460 = DIRECTION ( 'NONE',  ( 1.000000000000000000, 0.000000000000000000, 0.000000000000000000 ) ) ;
#3461 = DIRECTION ( 'NONE',  ( -0.000000000000000000, -1.000000000000000000, -0.000000000000000000 ) ) ;
#3462 = CARTESIAN_POINT ( 'NONE',  ( 296.5030604351463808, 10.00000000000000000, 91.13552925583975650 ) ) ;
#3463 = CARTESIAN_POINT ( 'NONE',  ( 224.3483903194656364, 9.999999999999996447, 43.75366137092157715 ) ) ;
#3464 = B_SPLINE_CURVE_WITH_KNOTS ( 'NONE', 3,
 ( #382, #5972, #932, #6997, #825, #349, #3732, #3213, #3179, #4807, #3625 ),
 .UNSPECIFIED., .F., .F.,
 ( 4, 1, 1, 1, 1, 1, 1, 1, 4 ),
 ( 0.000000000000000000, 0.1318992643310784307, 0.2582840923169735237, 0.3843411247791039820, 0.5119796151257163253, 0.6386320084211462023, 0.7592297631645879008, 0.8774121680352047203, 0.9999999999999998890 ),
 .UNSPECIFIED. ) ;
#3465 = VECTOR ( 'NONE', #4905, 1000.000000000000000 ) ;
#3466 = VECTOR ( 'NONE', #1266, 1000.000000000000000 ) ;
#3467 = CARTESIAN_POINT ( 'NONE',  ( 83.61689622670725441, 10.00000000000000000, 56.75170505732219084 ) ) ;
#3468 = CARTESIAN_POINT ( 'NONE',  ( 156.3124835273456199, 13.00000000000000533, 47.61098666643686528 ) ) ;
#3469 = EDGE_CURVE ( 'NONE', #6446, #7130, #7001, .T. ) ;
#3470 = CARTESIAN_POINT ( 'NONE',  ( 131.1501099195947688, 12.99999999999999822, 39.89388272226091914 ) ) ;
#3471 = CYLINDRICAL_SURFACE ( 'NONE', #1269, 1.500000000000001332 ) ;
#3472 = DIRECTION ( 'NONE',  ( 0.000000000000000000, 0.000000000000000000, 1.000000000000000000 ) ) ;
#3473 = CARTESIAN_POINT ( 'NONE',  ( 164.7732808859311717, 9.999999999999996447, 56.76221681962920940 ) ) ;
#3474 = EDGE_CURVE ( 'NONE', #4744, #1370, #1695, .T. ) ;
#3475 =( NAMED_UNIT ( * ) PLANE_ANGLE_UNIT ( ) SI_UNIT ( $, .RADIAN. ) );
#3476 = DIRECTION ( 'NONE',  ( -0.000000000000000000, -1.000000000000000000, -0.000000000000000000 ) ) ;
#3477 = CARTESIAN_POINT ( 'NONE',  ( 129.0323282773942992, 10.00000000000000000, 52.69948901655517659 ) ) ;
#3478 = CARTESIAN_POINT ( 'NONE',  ( 78.61854265891757620, 12.99999999999999822, 55.47633565612842688 ) ) ;
#3479 = ORIENTED_EDGE ( 'NONE', *, *, #988, .T. ) ;
#3480 = CARTESIAN_POINT ( 'NONE',  ( 226.7852494175676554, 9.999999999999996447, 42.26942716819225154 ) ) ;
#3481 = CARTESIAN_POINT ( 'NONE',  ( 131.0936546692717570, 13.00000000000000533, 36.39756720957432634 ) ) ;
#3482 = PLANE ( 'NONE',  #4197 ) ;
#3483 = VECTOR ( 'NONE', #1188, 1000.000000000000000 ) ;
#3484 = CARTESIAN_POINT ( 'NONE',  ( 133.1972348203754848, 10.00000000000000355, 38.16366055062614748 ) ) ;
#3485 = ORIENTED_EDGE ( 'NONE', *, *, #2415, .T. ) ;
#3486 = FACE_OUTER_BOUND ( 'NONE', #3122, .T. ) ;
#3487 = AXIS2_PLACEMENT_3D ( 'NONE', #1791, #6796, #5736 ) ;
#3488 = CARTESIAN_POINT ( 'NONE',  ( 236.1113715147155574, 13.00000000000000533, 37.35422298077789094 ) ) ;
#3489 = ORIENTED_EDGE ( 'NONE', *, *, #35, .F. ) ;
#3490 = CARTESIAN_POINT ( 'NONE',  ( 143.1341138142644240, 13.00000000000000533, 56.02413643906469076 ) ) ;
#3491 = CARTESIAN_POINT ( 'NONE',  ( 92.91749502052141452, 13.00000000000000178, 46.64052332137998036 ) ) ;
#3492 = CARTESIAN_POINT ( 'NONE',  ( 207.7797770507696384, 10.00000000000000000, 37.40850305459901648 ) ) ;
#3493 = AXIS2_PLACEMENT_3D ( 'NONE', #1935, #3746, #1384 ) ;
#3494 = FACE_OUTER_BOUND ( 'NONE', #3919, .T. ) ;
#3495 = EDGE_LOOP ( 'NONE', ( #6175, #5065, #4036, #3866 ) ) ;
#3496 = CARTESIAN_POINT ( 'NONE',  ( 173.7276078090081057, 10.00000000000000000, 34.45452451193689569 ) ) ;
#3497 = EDGE_LOOP ( 'NONE', ( #3117, #1283, #1115, #3161 ) ) ;
#3498 = CARTESIAN_POINT ( 'NONE',  ( 170.9240055956471167, 10.00000000000000178, 35.72354800764802718 ) ) ;
#3500 = CARTESIAN_POINT ( 'NONE',  ( 173.7031915478553117, 12.99999999999999822, 44.56504963488112026 ) ) ;
#3499 = VECTOR ( 'NONE', #6710, 1000.000000000000000 ) ;
#3501 = CARTESIAN_POINT ( 'NONE',  ( 129.1577699029508892, 10.00000000000000000, 46.50200459242339690 ) ) ;
#3502 = CARTESIAN_POINT ( 'NONE',  ( 223.5102659986143578, 13.00000000000000533, 41.37203762034374677 ) ) ;
#3503 = B_SPLINE_CURVE_WITH_KNOTS ( 'NONE', 3,
 ( #6419, #1454, #4224, #6900, #4259, #4151, #866, #322, #4742, #6969, #4708 ),
 .UNSPECIFIED., .F., .F.,
 ( 4, 1, 1, 1, 1, 1, 1, 1, 4 ),
 ( 0.000000000000000000, 0.1318667517023338065, 0.2566614034533643562, 0.3842132129425004927, 0.5133652331525877521, 0.6404431518253905775, 0.7610850047778844329, 0.8791455246531607592, 1.000000000000000000 ),
 .UNSPECIFIED. ) ;
#3504 = VECTOR ( 'NONE', #6735, 1000.000000000000000 ) ;
#3505 = EDGE_CURVE ( 'NONE', #947, #403, #199, .T. ) ;
#3506 = PLANE ( 'NONE',  #1261 ) ;
#3507 = CARTESIAN_POINT ( 'NONE',  ( 235.3616719120159644, 10.00000000000000178, 44.87035318595540190 ) ) ;
#3508 = CARTESIAN_POINT ( 'NONE',  ( 207.8244398511338602, 13.00000000000000178, 48.83678289432925368 ) ) ;
#3509 = CARTESIAN_POINT ( 'NONE',  ( 104.1686608812924248, 12.99999999999999822, 47.06315605665455593 ) ) ;
#3510 = DIRECTION ( 'NONE',  ( -1.000000000000000000, 0.000000000000000000, 0.000000000000000000 ) ) ;
#3511 = DIRECTION ( 'NONE',  ( -0.000000000000000000, -1.000000000000000000, -0.000000000000000000 ) ) ;
#3512 = APPLICATION_PROTOCOL_DEFINITION ( 'international standard', 'config_control_design', 1994, #2321 ) ;
#3513 = ADVANCED_FACE ( 'NONE', ( #5858 ), #5420, .T. ) ;
#3514 = CARTESIAN_POINT ( 'NONE',  ( 141.9843643916103986, 9.999999999999996447, 37.27877626147937207 ) ) ;
#3515 = DIRECTION ( 'NONE',  ( -0.000000000000000000, -1.000000000000000000, -0.000000000000000000 ) ) ;
#3516 = CARTESIAN_POINT ( 'NONE',  ( 146.3453083835016173, 10.00000000000000178, 54.29702133883008486 ) ) ;
#3517 = VERTEX_POINT ( 'NONE', #5278 ) ;
#3518 = CARTESIAN_POINT ( 'NONE',  ( 227.0206696711844359, 9.999999999999996447, 43.30573012098180641 ) ) ;
#3519 = CARTESIAN_POINT ( 'NONE',  ( 134.6170568277781001, 13.00000000000000178, 34.64867645038453503 ) ) ;
#3520 = CARTESIAN_POINT ( 'NONE',  ( 199.8814539628542661, 13.00000000000000178, 27.54346681962920584 ) ) ;
#3521 = ADVANCED_FACE ( 'NONE', ( #2028 ), #5801, .T. ) ;
#3522 = CARTESIAN_POINT ( 'NONE',  ( 136.5662725261925914, 10.00000000000000711, 36.90063474154295875 ) ) ;
#3523 = EDGE_LOOP ( 'NONE', ( #3414, #6553, #5808, #3113, #4886, #4002, #1196, #2043, #925, #1681, #4567, #2884, #4375, #687 ) ) ;
#3524 = CARTESIAN_POINT ( 'NONE',  ( 92.33626078468998344, 9.999999999999996447, 42.05101592644439989 ) ) ;
#3525 = CARTESIAN_POINT ( 'NONE',  ( 247.0430117037374771, 13.00000000000000178, 34.74124835692471436 ) ) ;
#3526 = EDGE_LOOP ( 'NONE', ( #3292, #1225, #7193, #654 ) ) ;
#3527 = CARTESIAN_POINT ( 'NONE',  ( 215.8550116551619737, 13.00000000000000178, 56.76221681962920940 ) ) ;
#3528 = FACE_OUTER_BOUND ( 'NONE', #7065, .T. ) ;
#3529 = CARTESIAN_POINT ( 'NONE',  ( 84.43951113245095996, 9.999999999999996447, 56.75206996115356617 ) ) ;
#3530 = VERTEX_POINT ( 'NONE', #4724 ) ;
#3531 = CARTESIAN_POINT ( 'NONE',  ( 227.1641133651985456, 10.00000000000000000, 46.58069905017735834 ) ) ;
#3532 = VERTEX_POINT ( 'NONE', #4240 ) ;
#3533 = CARTESIAN_POINT ( 'NONE',  ( 76.75911875584820621, 9.999999999999998224, 54.22677498651072625 ) ) ;
#3534 = ORIENTED_EDGE ( 'NONE', *, *, #1411, .F. ) ;
#3535 = CARTESIAN_POINT ( 'NONE',  ( 104.7115669947605028, 13.00000000000000178, 50.23476536917728907 ) ) ;
#3536 = CARTESIAN_POINT ( 'NONE',  ( 118.3427661861365294, 10.00000000000000000, 44.94734224449729254 ) ) ;
#3537 = CARTESIAN_POINT ( 'NONE',  ( 173.7276078090081342, 13.00000000000000178, 45.46413989655228960 ) ) ;
#3538 = CARTESIAN_POINT ( 'NONE',  ( 222.5447132687457952, 13.00000000000000178, 39.95426956511983008 ) ) ;
#3539 = CARTESIAN_POINT ( 'NONE',  ( 296.5030604351463808, 0.000000000000000000, 91.13552925583975650 ) ) ;
#3540 = EDGE_CURVE ( 'NONE', #7045, #4744, #6001, .T. ) ;
#3541 = CARTESIAN_POINT ( 'NONE',  ( 156.0353001167004265, 13.00000000000000178, 45.38601489655228960 ) ) ;
#3542 = CARTESIAN_POINT ( 'NONE',  ( 207.1891462705465869, 10.00000000000000000, 45.49418797347536270 ) ) ;
#3543 = CARTESIAN_POINT ( 'NONE',  ( 68.72760780900810573, 13.00000000000000178, 53.30067835809074950 ) ) ;
#3544 = CARTESIAN_POINT ( 'NONE',  ( 245.2034968022367991, 13.00000000000000178, 37.00280366795939102 ) ) ;
#3545 = DIRECTION ( 'NONE',  ( 0.000000000000000000, 0.000000000000000000, -1.000000000000000000 ) ) ;
#3546 = EDGE_CURVE ( 'NONE', #6939, #5303, #5051, .T. ) ;
#3547 = CARTESIAN_POINT ( 'NONE',  ( 235.2660693474696529, 13.00000000000000178, 56.37760143501382260 ) ) ;
#3548 = DIRECTION ( 'NONE',  ( 0.000000000000000000, 1.000000000000000000, 0.000000000000000000 ) ) ;
#3549 = CARTESIAN_POINT ( 'NONE',  ( 138.7478099182464462, 10.00000000000000000, 56.76002050252456854 ) ) ;
#3550 = ORIENTED_EDGE ( 'NONE', *, *, #1036, .F. ) ;
#3551 = PLANE ( 'NONE',  #4314 ) ;
#3552 = CARTESIAN_POINT ( 'NONE',  ( 84.53575736974784149, 13.00000000000000178, 34.08334137905296046 ) ) ;
#3553 = DIRECTION ( 'NONE',  ( -8.251574559326090073E-14, 1.000000000000000000, -1.599157045651162666E-14 ) ) ;
#3554 = CARTESIAN_POINT ( 'NONE',  ( 130.1383740861712397, 10.00000000000000355, 41.28651346428223690 ) ) ;
#3555 = ADVANCED_FACE ( 'NONE', ( #1063 ), #3571, .T. ) ;
#3556 = ORIENTED_EDGE ( 'NONE', *, *, #2109, .F. ) ;
#3557 = CARTESIAN_POINT ( 'NONE',  ( 153.3749640948502133, 13.00000000000000178, 44.22140070343980511 ) ) ;
#3558 = CARTESIAN_POINT ( 'NONE',  ( 129.1577699029508892, 10.00000000000000000, 46.50200459242339690 ) ) ;
#3559 = ORIENTED_EDGE ( 'NONE', *, *, #2068, .F. ) ;
#3560 = CARTESIAN_POINT ( 'NONE',  ( 210.2980291503153865, 12.99999999999999822, 55.45927162691315715 ) ) ;
#3561 = CARTESIAN_POINT ( 'NONE',  ( 219.3816698171216899, 10.00000000000000178, 34.56009112700211716 ) ) ;
#3562 = EDGE_CURVE ( 'NONE', #5777, #259, #2690, .T. ) ;
#3563 = CARTESIAN_POINT ( 'NONE',  ( 221.3942304276900757, 9.999999999999996447, 55.45928681446972774 ) ) ;
#3564 = ORIENTED_EDGE ( 'NONE', *, *, #5495, .T. ) ;
#3565 = DIRECTION ( 'NONE',  ( -1.000000000000000000, 0.000000000000000000, 0.000000000000000000 ) ) ;
#3566 = VERTEX_POINT ( 'NONE', #2209 ) ;
#3567 = CARTESIAN_POINT ( 'NONE',  ( 248.9899468038215389, 9.999999999999992895, 42.38865576703136639 ) ) ;
#3568 = CARTESIAN_POINT ( 'NONE',  ( 91.97204977541379378, 13.00000000000000178, 41.29128722302235843 ) ) ;
#3569 = CARTESIAN_POINT ( 'NONE',  ( 206.9203977028249994, 10.00000000000000000, 52.53369101382028816 ) ) ;
#3570 = CARTESIAN_POINT ( 'NONE',  ( 185.2660693474696529, 13.00000000000000178, 37.14683220424458909 ) ) ;
#3571 = B_SPLINE_SURFACE_WITH_KNOTS ( 'NONE', 3, 1, ( 
 ( #6105, #1685 ),
 ( #2652, #3347 ),
 ( #5997, #3829 ),
 ( #2243, #3793 ),
 ( #3311, #993 ),
 ( #5594, #5453 ),
 ( #4492, #3237 ),
 ( #6620, #5007 ),
 ( #5489, #1031 ),
 ( #5558, #479 ),
 ( #959, #2105 ),
 ( #6656, #6141 ),
 ( #446, #7135 ),
 ( #513, #6586 ),
 ( #4347, #3276 ),
 ( #550, #6031 ),
 ( #1546, #2759 ),
 ( #7244, #4942 ),
 ( #6066, #6694 ) ),
 .UNSPECIFIED., .F., .F., .F.,
 ( 4, 1, 1, 1, 1, 1, 1, 1, 1, 1, 1, 1, 1, 1, 1, 1, 4 ),
 ( 2, 2 ),
 ( 0.000000000000000000, 0.06384589973478733971, 0.1260436278408440247, 0.1871653577195669660, 0.2473992895212621668, 0.3083800306041627470, 0.3697796166640489046, 0.4325839246869346288, 0.4976407859952560742, 0.5624011369620610656, 0.6255571033330404873, 0.6873320046201728539, 0.7483127457030734897, 0.8097910391226145199, 0.8717675719729277573, 0.9348361909503147826, 1.000000000000000000 ),
 ( 0.000000000000000000, 1.000000000000000000 ),
 .UNSPECIFIED. ) ;
#3572 = ORIENTED_EDGE ( 'NONE', *, *, #3874, .F. ) ;
#3573 = DIRECTION ( 'NONE',  ( -0.000000000000000000, -1.000000000000000000, -0.000000000000000000 ) ) ;
#3574 = CARTESIAN_POINT ( 'NONE',  ( 251.8045308859312001, 13.00000000000000178, 45.18168797347536270 ) ) ;
#3575 = DIRECTION ( 'NONE',  ( 1.000000000000000000, 0.000000000000000000, -1.224646799147353454E-16 ) ) ;
#3576 = CARTESIAN_POINT ( 'NONE',  ( 185.2660693474696529, 13.00000000000000178, 37.14683220424458909 ) ) ;
#3577 = CARTESIAN_POINT ( 'NONE',  ( 248.7026375938989418, 12.99999999999999822, 40.73673908051748782 ) ) ;
#3578 = CARTESIAN_POINT ( 'NONE',  ( 84.12424242439274735, 13.00000000000000178, 36.76221681962921650 ) ) ;
#3579 = CARTESIAN_POINT ( 'NONE',  ( 138.6915501167004550, 10.00000000000000178, 34.06990912732152310 ) ) ;
#3580 = ADVANCED_FACE ( 'NONE', ( #4380 ), #5524, .T. ) ;
#3581 = CARTESIAN_POINT ( 'NONE',  ( 129.3794774557733831, 13.00000000000000178, 37.91486500630254852 ) ) ;
#3582 = CARTESIAN_POINT ( 'NONE',  ( 243.2060343156544491, 13.00000000000000178, 34.08287546972646709 ) ) ;
#3583 = CARTESIAN_POINT ( 'NONE',  ( 140.1116590574805230, 10.00000000000000178, 56.68303923383442822 ) ) ;
#3584 = EDGE_LOOP ( 'NONE', ( #961, #6238, #2458, #5864 ) ) ;
#3585 = CARTESIAN_POINT ( 'NONE',  ( 104.7115669947605028, 10.00000000000000000, 50.23476536917728907 ) ) ;
#3586 = CARTESIAN_POINT ( 'NONE',  ( 133.8628308628343007, 13.00000000000000178, 34.90969852939176121 ) ) ;
#3587 = CARTESIAN_POINT ( 'NONE',  ( 216.2306470152489908, 12.99999999999999822, 54.05867815360303297 ) ) ;
#3588 = CARTESIAN_POINT ( 'NONE',  ( 224.1499142652078262, 10.00000000000000355, 42.92659054266833607 ) ) ;
#3589 = ORIENTED_EDGE ( 'NONE', *, *, #608, .T. ) ;
#3590 = CARTESIAN_POINT ( 'NONE',  ( 75.91753861106734291, 10.00000000000000000, 42.08049257684432121 ) ) ;
#3591 = DIRECTION ( 'NONE',  ( 1.000000000000000000, 0.000000000000000000, -0.000000000000000000 ) ) ;
#3592 = CARTESIAN_POINT ( 'NONE',  ( 3.505202749622875924, 0.000000000000000000, 85.13552925583975650 ) ) ;
#3593 = DIRECTION ( 'NONE',  ( 0.000000000000000000, 1.000000000000000000, 0.000000000000000000 ) ) ;
#3594 = VECTOR ( 'NONE', #3318, 1000.000000000000000 ) ;
#3595 = EDGE_CURVE ( 'NONE', #5650, #5843, #4417, .T. ) ;
#3596 = CIRCLE ( 'NONE', #3487, 1.500000000000001332 ) ;
#3597 = ADVANCED_FACE ( 'NONE', ( #4457 ), #1277, .T. ) ;
#3598 = CARTESIAN_POINT ( 'NONE',  ( 76.79723406870954250, 13.00000000000000178, 36.59660742638343578 ) ) ;
#3599 = PERSON ( 'UNSPECIFIED', 'UNSPECIFIED', 'UNSPECIFIED', ('UNSPECIFIED'), ('UNSPECIFIED'), ('UNSPECIFIED') ) ;
#3600 = ORIENTED_EDGE ( 'NONE', *, *, #1305, .F. ) ;
#3601 = CYLINDRICAL_SURFACE ( 'NONE', #1592, 1.500000000000001332 ) ;
#3602 = EDGE_LOOP ( 'NONE', ( #5230, #4704, #3993, #5150 ) ) ;
#3603 = CARTESIAN_POINT ( 'NONE',  ( 105.4586668364795798, 12.99999999999999822, 51.54677988636960606 ) ) ;
#3604 = CARTESIAN_POINT ( 'NONE',  ( 84.12424242439273314, 9.999999999999996447, 36.76221681962920940 ) ) ;
#3605 = CARTESIAN_POINT ( 'NONE',  ( 204.5218714868044856, 10.00000000000000000, 46.58069904533257244 ) ) ;
#3606 = CARTESIAN_POINT ( 'NONE',  ( 243.1386655013157849, 10.00000000000000000, 36.76221681962920940 ) ) ;
#3607 = VECTOR ( 'NONE', #2348, 1000.000000000000000 ) ;
#3608 = ORIENTED_EDGE ( 'NONE', *, *, #3184, .T. ) ;
#3609 = VECTOR ( 'NONE', #2302, 1000.000000000000000 ) ;
#3610 = CARTESIAN_POINT ( 'NONE',  ( 169.3484860607123323, 10.00000000000000000, 52.95638920235247582 ) ) ;
#3611 = CARTESIAN_POINT ( 'NONE',  ( 217.0729296301303748, 13.00000000000000178, 34.09584258381722321 ) ) ;
#3612 = CARTESIAN_POINT ( 'NONE',  ( 209.6971304088433214, 12.99999999999999822, 51.65644130948591339 ) ) ;
#3613 = CARTESIAN_POINT ( 'NONE',  ( 145.7043696140950146, 10.00000000000000000, 51.13336437261948220 ) ) ;
#3614 = CARTESIAN_POINT ( 'NONE',  ( 131.7785134634123096, 13.00000000000000178, 51.58869778305805909 ) ) ;
#3615 = AXIS2_PLACEMENT_3D ( 'NONE', #1295, #6918, #4206 ) ;
#3616 = CARTESIAN_POINT ( 'NONE',  ( 207.5016462705465585, 13.00000000000000178, 37.69971681962920940 ) ) ;
#3617 = CARTESIAN_POINT ( 'NONE',  ( 78.71983975396199185, 9.999999999999998224, 38.48701887194184224 ) ) ;
#3618 = CIRCLE ( 'NONE', #6669, 1.500000000000001332 ) ;
#3619 = CARTESIAN_POINT ( 'NONE',  ( 129.9184155589458101, 13.00000000000000178, 37.37723277194237426 ) ) ;
#3620 = LINE ( 'NONE', #821, #1120 ) ;
#3621 = CARTESIAN_POINT ( 'NONE',  ( 237.0403800856475414, 9.999999999999996447, 36.43947519883429464 ) ) ;
#3622 = ORIENTED_EDGE ( 'NONE', *, *, #4713, .F. ) ;
#3623 = CARTESIAN_POINT ( 'NONE',  ( 105.4586668364795798, 12.99999999999999822, 51.54677988636960606 ) ) ;
#3624 = CC_DESIGN_APPROVAL ( #5290, ( #3975 ) ) ;
#3625 = CARTESIAN_POINT ( 'NONE',  ( 199.8814539628542661, 13.00000000000000178, 27.54346681962920584 ) ) ;
#3626 = CARTESIAN_POINT ( 'NONE',  ( 218.1140879250471016, 10.00000000000000355, 53.81606149722201593 ) ) ;
#3627 = EDGE_CURVE ( 'NONE', #95, #2747, #5234, .T. ) ;
#3628 = B_SPLINE_CURVE_WITH_KNOTS ( 'NONE', 3,
 ( #4029, #6820, #529, #3367, #2780, #3889, #5618, #2933, #571, #6198, #1085, #3958, #3409, #6785, #2297, #60, #5654, #6234, #25 ),
 .UNSPECIFIED., .F., .F.,
 ( 4, 1, 1, 1, 1, 1, 1, 1, 1, 1, 1, 1, 1, 1, 1, 1, 4 ),
 ( 0.000000000000000000, 0.05963339613625172342, 0.1190688615049903393, 0.1781965462156710478, 0.2369566475521801552, 0.2959319880758040644, 0.3558557687429133032, 0.4164733051171483069, 0.4777415997317964735, 0.5399029904536087887, 0.6025375151243946847, 0.6654223850767742032, 0.7297652560446459269, 0.7948287708416035269, 0.8618265399701647844, 0.9300109324340654071, 1.000000000000000000 ),
 .UNSPECIFIED. ) ;
#3629 = B_SPLINE_CURVE_WITH_KNOTS ( 'NONE', 3,
 ( #1571, #1608, #5442, #2642, #4895, #7086, #6646, #7123, #3818, #364, #2054, #2095, #3861, #6055, #2575 ),
 .UNSPECIFIED., .F., .F.,
 ( 4, 1, 1, 1, 1, 1, 1, 1, 1, 1, 1, 1, 4 ),
 ( 0.000000000000000000, 0.08473274469801536646, 0.1681786536463132364, 0.2514881976122794738, 0.3358406713894909190, 0.4198344941507970440, 0.5023448759880102532, 0.5836490197324389895, 0.6659310052762723586, 0.7487165252643905866, 0.8310473361373623691, 0.9144098067945605202, 1.000000000000000000 ),
 .UNSPECIFIED. ) ;
#3630 = CARTESIAN_POINT ( 'NONE',  ( 155.2332679647015254, 13.00000000000000178, 39.10513232824222740 ) ) ;
#3631 = CARTESIAN_POINT ( 'NONE',  ( 104.1134395213499602, 9.999999999999998224, 44.92127444997887409 ) ) ;
#3632 = ORIENTED_EDGE ( 'NONE', *, *, #1906, .F. ) ;
#3633 = CARTESIAN_POINT ( 'NONE',  ( 75.26606934746966715, 13.00000000000000178, 45.38601489655228960 ) ) ;
#3634 = CARTESIAN_POINT ( 'NONE',  ( 239.0507735468741544, 9.999999999999996447, 35.08476932178484731 ) ) ;
#3635 = FACE_OUTER_BOUND ( 'NONE', #3388, .T. ) ;
#3636 = ADVANCED_FACE ( 'NONE', ( #6218 ), #5636, .T. ) ;
#3637 = CARTESIAN_POINT ( 'NONE',  ( 92.06232841771731046, 13.00000000000000178, 53.59848297056242927 ) ) ;
#3638 = ORIENTED_EDGE ( 'NONE', *, *, #102, .T. ) ;
#3639 = CARTESIAN_POINT ( 'NONE',  ( 117.2279674302650534, 10.00000000000000000, 55.14884021526930979 ) ) ;
#3640 = ORIENTED_EDGE ( 'NONE', *, *, #6341, .F. ) ;
#3641 = CARTESIAN_POINT ( 'NONE',  ( 108.9560167829814077, 13.00000000000000178, 53.81157642012874476 ) ) ;
#3642 = CARTESIAN_POINT ( 'NONE',  ( 235.3616719120159644, 13.00000000000000178, 44.87035318595540190 ) ) ;
#3643 = CARTESIAN_POINT ( 'NONE',  ( 181.4199155013158133, 13.00000000000000178, 34.45452451193689569 ) ) ;
#3644 = CARTESIAN_POINT ( 'NONE',  ( 240.0591747205680804, 9.999999999999998224, 37.41243395623314427 ) ) ;
#3645 = ORIENTED_EDGE ( 'NONE', *, *, #7181, .T. ) ;
#3646 = LINE ( 'NONE', #6980, #2793 ) ;
#3647 = CARTESIAN_POINT ( 'NONE',  ( 147.6497014819846925, 13.00000000000000533, 37.69140553811955385 ) ) ;
#3648 = CARTESIAN_POINT ( 'NONE',  ( 143.9246915009793213, 10.00000000000000000, 52.58447098230429617 ) ) ;
#3649 = EDGE_CURVE ( 'NONE', #1644, #5215, #6127, .T. ) ;
#3650 = CARTESIAN_POINT ( 'NONE',  ( 220.1981910054939533, 10.00000000000000000, 52.99298260652844306 ) ) ;
#3651 = CARTESIAN_POINT ( 'NONE',  ( 79.71389563093886466, 13.00000000000000178, 52.94212741259030253 ) ) ;
#3652 = CARTESIAN_POINT ( 'NONE',  ( 101.4199155013158133, 13.00000000000000178, 34.45452451193689569 ) ) ;
#3653 = DIRECTION ( 'NONE',  ( 0.000000000000000000, 0.000000000000000000, -1.000000000000000000 ) ) ;
#3654 = CARTESIAN_POINT ( 'NONE',  ( 156.6867693802981591, 13.00000000000000178, 42.08049257684432831 ) ) ;
#3655 = LINE ( 'NONE', #2624, #4655 ) ;
#3656 = CARTESIAN_POINT ( 'NONE',  ( 199.8814539628542661, 13.00000000000000178, 27.54346681962920584 ) ) ;
#3657 = VERTEX_POINT ( 'NONE', #1136 ) ;
#3658 = CARTESIAN_POINT ( 'NONE',  ( 104.7115669947605028, 13.00000000000000178, 50.23476536917728907 ) ) ;
#3659 = CARTESIAN_POINT ( 'NONE',  ( 164.8934731936235210, 10.00000000000000000, 36.76221681962920940 ) ) ;
#3660 = CARTESIAN_POINT ( 'NONE',  ( 199.8723828754103522, 13.00000000000000178, 27.38803790620323042 ) ) ;
#3661 = LINE ( 'NONE', #4040, #1953 ) ;
#3662 = ORIENTED_EDGE ( 'NONE', *, *, #38, .F. ) ;
#3663 = CARTESIAN_POINT ( 'NONE',  ( 153.3429924243927189, 10.00000000000000000, 45.35596681962920940 ) ) ;
#3664 = CARTESIAN_POINT ( 'NONE',  ( 104.2150650914148571, 10.00000000000000178, 47.74054522885079876 ) ) ;
#3665 = VERTEX_POINT ( 'NONE', #3937 ) ;
#3666 = CARTESIAN_POINT ( 'NONE',  ( 87.56298030021935119, 10.00000000000000000, 37.37345188199132906 ) ) ;
#3667 = CARTESIAN_POINT ( 'NONE',  ( 0.000000000000000000, 10.00000000000000000, 0.000000000000000000 ) ) ;
#3668 = CARTESIAN_POINT ( 'NONE',  ( 33.33333333333334991, 20.00000000000000000, 94.93724644492834841 ) ) ;
#3669 = CARTESIAN_POINT ( 'NONE',  ( 101.4775543345495663, 10.00000000000000000, 47.08004599970540482 ) ) ;
#3670 = EDGE_LOOP ( 'NONE', ( #6741, #2494, #6426, #639 ) ) ;
#3671 = DIRECTION ( 'NONE',  ( -0.000000000000000000, -1.000000000000000000, -0.000000000000000000 ) ) ;
#3672 = ORIENTED_EDGE ( 'NONE', *, *, #2228, .T. ) ;
#3673 = CARTESIAN_POINT ( 'NONE',  ( 143.0248141063436833, 12.99999999999999822, 37.70067440750503351 ) ) ;
#3674 = CARTESIAN_POINT ( 'NONE',  ( 92.95837703977734634, 13.00000000000000178, 45.46413989655228249 ) ) ;
#3675 = CARTESIAN_POINT ( 'NONE',  ( 205.6563207900070722, 13.00000000000000178, 40.32566218410870107 ) ) ;
#3676 = CARTESIAN_POINT ( 'NONE',  ( 166.0680477998817537, 13.00000000000000178, 56.73204691656188459 ) ) ;
#3677 = ORIENTED_EDGE ( 'NONE', *, *, #393, .T. ) ;
#3678 = CARTESIAN_POINT ( 'NONE',  ( 172.6101082325635616, 12.99999999999999822, 49.86343991010983956 ) ) ;
#3679 = FACE_OUTER_BOUND ( 'NONE', #868, .T. ) ;
#3680 = CARTESIAN_POINT ( 'NONE',  ( 199.1498198475666470, 9.999999999999998224, 29.17056476756570049 ) ) ;
#3681 = LINE ( 'NONE', #3134, #4327 ) ;
#3682 = CARTESIAN_POINT ( 'NONE',  ( 129.1122231936235210, 13.00000000000000178, 45.35596681962921650 ) ) ;
#3683 = FACE_BOUND ( 'NONE', #7192, .T. ) ;
#3684 = CARTESIAN_POINT ( 'NONE',  ( 77.08924227808833507, 10.00000000000000355, 40.08951942148313918 ) ) ;
#3685 = EDGE_CURVE ( 'NONE', #5508, #6817, #4572, .T. ) ;
#3686 = CARTESIAN_POINT ( 'NONE',  ( 128.0113547593858243, 13.00000000000000533, 39.76734760315387973 ) ) ;
#3687 = EDGE_CURVE ( 'NONE', #1314, #1830, #5744, .T. ) ;
#3688 = CARTESIAN_POINT ( 'NONE',  ( 241.2459273759858149, 13.00000000000000178, 34.30466168834772134 ) ) ;
#3689 = CARTESIAN_POINT ( 'NONE',  ( 104.5968612146005796, 10.00000000000000178, 49.91204884555649812 ) ) ;
#3690 = ORIENTED_EDGE ( 'NONE', *, *, #3964, .F. ) ;
#3691 = CARTESIAN_POINT ( 'NONE',  ( 110.8680363131393989, 13.00000000000000178, 54.05680563474012246 ) ) ;
#3692 = CARTESIAN_POINT ( 'NONE',  ( 137.2104922693933702, 12.99999999999999467, 56.73960372239774586 ) ) ;
#3693 = CARTESIAN_POINT ( 'NONE',  ( 296.5030604351463808, 10.00000000000000000, 91.13552925583975650 ) ) ;
#3694 = CARTESIAN_POINT ( 'NONE',  ( 244.8071420888616956, 9.999999999999996447, 34.11414596061872118 ) ) ;
#3695 = VECTOR ( 'NONE', #3760, 1000.000000000000000 ) ;
#3696 = LINE ( 'NONE', #5940, #2425 ) ;
#3697 = PLANE ( 'NONE',  #2164 ) ;
#3698 = ORIENTED_EDGE ( 'NONE', *, *, #792, .T. ) ;
#3699 = ORIENTED_EDGE ( 'NONE', *, *, #3157, .F. ) ;
#3700 = CARTESIAN_POINT ( 'NONE',  ( 83.69909958922380611, 13.00000000000000178, 34.08105146694710896 ) ) ;
#3701 = CARTESIAN_POINT ( 'NONE',  ( 118.3429924243927189, 13.00000000000000178, 44.62279374270612919 ) ) ;
#3702 = B_SPLINE_CURVE_WITH_KNOTS ( 'NONE', 3,
 ( #4148, #6344, #4000, #6308, #216, #3524, #2896, #6931, #5221, #2449, #3448, #1894, #5693, #3666, #4182, #942, #6416, #4222, #796 ),
 .UNSPECIFIED., .F., .F.,
 ( 4, 1, 1, 1, 1, 1, 1, 1, 1, 1, 1, 1, 1, 1, 1, 1, 4 ),
 ( 0.000000000000000000, 0.06563379967569001050, 0.1291880880571287249, 0.1912186831121885366, 0.2519128178811568808, 0.3125074743865506322, 0.3734944337751977539, 0.4351515996540499254, 0.4987414744066491212, 0.5620952169966311196, 0.6241865668116555188, 0.6854757184651957269, 0.7460968148060530547, 0.8076116364477854415, 0.8699665806571899029, 0.9339510189149077268, 1.000000000000000000 ),
 .UNSPECIFIED. ) ;
#3703 = CARTESIAN_POINT ( 'NONE',  ( 217.0729296301303748, 10.00000000000000178, 34.09584258381722321 ) ) ;
#3704 = CARTESIAN_POINT ( 'NONE',  ( 73.40315112132235242, 10.00000000000000178, 41.02293868678673761 ) ) ;
#3705 = EDGE_CURVE ( 'NONE', #1938, #232, #6323, .T. ) ;
#3706 = ORIENTED_EDGE ( 'NONE', *, *, #3769, .T. ) ;
#3707 = ORIENTED_EDGE ( 'NONE', *, *, #2507, .T. ) ;
#3708 = CARTESIAN_POINT ( 'NONE',  ( 91.17259832111811590, 9.999999999999996447, 36.65981647005281019 ) ) ;
#3709 = CARTESIAN_POINT ( 'NONE',  ( 95.65068473208503974, 13.00000000000000178, 25.60837066578305254 ) ) ;
#3710 = CARTESIAN_POINT ( 'NONE',  ( 77.11018328003159183, 13.00000000000000178, 50.69240783167715847 ) ) ;
#3711 = CARTESIAN_POINT ( 'NONE',  ( 242.4934788446875871, 10.00000000000000178, 36.77437115329158246 ) ) ;
#3712 = AXIS2_PLACEMENT_3D ( 'NONE', #6335, #3548, #5138 ) ;
#3713 = EDGE_LOOP ( 'NONE', ( #750, #718 ) ) ;
#3714 = ADVANCED_FACE ( 'NONE', ( #42 ), #4527, .F. ) ;
#3715 = CARTESIAN_POINT ( 'NONE',  ( 134.8247536280317433, 9.999999999999992895, 56.32675150801015462 ) ) ;
#3716 = CARTESIAN_POINT ( 'NONE',  ( 266.6666666666666856, 20.00000000000000000, 96.43724644492834841 ) ) ;
#3717 = CARTESIAN_POINT ( 'NONE',  ( 138.5112616551619737, 13.00000000000000178, 54.06990912732151600 ) ) ;
#3718 = CARTESIAN_POINT ( 'NONE',  ( 118.6074611560205767, 13.00000000000000178, 53.94570277209817277 ) ) ;
#3720 = CARTESIAN_POINT ( 'NONE',  ( 84.10020396285426614, 10.00000000000000000, 54.06990912732151600 ) ) ;
#3719 = VECTOR ( 'NONE', #6838, 1000.000000000000000 ) ;
#3721 = LINE ( 'NONE', #848, #5577 ) ;
#3722 = ORIENTED_EDGE ( 'NONE', *, *, #5312, .F. ) ;
#3723 = CARTESIAN_POINT ( 'NONE',  ( 207.1891462705465869, 10.00000000000000000, 45.49418797347536270 ) ) ;
#3724 = VECTOR ( 'NONE', #4149, 1000.000000000000000 ) ;
#3725 = EDGE_CURVE ( 'NONE', #2776, #2485, #4562, .T. ) ;
#3726 = CIRCLE ( 'NONE', #3021, 1.500000000000001332 ) ;
#3727 = AXIS2_PLACEMENT_3D ( 'NONE', #6226, #4020, #6733 ) ;
#3728 = FACE_OUTER_BOUND ( 'NONE', #2900, .T. ) ;
#3729 = CARTESIAN_POINT ( 'NONE',  ( 243.6074155013158133, 13.00000000000000178, 34.06990912732151600 ) ) ;
#3730 = CARTESIAN_POINT ( 'NONE',  ( 166.6666666666666288, 20.00000000000000000, 96.43724644492834841 ) ) ;
#3731 = CARTESIAN_POINT ( 'NONE',  ( 106.5382992571377656, 10.00000000000000000, 52.62018264446357563 ) ) ;
#3732 = CARTESIAN_POINT ( 'NONE',  ( 199.4774829173968556, 13.00000000000000178, 26.24002622393021156 ) ) ;
#3733 = DIRECTION ( 'NONE',  ( -0.000000000000000000, 1.000000000000000000, -0.000000000000000000 ) ) ;
#3734 = CARTESIAN_POINT ( 'NONE',  ( 204.4968385782388793, 10.00000000000000000, 45.47615912732151600 ) ) ;
#3735 = CARTESIAN_POINT ( 'NONE',  ( 160.4547980942436425, 10.00000000000000178, 37.86962970093853897 ) ) ;
#3736 = VECTOR ( 'NONE', #1254, 1000.000000000000000 ) ;
#3737 = VECTOR ( 'NONE', #776, 1000.000000000000000 ) ;
#3738 = CARTESIAN_POINT ( 'NONE',  ( 153.3749640948502133, 13.00000000000000178, 44.22140070343980511 ) ) ;
#3739 = DIRECTION ( 'NONE',  ( -1.000000000000000000, 0.000000000000000000, 0.000000000000000000 ) ) ;
#3740 = ORIENTED_EDGE ( 'NONE', *, *, #6674, .T. ) ;
#3741 = ORIENTED_EDGE ( 'NONE', *, *, #2839, .F. ) ;
#3742 = CARTESIAN_POINT ( 'NONE',  ( 72.60573332561949655, 13.00000000000000178, 44.22140070343981222 ) ) ;
#3743 = CARTESIAN_POINT ( 'NONE',  ( 173.7031915478553117, 9.999999999999998224, 44.56504963488112026 ) ) ;
#3744 = ADVANCED_FACE ( 'NONE', ( #4826 ), #1940, .T. ) ;
#3745 = CARTESIAN_POINT ( 'NONE',  ( 221.2991089934884883, 13.00000000000000178, 38.71065233059777455 ) ) ;
#3746 = DIRECTION ( 'NONE',  ( 0.000000000000000000, 1.000000000000000000, 0.000000000000000000 ) ) ;
#3747 = EDGE_LOOP ( 'NONE', ( #5140, #6793 ) ) ;
#3748 = ORIENTED_EDGE ( 'NONE', *, *, #3780, .T. ) ;
#3749 = CARTESIAN_POINT ( 'NONE',  ( 85.41429271818959990, 10.00000000000000000, 34.10970739645933492 ) ) ;
#3750 = CARTESIAN_POINT ( 'NONE',  ( 215.8429924243927189, 13.00000000000000178, 36.76221681962920940 ) ) ;
#3751 = CARTESIAN_POINT ( 'NONE',  ( 138.0777059469429560, 13.00000000000000533, 54.05611694927878119 ) ) ;
#3752 = DIRECTION ( 'NONE',  ( 1.000000000000000000, 0.000000000000000000, 0.000000000000000000 ) ) ;
#3753 = VERTEX_POINT ( 'NONE', #4193 ) ;
#3754 = CARTESIAN_POINT ( 'NONE',  ( 131.6545703955292481, 13.00000000000000178, 54.95167644721863809 ) ) ;
#3755 = ADVANCED_FACE ( 'NONE', ( #1904 ), #6209, .T. ) ;
#3756 = CARTESIAN_POINT ( 'NONE',  ( 158.6259819160842710, 10.00000000000000178, 39.23377358587183750 ) ) ;
#3757 = CARTESIAN_POINT ( 'NONE',  ( 138.9085918069741865, 9.999999999999996447, 54.05877057992831425 ) ) ;
#3758 = CARTESIAN_POINT ( 'NONE',  ( 197.3694347320850397, 10.00000000000000533, 29.83913989655228605 ) ) ;
#3759 = CARTESIAN_POINT ( 'NONE',  ( 80.74767823437038317, 9.999999999999996447, 53.44923473455111207 ) ) ;
#3760 = DIRECTION ( 'NONE',  ( -0.000000000000000000, -1.000000000000000000, -0.000000000000000000 ) ) ;
#3761 = VERTEX_POINT ( 'NONE', #3709 ) ;
#3762 = CARTESIAN_POINT ( 'NONE',  ( 199.9999999999999432, 20.00000000000000000, 96.43724644492834841 ) ) ;
#3763 = EDGE_CURVE ( 'NONE', #1562, #133, #1873, .T. ) ;
#3764 = CARTESIAN_POINT ( 'NONE',  ( 137.0025510158946815, 9.999999999999996447, 34.15972625980484167 ) ) ;
#3765 = CARTESIAN_POINT ( 'NONE',  ( 145.7404886630507406, 9.999999999999998224, 39.69679491603125143 ) ) ;
#3766 = CARTESIAN_POINT ( 'NONE',  ( 185.2660693474696529, 13.00000000000000178, 25.60837066578305254 ) ) ;
#3767 = CARTESIAN_POINT ( 'NONE',  ( 195.2858286907124636, 13.00000000000000178, 26.24217381734213461 ) ) ;
#3768 = CARTESIAN_POINT ( 'NONE',  ( 204.5064669526987018, 10.00000000000000000, 45.10916016252510019 ) ) ;
#3769 = EDGE_CURVE ( 'NONE', #3517, #4378, #1124, .T. ) ;
#3770 = CARTESIAN_POINT ( 'NONE',  ( 187.9583770397773606, 13.00000000000000178, 56.37760143501382260 ) ) ;
#3771 = CARTESIAN_POINT ( 'NONE',  ( 197.2042780877987411, 13.00000000000000178, 29.83168515179499636 ) ) ;
#3772 = CARTESIAN_POINT ( 'NONE',  ( 164.8934731936235210, 9.999999999999998224, 36.76221681962920940 ) ) ;
#3773 = CARTESIAN_POINT ( 'NONE',  ( 171.7799672679018386, 13.00000000000000178, 39.88285603787951317 ) ) ;
#3774 = CARTESIAN_POINT ( 'NONE',  ( 156.0727441287618831, 9.999999999999998224, 44.26131613962512290 ) ) ;
#3775 = ORIENTED_EDGE ( 'NONE', *, *, #5033, .F. ) ;
#3776 = ORIENTED_EDGE ( 'NONE', *, *, #5717, .F. ) ;
#3777 = CARTESIAN_POINT ( 'NONE',  ( 248.7937135782388793, 9.999999999999996447, 41.07712066578305610 ) ) ;
#3778 = CARTESIAN_POINT ( 'NONE',  ( 118.3138051162532207, 12.99999999999999822, 46.45582041149894081 ) ) ;
#3779 = LINE ( 'NONE', #4334, #6883 ) ;
#3780 = EDGE_CURVE ( 'NONE', #6482, #232, #228, .T. ) ;
#3781 = CARTESIAN_POINT ( 'NONE',  ( 101.4199155013158133, 13.00000000000000178, 44.92928412732151600 ) ) ;
#3782 = VERTEX_POINT ( 'NONE', #507 ) ;
#3783 = EDGE_CURVE ( 'NONE', #2481, #3417, #5584, .T. ) ;
#3784 = VERTEX_POINT ( 'NONE', #7087 ) ;
#3785 = CARTESIAN_POINT ( 'NONE',  ( 117.5348856124041674, 10.00000000000000178, 50.85580449651109802 ) ) ;
#3786 = CARTESIAN_POINT ( 'NONE',  ( 121.0353001167004265, 13.00000000000000178, 45.12760143501382260 ) ) ;
#3787 = CARTESIAN_POINT ( 'NONE',  ( 185.2660693474696529, 13.00000000000000178, 25.60837066578305254 ) ) ;
#3788 = CARTESIAN_POINT ( 'NONE',  ( 235.6469643926450601, 13.00000000000000178, 42.71540702162960912 ) ) ;
#3789 = ORIENTED_EDGE ( 'NONE', *, *, #2026, .T. ) ;
#3790 = CARTESIAN_POINT ( 'NONE',  ( 132.6563399804806238, 10.00000000000000000, 55.51187857225919942 ) ) ;
#3791 = CARTESIAN_POINT ( 'NONE',  ( 225.5083676047445920, 9.999999999999998224, 39.39146632462225739 ) ) ;
#3792 = DIRECTION ( 'NONE',  ( 0.000000000000000000, 1.000000000000000000, 0.000000000000000000 ) ) ;
#3793 = CARTESIAN_POINT ( 'NONE',  ( 214.1325096412702749, 9.999999999999996447, 36.91095492495090724 ) ) ;
#3794 = CARTESIAN_POINT ( 'NONE',  ( 185.2660693474696529, 10.00000000000000000, 56.37760143501382260 ) ) ;
#3795 = VERTEX_POINT ( 'NONE', #5478 ) ;
#3796 = CARTESIAN_POINT ( 'NONE',  ( 85.26450472814245529, 13.00000000000000178, 54.02738226272911959 ) ) ;
#3797 = EDGE_CURVE ( 'NONE', #232, #3309, #400, .T. ) ;
#3798 = FACE_OUTER_BOUND ( 'NONE', #4508, .T. ) ;
#3799 = CARTESIAN_POINT ( 'NONE',  ( 247.0430117037374771, 13.00000000000000178, 34.74124835692471436 ) ) ;
#3800 = CARTESIAN_POINT ( 'NONE',  ( 185.2660693474696529, 13.00000000000000178, 34.45452451193689569 ) ) ;
#3801 = CARTESIAN_POINT ( 'NONE',  ( 84.08818473208503974, 13.00000000000000178, 34.06990912732151600 ) ) ;
#3802 = CARTESIAN_POINT ( 'NONE',  ( 237.9232839197824774, 13.00000000000000178, 38.85541176349818215 ) ) ;
#3803 = CARTESIAN_POINT ( 'NONE',  ( 146.4740020397773321, 13.00000000000000178, 50.22375528116766930 ) ) ;
#3804 = CARTESIAN_POINT ( 'NONE',  ( 194.8814539628542661, 10.00000000000000178, 27.54346681962920584 ) ) ;
#3805 = CARTESIAN_POINT ( 'NONE',  ( 166.6789371756163405, 9.999999999999996447, 36.90676465057129008 ) ) ;
#3806 = CARTESIAN_POINT ( 'NONE',  ( 208.3267701694827281, 10.00000000000000000, 36.83577994420361534 ) ) ;
#3807 = VERTEX_POINT ( 'NONE', #3750 ) ;
#3808 = ORIENTED_EDGE ( 'NONE', *, *, #4041, .T. ) ;
#3809 = CARTESIAN_POINT ( 'NONE',  ( 223.2136891311471061, 10.00000000000000178, 54.18086000942628289 ) ) ;
#3810 = CARTESIAN_POINT ( 'NONE',  ( 110.9790951057477315, 13.00000000000000178, 56.75930504410506927 ) ) ;
#3811 = DIRECTION ( 'NONE',  ( -0.000000000000000000, -1.000000000000000000, -0.000000000000000000 ) ) ;
#3812 = CARTESIAN_POINT ( 'NONE',  ( 173.7276078090081057, 13.00000000000000178, 52.58553412732151600 ) ) ;
#3813 = ADVANCED_FACE ( 'NONE', ( #2681 ), #7195, .T. ) ;
#3814 = VECTOR ( 'NONE', #347, 1000.000000000000000 ) ;
#3815 = CARTESIAN_POINT ( 'NONE',  ( 77.71359461941268876, 9.999999999999998224, 35.92452989401944308 ) ) ;
#3816 = VERTEX_POINT ( 'NONE', #6096 ) ;
#3817 = ORIENTED_EDGE ( 'NONE', *, *, #933, .F. ) ;
#3818 = CARTESIAN_POINT ( 'NONE',  ( 210.5426135548111972, 10.00000000000000355, 52.38660540760701423 ) ) ;
#3819 = CARTESIAN_POINT ( 'NONE',  ( 120.7730291084493075, 10.00000000000000000, 49.05275384286212415 ) ) ;
#3820 = CARTESIAN_POINT ( 'NONE',  ( 249.1122231936234925, 13.00000000000000178, 56.37760143501382260 ) ) ;
#3821 = CARTESIAN_POINT ( 'NONE',  ( 235.6807328090081057, 13.00000000000000178, 42.56750528116766930 ) ) ;
#3822 = EDGE_CURVE ( 'NONE', #4719, #4075, #6056, .T. ) ;
#3823 = APPROVAL_ROLE ( '' ) ;
#3824 = VERTEX_POINT ( 'NONE', #1572 ) ;
#3825 = DIRECTION ( 'NONE',  ( -0.000000000000000000, -1.000000000000000000, -0.000000000000000000 ) ) ;
#3826 = CARTESIAN_POINT ( 'NONE',  ( 251.8045308859312001, 13.00000000000000178, 56.37760143501382260 ) ) ;
#3827 = ORIENTED_EDGE ( 'NONE', *, *, #1485, .F. ) ;
#3828 = DIRECTION ( 'NONE',  ( 0.000000000000000000, 0.000000000000000000, -1.000000000000000000 ) ) ;
#3829 = CARTESIAN_POINT ( 'NONE',  ( 214.9778203673390919, 10.00000000000000000, 36.78680717029157421 ) ) ;
#3830 = CARTESIAN_POINT ( 'NONE',  ( 196.8828184194186122, 13.00000000000000178, 25.24571734533508405 ) ) ;
#3831 = VERTEX_POINT ( 'NONE', #541 ) ;
#3832 = CARTESIAN_POINT ( 'NONE',  ( 84.10020396285426614, 12.99999999999999467, 54.06990912732151600 ) ) ;
#3833 = VECTOR ( 'NONE', #4364, 1000.000000000000000 ) ;
#3834 = AXIS2_PLACEMENT_3D ( 'NONE', #4098, #3575, #6948 ) ;
#3835 = VECTOR ( 'NONE', #1100, 1000.000000000000000 ) ;
#3836 = CARTESIAN_POINT ( 'NONE',  ( 173.7276078090081057, 10.00000000000000000, 38.51101489655228960 ) ) ;
#3837 = DIRECTION ( 'NONE',  ( 0.000000000000000000, 0.000000000000000000, 1.000000000000000000 ) ) ;
#3838 = CARTESIAN_POINT ( 'NONE',  ( 104.2747405437838211, 10.00000000000000000, 48.34592287105321873 ) ) ;
#3839 = CARTESIAN_POINT ( 'NONE',  ( 138.4691943474696529, 13.00000000000000178, 56.76221681962920940 ) ) ;
#3840 = FACE_OUTER_BOUND ( 'NONE', #6708, .T. ) ;
#3841 = CARTESIAN_POINT ( 'NONE',  ( 249.1122231936234925, 10.00000000000000000, 56.37760143501382260 ) ) ;
#3842 = LINE ( 'NONE', #1664, #1035 ) ;
#3843 = AXIS2_PLACEMENT_3D ( 'NONE', #1657, #3905, #6144 ) ;
#3844 = B_SPLINE_CURVE_WITH_KNOTS ( 'NONE', 3,
 ( #6699, #2809, #1038, #2661, #3799, #7142, #13, #7175, #6036, #2142, #6663, #6111, #5056, #3282, #517, #3907, #2248, #6148, #4424 ),
 .UNSPECIFIED., .F., .F.,
 ( 4, 1, 1, 1, 1, 1, 1, 1, 1, 1, 1, 1, 1, 1, 1, 1, 4 ),
 ( 0.000000000000000000, 0.07724042361647730226, 0.1511781404663821715, 0.2234879838003998309, 0.2955426441988697750, 0.3669762546197887776, 0.4371305254863862011, 0.5070436156432690522, 0.5785597335236775107, 0.6166135446965536060, 0.6587562369775288307, 0.7044912261144044008, 0.7548031149051498412, 0.8093316253185656173, 0.8682744554728211162, 0.9320728834092937287, 1.000000000000000000 ),
 .UNSPECIFIED. ) ;
#3845 = CARTESIAN_POINT ( 'NONE',  ( 169.8398892169516330, 9.999999999999996447, 38.15028083259845459 ) ) ;
#3846 = CARTESIAN_POINT ( 'NONE',  ( 217.0729296301303748, 9.999999999999996447, 34.09584258381722321 ) ) ;
#3847 = ORIENTED_EDGE ( 'NONE', *, *, #240, .F. ) ;
#3848 = ORIENTED_EDGE ( 'NONE', *, *, #3083, .F. ) ;
#3849 = EDGE_CURVE ( 'NONE', #6052, #6369, #1020, .T. ) ;
#3850 = CARTESIAN_POINT ( 'NONE',  ( 242.4934788446875871, 13.00000000000000178, 36.77437115329158246 ) ) ;
#3851 = VECTOR ( 'NONE', #6267, 1000.000000000000000 ) ;
#3852 = CARTESIAN_POINT ( 'NONE',  ( 108.9500031431815330, 10.00000000000000000, 56.59115474822871761 ) ) ;
#3853 = CARTESIAN_POINT ( 'NONE',  ( 170.5306995652266835, 10.00000000000000355, 38.66768861012785408 ) ) ;
#3854 = EDGE_CURVE ( 'NONE', #3337, #4044, #5517, .T. ) ;
#3855 = DIRECTION ( 'NONE',  ( -0.000000000000000000, -1.000000000000000000, -0.000000000000000000 ) ) ;
#3856 = VECTOR ( 'NONE', #692, 1000.000000000000000 ) ;
#3857 = ADVANCED_FACE ( 'NONE', ( #984 ), #626, .T. ) ;
#3858 = CARTESIAN_POINT ( 'NONE',  ( 110.9790951057477315, 13.00000000000000178, 56.75930504410506927 ) ) ;
#3859 = ORIENTED_EDGE ( 'NONE', *, *, #2573, .F. ) ;
#3860 = VERTEX_POINT ( 'NONE', #4519 ) ;
#3861 = CARTESIAN_POINT ( 'NONE',  ( 214.6900521256146419, 10.00000000000000178, 54.03670200219131914 ) ) ;
#3862 = CARTESIAN_POINT ( 'NONE',  ( 120.2193132342405448, 10.00000000000000000, 51.28599225701984210 ) ) ;
#3863 = EDGE_CURVE ( 'NONE', #1507, #1236, #3596, .T. ) ;
#3864 = CARTESIAN_POINT ( 'NONE',  ( 92.95837703977734634, 13.00000000000000178, 56.37760143501382260 ) ) ;
#3865 = PERSON_AND_ORGANIZATION_ROLE ( 'classification_officer' ) ;
#3866 = ORIENTED_EDGE ( 'NONE', *, *, #2516, .T. ) ;
#3867 = CARTESIAN_POINT ( 'NONE',  ( 161.4914787308314033, 10.00000000000000178, 37.37864197663829202 ) ) ;
#3868 = VERTEX_POINT ( 'NONE', #3419 ) ;
#3869 = CARTESIAN_POINT ( 'NONE',  ( 119.9681231058107187, 12.99999999999999822, 51.90092177348398650 ) ) ;
#3870 = CARTESIAN_POINT ( 'NONE',  ( 135.9853642823489110, 12.99999999999999822, 53.81433138705607888 ) ) ;
#3871 = CARTESIAN_POINT ( 'NONE',  ( 129.4665358563237589, 10.00000000000000178, 42.81675171124134494 ) ) ;
#3872 = ORIENTED_EDGE ( 'NONE', *, *, #2032, .F. ) ;
#3873 = DIRECTION ( 'NONE',  ( 0.000000000000000000, 0.000000000000000000, 1.000000000000000000 ) ) ;
#3874 = EDGE_CURVE ( 'NONE', #1114, #1394, #3930, .T. ) ;
#3875 = CARTESIAN_POINT ( 'NONE',  ( 138.6915501167004550, 10.00000000000000000, 34.06990912732152310 ) ) ;
#3876 = CARTESIAN_POINT ( 'NONE',  ( 215.8429924243927189, 12.99999999999999822, 54.06990912732151600 ) ) ;
#3877 = CARTESIAN_POINT ( 'NONE',  ( 153.3534993084370228, 13.00000000000000178, 45.74512780677691381 ) ) ;
#3878 = DIRECTION ( 'NONE',  ( 0.000000000000000000, 0.000000000000000000, 1.000000000000000000 ) ) ;
#3879 = CARTESIAN_POINT ( 'NONE',  ( 238.9425656750537712, 10.00000000000000000, 38.03881323232089073 ) ) ;
#3880 = PLANE ( 'NONE',  #4083 ) ;
#3881 = EDGE_CURVE ( 'NONE', #900, #1491, #1476, .T. ) ;
#3882 = LINE ( 'NONE', #4953, #3504 ) ;
#3883 = CARTESIAN_POINT ( 'NONE',  ( 146.2268889079662131, 12.99999999999999822, 40.30127014716739353 ) ) ;
#3884 = CARTESIAN_POINT ( 'NONE',  ( 212.3146301660424058, 13.00000000000000178, 34.55780853454479740 ) ) ;
#3885 = ORIENTED_EDGE ( 'NONE', *, *, #4778, .T. ) ;
#3886 = ORIENTED_EDGE ( 'NONE', *, *, #5765, .F. ) ;
#3887 = CARTESIAN_POINT ( 'NONE',  ( 249.1105671248897124, 10.00000000000000178, 45.76662333562447316 ) ) ;
#3888 = CARTESIAN_POINT ( 'NONE',  ( 103.8526646613786681, 9.999999999999996447, 53.93707534312297014 ) ) ;
#3889 = CARTESIAN_POINT ( 'NONE',  ( 146.8860198963103016, 12.99999999999999822, 53.84052403128450237 ) ) ;
#3890 = CARTESIAN_POINT ( 'NONE',  ( 224.0284194981590531, 12.99999999999999822, 53.39086388262521865 ) ) ;
#3891 = CARTESIAN_POINT ( 'NONE',  ( 102.2348052099604416, 12.99999999999999822, 51.24828885046218119 ) ) ;
#3892 = EDGE_LOOP ( 'NONE', ( #6928, #3343, #4555, #5902 ) ) ;
#3893 = CARTESIAN_POINT ( 'NONE',  ( 199.1498198475666470, 12.99999999999999822, 29.17056476756570049 ) ) ;
#3894 = ORIENTED_EDGE ( 'NONE', *, *, #3546, .F. ) ;
#3895 = CARTESIAN_POINT ( 'NONE',  ( 141.6710036237731458, 10.00000000000000000, 56.43905746202364071 ) ) ;
#3896 = CARTESIAN_POINT ( 'NONE',  ( 117.7185910288709465, 12.99999999999999822, 54.77449994293048974 ) ) ;
#3897 = CARTESIAN_POINT ( 'NONE',  ( 235.2660693474696529, 10.00000000000000000, 34.45452451193689569 ) ) ;
#3898 = ORIENTED_EDGE ( 'NONE', *, *, #2379, .F. ) ;
#3899 = ORIENTED_EDGE ( 'NONE', *, *, #4042, .F. ) ;
#3900 = CARTESIAN_POINT ( 'NONE',  ( 185.2660693474696529, 10.00000000000000000, 25.60837066578305254 ) ) ;
#3901 = VERTEX_POINT ( 'NONE', #4484 ) ;
#3902 = CARTESIAN_POINT ( 'NONE',  ( 172.8917353181363978, 9.999999999999998224, 37.42858641902314076 ) ) ;
#3903 = CARTESIAN_POINT ( 'NONE',  ( 117.8982808859312001, 10.00000000000000000, 49.96534181962920940 ) ) ;
#3904 = LINE ( 'NONE', #5525, #1224 ) ;
#3905 = DIRECTION ( 'NONE',  ( 0.000000000000000000, 1.000000000000000000, 0.000000000000000000 ) ) ;
#3906 = CARTESIAN_POINT ( 'NONE',  ( 116.3099284126038242, 13.00000000000000533, 52.36144617301663118 ) ) ;
#3907 = CARTESIAN_POINT ( 'NONE',  ( 251.7502032673215524, 13.00000000000000533, 43.13348891639854799 ) ) ;
#3908 = CARTESIAN_POINT ( 'NONE',  ( 104.3457407766577489, 10.00000000000000000, 48.87717450275513187 ) ) ;
#3909 = CARTESIAN_POINT ( 'NONE',  ( 195.0556017670391498, 13.00000000000000178, 26.64487240422627679 ) ) ;
#3910 = DIRECTION ( 'NONE',  ( -1.000000000000000000, 0.000000000000000000, 0.000000000000000000 ) ) ;
#3911 = CARTESIAN_POINT ( 'NONE',  ( 3.535533905932737309, 0.000000000000000000, 5.185533905932738108 ) ) ;
#3912 = FACE_BOUND ( 'NONE', #6246, .T. ) ;
#3913 = EDGE_CURVE ( 'NONE', #5467, #4408, #693, .T. ) ;
#3914 = ADVANCED_FACE ( 'NONE', ( #3528 ), #6380, .T. ) ;
#3915 = EDGE_CURVE ( 'NONE', #6122, #4235, #5294, .T. ) ;
#3916 = B_SPLINE_SURFACE_WITH_KNOTS ( 'NONE', 3, 1, ( 
 ( #1247, #2836 ),
 ( #41, #5201 ),
 ( #6693, #6724 ),
 ( #5050, #5 ),
 ( #3936, #1134 ),
 ( #6176, #5778 ),
 ( #4786, #3567 ),
 ( #871, #5266 ),
 ( #5233, #6974 ),
 ( #6940, #187 ),
 ( #2421, #227 ) ),
 .UNSPECIFIED., .F., .F., .F.,
 ( 4, 1, 1, 1, 1, 1, 1, 1, 4 ),
 ( 2, 2 ),
 ( 0.000000000000000000, 0.1788500194111598829, 0.3421096489422983944, 0.4898256633683917838, 0.6232544282245642275, 0.7400796760857918377, 0.8414826730699856983, 0.9289076721840646700, 1.000000000000000000 ),
 ( 0.000000000000000000, 1.000000000000000000 ),
 .UNSPECIFIED. ) ;
#3917 = CARTESIAN_POINT ( 'NONE',  ( 220.6094086662118627, 10.00000000000000000, 38.19097185003074912 ) ) ;
#3918 = CARTESIAN_POINT ( 'NONE',  ( 209.2469021214388079, 10.00000000000000000, 36.10264402345832480 ) ) ;
#3919 = EDGE_LOOP ( 'NONE', ( #6961, #5979, #284, #2477 ) ) ;
#3920 = VERTEX_POINT ( 'NONE', #2413 ) ;
#3921 = CARTESIAN_POINT ( 'NONE',  ( 197.8636513158535024, 13.00000000000000178, 29.81621187837649956 ) ) ;
#3922 = CARTESIAN_POINT ( 'NONE',  ( 101.8288119161161518, 10.00000000000000000, 49.79800644559057332 ) ) ;
#3923 = CARTESIAN_POINT ( 'NONE',  ( 197.5365031531262048, 10.00000000000000000, 25.23150515884538692 ) ) ;
#3924 = CARTESIAN_POINT ( 'NONE',  ( 215.5520986130635208, 10.00000000000000178, 36.77048474826580815 ) ) ;
#3925 = CARTESIAN_POINT ( 'NONE',  ( 102.0114745308192852, 13.00000000000000178, 50.56002801823969151 ) ) ;
#3926 = ORIENTED_EDGE ( 'NONE', *, *, #1728, .F. ) ;
#3927 = CARTESIAN_POINT ( 'NONE',  ( 251.1175078068390576, 9.999999999999998224, 39.22534286530480330 ) ) ;
#3928 = VERTEX_POINT ( 'NONE', #2012 ) ;
#3929 = PLANE ( 'NONE',  #5157 ) ;
#3930 = LINE ( 'NONE', #2236, #1012 ) ;
#3931 = CARTESIAN_POINT ( 'NONE',  ( 296.4644660940673475, 10.00000000000000000, 3.535533905932737309 ) ) ;
#3932 = ORIENTED_EDGE ( 'NONE', *, *, #1707, .T. ) ;
#3933 = ORIENTED_EDGE ( 'NONE', *, *, #792, .F. ) ;
#3934 = CARTESIAN_POINT ( 'NONE',  ( 145.5808877757056052, 9.999999999999996447, 35.95236573074836883 ) ) ;
#3935 = ORIENTED_EDGE ( 'NONE', *, *, #2253, .T. ) ;
#3936 = CARTESIAN_POINT ( 'NONE',  ( 249.0733240333526055, 13.00000000000000178, 43.63692322962085512 ) ) ;
#3937 = CARTESIAN_POINT ( 'NONE',  ( 104.5389058859311859, 10.00000000000000355, 49.74899566578304899 ) ) ;
#3938 = CARTESIAN_POINT ( 'NONE',  ( 133.1972348203754848, 10.00000000000000000, 38.16366055062614748 ) ) ;
#3939 = LINE ( 'NONE', #2390, #1603 ) ;
#3940 = B_SPLINE_CURVE_WITH_KNOTS ( 'NONE', 3,
 ( #4549, #5070, #6364, #5105, #3445, #4726, #26, #5280, #2857, #1086, #2892, #5689, #3997, #1119, #5144, #101, #5655, #6126, #3959, #530, #2338, #6235, #5821, #2263, #6952, #4477, #3579 ),
 .UNSPECIFIED., .F., .F.,
 ( 4, 1, 1, 1, 1, 1, 1, 1, 1, 1, 1, 1, 1, 1, 1, 1, 1, 1, 1, 1, 1, 1, 1, 1, 4 ),
 ( 0.000000000000000000, 0.04129144695324702546, 0.08213550321446423663, 0.1226360352259625863, 0.1628308697551232309, 0.2030066005770548299, 0.2435260831621606226, 0.2841729362467872444, 0.3254098107964588649, 0.3668546660987573316, 0.4075505951658510706, 0.4481873740566100217, 0.4886828510840630635, 0.5290149651896812744, 0.5698427286954853566, 0.6113702381646676232, 0.6532377352823788286, 0.6954461190732813547, 0.7377513945470104417, 0.7800433605771129875, 0.8228070703900532967, 0.8659781422330314893, 0.9095950301662460991, 0.9542314047047883996, 1.000000000000000000 ),
 .UNSPECIFIED. ) ;
#3941 = ADVANCED_FACE ( 'NONE', ( #2488 ), #4670, .F. ) ;
#3942 = CARTESIAN_POINT ( 'NONE',  ( 72.58426853920626343, 10.00000000000000000, 45.74512780677689960 ) ) ;
#3943 = CARTESIAN_POINT ( 'NONE',  ( 235.4940536321894626, 10.00000000000000178, 43.56576211125829445 ) ) ;
#3944 = CARTESIAN_POINT ( 'NONE',  ( 159.3877734281483356, 9.999999999999992895, 55.47633565612841977 ) ) ;
#3945 = CARTESIAN_POINT ( 'NONE',  ( 104.4250986763049553, 13.00000000000000533, 49.34032465187816285 ) ) ;
#3947 = AXIS2_PLACEMENT_3D ( 'NONE', #4400, #5653, #604 ) ;
#3946 = CARTESIAN_POINT ( 'NONE',  ( 240.6378129525828342, 10.00000000000000000, 37.16675736289583654 ) ) ;
#3948 = DIRECTION ( 'NONE',  ( -0.000000000000000000, -1.000000000000000000, -0.000000000000000000 ) ) ;
#3949 = APPROVAL_STATUS ( 'not_yet_approved' ) ;
#3950 = EDGE_CURVE ( 'NONE', #6496, #1285, #3503, .T. ) ;
#3951 = VECTOR ( 'NONE', #2942, 1000.000000000000000 ) ;
#3952 = DIRECTION ( 'NONE',  ( -1.000000000000000000, 0.000000000000000000, 0.000000000000000000 ) ) ;
#3953 = CARTESIAN_POINT ( 'NONE',  ( 215.4436677010392884, 10.00000000000000000, 34.07886240977938286 ) ) ;
#3954 = EDGE_LOOP ( 'NONE', ( #7034, #3898, #5107, #96 ) ) ;
#3955 = VERTEX_POINT ( 'NONE', #6493 ) ;
#3956 = FACE_OUTER_BOUND ( 'NONE', #610, .T. ) ;
#3957 = CARTESIAN_POINT ( 'NONE',  ( 101.5605784106561345, 13.00000000000000178, 48.05863241650833118 ) ) ;
#3958 = CARTESIAN_POINT ( 'NONE',  ( 143.1341138142644240, 13.00000000000000533, 56.02413643906469076 ) ) ;
#3959 = CARTESIAN_POINT ( 'NONE',  ( 133.1294022598765707, 10.00000000000000000, 35.21512628246320276 ) ) ;
#3960 = AXIS2_PLACEMENT_3D ( 'NONE', #6633, #6706, #7258 ) ;
#3961 = VECTOR ( 'NONE', #3399, 1000.000000000000000 ) ;
#3962 = CARTESIAN_POINT ( 'NONE',  ( 137.5168966985926886, 10.00000000000000000, 36.78911622710588603 ) ) ;
#3963 = B_SPLINE_CURVE_WITH_KNOTS ( 'NONE', 3,
 ( #4926, #3221, #1048, #5468, #2186, #3293, #464, #2672, #1670, #6602, #3809, #3256, #2706, #2778, #5541, #5027, #7262, #2225, #4474 ),
 .UNSPECIFIED., .F., .F.,
 ( 4, 1, 1, 1, 1, 1, 1, 1, 1, 1, 1, 1, 1, 1, 1, 1, 4 ),
 ( 0.000000000000000000, 0.06241602615881781946, 0.1233369785373296390, 0.1832651398530923681, 0.2431724430697092543, 0.3028983539197452890, 0.3637735975039105840, 0.4256053049523821352, 0.4896590425101846056, 0.5537845767921165674, 0.6162215328110730583, 0.6778544713083429762, 0.7395168974879378077, 0.8020965355763719495, 0.8658658412779710600, 0.9315077951965113900, 1.000000000000000000 ),
 .UNSPECIFIED. ) ;
#3964 = EDGE_CURVE ( 'NONE', #6721, #2735, #5841, .T. ) ;
#3965 = VERTEX_POINT ( 'NONE', #2975 ) ;
#3966 = CARTESIAN_POINT ( 'NONE',  ( 137.2104922693933702, 12.99999999999999467, 56.73960372239774586 ) ) ;
#3967 = CARTESIAN_POINT ( 'NONE',  ( 251.8014492183638993, 12.99999999999999822, 44.13345003493209617 ) ) ;
#3968 = ORIENTED_EDGE ( 'NONE', *, *, #5700, .T. ) ;
#3969 = CARTESIAN_POINT ( 'NONE',  ( 143.8313308681053400, 9.999999999999996447, 55.75506926146996278 ) ) ;
#3970 = CARTESIAN_POINT ( 'NONE',  ( 112.0379821577231070, 10.00000000000000000, 56.75395689346746053 ) ) ;
#3971 = CARTESIAN_POINT ( 'NONE',  ( 140.8290217826608739, 13.00000000000000533, 34.22624956190545475 ) ) ;
#3972 = VECTOR ( 'NONE', #2682, 1000.000000000000000 ) ;
#3973 = CALENDAR_DATE ( 2026, 1, 9 ) ;
#3974 = EDGE_LOOP ( 'NONE', ( #2334, #3817, #2799, #148 ) ) ;
#3975 = PRODUCT_DEFINITION_FORMATION_WITH_SPECIFIED_SOURCE ( 'ANY', '', #1863, .NOT_KNOWN. ) ;
#3976 = CARTESIAN_POINT ( 'NONE',  ( 72.60498963079159296, 12.99999999999999822, 46.51260943331067921 ) ) ;
#3977 = ORIENTED_EDGE ( 'NONE', *, *, #1840, .T. ) ;
#3978 = CARTESIAN_POINT ( 'NONE',  ( 199.8814539628542661, 10.00000000000000178, 27.54346681962920584 ) ) ;
#3979 = CARTESIAN_POINT ( 'NONE',  ( 118.2885534597399015, 10.00000000000000000, 47.25757534989466535 ) ) ;
#3980 = CARTESIAN_POINT ( 'NONE',  ( 131.7743585517257543, 9.999999999999998224, 39.25617985670191956 ) ) ;
#3981 = CARTESIAN_POINT ( 'NONE',  ( 219.1422924269758425, 9.999999999999996447, 37.38402468373432441 ) ) ;
#3982 = B_SPLINE_SURFACE_WITH_KNOTS ( 'NONE', 3, 1, ( 
 ( #1339, #3663 ),
 ( #5398, #4219 ),
 ( #3738, #6413 ),
 ( #5834, #316 ),
 ( #282, #794 ),
 ( #3045, #3077 ),
 ( #2004, #5321 ),
 ( #3630, #3114 ),
 ( #1413, #1488 ),
 ( #5903, #5870 ),
 ( #5354, #938 ),
 ( #2518, #1892 ),
 ( #4768, #5289 ),
 ( #1970, #6453 ),
 ( #354, #4252 ),
 ( #2596, #1377 ),
 ( #3149, #4146 ),
 ( #861, #2562 ),
 ( #6487, #4703 ) ),
 .UNSPECIFIED., .F., .F., .F.,
 ( 4, 1, 1, 1, 1, 1, 1, 1, 1, 1, 1, 1, 1, 1, 1, 1, 4 ),
 ( 2, 2 ),
 ( 0.000000000000000000, 0.06377453230563222275, 0.1260788099895061298, 0.1869040927472075675, 0.2475739349176192261, 0.3080033561644468509, 0.3691318984609778808, 0.4320332277442045510, 0.4967907944370908990, 0.5616108232295647928, 0.6249138657484626380, 0.6867263492419258819, 0.7480788332577719135, 0.8095822911398953270, 0.8716307425688283317, 0.9348858208285538707, 1.000000000000000000 ),
 ( 0.000000000000000000, 1.000000000000000000 ),
 .UNSPECIFIED. ) ;
#3983 = DIRECTION ( 'NONE',  ( 0.000000000000000000, 0.000000000000000000, -1.000000000000000000 ) ) ;
#3984 = CARTESIAN_POINT ( 'NONE',  ( 146.4740020397773321, 13.00000000000000178, 40.60837066578305610 ) ) ;
#3985 = CARTESIAN_POINT ( 'NONE',  ( 154.6387675952217080, 13.00000000000000178, 50.75559613247387603 ) ) ;
#3986 = LINE ( 'NONE', #5058, #213 ) ;
#3987 = CARTESIAN_POINT ( 'NONE',  ( 78.71983975396199185, 12.99999999999999822, 38.48701887194184224 ) ) ;
#3988 = PLANE ( 'NONE',  #3727 ) ;
#3989 = PERSON_AND_ORGANIZATION ( #3599, #2096 ) ;
#3990 = CARTESIAN_POINT ( 'NONE',  ( 138.9046024899783447, 13.00000000000000178, 36.77305095978799443 ) ) ;
#3991 = LINE ( 'NONE', #6229, #3483 ) ;
#3992 = ORIENTED_EDGE ( 'NONE', *, *, #5014, .T. ) ;
#3993 = ORIENTED_EDGE ( 'NONE', *, *, #4488, .T. ) ;
#3994 = CARTESIAN_POINT ( 'NONE',  ( 164.8574155013158133, 13.00000000000000178, 34.06990912732151600 ) ) ;
#3995 = CYLINDRICAL_SURFACE ( 'NONE', #4067, 1.500000000000001332 ) ;
#3996 = LINE ( 'NONE', #2822, #2311 ) ;
#3997 = CARTESIAN_POINT ( 'NONE',  ( 129.3794774557733831, 10.00000000000000000, 37.91486500630254852 ) ) ;
#3998 = CARTESIAN_POINT ( 'NONE',  ( 161.5169090036012562, 13.00000000000000533, 53.44923473455117602 ) ) ;
#3999 = ORIENTED_EDGE ( 'NONE', *, *, #2568, .F. ) ;
#4000 = CARTESIAN_POINT ( 'NONE',  ( 92.93396077862465177, 10.00000000000000178, 44.56504963488113447 ) ) ;
#4001 = CARTESIAN_POINT ( 'NONE',  ( 251.6786979113389009, 12.99999999999999467, 42.20565155594491813 ) ) ;
#4002 = ORIENTED_EDGE ( 'NONE', *, *, #4175, .T. ) ;
#4003 = CARTESIAN_POINT ( 'NONE',  ( 243.1386655013157849, 13.00000000000000178, 36.76221681962920940 ) ) ;
#4004 = CARTESIAN_POINT ( 'NONE',  ( 33.33333333333334991, 10.00000000000000000, 96.43724644492834841 ) ) ;
#4005 = CARTESIAN_POINT ( 'NONE',  ( 87.76436675758066031, 13.00000000000000533, 56.21964696543575712 ) ) ;
#4006 = EDGE_CURVE ( 'NONE', #5777, #67, #2525, .T. ) ;
#4007 = CARTESIAN_POINT ( 'NONE',  ( 215.8550116551619737, 13.00000000000000178, 56.76221681962920940 ) ) ;
#4008 = ORIENTED_EDGE ( 'NONE', *, *, #5133, .T. ) ;
#4009 = CARTESIAN_POINT ( 'NONE',  ( 73.86953682599092019, 9.999999999999998224, 50.75559613247386892 ) ) ;
#4010 = VERTEX_POINT ( 'NONE', #4119 ) ;
#4011 = DIRECTION ( 'NONE',  ( -0.000000000000000000, -1.000000000000000000, -0.000000000000000000 ) ) ;
#4012 = CARTESIAN_POINT ( 'NONE',  ( 118.3423331895430266, 13.00000000000000533, 45.56849446721447805 ) ) ;
#4013 = CARTESIAN_POINT ( 'NONE',  ( 118.2417092087433872, 10.00000000000000711, 47.97124237094052290 ) ) ;
#4014 = CARTESIAN_POINT ( 'NONE',  ( 216.1318562847348517, 13.00000000000000178, 36.77064202724938724 ) ) ;
#4015 = CARTESIAN_POINT ( 'NONE',  ( 76.75911875584820621, 9.999999999999998224, 54.22677498651072625 ) ) ;
#4016 = CARTESIAN_POINT ( 'NONE',  ( 164.8694347320850397, 13.00000000000000178, 54.06990912732151600 ) ) ;
#4017 = FACE_OUTER_BOUND ( 'NONE', #4774, .T. ) ;
#4018 = PLANE ( 'NONE',  #7127 ) ;
#4019 = CARTESIAN_POINT ( 'NONE',  ( 248.5273445024015189, 9.999999999999996447, 40.08160984087832190 ) ) ;
#4020 = DIRECTION ( 'NONE',  ( 0.000000000000000000, -1.000000000000000000, 0.000000000000000000 ) ) ;
#4021 = CARTESIAN_POINT ( 'NONE',  ( 68.72760780900810573, 13.00000000000000178, 56.37760143501382260 ) ) ;
#4022 = ADVANCED_FACE ( 'NONE', ( #3635 ), #6459, .T. ) ;
#4023 = CARTESIAN_POINT ( 'NONE',  ( 140.8785228094612876, 9.999999999999996447, 36.98023164288257192 ) ) ;
#4024 = CARTESIAN_POINT ( 'NONE',  ( 95.65068473208503974, 13.00000000000000178, 25.60837066578305254 ) ) ;
#4025 = ORIENTED_EDGE ( 'NONE', *, *, #2613, .F. ) ;
#4026 = ORIENTED_EDGE ( 'NONE', *, *, #3854, .T. ) ;
#4027 = CARTESIAN_POINT ( 'NONE',  ( 232.5737616551619737, 10.00000000000000000, 34.45452451193689569 ) ) ;
#4028 = DIRECTION ( 'NONE',  ( -0.000000000000000000, -1.000000000000000000, -0.000000000000000000 ) ) ;
#4029 = CARTESIAN_POINT ( 'NONE',  ( 148.7276078090081342, 13.00000000000000178, 51.70212066578304899 ) ) ;
#4030 = CYLINDRICAL_SURFACE ( 'NONE', #1837, 1.500000000000001332 ) ;
#4031 = B_SPLINE_CURVE_WITH_KNOTS ( 'NONE', 3,
 ( #3832, #5638, #3796, #7205, #6623, #3279, #2140, #4460, #6034, #591, #996, #3349, #2761, #4420, #5527 ),
 .UNSPECIFIED., .F., .F.,
 ( 4, 1, 1, 1, 1, 1, 1, 1, 1, 1, 1, 1, 4 ),
 ( 0.000000000000000000, 0.08480238836882753040, 0.1686635395998415110, 0.2525519243727819552, 0.3382396894642447083, 0.4231026613931549996, 0.5055560510576222466, 0.5861756559890520801, 0.6671357203303608374, 0.7484991803055338622, 0.8304523987582790312, 0.9134557062010132400, 1.000000000000000000 ),
 .UNSPECIFIED. ) ;
#4032 = CARTESIAN_POINT ( 'NONE',  ( 131.7743585517257543, 10.00000000000000000, 39.25617985670191956 ) ) ;
#4033 = ORIENTED_EDGE ( 'NONE', *, *, #2340, .T. ) ;
#4034 = DIRECTION ( 'NONE',  ( 0.000000000000000000, 0.000000000000000000, 1.000000000000000000 ) ) ;
#4035 = CARTESIAN_POINT ( 'NONE',  ( 235.2660693474696529, 10.00000000000000000, 38.40885143501382260 ) ) ;
#4036 = ORIENTED_EDGE ( 'NONE', *, *, #573, .F. ) ;
#4037 = B_SPLINE_SURFACE_WITH_KNOTS ( 'NONE', 3, 1, ( 
 ( #2764, #1477 ),
 ( #3317, #7141 ),
 ( #5457, #1518 ),
 ( #2110, #3281 ),
 ( #6002, #6591 ),
 ( #485, #516 ),
 ( #1037, #378 ),
 ( #2660, #4423 ),
 ( #1585, #5012 ),
 ( #1067, #997 ),
 ( #5528, #3836 ) ),
 .UNSPECIFIED., .F., .F., .F.,
 ( 4, 1, 1, 1, 1, 1, 1, 1, 4 ),
 ( 2, 2 ),
 ( 0.000000000000000000, 0.1298621417207386219, 0.2546535308972880940, 0.3760145541937121028, 0.4952552518176073781, 0.6147977192994583673, 0.7381055541683320120, 0.8651963000723575936, 1.000000000000000000 ),
 ( 0.000000000000000000, 1.000000000000000000 ),
 .UNSPECIFIED. ) ;
#4038 = CARTESIAN_POINT ( 'NONE',  ( 147.4002464410511948, 10.00000000000000000, 53.35950925874943351 ) ) ;
#4039 = CARTESIAN_POINT ( 'NONE',  ( 91.20494080980517992, 9.999999999999992895, 50.78380950763849455 ) ) ;
#4040 = CARTESIAN_POINT ( 'NONE',  ( 117.8982808859312001, 13.00000000000000178, 49.96534181962920940 ) ) ;
#4041 = EDGE_CURVE ( 'NONE', #5522, #106, #1918, .T. ) ;
#4042 = EDGE_CURVE ( 'NONE', #5066, #1430, #1897, .T. ) ;
#4043 = CARTESIAN_POINT ( 'NONE',  ( 138.5112616551620022, 13.00000000000000178, 54.06990912732152310 ) ) ;
#4044 = VERTEX_POINT ( 'NONE', #6382 ) ;
#4045 = CARTESIAN_POINT ( 'NONE',  ( 73.02253889615084859, 12.99999999999999822, 48.72375550313605430 ) ) ;
#4046 = VERTEX_POINT ( 'NONE', #3668 ) ;
#4047 = CARTESIAN_POINT ( 'NONE',  ( 197.5365031531262048, 10.00000000000000178, 25.23150515884538692 ) ) ;
#4048 = CARTESIAN_POINT ( 'NONE',  ( 118.3427661861365294, 13.00000000000000178, 44.94734224449729254 ) ) ;
#4049 = CARTESIAN_POINT ( 'NONE',  ( 209.3570020336064204, 10.00000000000000178, 54.87117143052888935 ) ) ;
#4050 = CARTESIAN_POINT ( 'NONE',  ( 156.0353001167004265, 9.999999999999998224, 45.38601489655228960 ) ) ;
#4051 = EDGE_CURVE ( 'NONE', #4473, #4770, #5908, .T. ) ;
#4052 = VECTOR ( 'NONE', #2696, 1000.000000000000000 ) ;
#4053 = CARTESIAN_POINT ( 'NONE',  ( 115.5045069255513681, 12.99999999999999822, 52.96780671153156561 ) ) ;
#4054 = CARTESIAN_POINT ( 'NONE',  ( 162.6040569876541895, 12.99999999999999822, 53.80208307318231675 ) ) ;
#4055 = FACE_OUTER_BOUND ( 'NONE', #6912, .T. ) ;
#4056 = ADVANCED_FACE ( 'NONE', ( #5875 ), #5259, .T. ) ;
#4057 = DIRECTION ( 'NONE',  ( 0.000000000000000000, 0.000000000000000000, -1.000000000000000000 ) ) ;
#4058 = CARTESIAN_POINT ( 'NONE',  ( 101.4199155013158133, 13.00000000000000178, 34.45452451193689569 ) ) ;
#4059 = CARTESIAN_POINT ( 'NONE',  ( 92.81027018264769879, 13.00000000000000178, 43.68967091283517590 ) ) ;
#4060 = CARTESIAN_POINT ( 'NONE',  ( 163.7231137264067797, 13.00000000000000178, 36.80385835193838773 ) ) ;
#4061 = DIRECTION ( 'NONE',  ( 1.000000000000000000, 0.000000000000000000, 0.000000000000000000 ) ) ;
#4062 = CARTESIAN_POINT ( 'NONE',  ( 75.12794556150745962, 13.00000000000000178, 52.60692056762643887 ) ) ;
#4063 = ORIENTED_EDGE ( 'NONE', *, *, #2013, .F. ) ;
#4064 = PLANE ( 'NONE',  #1611 ) ;
#4065 = CARTESIAN_POINT ( 'NONE',  ( 137.8387129209710622, 13.00000000000000178, 34.08270106334198601 ) ) ;
#4066 = CARTESIAN_POINT ( 'NONE',  ( 224.2330014509269063, 13.00000000000000178, 47.76016835152888262 ) ) ;
#4067 = AXIS2_PLACEMENT_3D ( 'NONE', #4111, #99, #2405 ) ;
#4068 = EDGE_CURVE ( 'NONE', #6851, #5315, #3082, .T. ) ;
#4069 = CARTESIAN_POINT ( 'NONE',  ( 129.1199009059018010, 10.00000000000000355, 45.06298202258183494 ) ) ;
#4070 = EDGE_CURVE ( 'NONE', #4361, #1205, #5361, .T. ) ;
#4071 = ORIENTED_EDGE ( 'NONE', *, *, #3725, .T. ) ;
#4072 = CARTESIAN_POINT ( 'NONE',  ( 185.2660693474696529, 13.00000000000000178, 56.37760143501382260 ) ) ;
#4073 = AXIS2_PLACEMENT_3D ( 'NONE', #1287, #6909, #6804 ) ;
#4074 = CARTESIAN_POINT ( 'NONE',  ( 185.2660693474696529, 13.00000000000000178, 56.37760143501382260 ) ) ;
#4075 = VERTEX_POINT ( 'NONE', #7227 ) ;
#4076 = CARTESIAN_POINT ( 'NONE',  ( 213.4725697023957594, 10.00000000000000000, 56.57287179018948819 ) ) ;
#4077 = CARTESIAN_POINT ( 'NONE',  ( 112.8065531544031046, 10.00000000000000000, 56.69202548554922316 ) ) ;
#4078 = AXIS2_PLACEMENT_3D ( 'NONE', #6130, #7025, #1054 ) ;
#4079 = CARTESIAN_POINT ( 'NONE',  ( 210.2111348738142453, 10.00000000000000178, 35.46907767607983430 ) ) ;
#4080 = EDGE_LOOP ( 'NONE', ( #1893, #2418, #5073, #1273, #1473, #6241, #6033, #4712, #3116, #1927, #5356, #4415 ) ) ;
#4081 = VECTOR ( 'NONE', #3476, 1000.000000000000000 ) ;
#4082 = EDGE_CURVE ( 'NONE', #1205, #4109, #3224, .T. ) ;
#4083 = AXIS2_PLACEMENT_3D ( 'NONE', #4468, #2881, #5605 ) ;
#4084 = CARTESIAN_POINT ( 'NONE',  ( 296.5030604351463808, 0.000000000000000000, 85.13552925583971387 ) ) ;
#4085 = EDGE_LOOP ( 'NONE', ( #2978, #1065, #4407, #151 ) ) ;
#4086 = EDGE_CURVE ( 'NONE', #4782, #2749, #3779, .T. ) ;
#4087 = CARTESIAN_POINT ( 'NONE',  ( 82.85341161338160987, 10.00000000000000178, 56.73097539661677047 ) ) ;
#4088 = VERTEX_POINT ( 'NONE', #4928 ) ;
#4089 = CARTESIAN_POINT ( 'NONE',  ( 208.3267701694827281, 13.00000000000000178, 36.83577994420361534 ) ) ;
#4091 = CARTESIAN_POINT ( 'NONE',  ( 167.5263996312039296, 13.00000000000000178, 37.09351631144043893 ) ) ;
#4090 = VECTOR ( 'NONE', #4213, 1000.000000000000000 ) ;
#4092 = DIRECTION ( 'NONE',  ( -0.000000000000000000, -1.000000000000000000, -0.000000000000000000 ) ) ;
#4093 = DIRECTION ( 'NONE',  ( 0.000000000000000000, 1.000000000000000000, 0.000000000000000000 ) ) ;
#4094 = VECTOR ( 'NONE', #5820, 1000.000000000000000 ) ;
#4095 = AXIS2_PLACEMENT_3D ( 'NONE', #7242, #3792, #6550 ) ;
#4096 = CARTESIAN_POINT ( 'NONE',  ( 167.1774958506304927, 13.00000000000000178, 53.81068570307287047 ) ) ;
#4097 = CARTESIAN_POINT ( 'NONE',  ( 156.3124835273456199, 10.00000000000000178, 47.61098666643686528 ) ) ;
#4098 = CARTESIAN_POINT ( 'NONE',  ( 0.000000000000000000, 10.00000000000000000, 0.000000000000000000 ) ) ;
#4099 = PLANE ( 'NONE',  #561 ) ;
#4100 = CARTESIAN_POINT ( 'NONE',  ( 246.8795215314500524, 13.00000000000000178, 37.81833045166283824 ) ) ;
#4101 = CARTESIAN_POINT ( 'NONE',  ( 89.07065844772091623, 12.99999999999999822, 38.15028083259845459 ) ) ;
#4102 =( LENGTH_UNIT ( ) NAMED_UNIT ( * ) SI_UNIT ( .MILLI., .METRE. ) );
#4103 = EDGE_CURVE ( 'NONE', #432, #5153, #5512, .T. ) ;
#4104 = B_SPLINE_SURFACE_WITH_KNOTS ( 'NONE', 3, 1, ( 
 ( #1070, #6038 ),
 ( #1000, #6077 ),
 ( #4319, #1040 ),
 ( #3909, #3284 ),
 ( #3767, #5531 ),
 ( #5016, #488 ),
 ( #6561, #3246 ),
 ( #3320, #6005 ),
 ( #5564, #7252 ),
 ( #2217, #6701 ),
 ( #966, #3433 ) ),
 .UNSPECIFIED., .F., .F., .F.,
 ( 4, 1, 1, 1, 1, 1, 1, 1, 4 ),
 ( 2, 2 ),
 ( 0.000000000000000000, 0.1232898687277949740, 0.2421490813339683967, 0.3634374760537287252, 0.4897453933413709604, 0.6181148445930065849, 0.7448937812572480333, 0.8689322665891827668, 1.000000000000000000 ),
 ( 0.000000000000000000, 1.000000000000000000 ),
 .UNSPECIFIED. ) ;
#4105 = LINE ( 'NONE', #3361, #4081 ) ;
#4106 = ADVANCED_FACE ( 'NONE', ( #944 ), #3191, .T. ) ;
#4107 = LINE ( 'NONE', #5721, #1355 ) ;
#4108 = CARTESIAN_POINT ( 'NONE',  ( 238.0221849455557503, 10.00000000000000355, 35.68565898416476045 ) ) ;
#4109 = VERTEX_POINT ( 'NONE', #3261 ) ;
#4110 = CARTESIAN_POINT ( 'NONE',  ( 89.56767927274879071, 9.999999999999998224, 52.34132615180608639 ) ) ;
#4111 = CARTESIAN_POINT ( 'NONE',  ( 166.6666666666666288, 20.00000000000000000, 96.43724644492834841 ) ) ;
#4112 = CARTESIAN_POINT ( 'NONE',  ( 223.8628597212859290, 13.00000000000000178, 48.83837239987770573 ) ) ;
#4113 = ORIENTED_EDGE ( 'NONE', *, *, #1891, .T. ) ;
#4114 = CARTESIAN_POINT ( 'NONE',  ( 134.7947034230484462, 10.00000000000000355, 37.37028872724781792 ) ) ;
#4115 = ORIENTED_EDGE ( 'NONE', *, *, #3863, .F. ) ;
#4116 = CARTESIAN_POINT ( 'NONE',  ( 197.3694347320850397, 13.00000000000000178, 29.83913989655228605 ) ) ;
#4117 = CARTESIAN_POINT ( 'NONE',  ( 173.7276078090081342, 10.00000000000000000, 45.46413989655228960 ) ) ;
#4118 = CARTESIAN_POINT ( 'NONE',  ( 185.2660693474696529, 13.00000000000000178, 37.14683220424458909 ) ) ;
#4119 = CARTESIAN_POINT ( 'NONE',  ( 84.12424242439274735, 13.00000000000000178, 36.76221681962921650 ) ) ;
#4120 = CARTESIAN_POINT ( 'NONE',  ( 221.3942304276900757, 12.99999999999999822, 55.45928681446972774 ) ) ;
#4121 = ORIENTED_EDGE ( 'NONE', *, *, #1455, .F. ) ;
#4122 = PLANE ( 'NONE',  #305 ) ;
#4123 = EDGE_LOOP ( 'NONE', ( #567, #2719, #4180, #4397 ) ) ;
#4124 = CARTESIAN_POINT ( 'NONE',  ( 105.1770111689979359, 13.00000000000000533, 51.13274497731458013 ) ) ;
#4125 = CARTESIAN_POINT ( 'NONE',  ( 68.72760780900810573, 13.00000000000000178, 38.68529374270612919 ) ) ;
#4126 = CARTESIAN_POINT ( 'NONE',  ( 207.6575286056198877, 10.00000000000000000, 53.39091921091494441 ) ) ;
#4127 = CARTESIAN_POINT ( 'NONE',  ( 216.7040766546793691, 12.99999999999999822, 36.78733181120357898 ) ) ;
#4128 = VERTEX_POINT ( 'NONE', #4402 ) ;
#4129 = CARTESIAN_POINT ( 'NONE',  ( 168.2874526746121546, 13.00000000000000178, 53.45266743150089894 ) ) ;
#4130 = FACE_OUTER_BOUND ( 'NONE', #6965, .T. ) ;
#4131 = CARTESIAN_POINT ( 'NONE',  ( 135.6607666422003149, 12.99999999999999822, 37.10328052702774926 ) ) ;
#4132 = CARTESIAN_POINT ( 'NONE',  ( 3.505202749622875924, 0.000000000000000000, 85.13552925583975650 ) ) ;
#4133 = CARTESIAN_POINT ( 'NONE',  ( 77.85675114685349740, 13.00000000000000178, 39.23377358587184460 ) ) ;
#4134 = PLANE ( 'NONE',  #7216 ) ;
#4135 = CARTESIAN_POINT ( 'NONE',  ( 126.5174600535557943, 10.00000000000000000, 44.05946524728891944 ) ) ;
#4136 = CARTESIAN_POINT ( 'NONE',  ( 126.6185217369377511, 10.00000000000000178, 47.83232240818671244 ) ) ;
#4137 = CARTESIAN_POINT ( 'NONE',  ( 147.4002464410511948, 10.00000000000000000, 53.35950925874943351 ) ) ;
#4138 = ORIENTED_EDGE ( 'NONE', *, *, #3950, .T. ) ;
#4139 = CARTESIAN_POINT ( 'NONE',  ( 105.4586668364795798, 9.999999999999996447, 51.54677988636960606 ) ) ;
#4140 = CARTESIAN_POINT ( 'NONE',  ( 166.6666666666666288, 20.00000000000000000, 96.43724644492834841 ) ) ;
#4141 = CARTESIAN_POINT ( 'NONE',  ( 84.00405011670042654, 13.00000000000000178, 56.76221681962920940 ) ) ;
#4142 = EDGE_CURVE ( 'NONE', #4184, #806, #4824, .T. ) ;
#4143 = ADVANCED_FACE ( 'NONE', ( #6640 ), #1600, .F. ) ;
#4144 = EDGE_CURVE ( 'NONE', #1395, #2371, #6089, .T. ) ;
#4145 = EDGE_LOOP ( 'NONE', ( #1908, #4887 ) ) ;
#4146 = CARTESIAN_POINT ( 'NONE',  ( 163.7012689979007689, 10.00000000000000000, 34.10301801681355727 ) ) ;
#4147 = ORIENTED_EDGE ( 'NONE', *, *, #1203, .F. ) ;
#4148 = CARTESIAN_POINT ( 'NONE',  ( 92.95837703977734634, 9.999999999999996447, 45.46413989655228249 ) ) ;
#4149 = DIRECTION ( 'NONE',  ( -0.000000000000000000, -1.000000000000000000, -0.000000000000000000 ) ) ;
#4150 = CARTESIAN_POINT ( 'NONE',  ( 206.2700576312429916, 13.00000000000000178, 51.63240496959004844 ) ) ;
#4151 = CARTESIAN_POINT ( 'NONE',  ( 195.6068793630374216, 9.999999999999996447, 29.17249881426069180 ) ) ;
#4152 = CARTESIAN_POINT ( 'NONE',  ( 73.02988385561478424, 10.00000000000000178, 42.04599820013325484 ) ) ;
#4153 = ORIENTED_EDGE ( 'NONE', *, *, #7189, .F. ) ;
#4154 = FACE_OUTER_BOUND ( 'NONE', #4736, .T. ) ;
#4155 = ORIENTED_EDGE ( 'NONE', *, *, #4393, .F. ) ;
#4156 = CARTESIAN_POINT ( 'NONE',  ( 209.2469021214388079, 13.00000000000000178, 36.10264402345832480 ) ) ;
#4157 = CARTESIAN_POINT ( 'NONE',  ( 92.33626078468998344, 9.999999999999992895, 42.05101592644439989 ) ) ;
#4158 = CARTESIAN_POINT ( 'NONE',  ( 204.9236546916693271, 9.999999999999994671, 48.70824916815978867 ) ) ;
#4159 = CARTESIAN_POINT ( 'NONE',  ( 133.3333333333333428, 10.00000000000000000, 97.93724644492834841 ) ) ;
#4160 = B_SPLINE_SURFACE_WITH_KNOTS ( 'NONE', 3, 1, ( 
 ( #6554, #5893 ),
 ( #4350, #6589 ),
 ( #5009, #4383 ),
 ( #7173, #1584 ),
 ( #2108, #2724 ),
 ( #1034, #4945 ),
 ( #1549, #1138 ),
 ( #3395, #1622 ),
 ( #4494, #2840 ),
 ( #7246, #2693 ),
 ( #2172, #483 ) ),
 .UNSPECIFIED., .F., .F., .F.,
 ( 4, 1, 1, 1, 1, 1, 1, 1, 4 ),
 ( 2, 2 ),
 ( 0.000000000000000000, 0.1342983790141688560, 0.2620849753822993566, 0.3862699121345009035, 0.5071645966228011115, 0.6273002357255046402, 0.7481449416029926081, 0.8723701771613525668, 1.000000000000000000 ),
 ( 0.000000000000000000, 1.000000000000000000 ),
 .UNSPECIFIED. ) ;
#4161 = ORIENTED_EDGE ( 'NONE', *, *, #3705, .T. ) ;
#4162 = CARTESIAN_POINT ( 'NONE',  ( 204.6654195571748289, 13.00000000000000178, 43.31176190771966361 ) ) ;
#4163 = DIRECTION ( 'NONE',  ( -0.000000000000000000, -1.000000000000000000, -0.000000000000000000 ) ) ;
#4164 = CARTESIAN_POINT ( 'NONE',  ( 207.8244398511338602, 10.00000000000000000, 48.83678289432925368 ) ) ;
#4165 = DIRECTION ( 'NONE',  ( -0.000000000000000000, -0.000000000000000000, -1.000000000000000000 ) ) ;
#4166 = CARTESIAN_POINT ( 'NONE',  ( 130.9884629208514184, 13.00000000000000178, 50.72312531689994586 ) ) ;
#4167 = FACE_OUTER_BOUND ( 'NONE', #2158, .T. ) ;
#4168 = CARTESIAN_POINT ( 'NONE',  ( 75.26606934746965294, 10.00000000000000000, 45.38601489655228960 ) ) ;
#4169 = CARTESIAN_POINT ( 'NONE',  ( 132.4211904484677405, 10.00000000000000000, 35.56963572605084778 ) ) ;
#4170 = CARTESIAN_POINT ( 'NONE',  ( 196.8828184194186122, 10.00000000000000178, 25.24571734533508405 ) ) ;
#4171 = CARTESIAN_POINT ( 'NONE',  ( 81.73030523790517066, 12.99999999999999822, 56.57015565131724344 ) ) ;
#4172 = ORIENTED_EDGE ( 'NONE', *, *, #4385, .F. ) ;
#4173 = DIRECTION ( 'NONE',  ( 1.000000000000000000, 0.000000000000000000, 0.000000000000000000 ) ) ;
#4174 = DIRECTION ( 'NONE',  ( -1.000000000000000000, 0.000000000000000000, -0.000000000000000000 ) ) ;
#4175 = EDGE_CURVE ( 'NONE', #6817, #6600, #4890, .T. ) ;
#4176 = CARTESIAN_POINT ( 'NONE',  ( 78.74594557030390263, 10.00000000000000178, 52.31437678168607164 ) ) ;
#4177 = VERTEX_POINT ( 'NONE', #3812 ) ;
#4178 = LINE ( 'NONE', #4812, #4432 ) ;
#4179 = CARTESIAN_POINT ( 'NONE',  ( 209.3570020336064204, 13.00000000000000178, 54.87117143052888935 ) ) ;
#4180 = ORIENTED_EDGE ( 'NONE', *, *, #6163, .T. ) ;
#4181 = ORIENTED_EDGE ( 'NONE', *, *, #5079, .T. ) ;
#4182 = CARTESIAN_POINT ( 'NONE',  ( 86.75716886197318445, 10.00000000000000000, 37.09351631144044603 ) ) ;
#4183 = LINE ( 'NONE', #865, #897 ) ;
#4184 = VERTEX_POINT ( 'NONE', #3296 ) ;
#4185 = CARTESIAN_POINT ( 'NONE',  ( 221.4748339966896253, 9.999999999999996447, 35.46826409232594557 ) ) ;
#4186 = AXIS2_PLACEMENT_3D ( 'NONE', #2572, #2493, #734 ) ;
#4187 = EDGE_CURVE ( 'NONE', #2621, #3807, #954, .T. ) ;
#4188 = CARTESIAN_POINT ( 'NONE',  ( 106.3435808685692052, 10.00000000000000000, 55.78562642358173918 ) ) ;
#4189 = ORIENTED_EDGE ( 'NONE', *, *, #3562, .T. ) ;
#4190 = CARTESIAN_POINT ( 'NONE',  ( 119.9681231058107187, 9.999999999999996447, 51.90092177348398650 ) ) ;
#4191 = EDGE_LOOP ( 'NONE', ( #2819, #3859, #4821, #4586 ) ) ;
#4192 = CARTESIAN_POINT ( 'NONE',  ( 210.2111348738142453, 13.00000000000000178, 35.46907767607983430 ) ) ;
#4193 = CARTESIAN_POINT ( 'NONE',  ( 176.4199155013158133, 13.00000000000000178, 34.45452451193689569 ) ) ;
#4194 = CARTESIAN_POINT ( 'NONE',  ( 77.87208601619354909, 13.00000000000000178, 51.56446602506200350 ) ) ;
#4195 = CARTESIAN_POINT ( 'NONE',  ( 171.8420638900497579, 13.00000000000000178, 54.47347302048315498 ) ) ;
#4196 = AXIS2_PLACEMENT_3D ( 'NONE', #6821, #1328, #1916 ) ;
#4197 = AXIS2_PLACEMENT_3D ( 'NONE', #5688, #1672, #5575 ) ;
#4198 = VECTOR ( 'NONE', #2130, 1000.000000000000000 ) ;
#4199 = ORIENTED_EDGE ( 'NONE', *, *, #3406, .F. ) ;
#4200 = CIRCLE ( 'NONE', #1024, 1.500000000000001332 ) ;
#4201 = CARTESIAN_POINT ( 'NONE',  ( 170.3369100419795927, 10.00000000000000000, 52.34132615180608639 ) ) ;
#4202 = CARTESIAN_POINT ( 'NONE',  ( 146.3345528254674548, 10.00000000000000000, 36.46425242558474622 ) ) ;
#4203 = CARTESIAN_POINT ( 'NONE',  ( 198.7674590389789557, 13.00000000000000178, 29.46594151034154052 ) ) ;
#4204 = CARTESIAN_POINT ( 'NONE',  ( 197.5365018370976031, 9.999999999999998224, 29.83138921042374747 ) ) ;
#4205 = CARTESIAN_POINT ( 'NONE',  ( 80.74767823437038317, 12.99999999999999822, 53.44923473455111207 ) ) ;
#4206 = DIRECTION ( 'NONE',  ( 0.000000000000000000, 0.000000000000000000, -1.000000000000000000 ) ) ;
#4207 = CARTESIAN_POINT ( 'NONE',  ( 296.5030604351463808, 0.000000000000000000, 85.13552925583971387 ) ) ;
#4208 = VECTOR ( 'NONE', #6611, 1000.000000000000000 ) ;
#4209 = CARTESIAN_POINT ( 'NONE',  ( 127.0357301250707707, 10.00000000000000355, 41.84699477803371082 ) ) ;
#4210 = CARTESIAN_POINT ( 'NONE',  ( 68.72760780900810573, 13.00000000000000178, 29.45452451193689924 ) ) ;
#4211 = CARTESIAN_POINT ( 'NONE',  ( 164.4857253191550228, 10.00000000000000000, 54.05650242281573270 ) ) ;
#4212 = EDGE_LOOP ( 'NONE', ( #4453, #2704, #2520, #1190 ) ) ;
#4213 = DIRECTION ( 'NONE',  ( 0.000000000000000000, 0.000000000000000000, -1.000000000000000000 ) ) ;
#4214 = LOCAL_TIME ( 17, 48, 22.00000000000000000, #2362 ) ;
#4215 = CARTESIAN_POINT ( 'NONE',  ( 218.1140879250471016, 13.00000000000000533, 53.81606149722201593 ) ) ;
#4216 = CARTESIAN_POINT ( 'NONE',  ( 224.4558379013425053, 12.99999999999999822, 46.63917942082377976 ) ) ;
#4217 = CARTESIAN_POINT ( 'NONE',  ( 243.6074155013158133, 10.00000000000000355, 34.06990912732151600 ) ) ;
#4218 = VERTEX_POINT ( 'NONE', #3411 ) ;
#4219 = CARTESIAN_POINT ( 'NONE',  ( 153.3537321791202999, 10.00000000000000000, 44.97484936046267734 ) ) ;
#4220 = CARTESIAN_POINT ( 'NONE',  ( 104.1157662993163342, 9.999999999999996447, 45.49225406176356756 ) ) ;
#4221 = ORIENTED_EDGE ( 'NONE', *, *, #6738, .T. ) ;
#4222 = CARTESIAN_POINT ( 'NONE',  ( 84.42920604361387404, 10.00000000000000000, 36.76771292081669174 ) ) ;
#4223 = DIRECTION ( 'NONE',  ( 0.000000000000000000, -0.000000000000000000, 1.000000000000000000 ) ) ;
#4224 = CARTESIAN_POINT ( 'NONE',  ( 196.8828222578420934, 10.00000000000000000, 29.81717546510679639 ) ) ;
#4225 = CARTESIAN_POINT ( 'NONE',  ( 102.4877631146148360, 10.00000000000000178, 51.87033464851429443 ) ) ;
#4226 = ORIENTED_EDGE ( 'NONE', *, *, #4551, .T. ) ;
#4227 = CARTESIAN_POINT ( 'NONE',  ( 116.1359223366767708, 10.00000000000000178, 55.78576528426309977 ) ) ;
#4228 = ORIENTED_EDGE ( 'NONE', *, *, #3182, .T. ) ;
#4229 = CARTESIAN_POINT ( 'NONE',  ( 111.2696751167004265, 10.00000000000000000, 54.06990912732151600 ) ) ;
#4230 = CARTESIAN_POINT ( 'NONE',  ( 85.02960080415368793, 9.999999999999992895, 36.77853332741074155 ) ) ;
#4231 = CARTESIAN_POINT ( 'NONE',  ( 204.5064669526987018, 13.00000000000000178, 45.10916016252510019 ) ) ;
#4232 = CARTESIAN_POINT ( 'NONE',  ( 148.7276078090081342, 10.00000000000000000, 39.20813028116766930 ) ) ;
#4233 = EDGE_CURVE ( 'NONE', #2224, #5303, #3940, .T. ) ;
#4234 = ADVANCED_FACE ( 'NONE', ( #4591 ), #607, .T. ) ;
#4235 = VERTEX_POINT ( 'NONE', #1782 ) ;
#4236 = CARTESIAN_POINT ( 'NONE',  ( 165.2589761843321980, 9.999999999999996447, 54.05568086510032799 ) ) ;
#4237 = CARTESIAN_POINT ( 'NONE',  ( 141.8757234443199593, 9.999999999999996447, 34.42627598828101299 ) ) ;
#4238 = CARTESIAN_POINT ( 'NONE',  ( 54.49683857823887934, 10.00000000000000000, 29.45452451193689924 ) ) ;
#4239 = CARTESIAN_POINT ( 'NONE',  ( 224.4831021475732484, 10.00000000000000178, 45.87779372879010964 ) ) ;
#4240 = CARTESIAN_POINT ( 'NONE',  ( 296.5030604351463808, 0.000000000000000000, 91.13552925583975650 ) ) ;
#4241 = PLANE ( 'NONE',  #2402 ) ;
#4242 = CARTESIAN_POINT ( 'NONE',  ( 79.68556732501284046, 10.00000000000000000, 37.86962970093852476 ) ) ;
#4243 = CARTESIAN_POINT ( 'NONE',  ( 135.3932866351351834, 13.00000000000000178, 34.44202857116708572 ) ) ;
#4244 = CARTESIAN_POINT ( 'NONE',  ( 165.2589761843321980, 12.99999999999999822, 54.05568086510032799 ) ) ;
#4245 = CARTESIAN_POINT ( 'NONE',  ( 164.3861269959380138, 9.999999999999996447, 56.75170505732219084 ) ) ;
#4246 = ORIENTED_EDGE ( 'NONE', *, *, #3374, .T. ) ;
#4247 = CARTESIAN_POINT ( 'NONE',  ( 110.0866244335383044, 12.99999999999999822, 54.03131202038667880 ) ) ;
#4248 = CARTESIAN_POINT ( 'NONE',  ( 204.8999214698987714, 9.999999999999994671, 42.27721285859466605 ) ) ;
#4249 = PLANE ( 'NONE',  #5609 ) ;
#4250 = CARTESIAN_POINT ( 'NONE',  ( 0.000000000000000000, 10.00000000000000000, 0.000000000000000000 ) ) ;
#4251 = EDGE_CURVE ( 'NONE', #3868, #2223, #4512, .T. ) ;
#4252 = CARTESIAN_POINT ( 'NONE',  ( 161.4832830742766419, 9.999999999999992895, 34.51213478258944889 ) ) ;
#4253 = CARTESIAN_POINT ( 'NONE',  ( 156.3167662494118133, 13.00000000000000178, 43.15727347485353960 ) ) ;
#4254 = ORIENTED_EDGE ( 'NONE', *, *, #2538, .T. ) ;
#4255 = EDGE_LOOP ( 'NONE', ( #5198, #6508, #494, #5666 ) ) ;
#4256 = CARTESIAN_POINT ( 'NONE',  ( 72.57376165516197375, 13.00000000000000178, 45.35596681962920940 ) ) ;
#4257 = CARTESIAN_POINT ( 'NONE',  ( 134.8077348130807422, 10.00000000000000533, 53.45855424804077671 ) ) ;
#4258 = VERTEX_POINT ( 'NONE', #2470 ) ;
#4259 = CARTESIAN_POINT ( 'NONE',  ( 195.9897194143944716, 10.00000000000000000, 29.46586611507682107 ) ) ;
#4260 = CARTESIAN_POINT ( 'NONE',  ( 88.92080884339164015, 12.99999999999999822, 55.78085791111553959 ) ) ;
#4261 = VERTEX_POINT ( 'NONE', #3332 ) ;
#4262 = EDGE_LOOP ( 'NONE', ( #7050, #3808, #1642, #1451, #3012, #989 ) ) ;
#4263 = FACE_OUTER_BOUND ( 'NONE', #6464, .T. ) ;
#4264 = CARTESIAN_POINT ( 'NONE',  ( 92.61351367054551531, 13.00000000000000533, 42.85195326123243120 ) ) ;
#4265 = EDGE_CURVE ( 'NONE', #4770, #5400, #1366, .T. ) ;
#4266 = CARTESIAN_POINT ( 'NONE',  ( 84.10020396285426614, 12.99999999999999467, 54.06990912732151600 ) ) ;
#4267 = FACE_OUTER_BOUND ( 'NONE', #955, .T. ) ;
#4268 = EDGE_LOOP ( 'NONE', ( #619, #5247, #4767, #6723, #5978, #5035, #2119, #410, #4161, #4593, #5159, #6173 ) ) ;
#4269 = CARTESIAN_POINT ( 'NONE',  ( 132.6563399804806238, 13.00000000000000178, 55.51187857225919942 ) ) ;
#4270 = DIRECTION ( 'NONE',  ( 0.000000000000000000, 0.000000000000000000, -1.000000000000000000 ) ) ;
#4271 = DIRECTION ( 'NONE',  ( 0.000000000000000000, 1.000000000000000000, 0.000000000000000000 ) ) ;
#4272 = DIRECTION ( 'NONE',  ( 0.000000000000000000, 0.000000000000000000, 1.000000000000000000 ) ) ;
#4273 = CARTESIAN_POINT ( 'NONE',  ( 76.45286935378558724, 10.00000000000000355, 49.72740125713123405 ) ) ;
#4274 = CARTESIAN_POINT ( 'NONE',  ( 68.72760780900810573, 10.00000000000000000, 41.76221681962920940 ) ) ;
#4275 = ORIENTED_EDGE ( 'NONE', *, *, #6119, .F. ) ;
#4276 = CARTESIAN_POINT ( 'NONE',  ( 249.0733240333526055, 13.00000000000000178, 43.63692322962085512 ) ) ;
#4277 = ADVANCED_FACE ( 'NONE', ( #5031 ), #4030, .T. ) ;
#4278 = LINE ( 'NONE', #4977, #5958 ) ;
#4279 = CARTESIAN_POINT ( 'NONE',  ( 118.3429924243927189, 13.00000000000000178, 34.45452451193689569 ) ) ;
#4280 = CARTESIAN_POINT ( 'NONE',  ( 166.0680477998817537, 10.00000000000000000, 56.73204691656188459 ) ) ;
#4281 = CARTESIAN_POINT ( 'NONE',  ( 173.7276078090081057, 13.00000000000000178, 56.37760143501382260 ) ) ;
#4282 = CARTESIAN_POINT ( 'NONE',  ( 223.8628597212859290, 13.00000000000000178, 48.83837239987770573 ) ) ;
#4283 = DIRECTION ( 'NONE',  ( -6.214152499660541867E-15, 1.000000000000000000, 6.276769007418650507E-14 ) ) ;
#4284 = CARTESIAN_POINT ( 'NONE',  ( 208.4724313291847295, 13.00000000000000178, 54.18065581419941168 ) ) ;
#4285 = CARTESIAN_POINT ( 'NONE',  ( 163.7231137264067797, 13.00000000000000178, 36.80385835193838773 ) ) ;
#4286 = CARTESIAN_POINT ( 'NONE',  ( 54.49683857823887934, 13.00000000000000178, 41.76221681962920940 ) ) ;
#4287 = CARTESIAN_POINT ( 'NONE',  ( 215.4458569165138897, 13.00000000000000178, 56.75174942347756968 ) ) ;
#4288 = ORIENTED_EDGE ( 'NONE', *, *, #2796, .F. ) ;
#4289 = VERTEX_POINT ( 'NONE', #1160 ) ;
#4290 = CARTESIAN_POINT ( 'NONE',  ( 199.8538414337380118, 12.99999999999999822, 27.99414934686826228 ) ) ;
#4291 = DIRECTION ( 'NONE',  ( 0.000000000000000000, 0.000000000000000000, -1.000000000000000000 ) ) ;
#4292 = DIRECTION ( 'NONE',  ( 0.000000000000000000, -0.000000000000000000, 1.000000000000000000 ) ) ;
#4293 = CARTESIAN_POINT ( 'NONE',  ( 75.14991540717505814, 10.00000000000000178, 38.20710892142476922 ) ) ;
#4294 = ORIENTED_EDGE ( 'NONE', *, *, #6697, .F. ) ;
#4295 = VECTOR ( 'NONE', #4061, 1000.000000000000000 ) ;
#4296 = ORIENTED_EDGE ( 'NONE', *, *, #6990, .T. ) ;
#4297 = CARTESIAN_POINT ( 'NONE',  ( 87.91445956447820720, 10.00000000000000000, 34.70001520915453597 ) ) ;
#4298 = CARTESIAN_POINT ( 'NONE',  ( 118.9912060211126743, 9.999999999999996447, 53.47528445337607650 ) ) ;
#4299 = CARTESIAN_POINT ( 'NONE',  ( 138.5112616551620022, 13.00000000000000178, 54.06990912732152310 ) ) ;
#4300 = CARTESIAN_POINT ( 'NONE',  ( 173.7276078090081057, 13.00000000000000178, 52.58553412732151600 ) ) ;
#4301 = EDGE_CURVE ( 'NONE', #2835, #1276, #600, .T. ) ;
#4302 = AXIS2_PLACEMENT_3D ( 'NONE', #1400, #2504, #6551 ) ;
#4303 = EDGE_CURVE ( 'NONE', #4719, #3160, #5727, .T. ) ;
#4304 = ORIENTED_EDGE ( 'NONE', *, *, #5228, .F. ) ;
#4305 = CARTESIAN_POINT ( 'NONE',  ( 126.6185217369377511, 10.00000000000000000, 47.83232240818671244 ) ) ;
#4306 = CARTESIAN_POINT ( 'NONE',  ( 235.6807328090081057, 13.00000000000000178, 42.56750528116766930 ) ) ;
#4307 = LINE ( 'NONE', #5581, #202 ) ;
#4308 = CARTESIAN_POINT ( 'NONE',  ( 116.6978314474285412, 13.00000000000000178, 55.48390832421141994 ) ) ;
#4310 = CARTESIAN_POINT ( 'NONE',  ( 83.71649454992426342, 10.00000000000000000, 54.05650242281573981 ) ) ;
#4309 = AXIS2_PLACEMENT_3D ( 'NONE', #63, #2300, #7003 ) ;
#4311 = CARTESIAN_POINT ( 'NONE',  ( 117.7766806464915277, 13.00000000000000178, 50.26331067780942874 ) ) ;
#4312 = EDGE_LOOP ( 'NONE', ( #4153, #6387, #3485, #6790 ) ) ;
#4313 = CARTESIAN_POINT ( 'NONE',  ( 181.4199155013158133, 10.00000000000000000, 37.14683220424458909 ) ) ;
#4314 = AXIS2_PLACEMENT_3D ( 'NONE', #209, #5102, #6232 ) ;
#4315 = B_SPLINE_CURVE_WITH_KNOTS ( 'NONE', 3,
 ( #6123, #6016, #3850, #4958, #5509, #1008, #2820, #7186, #6675, #7153, #1636, #569, #6086, #2121, #6158, #4363, #2152, #976, #3328 ),
 .UNSPECIFIED., .F., .F.,
 ( 4, 1, 1, 1, 1, 1, 1, 1, 1, 1, 1, 1, 1, 1, 1, 1, 4 ),
 ( 0.000000000000000000, 0.06398610981646714324, 0.1266268580894751306, 0.1889843719814873202, 0.2502301939603965297, 0.3123511629623201835, 0.3745736184579375183, 0.4381475308782029066, 0.5029204126073698600, 0.5679740951402706406, 0.6307713337491889227, 0.6929346089254578844, 0.7543975343123293653, 0.8152183520172945341, 0.8761169254810899920, 0.9380146047939523779, 1.000000000000000000 ),
 .UNSPECIFIED. ) ;
#4316 = CARTESIAN_POINT ( 'NONE',  ( 114.5886416286365659, 10.00000000000000355, 53.46329881252448502 ) ) ;
#4317 = DIRECTION ( 'NONE',  ( -0.000000000000000000, -1.000000000000000000, -0.000000000000000000 ) ) ;
#4318 = CARTESIAN_POINT ( 'NONE',  ( 172.8315591869480272, 9.999999999999998224, 53.59848297056240085 ) ) ;
#4319 = CARTESIAN_POINT ( 'NONE',  ( 194.9084122001381729, 12.99999999999999822, 27.08282982921788218 ) ) ;
#4320 = CARTESIAN_POINT ( 'NONE',  ( 91.17259832111811590, 12.99999999999999822, 36.65981647005281019 ) ) ;
#4321 = CARTESIAN_POINT ( 'NONE',  ( 0.000000000000000000, 10.00000000000000000, 0.000000000000000000 ) ) ;
#4322 = CARTESIAN_POINT ( 'NONE',  ( 206.9203977028249994, 13.00000000000000178, 52.53369101382028816 ) ) ;
#4323 = CARTESIAN_POINT ( 'NONE',  ( 162.5827365658716701, 13.00000000000000178, 37.01963116780610363 ) ) ;
#4324 = AXIS2_PLACEMENT_3D ( 'NONE', #6949, #1545, #3828 ) ;
#4325 = EDGE_CURVE ( 'NONE', #1281, #4261, #5966, .T. ) ;
#4326 = EDGE_CURVE ( 'NONE', #5695, #539, #4917, .T. ) ;
#4327 = VECTOR ( 'NONE', #6361, 1000.000000000000000 ) ;
#4328 = CARTESIAN_POINT ( 'NONE',  ( 172.7412805446445248, 10.00000000000000355, 41.29128722302236554 ) ) ;
#4329 = CARTESIAN_POINT ( 'NONE',  ( 153.3429924243927189, 10.00000000000000000, 45.35596681962920940 ) ) ;
#4330 = ORIENTED_EDGE ( 'NONE', *, *, #1934, .T. ) ;
#4331 = EDGE_LOOP ( 'NONE', ( #4805, #1944, #2948, #1648 ) ) ;
#4332 = CARTESIAN_POINT ( 'NONE',  ( 80.71405230504588246, 12.99999999999999822, 34.51213478258945599 ) ) ;
#4333 = CARTESIAN_POINT ( 'NONE',  ( 173.3827444397761610, 9.999999999999994671, 42.85195326123239568 ) ) ;
#4334 = CARTESIAN_POINT ( 'NONE',  ( 166.6666666666666288, 20.00000000000000000, 94.93724644492834841 ) ) ;
#4335 = CARTESIAN_POINT ( 'NONE',  ( 103.8526646613786681, 12.99999999999999822, 53.93707534312297014 ) ) ;
#4336 = EDGE_LOOP ( 'NONE', ( #1607, #6937, #1620, #4228 ) ) ;
#4337 = ORIENTED_EDGE ( 'NONE', *, *, #393, .F. ) ;
#4338 = CARTESIAN_POINT ( 'NONE',  ( 86.69913718844352957, 10.00000000000000000, 34.33004768506687299 ) ) ;
#4339 = CARTESIAN_POINT ( 'NONE',  ( 120.9769630880889224, 10.00000000000000355, 47.21622700213894319 ) ) ;
#4340 = CARTESIAN_POINT ( 'NONE',  ( 137.2273624004560020, 10.00000000000000000, 54.02906600895365585 ) ) ;
#4341 = CARTESIAN_POINT ( 'NONE',  ( 235.3616719120159644, 13.00000000000000178, 44.87035318595540190 ) ) ;
#4342 = EDGE_CURVE ( 'NONE', #940, #5592, #2798, .T. ) ;
#4343 = ORIENTED_EDGE ( 'NONE', *, *, #484, .T. ) ;
#4344 = CARTESIAN_POINT ( 'NONE',  ( 126.4298378748761280, 10.00000000000000000, 45.97759267008805040 ) ) ;
#4345 = CARTESIAN_POINT ( 'NONE',  ( 207.2302554255559812, 13.00000000000000178, 46.63912882499817414 ) ) ;
#4346 = CARTESIAN_POINT ( 'NONE',  ( 120.8959664082377685, 12.99999999999999822, 48.16904624400029888 ) ) ;
#4347 = CARTESIAN_POINT ( 'NONE',  ( 207.5361883414259978, 13.00000000000000178, 42.92666440158208019 ) ) ;
#4348 = FACE_BOUND ( 'NONE', #3713, .T. ) ;
#4349 = VERTEX_POINT ( 'NONE', #849 ) ;
#4350 = CARTESIAN_POINT ( 'NONE',  ( 173.4240181750695911, 12.99999999999999822, 52.92873064696008356 ) ) ;
#4351 = EDGE_CURVE ( 'NONE', #5843, #4514, #5343, .T. ) ;
#4352 = FACE_OUTER_BOUND ( 'NONE', #1018, .T. ) ;
#4353 = CARTESIAN_POINT ( 'NONE',  ( 143.9957688010414358, 9.999999999999996447, 38.24670655852852974 ) ) ;
#4354 = PLANE ( 'NONE',  #1229 ) ;
#4355 = FACE_OUTER_BOUND ( 'NONE', #6310, .T. ) ;
#4356 = CARTESIAN_POINT ( 'NONE',  ( 240.6378129525828342, 13.00000000000000178, 37.16675736289583654 ) ) ;
#4357 = FACE_OUTER_BOUND ( 'NONE', #5111, .T. ) ;
#4358 = FACE_OUTER_BOUND ( 'NONE', #2409, .T. ) ;
#4359 = CARTESIAN_POINT ( 'NONE',  ( 171.1835441584734667, 12.99999999999999822, 39.24734400092118136 ) ) ;
#4360 = CARTESIAN_POINT ( 'NONE',  ( 222.4414446604722002, 9.999999999999996447, 36.08891515911536629 ) ) ;
#4361 = VERTEX_POINT ( 'NONE', #4207 ) ;
#4362 = ORIENTED_EDGE ( 'NONE', *, *, #2329, .F. ) ;
#4363 = CARTESIAN_POINT ( 'NONE',  ( 236.0927149021940465, 13.00000000000000533, 41.38326495738920840 ) ) ;
#4364 = DIRECTION ( 'NONE',  ( 0.000000000000000000, 0.000000000000000000, -1.000000000000000000 ) ) ;
#4365 = DIRECTION ( 'NONE',  ( -0.000000000000000000, 1.000000000000000000, -0.000000000000000000 ) ) ;
#4366 = CARTESIAN_POINT ( 'NONE',  ( 216.2621715714823267, 13.00000000000000178, 56.75178443784670179 ) ) ;
#4367 = EDGE_CURVE ( 'NONE', #1830, #7241, #3174, .T. ) ;
#4368 = CARTESIAN_POINT ( 'NONE',  ( 72.60573332561949655, 10.00000000000000178, 44.22140070343981222 ) ) ;
#4369 = ORIENTED_EDGE ( 'NONE', *, *, #7206, .T. ) ;
#4370 = VERTEX_POINT ( 'NONE', #4313 ) ;
#4371 = LINE ( 'NONE', #434, #5267 ) ;
#4372 = DIRECTION ( 'NONE',  ( -0.000000000000000000, -1.000000000000000000, -0.000000000000000000 ) ) ;
#4373 = LINE ( 'NONE', #6057, #5147 ) ;
#4374 = CARTESIAN_POINT ( 'NONE',  ( 236.0927149021940465, 10.00000000000000533, 41.38326495738920840 ) ) ;
#4375 = ORIENTED_EDGE ( 'NONE', *, *, #2211, .T. ) ;
#4376 = CARTESIAN_POINT ( 'NONE',  ( 128.3421037886666056, 13.00000000000000178, 51.80934686284911805 ) ) ;
#4377 = CARTESIAN_POINT ( 'NONE',  ( 166.6666666666666288, 10.00000000000000000, 94.93724644492834841 ) ) ;
#4378 = VERTEX_POINT ( 'NONE', #5860 ) ;
#4379 = CARTESIAN_POINT ( 'NONE',  ( 117.2279674302650534, 13.00000000000000178, 55.14884021526930979 ) ) ;
#4380 = FACE_OUTER_BOUND ( 'NONE', #4212, .T. ) ;
#4381 = CARTESIAN_POINT ( 'NONE',  ( 100.0000000000000142, 20.00000000000000000, 97.93724644492834841 ) ) ;
#4382 = ORIENTED_EDGE ( 'NONE', *, *, #2340, .F. ) ;
#4383 = CARTESIAN_POINT ( 'NONE',  ( 172.8315591869480272, 9.999999999999992895, 53.59848297056240085 ) ) ;
#4384 = EDGE_CURVE ( 'NONE', #7113, #1777, #2622, .T. ) ;
#4385 = EDGE_CURVE ( 'NONE', #3784, #1777, #3068, .T. ) ;
#4386 = CARTESIAN_POINT ( 'NONE',  ( 113.5664866478351911, 13.00000000000000178, 53.81820471839364473 ) ) ;
#4387 = CARTESIAN_POINT ( 'NONE',  ( 68.72760780900810573, 13.00000000000000178, 26.37760143501382260 ) ) ;
#4388 = CARTESIAN_POINT ( 'NONE',  ( 170.7931937937426596, 10.00000000000000000, 55.19671577654074923 ) ) ;
#4389 = CARTESIAN_POINT ( 'NONE',  ( 86.69913718844352957, 13.00000000000000178, 34.33004768506687299 ) ) ;
#4390 = CARTESIAN_POINT ( 'NONE',  ( 242.4934788446875871, 10.00000000000000000, 36.77437115329158246 ) ) ;
#4391 = CARTESIAN_POINT ( 'NONE',  ( 138.4932328090081057, 13.00000000000000178, 36.76221681962920940 ) ) ;
#4392 = FACE_OUTER_BOUND ( 'NONE', #2313, .T. ) ;
#4393 = EDGE_CURVE ( 'NONE', #2265, #5515, #1402, .T. ) ;
#4394 = ADVANCED_FACE ( 'NONE', ( #2066 ), #4160, .T. ) ;
#4395 = CARTESIAN_POINT ( 'NONE',  ( 173.7193821829658589, 13.00000000000000178, 45.16124420648579019 ) ) ;
#4396 = CARTESIAN_POINT ( 'NONE',  ( 154.1723818905531402, 10.00000000000000000, 41.02293868678672339 ) ) ;
#4397 = ORIENTED_EDGE ( 'NONE', *, *, #1426, .T. ) ;
#4398 = ORIENTED_EDGE ( 'NONE', *, *, #6674, .F. ) ;
#4399 = CARTESIAN_POINT ( 'NONE',  ( 249.1122231936234925, 10.00000000000000000, 46.06510143501382260 ) ) ;
#4400 = CARTESIAN_POINT ( 'NONE',  ( 266.6666666666666856, 20.00000000000000000, 96.43724644492834841 ) ) ;
#4401 = CARTESIAN_POINT ( 'NONE',  ( 170.3369100419795927, 10.00000000000000178, 52.34132615180608639 ) ) ;
#4402 = CARTESIAN_POINT ( 'NONE',  ( 164.7732808859311717, 13.00000000000000178, 56.76221681962920940 ) ) ;
#4403 = VECTOR ( 'NONE', #6178, 1000.000000000000000 ) ;
#4404 = CIRCLE ( 'NONE', #2521, 1.500000000000001332 ) ;
#4405 = CARTESIAN_POINT ( 'NONE',  ( 78.66693703073410404, 13.00000000000000178, 35.34409976131068731 ) ) ;
#4406 = B_SPLINE_CURVE_WITH_KNOTS ( 'NONE', 3,
 ( #3606, #6500, #3711, #5849, #5954, #915, #3644, #3165, #5414, #367, #2610, #5302, #4864, #7090, #263, #4374, #1023, #6025, #2131 ),
 .UNSPECIFIED., .F., .F.,
 ( 4, 1, 1, 1, 1, 1, 1, 1, 1, 1, 1, 1, 1, 1, 1, 1, 4 ),
 ( 0.000000000000000000, 0.06398610981646714324, 0.1266268580894751306, 0.1889843719814873202, 0.2502301939603965297, 0.3123511629623201835, 0.3745736184579375183, 0.4381475308782029066, 0.5029204126073698600, 0.5679740951402706406, 0.6307713337491889227, 0.6929346089254578844, 0.7543975343123293653, 0.8152183520172945341, 0.8761169254810899920, 0.9380146047939523779, 1.000000000000000000 ),
 .UNSPECIFIED. ) ;
#4407 = ORIENTED_EDGE ( 'NONE', *, *, #2557, .T. ) ;
#4408 = VERTEX_POINT ( 'NONE', #4976 ) ;
#4409 = DIRECTION ( 'NONE',  ( 0.000000000000000000, 0.000000000000000000, 1.000000000000000000 ) ) ;
#4410 = CARTESIAN_POINT ( 'NONE',  ( 120.4419838435228627, 13.00000000000000178, 50.61185322312315549 ) ) ;
#4411 = LINE ( 'NONE', #3820, #4677 ) ;
#4412 = EDGE_CURVE ( 'NONE', #6190, #1189, #4031, .T. ) ;
#4413 = VERTEX_POINT ( 'NONE', #5087 ) ;
#4414 = LINE ( 'NONE', #3826, #6880 ) ;
#4415 = ORIENTED_EDGE ( 'NONE', *, *, #5227, .T. ) ;
#4416 = CARTESIAN_POINT ( 'NONE',  ( 169.8338854291200732, 10.00000000000000000, 35.10941604408877481 ) ) ;
#4417 = LINE ( 'NONE', #1618, #3835 ) ;
#4418 = CARTESIAN_POINT ( 'NONE',  ( 194.8905489909986386, 12.99999999999999822, 27.38805953732013165 ) ) ;
#4419 = EDGE_LOOP ( 'NONE', ( #6692, #1412, #5590, #3002, #5539, #566, #5298, #5401, #2586, #6610, #1936, #329 ) ) ;
#4420 = CARTESIAN_POINT ( 'NONE',  ( 92.94456127460044570, 12.99999999999999822, 45.86168966173467254 ) ) ;
#4421 = VECTOR ( 'NONE', #3408, 1000.000000000000000 ) ;
#4422 = VECTOR ( 'NONE', #4372, 1000.000000000000000 ) ;
#4423 = CARTESIAN_POINT ( 'NONE',  ( 171.9397454612123681, 10.00000000000000000, 36.49823338785065374 ) ) ;
#4424 = CARTESIAN_POINT ( 'NONE',  ( 251.8045308859312001, 13.00000000000000178, 45.18168797347536270 ) ) ;
#4425 = CARTESIAN_POINT ( 'NONE',  ( 104.5027790817235740, 10.00000000000000000, 49.61926770080471272 ) ) ;
#4426 = DIRECTION ( 'NONE',  ( -0.000000000000000000, 1.000000000000000000, -0.000000000000000000 ) ) ;
#4427 = B_SPLINE_CURVE_WITH_KNOTS ( 'NONE', 3,
 ( #1445, #5866, #3692, #5935, #1962, #311, #892, #3145, #967, #2076, #2627, #4880, #7105, #3109, #1522, #6006, #3074, #1408, #5317 ),
 .UNSPECIFIED., .F., .F.,
 ( 4, 1, 1, 1, 1, 1, 1, 1, 1, 1, 1, 1, 1, 1, 1, 1, 4 ),
 ( 0.000000000000000000, 0.06955854372741403224, 0.1363352505575717299, 0.2010957661175482303, 0.2644499547795242100, 0.3270049911572461276, 0.3893913874403775455, 0.4519764903030327741, 0.5156699828847824962, 0.5789732464632439957, 0.6401670288004247533, 0.6997398434247553700, 0.7586849854260629966, 0.8178204012911088894, 0.8769839874813283309, 0.9376342848620927706, 1.000000000000000000 ),
 .UNSPECIFIED. ) ;
#4428 = CARTESIAN_POINT ( 'NONE',  ( 238.4145365568097077, 10.00000000000000000, 38.42616141609028801 ) ) ;
#4429 = VECTOR ( 'NONE', #143, 1000.000000000000000 ) ;
#4430 = CARTESIAN_POINT ( 'NONE',  ( 163.6226423826124119, 10.00000000000000355, 56.73097539661677047 ) ) ;
#4431 = CARTESIAN_POINT ( 'NONE',  ( 154.6387675952217080, 13.00000000000000178, 50.75559613247387603 ) ) ;
#4432 = VECTOR ( 'NONE', #4848, 1000.000000000000000 ) ;
#4433 = ORIENTED_EDGE ( 'NONE', *, *, #3469, .F. ) ;
#4434 = VECTOR ( 'NONE', #1446, 1000.000000000000000 ) ;
#4435 = CARTESIAN_POINT ( 'NONE',  ( 168.3322110694501532, 13.00000000000000533, 37.37345188199134327 ) ) ;
#4436 = CARTESIAN_POINT ( 'NONE',  ( 162.5714554663958040, 10.00000000000000178, 34.25470934172790294 ) ) ;
#4437 = ORIENTED_EDGE ( 'NONE', *, *, #3288, .F. ) ;
#4438 = ORIENTED_EDGE ( 'NONE', *, *, #4644, .F. ) ;
#4439 = CARTESIAN_POINT ( 'NONE',  ( 199.4755266386477217, 13.00000000000000178, 28.82367296574635063 ) ) ;
#4440 = VECTOR ( 'NONE', #4173, 1000.000000000000000 ) ;
#4441 = CARTESIAN_POINT ( 'NONE',  ( 110.9790951057477315, 10.00000000000000000, 56.75930504410506927 ) ) ;
#4442 = CARTESIAN_POINT ( 'NONE',  ( 118.1760248417843400, 12.99999999999999822, 48.59659844525858574 ) ) ;
#4443 = CARTESIAN_POINT ( 'NONE',  ( 223.0609792008055479, 12.99999999999999822, 40.65178281699719776 ) ) ;
#4444 = AXIS2_PLACEMENT_3D ( 'NONE', #2359, #5208, #49 ) ;
#4445 = CARTESIAN_POINT ( 'NONE',  ( 83.69909958922380611, 10.00000000000000178, 34.08105146694710896 ) ) ;
#4446 = ORIENTED_EDGE ( 'NONE', *, *, #4325, .F. ) ;
#4447 = CARTESIAN_POINT ( 'NONE',  ( 141.9175698155662531, 13.00000000000000533, 53.55025811902104493 ) ) ;
#4448 = ORIENTED_EDGE ( 'NONE', *, *, #5405, .T. ) ;
#4449 = B_SPLINE_SURFACE_WITH_KNOTS ( 'NONE', 3, 1, ( 
 ( #3133, #921 ),
 ( #4997, #1510 ),
 ( #2748, #338 ),
 ( #503, #1398 ),
 ( #5888, #6983 ),
 ( #3893, #3680 ),
 ( #4203, #2025 ),
 ( #372, #3169 ),
 ( #6504, #7094 ),
 ( #300, #2061 ),
 ( #6093, #845 ) ),
 .UNSPECIFIED., .F., .F., .F.,
 ( 4, 1, 1, 1, 1, 1, 1, 1, 4 ),
 ( 2, 2 ),
 ( 0.000000000000000000, 0.1201621349925916377, 0.2375463202768773596, 0.3574970509273588393, 0.4849171224652690793, 0.6133292680851260004, 0.7401503701286902270, 0.8673012545632630133, 1.000000000000000000 ),
 ( 0.000000000000000000, 1.000000000000000000 ),
 .UNSPECIFIED. ) ;
#4450 = CARTESIAN_POINT ( 'NONE',  ( 148.7276078090081342, 13.00000000000000178, 51.70212066578304899 ) ) ;
#4451 = CARTESIAN_POINT ( 'NONE',  ( 148.7276078090081342, 13.00000000000000178, 39.20813028116766930 ) ) ;
#4452 = CARTESIAN_POINT ( 'NONE',  ( 145.5808877757056052, 12.99999999999999822, 35.95236573074836883 ) ) ;
#4453 = ORIENTED_EDGE ( 'NONE', *, *, #987, .F. ) ;
#4454 = CARTESIAN_POINT ( 'NONE',  ( 95.65068473208503974, 10.00000000000000000, 56.37760143501382260 ) ) ;
#4455 = ORIENTED_EDGE ( 'NONE', *, *, #3377, .T. ) ;
#4456 = CARTESIAN_POINT ( 'NONE',  ( 68.72760780900810573, 13.00000000000000178, 56.37760143501382260 ) ) ;
#4457 = FACE_OUTER_BOUND ( 'NONE', #3584, .T. ) ;
#4458 = DIRECTION ( 'NONE',  ( -0.000000000000000000, -1.000000000000000000, -0.000000000000000000 ) ) ;
#4459 = EDGE_CURVE ( 'NONE', #1007, #5026, #6660, .T. ) ;
#4460 = CARTESIAN_POINT ( 'NONE',  ( 90.45480393803264008, 13.00000000000000533, 51.62126537154139072 ) ) ;
#4461 = EDGE_CURVE ( 'NONE', #362, #602, #6108, .T. ) ;
#4462 = ADVANCED_FACE ( 'NONE', ( #6070 ), #3315, .T. ) ;
#4463 = CARTESIAN_POINT ( 'NONE',  ( 84.00405011670042654, 10.00000000000000355, 56.76221681962920940 ) ) ;
#4464 = CARTESIAN_POINT ( 'NONE',  ( 144.8958666372175514, 10.00000000000000533, 38.91670977369031448 ) ) ;
#4465 = CARTESIAN_POINT ( 'NONE',  ( 104.1157662993163342, 9.999999999999996447, 45.49225406176356756 ) ) ;
#4466 = CARTESIAN_POINT ( 'NONE',  ( 91.17259832111811590, 12.99999999999999822, 36.65981647005281019 ) ) ;
#4467 = CYLINDRICAL_SURFACE ( 'NONE', #2069, 1.500000000000001332 ) ;
#4468 = CARTESIAN_POINT ( 'NONE',  ( 88.97459536028034677, 12.99999999999999822, 55.72815745976922841 ) ) ;
#4469 = CARTESIAN_POINT ( 'NONE',  ( 153.5348528003137574, 13.00000000000000178, 47.63966549222365643 ) ) ;
#4470 = CARTESIAN_POINT ( 'NONE',  ( 172.7412805446445248, 13.00000000000000533, 41.29128722302236554 ) ) ;
#4471 = CARTESIAN_POINT ( 'NONE',  ( 224.1843385782388793, 13.00000000000000178, 37.68168797347536270 ) ) ;
#4472 = EDGE_LOOP ( 'NONE', ( #3489, #2711, #1016, #1466 ) ) ;
#4473 = VERTEX_POINT ( 'NONE', #449 ) ;
#4474 = CARTESIAN_POINT ( 'NONE',  ( 215.8550116551619737, 10.00000000000000178, 56.76221681962920940 ) ) ;
#4475 = CARTESIAN_POINT ( 'NONE',  ( 104.7467839803694716, 10.00000000000000000, 54.77496180208711252 ) ) ;
#4476 = CARTESIAN_POINT ( 'NONE',  ( 198.7675147496468924, 10.00000000000000000, 25.59691944370310424 ) ) ;
#4477 = CARTESIAN_POINT ( 'NONE',  ( 138.4049074013755387, 10.00000000000000000, 34.07420855902259405 ) ) ;
#4478 = ORIENTED_EDGE ( 'NONE', *, *, #4961, .F. ) ;
#4479 = CARTESIAN_POINT ( 'NONE',  ( 81.80222469716503042, 13.00000000000000178, 34.25470934172789583 ) ) ;
#4480 = VERTEX_POINT ( 'NONE', #515 ) ;
#4481 = CARTESIAN_POINT ( 'NONE',  ( 250.3895962866330365, 13.00000000000000178, 37.64466900379569125 ) ) ;
#4482 = VERTEX_POINT ( 'NONE', #6696 ) ;
#4483 = CARTESIAN_POINT ( 'NONE',  ( 138.7478099182464462, 10.00000000000000000, 56.76002050252456854 ) ) ;
#4484 = CARTESIAN_POINT ( 'NONE',  ( 51.80453088593119304, 13.00000000000000178, 26.37760143501382260 ) ) ;
#4485 = DIRECTION ( 'NONE',  ( 0.000000000000000000, 1.000000000000000000, 0.000000000000000000 ) ) ;
#4486 = EDGE_CURVE ( 'NONE', #3160, #4719, #6533, .T. ) ;
#4487 = ORIENTED_EDGE ( 'NONE', *, *, #3357, .T. ) ;
#4488 = EDGE_CURVE ( 'NONE', #95, #5634, #1102, .T. ) ;
#4489 = CARTESIAN_POINT ( 'NONE',  ( 72.60498963079159296, 9.999999999999998224, 46.51260943331067921 ) ) ;
#4490 = ORIENTED_EDGE ( 'NONE', *, *, #3260, .F. ) ;
#4491 = CARTESIAN_POINT ( 'NONE',  ( 198.7675147496468924, 10.00000000000000000, 25.59691944370310424 ) ) ;
#4492 = CARTESIAN_POINT ( 'NONE',  ( 211.7838167514399856, 12.99999999999999467, 37.74795886129023614 ) ) ;
#4493 = CARTESIAN_POINT ( 'NONE',  ( 66.66666666666668561, 10.00000000000000000, 94.93724644492834841 ) ) ;
#4494 = CARTESIAN_POINT ( 'NONE',  ( 166.0680477998817537, 13.00000000000000178, 56.73204691656188459 ) ) ;
#4495 = B_SPLINE_CURVE_WITH_KNOTS ( 'NONE', 3,
 ( #2244, #1726, #4528, #6761, #2915, #4013, #5745, #3059, #703, #6324, #1210 ),
 .UNSPECIFIED., .F., .F.,
 ( 4, 1, 1, 1, 1, 1, 1, 1, 4 ),
 ( 0.000000000000000000, 0.06969275574202735135, 0.1540736621798079187, 0.2545914510459132973, 0.3714654144290030491, 0.5047545659520480399, 0.6534942950018599594, 0.8189527408800024721, 1.000000000000000000 ),
 .UNSPECIFIED. ) ;
#4496 = CARTESIAN_POINT ( 'NONE',  ( 72.76562203108295535, 10.00000000000000178, 47.63966549222367775 ) ) ;
#4497 = DIRECTION ( 'NONE',  ( 0.000000000000000000, 0.000000000000000000, 1.000000000000000000 ) ) ;
#4498 = CARTESIAN_POINT ( 'NONE',  ( 159.3877734281483356, 12.99999999999999822, 55.47633565612841977 ) ) ;
#4499 = CARTESIAN_POINT ( 'NONE',  ( 104.2150650914148571, 13.00000000000000178, 47.74054522885079876 ) ) ;
#4500 = CARTESIAN_POINT ( 'NONE',  ( 242.9220853561311912, 10.00000000000000000, 36.76629685960241289 ) ) ;
#4501 = FACE_OUTER_BOUND ( 'NONE', #2107, .T. ) ;
#4502 = CARTESIAN_POINT ( 'NONE',  ( 194.9091352452004742, 10.00000000000000533, 27.99408727964832266 ) ) ;
#4503 = ADVANCED_FACE ( 'NONE', ( #2806 ), #5054, .T. ) ;
#4504 = B_SPLINE_SURFACE_WITH_KNOTS ( 'NONE', 3, 1, ( 
 ( #6839, #1799 ),
 ( #5811, #5269 ),
 ( #6284, #3501 ),
 ( #229, #2461 ),
 ( #4716, #6942 ),
 ( #4827, #7020 ),
 ( #5371, #5953 ),
 ( #2098, #5991 ),
 ( #7125, #3127 ),
 ( #4897, #5883 ),
 ( #840, #1941 ),
 ( #952, #6430 ),
 ( #873, #4340 ),
 ( #3751, #2020 ),
 ( #4299, #333 ) ),
 .UNSPECIFIED., .F., .F., .F.,
 ( 4, 1, 1, 1, 1, 1, 1, 1, 1, 1, 1, 1, 4 ),
 ( 2, 2 ),
 ( 0.000000000000000000, 0.08052524235254109042, 0.1599654769449850300, 0.2403213612945771238, 0.3225285276294000969, 0.4050235832074841613, 0.4865966363996187538, 0.5678654736293198280, 0.6513327733845221124, 0.7362375672940282278, 0.8215290690095373716, 0.9090049060738446540, 1.000000000000000000 ),
 ( 0.000000000000000000, 1.000000000000000000 ),
 .UNSPECIFIED. ) ;
#4505 = FACE_OUTER_BOUND ( 'NONE', #2030, .T. ) ;
#4506 = CARTESIAN_POINT ( 'NONE',  ( 221.4748339966896253, 9.999999999999992895, 35.46826409232594557 ) ) ;
#4507 = ORIENTED_EDGE ( 'NONE', *, *, #4531, .F. ) ;
#4508 = EDGE_LOOP ( 'NONE', ( #5117, #6045, #5272, #2301 ) ) ;
#4509 = LINE ( 'NONE', #172, #5616 ) ;
#4510 = CARTESIAN_POINT ( 'NONE',  ( 106.3435808685692052, 13.00000000000000178, 55.78562642358173918 ) ) ;
#4511 = DIRECTION ( 'NONE',  ( 0.000000000000000000, 1.000000000000000000, 0.000000000000000000 ) ) ;
#4512 = LINE ( 'NONE', #241, #6417 ) ;
#4513 = LINE ( 'NONE', #1711, #1493 ) ;
#4514 = VERTEX_POINT ( 'NONE', #1688 ) ;
#4515 = FACE_OUTER_BOUND ( 'NONE', #257, .T. ) ;
#4516 = CARTESIAN_POINT ( 'NONE',  ( 251.7502032673215524, 13.00000000000000533, 43.13348891639854799 ) ) ;
#4517 = ORIENTED_EDGE ( 'NONE', *, *, #2453, .F. ) ;
#4518 = DIRECTION ( 'NONE',  ( -0.000000000000000000, -1.000000000000000000, -0.000000000000000000 ) ) ;
#4520 = B_SPLINE_CURVE_WITH_KNOTS ( 'NONE', 3,
 ( #1509, #5995, #4345, #957, #3203, #5451, #3235, #405, #6584, #991, #443, #6835, #5633, #5082, #2870 ),
 .UNSPECIFIED., .F., .F.,
 ( 4, 1, 1, 1, 1, 1, 1, 1, 1, 1, 1, 1, 4 ),
 ( 0.000000000000000000, 0.08473274469801536646, 0.1681786536463132364, 0.2514881976122794738, 0.3358406713894909190, 0.4198344941507970440, 0.5023448759880102532, 0.5836490197324389895, 0.6659310052762723586, 0.7487165252643905866, 0.8310473361373623691, 0.9144098067945605202, 1.000000000000000000 ),
 .UNSPECIFIED. ) ;
#4519 = CARTESIAN_POINT ( 'NONE',  ( 215.8550116551619737, 13.00000000000000178, 34.06990912732151600 ) ) ;
#4521 = CARTESIAN_POINT ( 'NONE',  ( 233.3333333333332860, 10.00000000000000000, 96.43724644492834841 ) ) ;
#4522 = EDGE_CURVE ( 'NONE', #2223, #6973, #3939, .T. ) ;
#4523 = ORIENTED_EDGE ( 'NONE', *, *, #2762, .T. ) ;
#4524 = CARTESIAN_POINT ( 'NONE',  ( 82.85341161338160987, 13.00000000000000178, 56.73097539661677047 ) ) ;
#4525 = VERTEX_POINT ( 'NONE', #2916 ) ;
#4526 = CARTESIAN_POINT ( 'NONE',  ( 197.8636552089189138, 10.00000000000000355, 25.24668090779067242 ) ) ;
#4527 = PLANE ( 'NONE',  #2190 ) ;
#4528 = CARTESIAN_POINT ( 'NONE',  ( 118.0137093008630558, 9.999999999999996447, 49.58097861335487977 ) ) ;
#4529 = ADVANCED_FACE ( 'NONE', ( #6253, #2875, #2355, #1801 ), #4645, .F. ) ;
#4530 = CARTESIAN_POINT ( 'NONE',  ( 215.8429924243927189, 10.00000000000000000, 36.76221681962920940 ) ) ;
#4531 = EDGE_CURVE ( 'NONE', #3753, #5044, #6840, .T. ) ;
#4532 = CARTESIAN_POINT ( 'NONE',  ( 117.5348856124041674, 10.00000000000000000, 50.85580449651109802 ) ) ;
#4533 = CARTESIAN_POINT ( 'NONE',  ( 156.0831918610770970, 13.00000000000000178, 46.50543886556516782 ) ) ;
#4534 = CARTESIAN_POINT ( 'NONE',  ( 104.5027790817235740, 13.00000000000000178, 49.61926770080471272 ) ) ;
#4535 = DIRECTION ( 'NONE',  ( 0.000000000000000000, 0.000000000000000000, -1.000000000000000000 ) ) ;
#4537 = AXIS2_PLACEMENT_3D ( 'NONE', #6075, #1519, #3837 ) ;
#4536 = CARTESIAN_POINT ( 'NONE',  ( 83.73069095691795383, 13.00000000000000178, 36.77621942874822736 ) ) ;
#4538 = CARTESIAN_POINT ( 'NONE',  ( 176.4199155013158133, 10.00000000000000000, 56.37760143501382260 ) ) ;
#4539 = APPROVAL_DATE_TIME ( #5096, #5290 ) ;
#4540 = AXIS2_PLACEMENT_3D ( 'NONE', #219, #3593, #2452 ) ;
#4541 = CIRCLE ( 'NONE', #4078, 1.500000000000001332 ) ;
#4542 = CARTESIAN_POINT ( 'NONE',  ( 139.7074470531401005, 13.00000000000000178, 36.79419527577769600 ) ) ;
#4543 = CARTESIAN_POINT ( 'NONE',  ( 127.7434300405140846, 10.00000000000000000, 50.88670930991781205 ) ) ;
#4544 = VERTEX_POINT ( 'NONE', #4050 ) ;
#4545 = ORIENTED_EDGE ( 'NONE', *, *, #6831, .T. ) ;
#4546 = CARTESIAN_POINT ( 'NONE',  ( 224.8992328722644061, 13.00000000000000178, 38.50470392780182038 ) ) ;
#4547 = CARTESIAN_POINT ( 'NONE',  ( 51.80453088593119304, 13.00000000000000178, 26.37760143501382260 ) ) ;
#4548 = FACE_OUTER_BOUND ( 'NONE', #6834, .T. ) ;
#4549 = CARTESIAN_POINT ( 'NONE',  ( 126.4199155013158418, 10.00000000000000000, 45.59635143501382970 ) ) ;
#4550 = CIRCLE ( 'NONE', #7007, 1.500000000000001332 ) ;
#4551 = EDGE_CURVE ( 'NONE', #1491, #900, #82, .T. ) ;
#4552 = VECTOR ( 'NONE', #5628, 1000.000000000000000 ) ;
#4553 = AXIS2_PLACEMENT_3D ( 'NONE', #5378, #336, #2827 ) ;
#4554 = CARTESIAN_POINT ( 'NONE',  ( 138.1644417497660982, 12.99999999999999822, 36.77127546714095985 ) ) ;
#4555 = ORIENTED_EDGE ( 'NONE', *, *, #4086, .T. ) ;
#4556 = CARTESIAN_POINT ( 'NONE',  ( 154.6510272188084230, 12.99999999999999822, 40.04288111408454398 ) ) ;
#4557 = CARTESIAN_POINT ( 'NONE',  ( 251.7502032673215524, 10.00000000000000178, 43.13348891639854799 ) ) ;
#4558 = VERTEX_POINT ( 'NONE', #4574 ) ;
#4559 = CARTESIAN_POINT ( 'NONE',  ( 145.1479010601338473, 9.999999999999992895, 55.09404760078134444 ) ) ;
#4560 = CARTESIAN_POINT ( 'NONE',  ( 111.5141867891158824, 10.00000000000000000, 56.75941727792672964 ) ) ;
#4561 = CARTESIAN_POINT ( 'NONE',  ( 251.1175078068390576, 10.00000000000000000, 39.22534286530480330 ) ) ;
#4562 = B_SPLINE_CURVE_WITH_KNOTS ( 'NONE', 3,
 ( #5670, #365, #1425, #2019, #1982, #3642, #4715, #6498, #6975, #3163, #6941 ),
 .UNSPECIFIED., .F., .F.,
 ( 4, 1, 1, 1, 1, 1, 1, 1, 4 ),
 ( 0.000000000000000000, 0.07699545471705707134, 0.1676150771831735886, 0.2710523936342347229, 0.3894595025720735126, 0.5208428024655772370, 0.6663987586080737380, 0.8260936125153154341, 1.000000000000000000 ),
 .UNSPECIFIED. ) ;
#4563 = VECTOR ( 'NONE', #6170, 1000.000000000000000 ) ;
#4564 = AXIS2_PLACEMENT_3D ( 'NONE', #6275, #4518, #1645 ) ;
#4565 = VECTOR ( 'NONE', #5301, 1000.000000000000000 ) ;
#4566 = CARTESIAN_POINT ( 'NONE',  ( 219.3395660839207721, 10.00000000000000000, 56.30911066526655873 ) ) ;
#4567 = ORIENTED_EDGE ( 'NONE', *, *, #4713, .T. ) ;
#4568 = LOCAL_TIME ( 17, 48, 22.00000000000000000, #6098 ) ;
#4569 = CARTESIAN_POINT ( 'NONE',  ( 80.64951452831095935, 13.00000000000000178, 56.31189318009945310 ) ) ;
#4570 = ORIENTED_EDGE ( 'NONE', *, *, #484, .F. ) ;
#4571 = CARTESIAN_POINT ( 'NONE',  ( 51.80453088593119304, 13.00000000000000178, 56.37760143501382260 ) ) ;
#4572 = LINE ( 'NONE', #3426, #3009 ) ;
#4573 = CARTESIAN_POINT ( 'NONE',  ( 129.2676211118790661, 10.00000000000000000, 43.63544190279788637 ) ) ;
#4574 = CARTESIAN_POINT ( 'NONE',  ( 191.8045308859312001, 13.00000000000000178, 34.45452451193689569 ) ) ;
#4575 = EDGE_CURVE ( 'NONE', #5435, #5905, #1289, .T. ) ;
#4576 = B_SPLINE_SURFACE_WITH_KNOTS ( 'NONE', 3, 1, ( 
 ( #6285, #191 ),
 ( #5812, #1250 ),
 ( #5672, #5746 ),
 ( #2424, #3463 ),
 ( #770, #663 ),
 ( #625, #1834 ),
 ( #3502, #5123 ),
 ( #79, #5167 ),
 ( #3538, #2952 ),
 ( #5709, #5781 ),
 ( #739, #3020 ),
 ( #2320, #1178 ),
 ( #2984, #44 ),
 ( #5236, #3981 ),
 ( #4682, #6806 ),
 ( #6911, #1875 ),
 ( #4127, #6355 ),
 ( #4014, #2281 ),
 ( #1766, #4530 ) ),
 .UNSPECIFIED., .F., .F., .F.,
 ( 4, 1, 1, 1, 1, 1, 1, 1, 1, 1, 1, 1, 1, 1, 1, 1, 4 ),
 ( 2, 2 ),
 ( 0.000000000000000000, 0.06518479598607226921, 0.1282737271139273716, 0.1902702203927573443, 0.2517683137756829281, 0.3127686945781241734, 0.3747932794097868503, 0.4379695860627112469, 0.5030473998633705479, 0.5681252136640297934, 0.6309497487122618375, 0.6923691093867020419, 0.7529731677502622400, 0.8136410669177466248, 0.8743552086918139343, 0.9365729684654821030, 1.000000000000000000 ),
 ( 0.000000000000000000, 1.000000000000000000 ),
 .UNSPECIFIED. ) ;
#4577 = LINE ( 'NONE', #46, #2086 ) ;
#4578 = CARTESIAN_POINT ( 'NONE',  ( 161.5169090036012562, 13.00000000000000533, 53.44923473455117602 ) ) ;
#4579 = CARTESIAN_POINT ( 'NONE',  ( 215.4553155354656724, 10.00000000000000000, 54.05874321094724166 ) ) ;
#4580 = PLANE ( 'NONE',  #790 ) ;
#4581 = CARTESIAN_POINT ( 'NONE',  ( 243.1386655013157849, 13.00000000000000178, 36.76221681962920940 ) ) ;
#4582 = CARTESIAN_POINT ( 'NONE',  ( 162.4995360071359300, 9.999999999999996447, 56.57015565131723633 ) ) ;
#4583 = CARTESIAN_POINT ( 'NONE',  ( 138.9046024899783447, 10.00000000000000000, 36.77305095978799443 ) ) ;
#4584 = DIRECTION ( 'NONE',  ( -0.000000000000000000, -1.000000000000000000, -0.000000000000000000 ) ) ;
#4585 = ORIENTED_EDGE ( 'NONE', *, *, #1680, .T. ) ;
#4586 = ORIENTED_EDGE ( 'NONE', *, *, #1876, .T. ) ;
#4587 = ADVANCED_FACE ( 'NONE', ( #3429 ), #4576, .T. ) ;
#4588 = CARTESIAN_POINT ( 'NONE',  ( 84.48974541510143865, 10.00000000000000178, 54.05568086510034220 ) ) ;
#4589 = CARTESIAN_POINT ( 'NONE',  ( 129.1122231936235210, 13.00000000000000178, 45.35596681962921650 ) ) ;
#4590 = CARTESIAN_POINT ( 'NONE',  ( 198.3367403604297294, 9.999999999999996447, 25.37663642560739419 ) ) ;
#4591 = FACE_OUTER_BOUND ( 'NONE', #1720, .T. ) ;
#4592 = CARTESIAN_POINT ( 'NONE',  ( 164.4857253191550228, 13.00000000000000178, 54.05650242281573270 ) ) ;
#4593 = ORIENTED_EDGE ( 'NONE', *, *, #3797, .T. ) ;
#4594 = ADVANCED_FACE ( 'NONE', ( #6762 ), #1727, .T. ) ;
#4595 = DIRECTION ( 'NONE',  ( 0.000000000000000000, 1.000000000000000000, 0.000000000000000000 ) ) ;
#4596 = FACE_OUTER_BOUND ( 'NONE', #2688, .T. ) ;
#4597 = ORIENTED_EDGE ( 'NONE', *, *, #2773, .T. ) ;
#4598 = CARTESIAN_POINT ( 'NONE',  ( 140.9027987811193725, 12.99999999999999822, 56.58572179185647855 ) ) ;
#4599 = CARTESIAN_POINT ( 'NONE',  ( 85.26450472814245529, 9.999999999999996447, 54.02738226272911959 ) ) ;
#4600 = DIRECTION ( 'NONE',  ( 0.000000000000000000, 0.000000000000000000, 1.000000000000000000 ) ) ;
#4601 = EDGE_CURVE ( 'NONE', #3417, #3088, #5884, .T. ) ;
#4602 = CARTESIAN_POINT ( 'NONE',  ( 92.95837703977734634, 10.00000000000000000, 38.69731297347536270 ) ) ;
#4603 = ORIENTED_EDGE ( 'NONE', *, *, #1036, .T. ) ;
#4604 = CARTESIAN_POINT ( 'NONE',  ( 73.39107899135714774, 13.00000000000000178, 49.76359767057063976 ) ) ;
#4605 = ORIENTED_EDGE ( 'NONE', *, *, #6649, .T. ) ;
#4606 = DIRECTION ( 'NONE',  ( 0.000000000000000000, -0.000000000000000000, 1.000000000000000000 ) ) ;
#4607 = CARTESIAN_POINT ( 'NONE',  ( 169.8398892169516330, 12.99999999999999822, 38.15028083259845459 ) ) ;
#4608 = CARTESIAN_POINT ( 'NONE',  ( 191.8045308859312001, 10.00000000000000000, 37.14683220424458909 ) ) ;
#4609 = DIRECTION ( 'NONE',  ( 0.000000000000000000, -0.000000000000000000, 1.000000000000000000 ) ) ;
#4610 = CARTESIAN_POINT ( 'NONE',  ( 115.5045069255513681, 9.999999999999996447, 52.96780671153156561 ) ) ;
#4611 = CARTESIAN_POINT ( 'NONE',  ( 207.1891462705465869, 13.00000000000000178, 45.49418797347536270 ) ) ;
#4612 = CARTESIAN_POINT ( 'NONE',  ( 133.9742426927812460, 13.00000000000000178, 37.72814835530725475 ) ) ;
#4613 = CARTESIAN_POINT ( 'NONE',  ( 100.0000000000000142, 20.00000000000000000, 94.93724644492834841 ) ) ;
#4614 = CARTESIAN_POINT ( 'NONE',  ( 54.49683857823887934, 13.00000000000000178, 53.30067835809074950 ) ) ;
#4615 = CARTESIAN_POINT ( 'NONE',  ( 90.41431338924273575, 13.00000000000000178, 39.24734400092118847 ) ) ;
#4616 = ADVANCED_FACE ( 'NONE', ( #5335 ), #334, .T. ) ;
#4617 = PRODUCT_DEFINITION ( 'UNKNOWN', '', #3975, #2606 ) ;
#4618 = PLANE ( 'NONE',  #5021 ) ;
#4619 = CARTESIAN_POINT ( 'NONE',  ( 133.7133962740389848, 10.00000000000000355, 55.97049093161140121 ) ) ;
#4620 = CARTESIAN_POINT ( 'NONE',  ( 142.4142868481634991, 10.00000000000000000, 56.25530877539821972 ) ) ;
#4621 = ORIENTED_EDGE ( 'NONE', *, *, #5984, .T. ) ;
#4622 = LINE ( 'NONE', #4027, #3851 ) ;
#4623 = DIRECTION ( 'NONE',  ( -0.000000000000000000, -1.000000000000000000, -0.000000000000000000 ) ) ;
#4624 = CARTESIAN_POINT ( 'NONE',  ( 172.6101082325635616, 9.999999999999996447, 49.86343991010983956 ) ) ;
#4625 = ADVANCED_FACE ( 'NONE', ( #6391, #230 ), #1942, .T. ) ;
#4626 = EDGE_CURVE ( 'NONE', #1605, #3816, #3726, .T. ) ;
#4627 = CARTESIAN_POINT ( 'NONE',  ( 129.4665358563237589, 10.00000000000000355, 42.81675171124134494 ) ) ;
#4628 = ORIENTED_EDGE ( 'NONE', *, *, #2382, .T. ) ;
#4629 = DIRECTION ( 'NONE',  ( -1.000000000000000000, 0.000000000000000000, 0.000000000000000000 ) ) ;
#4630 = DIRECTION ( 'NONE',  ( -0.000000000000000000, -1.000000000000000000, -0.000000000000000000 ) ) ;
#4631 = EDGE_LOOP ( 'NONE', ( #6802, #6887, #5476, #1123 ) ) ;
#4632 = B_SPLINE_SURFACE_WITH_KNOTS ( 'NONE', 3, 1, ( 
 ( #2889, #2367 ),
 ( #681, #751 ),
 ( #4546, #5652 ),
 ( #1268, #2996 ),
 ( #97, #1157 ),
 ( #2335, #6782 ),
 ( #5141, #3480 ),
 ( #6888, #3518 ),
 ( #1854, #641 ),
 ( #2404, #3407 ),
 ( #603, #6743 ) ),
 .UNSPECIFIED., .F., .F., .F.,
 ( 4, 1, 1, 1, 1, 1, 1, 1, 4 ),
 ( 2, 2 ),
 ( 0.000000000000000000, 0.1281572795931860131, 0.2538343627967347693, 0.3765056225222090935, 0.4985336856679090101, 0.6213677287324635978, 0.7445647449043576449, 0.8706337982552835308, 1.000000000000000000 ),
 ( 0.000000000000000000, 1.000000000000000000 ),
 .UNSPECIFIED. ) ;
#4633 = DIRECTION ( 'NONE',  ( 0.000000000000000000, 0.000000000000000000, 1.000000000000000000 ) ) ;
#4634 = CARTESIAN_POINT ( 'NONE',  ( 84.48974541510143865, 13.00000000000000178, 54.05568086510034220 ) ) ;
#4635 = CARTESIAN_POINT ( 'NONE',  ( 111.2456366551619595, 13.00000000000000178, 56.76221681962920940 ) ) ;
#4636 = ORIENTED_EDGE ( 'NONE', *, *, #321, .F. ) ;
#4637 = LINE ( 'NONE', #6245, #6181 ) ;
#4638 = ORIENTED_EDGE ( 'NONE', *, *, #6412, .T. ) ;
#4639 = CARTESIAN_POINT ( 'NONE',  ( 143.8548115980178750, 10.00000000000000000, 35.08144586393235187 ) ) ;
#4640 = ORIENTED_EDGE ( 'NONE', *, *, #3854, .F. ) ;
#4641 = CARTESIAN_POINT ( 'NONE',  ( 215.4436677010392884, 13.00000000000000178, 34.07886240977938286 ) ) ;
#4642 = CARTESIAN_POINT ( 'NONE',  ( 172.7412805446445248, 13.00000000000000533, 41.29128722302236554 ) ) ;
#4643 = LINE ( 'NONE', #6390, #6200 ) ;
#4644 = EDGE_CURVE ( 'NONE', #1059, #5586, #5372, .T. ) ;
#4645 = PLANE ( 'NONE',  #2310 ) ;
#4646 = ADVANCED_FACE ( 'NONE', ( #4267 ), #2498, .T. ) ;
#4647 = VECTOR ( 'NONE', #3238, 1000.000000000000000 ) ;
#4648 = CARTESIAN_POINT ( 'NONE',  ( 172.6101082325635616, 9.999999999999996447, 49.86343991010983956 ) ) ;
#4649 = LINE ( 'NONE', #3984, #6172 ) ;
#4650 = CARTESIAN_POINT ( 'NONE',  ( 129.1122231936235210, 13.00000000000000178, 45.35596681962921650 ) ) ;
#4651 = CARTESIAN_POINT ( 'NONE',  ( 300.0000000000000000, 10.00000000000000000, 100.0000000000000000 ) ) ;
#4652 = CARTESIAN_POINT ( 'NONE',  ( 248.0941960756146614, 13.00000000000000178, 39.19297253269446912 ) ) ;
#4653 = CARTESIAN_POINT ( 'NONE',  ( 227.1891462705465585, 13.00000000000000178, 45.47615912732151600 ) ) ;
#4654 = CARTESIAN_POINT ( 'NONE',  ( 92.95837703977734634, 10.00000000000000355, 38.69731297347536270 ) ) ;
#4655 = VECTOR ( 'NONE', #5389, 1000.000000000000000 ) ;
#4656 = CARTESIAN_POINT ( 'NONE',  ( 139.7074470531401005, 10.00000000000000000, 36.79419527577769600 ) ) ;
#4657 = CARTESIAN_POINT ( 'NONE',  ( 215.8550116551619737, 13.00000000000000178, 34.06990912732151600 ) ) ;
#4658 = CARTESIAN_POINT ( 'NONE',  ( 164.8694347320850397, 10.00000000000000000, 54.06990912732151600 ) ) ;
#4659 = VERTEX_POINT ( 'NONE', #4232 ) ;
#4660 = FACE_OUTER_BOUND ( 'NONE', #5182, .T. ) ;
#4661 = DIRECTION ( 'NONE',  ( 0.000000000000000000, 1.000000000000000000, 0.000000000000000000 ) ) ;
#4662 = CARTESIAN_POINT ( 'NONE',  ( 195.6433623229986267, 12.99999999999999822, 25.87680411357578691 ) ) ;
#4663 = VECTOR ( 'NONE', #5287, 1000.000000000000000 ) ;
#4664 = CARTESIAN_POINT ( 'NONE',  ( 131.1501099195947688, 12.99999999999999822, 39.89388272226091914 ) ) ;
#4665 = EDGE_LOOP ( 'NONE', ( #5668, #5933, #2022, #3589 ) ) ;
#4666 = CARTESIAN_POINT ( 'NONE',  ( 153.3429924243927189, 13.00000000000000178, 45.35596681962920940 ) ) ;
#4667 = VECTOR ( 'NONE', #182, 1000.000000000000000 ) ;
#4668 = DIRECTION ( 'NONE',  ( 0.000000000000000000, 0.000000000000000000, 1.000000000000000000 ) ) ;
#4669 = CARTESIAN_POINT ( 'NONE',  ( 206.2700576312429916, 10.00000000000000000, 51.63240496959004844 ) ) ;
#4670 = PLANE ( 'NONE',  #2416 ) ;
#4671 = VECTOR ( 'NONE', #4874, 1000.000000000000000 ) ;
#4672 = VECTOR ( 'NONE', #2628, 1000.000000000000000 ) ;
#4673 = CARTESIAN_POINT ( 'NONE',  ( 225.4159247602457867, 12.99999999999999822, 51.63240126954931242 ) ) ;
#4674 = VERTEX_POINT ( 'NONE', #2057 ) ;
#4675 = CARTESIAN_POINT ( 'NONE',  ( 114.2417352605896497, 10.00000000000000533, 56.44773089219729201 ) ) ;
#4676 = ORIENTED_EDGE ( 'NONE', *, *, #3769, .F. ) ;
#4677 = VECTOR ( 'NONE', #5002, 1000.000000000000000 ) ;
#4678 = CYLINDRICAL_SURFACE ( 'NONE', #98, 1.500000000000001332 ) ;
#4680 = CARTESIAN_POINT ( 'NONE',  ( 118.3429924243927189, 13.00000000000000178, 44.62279374270612919 ) ) ;
#4679 = AXIS2_PLACEMENT_3D ( 'NONE', #6447, #6957, #1407 ) ;
#4681 = CARTESIAN_POINT ( 'NONE',  ( 204.5052500420449917, 10.00000000000000000, 45.84730247721677898 ) ) ;
#4682 = CARTESIAN_POINT ( 'NONE',  ( 218.3584132757123939, 13.00000000000000533, 37.11019033808361200 ) ) ;
#4683 = AXIS2_PLACEMENT_3D ( 'NONE', #3787, #1390, #6579 ) ;
#4684 = VECTOR ( 'NONE', #2432, 1000.000000000000000 ) ;
#4685 = ORIENTED_EDGE ( 'NONE', *, *, #700, .F. ) ;
#4686 = CARTESIAN_POINT ( 'NONE',  ( 173.1087546614089661, 13.00000000000000178, 48.85447994044526610 ) ) ;
#4687 = CARTESIAN_POINT ( 'NONE',  ( 224.1843385782388793, 13.00000000000000178, 37.68168797347536270 ) ) ;
#4688 = ADVANCED_FACE ( 'NONE', ( #3060 ), #6468, .T. ) ;
#4689 = CARTESIAN_POINT ( 'NONE',  ( 207.2029190445653626, 10.00000000000000000, 45.87777677770288420 ) ) ;
#4690 = CARTESIAN_POINT ( 'NONE',  ( 223.3524590694859171, 10.00000000000000000, 49.86080970353242492 ) ) ;
#4691 = DIRECTION ( 'NONE',  ( -1.000000000000000000, 0.000000000000000000, -0.000000000000000000 ) ) ;
#4692 = EDGE_CURVE ( 'NONE', #4177, #4128, #6734, .T. ) ;
#4693 = CARTESIAN_POINT ( 'NONE',  ( 0.000000000000000000, 13.00000000000000178, 0.000000000000000000 ) ) ;
#4694 = EDGE_CURVE ( 'NONE', #3160, #5647, #6943, .T. ) ;
#4695 = B_SPLINE_SURFACE_WITH_KNOTS ( 'NONE', 3, 1, ( 
 ( #3527, #4882 ),
 ( #4846, #6521 ),
 ( #2078, #5258 ),
 ( #728, #4076 ),
 ( #6346, #5735 ),
 ( #2451, #7073 ),
 ( #3560, #5802 ),
 ( #2974, #5974 ),
 ( #4284, #5771 ),
 ( #3006, #935 ),
 ( #4322, #6933 ),
 ( #4150, #4669 ),
 ( #1896, #798 ),
 ( #1865, #6564 ),
 ( #5192, #2594 ),
 ( #5840, #5224 ),
 ( #1483, #6381 ),
 ( #1343, #145 ),
 ( #3050, #3734 ) ),
 .UNSPECIFIED., .F., .F., .F.,
 ( 4, 1, 1, 1, 1, 1, 1, 1, 1, 1, 1, 1, 1, 1, 1, 1, 4 ),
 ( 2, 2 ),
 ( 0.000000000000000000, 0.06874226160548965736, 0.1346351922242772503, 0.1983241870671469120, 0.2608250125604215652, 0.3227135881590248445, 0.3845545346076194582, 0.4469128577247563072, 0.5109576325148291742, 0.5749307010013353647, 0.6366845377960934638, 0.6974831152940621504, 0.7571338075238547294, 0.8169656636752643530, 0.8768183516571966818, 0.9376625803840029638, 1.000000000000000000 ),
 ( 0.000000000000000000, 1.000000000000000000 ),
 .UNSPECIFIED. ) ;
#4696 = CARTESIAN_POINT ( 'NONE',  ( 126.4199155013158133, 13.00000000000000178, 45.59635143501382260 ) ) ;
#4697 = CARTESIAN_POINT ( 'NONE',  ( 126.4199155013158418, 10.00000000000000000, 45.59635143501382970 ) ) ;
#4698 = CARTESIAN_POINT ( 'NONE',  ( 241.2459273759858149, 10.00000000000000000, 34.30466168834772134 ) ) ;
#4699 = ORIENTED_EDGE ( 'NONE', *, *, #2101, .T. ) ;
#4700 = FACE_OUTER_BOUND ( 'NONE', #3363, .T. ) ;
#4701 = CARTESIAN_POINT ( 'NONE',  ( 90.15065568749960789, 13.00000000000000178, 35.86480405995698106 ) ) ;
#4702 = CARTESIAN_POINT ( 'NONE',  ( 223.3524590694859171, 10.00000000000000000, 49.86080970353242492 ) ) ;
#4703 = CARTESIAN_POINT ( 'NONE',  ( 164.8574155013158133, 10.00000000000000000, 34.06990912732151600 ) ) ;
#4704 = ORIENTED_EDGE ( 'NONE', *, *, #3627, .F. ) ;
#4705 = CARTESIAN_POINT ( 'NONE',  ( 158.4828253886434482, 13.00000000000000178, 35.92452989401945018 ) ) ;
#4706 = CARTESIAN_POINT ( 'NONE',  ( 237.0403800856475414, 9.999999999999996447, 36.43947519883429464 ) ) ;
#4707 = DIRECTION ( 'NONE',  ( 0.000000000000000000, -0.000000000000000000, 1.000000000000000000 ) ) ;
#4708 = CARTESIAN_POINT ( 'NONE',  ( 194.8814539628542661, 10.00000000000000178, 27.54346681962920584 ) ) ;
#4709 = CARTESIAN_POINT ( 'NONE',  ( 227.0068823675609053, 13.00000000000000178, 47.66086504265002333 ) ) ;
#4710 = VERTEX_POINT ( 'NONE', #4159 ) ;
#4711 = CARTESIAN_POINT ( 'NONE',  ( 111.5141867891158824, 10.00000000000000000, 56.75941727792672964 ) ) ;
#4712 = ORIENTED_EDGE ( 'NONE', *, *, #3687, .T. ) ;
#4713 = EDGE_CURVE ( 'NONE', #1853, #6194, #4406, .T. ) ;
#4714 = CARTESIAN_POINT ( 'NONE',  ( 104.5968612146005796, 13.00000000000000178, 49.91204884555649812 ) ) ;
#4715 = CARTESIAN_POINT ( 'NONE',  ( 235.3247683422680439, 13.00000000000000178, 45.64827782982003157 ) ) ;
#4716 = CARTESIAN_POINT ( 'NONE',  ( 129.7838773345364132, 12.99999999999999822, 48.71516281069281007 ) ) ;
#4717 = DIRECTION ( 'NONE',  ( 4.428532632184137370E-14, 1.000000000000000000, 4.422914748336923766E-14 ) ) ;
#4718 = ADVANCED_FACE ( 'NONE', ( #6058 ), #1802, .T. ) ;
#4719 = VERTEX_POINT ( 'NONE', #6580 ) ;
#4720 = CARTESIAN_POINT ( 'NONE',  ( 207.5016462705465585, 13.00000000000000178, 37.69971681962920940 ) ) ;
#4721 = DIRECTION ( 'NONE',  ( 0.000000000000000000, 0.000000000000000000, -1.000000000000000000 ) ) ;
#4722 = CARTESIAN_POINT ( 'NONE',  ( 207.2302554255559812, 10.00000000000000000, 46.63912882499817414 ) ) ;
#4723 = CARTESIAN_POINT ( 'NONE',  ( 199.8814539628542661, 10.00000000000000178, 27.54346681962920584 ) ) ;
#4724 = CARTESIAN_POINT ( 'NONE',  ( 121.0353001167004265, 13.00000000000000178, 45.12760143501382260 ) ) ;
#4725 = CARTESIAN_POINT ( 'NONE',  ( 86.75716886197318445, 13.00000000000000178, 37.09351631144044603 ) ) ;
#4726 = CARTESIAN_POINT ( 'NONE',  ( 126.8176675678941763, 10.00000000000000000, 42.57218297862775813 ) ) ;
#4727 = B_SPLINE_CURVE_WITH_KNOTS ( 'NONE', 3,
 ( #4788, #4231, #6467, #366, #1427, #2609, #3675, #5413, #5917, #508, #2752 ),
 .UNSPECIFIED., .F., .F.,
 ( 4, 1, 1, 1, 1, 1, 1, 1, 4 ),
 ( 0.000000000000000000, 0.1289191318119613239, 0.2552377249249072055, 0.3786785959785498590, 0.5010878871851329741, 0.6227136794297774003, 0.7462407949383820238, 0.8715890472316704107, 1.000000000000000000 ),
 .UNSPECIFIED. ) ;
#4728 = DIRECTION ( 'NONE',  ( 0.8361437835000391505, 0.000000000000000000, 0.5485103219760222304 ) ) ;
#4729 = CARTESIAN_POINT ( 'NONE',  ( 195.9896631804602407, 10.00000000000000000, 25.59699438138462213 ) ) ;
#4730 = CARTESIAN_POINT ( 'NONE',  ( 92.95837703977734634, 13.00000000000000178, 45.46413989655228249 ) ) ;
#4731 = EDGE_LOOP ( 'NONE', ( #3381, #75, #5988, #5348 ) ) ;
#4732 = CARTESIAN_POINT ( 'NONE',  ( 92.95837703977734634, 13.00000000000000178, 38.69731297347536270 ) ) ;
#4733 = CARTESIAN_POINT ( 'NONE',  ( 128.0113547593858243, 13.00000000000000533, 39.76734760315387973 ) ) ;
#4734 = CARTESIAN_POINT ( 'NONE',  ( 221.9888972176958077, 10.00000000000000000, 51.66056439072934126 ) ) ;
#4735 = EDGE_CURVE ( 'NONE', #1026, #2351, #4637, .T. ) ;
#4736 = EDGE_LOOP ( 'NONE', ( #6139, #1715, #1669, #3789 ) ) ;
#4737 = DIRECTION ( 'NONE',  ( -1.000000000000000000, 0.000000000000000000, 0.000000000000000000 ) ) ;
#4738 = CARTESIAN_POINT ( 'NONE',  ( 100.0000000000000142, 10.00000000000000000, 96.43724644492834841 ) ) ;
#4739 = EDGE_LOOP ( 'NONE', ( #860, #2777, #2829, #1813, #2065, #2815, #2852, #2574, #389, #5119, #5692, #4382, #1207, #3061 ) ) ;
#4740 = CARTESIAN_POINT ( 'NONE',  ( 79.68556732501284046, 10.00000000000000000, 37.86962970093852476 ) ) ;
#4741 = LINE ( 'NONE', #6345, #3724 ) ;
#4742 = CARTESIAN_POINT ( 'NONE',  ( 194.9091352452004742, 10.00000000000000355, 27.99408727964832266 ) ) ;
#4743 = CARTESIAN_POINT ( 'NONE',  ( 76.79723406870954250, 10.00000000000000178, 36.59660742638343578 ) ) ;
#4744 = VERTEX_POINT ( 'NONE', #4043 ) ;
#4745 = FACE_OUTER_BOUND ( 'NONE', #2441, .T. ) ;
#4746 = ORIENTED_EDGE ( 'NONE', *, *, #1738, .T. ) ;
#4747 = CARTESIAN_POINT ( 'NONE',  ( 111.6712766114259239, 9.999999999999998224, 54.05652699648053527 ) ) ;
#4748 = CARTESIAN_POINT ( 'NONE',  ( 92.81027018264769879, 13.00000000000000178, 43.68967091283517590 ) ) ;
#4749 = CARTESIAN_POINT ( 'NONE',  ( 204.6791024687979643, 10.00000000000000178, 47.66086506136123546 ) ) ;
#4750 = DIRECTION ( 'NONE',  ( 0.000000000000000000, 1.000000000000000000, 0.000000000000000000 ) ) ;
#4751 = ORIENTED_EDGE ( 'NONE', *, *, #5252, .T. ) ;
#4752 = FACE_OUTER_BOUND ( 'NONE', #6385, .T. ) ;
#4753 = CARTESIAN_POINT ( 'NONE',  ( 222.4414446604722002, 13.00000000000000178, 36.08891515911536629 ) ) ;
#4754 = CARTESIAN_POINT ( 'NONE',  ( 138.9085918069741865, 12.99999999999999822, 54.05877057992831425 ) ) ;
#4755 = CARTESIAN_POINT ( 'NONE',  ( 164.7732808859311717, 9.999999999999996447, 56.76221681962920940 ) ) ;
#4756 = DIRECTION ( 'NONE',  ( 0.000000000000000000, 1.000000000000000000, 0.000000000000000000 ) ) ;
#4757 = CARTESIAN_POINT ( 'NONE',  ( 187.9583770397773606, 13.00000000000000178, 56.37760143501382260 ) ) ;
#4758 = CARTESIAN_POINT ( 'NONE',  ( 101.4199155013158133, 10.00000000000000000, 34.45452451193689569 ) ) ;
#4759 = FACE_OUTER_BOUND ( 'NONE', #981, .T. ) ;
#4760 = CARTESIAN_POINT ( 'NONE',  ( 187.9583770397773606, 10.00000000000000000, 56.37760143501382260 ) ) ;
#4761 = CARTESIAN_POINT ( 'NONE',  ( 84.00405011670042654, 13.00000000000000178, 56.76221681962920940 ) ) ;
#4762 = VERTEX_POINT ( 'NONE', #1759 ) ;
#4763 = LINE ( 'NONE', #4732, #4090 ) ;
#4764 = CARTESIAN_POINT ( 'NONE',  ( 216.2306470152489908, 12.99999999999999822, 54.05867815360303297 ) ) ;
#4765 = FACE_OUTER_BOUND ( 'NONE', #3201, .T. ) ;
#4766 = CARTESIAN_POINT ( 'NONE',  ( 92.06232841771731046, 10.00000000000000000, 53.59848297056242927 ) ) ;
#4767 = ORIENTED_EDGE ( 'NONE', *, *, #7189, .T. ) ;
#4768 = CARTESIAN_POINT ( 'NONE',  ( 159.4361677999648634, 12.99999999999999467, 35.34409976131067310 ) ) ;
#4769 = CARTESIAN_POINT ( 'NONE',  ( 215.8550116551619737, 13.00000000000000178, 56.76221681962920940 ) ) ;
#4770 = VERTEX_POINT ( 'NONE', #222 ) ;
#4771 = ORIENTED_EDGE ( 'NONE', *, *, #1745, .F. ) ;
#4772 = CARTESIAN_POINT ( 'NONE',  ( 77.08924227808833507, 13.00000000000000533, 40.08951942148313918 ) ) ;
#4773 = CARTESIAN_POINT ( 'NONE',  ( 0.000000000000000000, 0.000000000000000000, 0.000000000000000000 ) ) ;
#4774 = EDGE_LOOP ( 'NONE', ( #4859, #2366, #6274, #5572 ) ) ;
#4775 = EDGE_CURVE ( 'NONE', #4361, #3278, #1242, .T. ) ;
#4776 = CARTESIAN_POINT ( 'NONE',  ( 223.9057878445474614, 10.00000000000000000, 37.39297797573578919 ) ) ;
#4777 = AXIS2_PLACEMENT_3D ( 'NONE', #3070, #7102, #6444 ) ;
#4778 = EDGE_CURVE ( 'NONE', #4558, #5586, #183, .T. ) ;
#4779 = B_SPLINE_CURVE_WITH_KNOTS ( 'NONE', 3,
 ( #4723, #1435, #269, #6916, #5340, #743, #339, #5785, #2989, #4204, #6438 ),
 .UNSPECIFIED., .F., .F.,
 ( 4, 1, 1, 1, 1, 1, 1, 1, 4 ),
 ( 0.000000000000000000, 0.1201621349925916377, 0.2375463202768773596, 0.3574970509273588393, 0.4849171224652690793, 0.6133292680851260004, 0.7401503701286902270, 0.8673012545632630133, 1.000000000000000000 ),
 .UNSPECIFIED. ) ;
#4780 = VECTOR ( 'NONE', #3268, 1000.000000000000114 ) ;
#4781 = CARTESIAN_POINT ( 'NONE',  ( 101.8288119161161518, 10.00000000000000000, 49.79800644559057332 ) ) ;
#4782 = VERTEX_POINT ( 'NONE', #5774 ) ;
#4783 = AXIS2_PLACEMENT_3D ( 'NONE', #2502, #4271, #5961 ) ;
#4784 = CARTESIAN_POINT ( 'NONE',  ( 196.0353001167004265, 13.00000000000000178, 56.37760143501382260 ) ) ;
#4785 = ORIENTED_EDGE ( 'NONE', *, *, #4187, .F. ) ;
#4786 = CARTESIAN_POINT ( 'NONE',  ( 248.9899468038215389, 12.99999999999999822, 42.38865576703136639 ) ) ;
#4787 = CARTESIAN_POINT ( 'NONE',  ( 89.76146879599583883, 12.99999999999999822, 38.66768861012784697 ) ) ;
#4788 = CARTESIAN_POINT ( 'NONE',  ( 204.4968385782388793, 13.00000000000000178, 45.47615912732151600 ) ) ;
#4789 = DIRECTION ( 'NONE',  ( -1.000000000000000000, 0.000000000000000000, -0.000000000000000000 ) ) ;
#4790 = VECTOR ( 'NONE', #3873, 1000.000000000000000 ) ;
#4791 = AXIS2_PLACEMENT_3D ( 'NONE', #2046, #4291, #6529 ) ;
#4792 = ORIENTED_EDGE ( 'NONE', *, *, #4325, .T. ) ;
#4793 = VECTOR ( 'NONE', #6239, 1000.000000000000000 ) ;
#4794 = CARTESIAN_POINT ( 'NONE',  ( 169.3484860607123323, 13.00000000000000178, 52.95638920235247582 ) ) ;
#4795 = CARTESIAN_POINT ( 'NONE',  ( 148.5607445732994165, 13.00000000000000178, 38.93995591262626021 ) ) ;
#4796 = CARTESIAN_POINT ( 'NONE',  ( 185.2660693474696529, 10.00000000000000000, 37.14683220424458909 ) ) ;
#4797 = CARTESIAN_POINT ( 'NONE',  ( 224.2330014509269063, 10.00000000000000000, 47.76016835152888262 ) ) ;
#4798 = CARTESIAN_POINT ( 'NONE',  ( 81.83482621842348692, 10.00000000000000000, 53.80208307318233807 ) ) ;
#4799 = FACE_BOUND ( 'NONE', #7122, .T. ) ;
#4800 = CARTESIAN_POINT ( 'NONE',  ( 207.1973628425489835, 10.00000000000000178, 45.19729639599286486 ) ) ;
#4801 = VECTOR ( 'NONE', #5041, 1000.000000000000000 ) ;
#4802 = CARTESIAN_POINT ( 'NONE',  ( 130.4844697347684530, 12.99999999999999822, 36.86692256097850162 ) ) ;
#4803 = LINE ( 'NONE', #3176, #655 ) ;
#4804 = CARTESIAN_POINT ( 'NONE',  ( 104.7115669947605028, 10.00000000000000178, 50.23476536917728907 ) ) ;
#4805 = ORIENTED_EDGE ( 'NONE', *, *, #1240, .T. ) ;
#4806 = CARTESIAN_POINT ( 'NONE',  ( 107.1190566003140248, 13.00000000000000178, 53.01776657559484818 ) ) ;
#4807 = CARTESIAN_POINT ( 'NONE',  ( 199.8723828754103522, 13.00000000000000178, 27.38803790620323042 ) ) ;
#4808 = LINE ( 'NONE', #6563, #5146 ) ;
#4809 = CARTESIAN_POINT ( 'NONE',  ( 91.07283312081895588, 13.00000000000000178, 54.47347302048313367 ) ) ;
#4810 = EDGE_CURVE ( 'NONE', #7261, #5843, #5229, .T. ) ;
#4811 = ADVANCED_FACE ( 'NONE', ( #6833 ), #1793, .F. ) ;
#4812 = CARTESIAN_POINT ( 'NONE',  ( 176.4199155013158133, 10.00000000000000000, 56.37760143501382260 ) ) ;
#4813 = CARTESIAN_POINT ( 'NONE',  ( 207.6575286056198877, 13.00000000000000178, 53.39091921091494441 ) ) ;
#4814 = VERTEX_POINT ( 'NONE', #1827 ) ;
#4815 = EDGE_LOOP ( 'NONE', ( #690, #73, #6027, #6068 ) ) ;
#4816 = CARTESIAN_POINT ( 'NONE',  ( 78.71983975396199185, 9.999999999999996447, 38.48701887194184224 ) ) ;
#4817 = CARTESIAN_POINT ( 'NONE',  ( 132.6863913199084948, 9.999999999999998224, 52.33797802497373652 ) ) ;
#4818 = DIRECTION ( 'NONE',  ( -0.000000000000000000, -1.000000000000000000, -0.000000000000000000 ) ) ;
#4819 = EDGE_CURVE ( 'NONE', #6171, #1316, #4550, .T. ) ;
#4820 = CARTESIAN_POINT ( 'NONE',  ( 105.2448575067208196, 10.00000000000000000, 55.14668785601595857 ) ) ;
#4821 = ORIENTED_EDGE ( 'NONE', *, *, #6775, .T. ) ;
#4822 = CARTESIAN_POINT ( 'NONE',  ( 115.5415464193369388, 9.999999999999998224, 56.05333166816927815 ) ) ;
#4823 = ORIENTED_EDGE ( 'NONE', *, *, #5700, .F. ) ;
#4824 = B_SPLINE_CURVE_WITH_KNOTS ( 'NONE', 3,
 ( #6018, #7155, #7081, #6050, #1639, #4992, #2602, #5544, #428, #3890, #2675, #467, #360, #2124, #1533, #6679, #5404, #4366, #6605 ),
 .UNSPECIFIED., .F., .F.,
 ( 4, 1, 1, 1, 1, 1, 1, 1, 1, 1, 1, 1, 1, 1, 1, 1, 4 ),
 ( 0.000000000000000000, 0.06241602615881781946, 0.1233369785373296390, 0.1832651398530923681, 0.2431724430697092543, 0.3028983539197452890, 0.3637735975039105840, 0.4256053049523821352, 0.4896590425101846056, 0.5537845767921165674, 0.6162215328110730583, 0.6778544713083429762, 0.7395168974879378077, 0.8020965355763719495, 0.8658658412779710600, 0.9315077951965113900, 1.000000000000000000 ),
 .UNSPECIFIED. ) ;
#4825 = CARTESIAN_POINT ( 'NONE',  ( 116.9811091448773226, 9.999999999999998224, 51.64994209833304950 ) ) ;
#4826 = FACE_OUTER_BOUND ( 'NONE', #4312, .T. ) ;
#4827 = CARTESIAN_POINT ( 'NONE',  ( 130.3158017687460983, 13.00000000000000178, 49.75803255746424725 ) ) ;
#4828 = DIRECTION ( 'NONE',  ( 0.000000000000000000, 0.000000000000000000, -1.000000000000000000 ) ) ;
#4829 = ADVANCED_FACE ( 'NONE', ( #3494 ), #2391, .T. ) ;
#4830 = EDGE_CURVE ( 'NONE', #1490, #5993, #6509, .T. ) ;
#4831 = ORIENTED_EDGE ( 'NONE', *, *, #3260, .T. ) ;
#4832 = CARTESIAN_POINT ( 'NONE',  ( 138.0439582016124973, 9.999999999999996447, 56.75457727848592526 ) ) ;
#4833 = DIRECTION ( 'NONE',  ( 1.000000000000000000, 0.000000000000000000, 0.000000000000000000 ) ) ;
#4834 = CARTESIAN_POINT ( 'NONE',  ( 139.6894509933966901, 12.99999999999999822, 54.03688037850335490 ) ) ;
#4835 = CARTESIAN_POINT ( 'NONE',  ( 143.9246915009793213, 10.00000000000000178, 52.58447098230429617 ) ) ;
#4836 = CARTESIAN_POINT ( 'NONE',  ( 139.6894509933966901, 12.99999999999999822, 54.03688037850335490 ) ) ;
#4837 = CARTESIAN_POINT ( 'NONE',  ( 204.4968385782388793, 13.00000000000000178, 45.47615912732151600 ) ) ;
#4838 = ORIENTED_EDGE ( 'NONE', *, *, #927, .F. ) ;
#4839 = CARTESIAN_POINT ( 'NONE',  ( 207.3375624344120354, 9.999999999999998224, 43.75364124067073845 ) ) ;
#4840 = LINE ( 'NONE', #1367, #6421 ) ;
#4841 = CARTESIAN_POINT ( 'NONE',  ( 173.7137920438312904, 13.00000000000000178, 45.86168966173468675 ) ) ;
#4842 = CARTESIAN_POINT ( 'NONE',  ( 171.8420638900497579, 10.00000000000000000, 54.47347302048315498 ) ) ;
#4843 = LINE ( 'NONE', #1444, #2437 ) ;
#4844 = CARTESIAN_POINT ( 'NONE',  ( 221.1373333206414884, 13.00000000000000178, 52.38430476564503380 ) ) ;
#4845 = LINE ( 'NONE', #1042, #6071 ) ;
#4846 = CARTESIAN_POINT ( 'NONE',  ( 215.4458569165138897, 13.00000000000000178, 56.75174942347756968 ) ) ;
#4847 = DIRECTION ( 'NONE',  ( 0.000000000000000000, 0.000000000000000000, 1.000000000000000000 ) ) ;
#4848 = DIRECTION ( 'NONE',  ( -1.000000000000000000, 0.000000000000000000, 0.000000000000000000 ) ) ;
#4849 = CARTESIAN_POINT ( 'NONE',  ( 205.7224262642426424, 12.99999999999999822, 50.69460416869960540 ) ) ;
#4850 = ORIENTED_EDGE ( 'NONE', *, *, #3649, .F. ) ;
#4851 = ORIENTED_EDGE ( 'NONE', *, *, #2733, .F. ) ;
#4852 = CARTESIAN_POINT ( 'NONE',  ( 73.02988385561478424, 13.00000000000000178, 42.04599820013325484 ) ) ;
#4853 = CARTESIAN_POINT ( 'NONE',  ( 165.7988315733845468, 10.00000000000000355, 36.77853332741074155 ) ) ;
#4854 = EDGE_CURVE ( 'NONE', #1236, #1507, #666, .T. ) ;
#4855 = CARTESIAN_POINT ( 'NONE',  ( 222.5447132687457952, 13.00000000000000178, 39.95426956511983008 ) ) ;
#4856 = EDGE_CURVE ( 'NONE', #3965, #830, #5022, .T. ) ;
#4857 = B_SPLINE_CURVE_WITH_KNOTS ( 'NONE', 3,
 ( #6363, #2923, #2397, #4059, #745, #1846, #1327, #1401, #6951, #4615, #6986, #4101, #5859, #673, #4725, #2991, #5242, #201, #3578 ),
 .UNSPECIFIED., .F., .F.,
 ( 4, 1, 1, 1, 1, 1, 1, 1, 1, 1, 1, 1, 1, 1, 1, 1, 4 ),
 ( 0.000000000000000000, 0.06563379967569001050, 0.1291880880571287249, 0.1912186831121885366, 0.2519128178811568808, 0.3125074743865506322, 0.3734944337751977539, 0.4351515996540499254, 0.4987414744066491212, 0.5620952169966311196, 0.6241865668116555188, 0.6854757184651957269, 0.7460968148060530547, 0.8076116364477854415, 0.8699665806571899029, 0.9339510189149077268, 1.000000000000000000 ),
 .UNSPECIFIED. ) ;
#4858 = CARTESIAN_POINT ( 'NONE',  ( 101.5605784106561345, 10.00000000000000178, 48.05863241650833118 ) ) ;
#4859 = ORIENTED_EDGE ( 'NONE', *, *, #1074, .T. ) ;
#4860 = EDGE_LOOP ( 'NONE', ( #6800, #2598, #4490, #4685, #184, #795, #863, #3847, #2995, #2384 ) ) ;
#4861 = CARTESIAN_POINT ( 'NONE',  ( 117.8982808859312001, 10.00000000000000178, 49.96534181962920940 ) ) ;
#4862 = CARTESIAN_POINT ( 'NONE',  ( 86.75716886197318445, 9.999999999999996447, 37.09351631144044603 ) ) ;
#4863 = CARTESIAN_POINT ( 'NONE',  ( 80.74767823437038317, 12.99999999999999822, 53.44923473455111207 ) ) ;
#4864 = CARTESIAN_POINT ( 'NONE',  ( 237.0587151312531660, 10.00000000000000178, 39.79072702591796684 ) ) ;
#4865 = EDGE_LOOP ( 'NONE', ( #4971, #5540, #2634, #4026 ) ) ;
#4866 = PLANE ( 'NONE',  #4553 ) ;
#4867 = CARTESIAN_POINT ( 'NONE',  ( 226.7852494175676554, 10.00000000000000000, 42.26942716819225154 ) ) ;
#4868 = PLANE ( 'NONE',  #6764 ) ;
#4869 = ADVANCED_FACE ( 'NONE', ( #5876 ), #5097, .T. ) ;
#4870 = CARTESIAN_POINT ( 'NONE',  ( 120.6284661830531633, 12.99999999999999822, 49.86667511488739279 ) ) ;
#4871 = CARTESIAN_POINT ( 'NONE',  ( 129.3952109861143072, 13.00000000000000533, 47.62724546477542020 ) ) ;
#4872 = CARTESIAN_POINT ( 'NONE',  ( 116.3099284126038242, 13.00000000000000533, 52.36144617301663118 ) ) ;
#4873 = EDGE_LOOP ( 'NONE', ( #5949, #6343, #5556, #2964 ) ) ;
#4874 = DIRECTION ( 'NONE',  ( -0.000000000000000000, -1.000000000000000000, -0.000000000000000000 ) ) ;
#4875 = EDGE_CURVE ( 'NONE', #5914, #4674, #204, .T. ) ;
#4876 = CARTESIAN_POINT ( 'NONE',  ( 113.5664866478351911, 10.00000000000000000, 53.81820471839364473 ) ) ;
#4877 = CARTESIAN_POINT ( 'NONE',  ( 173.4719780259551953, 12.99999999999999822, 47.78018687690887845 ) ) ;
#4878 = CARTESIAN_POINT ( 'NONE',  ( 106.1474572255850859, 9.999999999999996447, 52.28414757667084700 ) ) ;
#4879 = LINE ( 'NONE', #1521, #2673 ) ;
#4880 = CARTESIAN_POINT ( 'NONE',  ( 128.3421037886666056, 13.00000000000000178, 51.80934686284911805 ) ) ;
#4881 = CARTESIAN_POINT ( 'NONE',  ( 144.4064297655029918, 12.99999999999999822, 35.33177208719315132 ) ) ;
#4882 = CARTESIAN_POINT ( 'NONE',  ( 215.8550116551619737, 10.00000000000000000, 56.76221681962920940 ) ) ;
#4883 = PLANE ( 'NONE',  #6410 ) ;
#4884 = CARTESIAN_POINT ( 'NONE',  ( 173.7031915478553117, 9.999999999999996447, 44.56504963488112026 ) ) ;
#4885 = DIRECTION ( 'NONE',  ( 1.000000000000000000, 0.000000000000000000, 0.000000000000000000 ) ) ;
#4886 = ORIENTED_EDGE ( 'NONE', *, *, #1968, .T. ) ;
#4887 = ORIENTED_EDGE ( 'NONE', *, *, #5703, .T. ) ;
#4888 = CARTESIAN_POINT ( 'NONE',  ( 75.14991540717505814, 13.00000000000000178, 38.20710892142476922 ) ) ;
#4889 = CARTESIAN_POINT ( 'NONE',  ( 118.0137093008630558, 12.99999999999999822, 49.58097861335487977 ) ) ;
#4890 = LINE ( 'NONE', #2189, #5145 ) ;
#4891 = CARTESIAN_POINT ( 'NONE',  ( 73.40315112132235242, 13.00000000000000178, 41.02293868678673761 ) ) ;
#4892 = ORIENTED_EDGE ( 'NONE', *, *, #1800, .F. ) ;
#4893 = VECTOR ( 'NONE', #1215, 1000.000000000000000 ) ;
#4894 = ORIENTED_EDGE ( 'NONE', *, *, #4486, .F. ) ;
#4895 = CARTESIAN_POINT ( 'NONE',  ( 207.8244398511338602, 10.00000000000000000, 48.83678289432925368 ) ) ;
#4896 = DIRECTION ( 'NONE',  ( 0.000000000000000000, 0.000000000000000000, 1.000000000000000000 ) ) ;
#4897 = CARTESIAN_POINT ( 'NONE',  ( 133.7040970121375665, 13.00000000000000178, 52.95917109708094017 ) ) ;
#4898 = CARTESIAN_POINT ( 'NONE',  ( 235.2660693474696814, 10.00000000000000000, 48.45091874270613630 ) ) ;
#4899 = VECTOR ( 'NONE', #1734, 1000.000000000000000 ) ;
#4900 = ORIENTED_EDGE ( 'NONE', *, *, #4006, .F. ) ;
#4901 = CARTESIAN_POINT ( 'NONE',  ( 134.8247536280317433, 12.99999999999999467, 56.32675150801015462 ) ) ;
#4902 = LINE ( 'NONE', #7133, #420 ) ;
#4903 = CARTESIAN_POINT ( 'NONE',  ( 116.1359223366767708, 13.00000000000000178, 55.78576528426309977 ) ) ;
#4904 = CARTESIAN_POINT ( 'NONE',  ( 134.8077348130807422, 13.00000000000000533, 53.45855424804077671 ) ) ;
#4905 = DIRECTION ( 'NONE',  ( -0.000000000000000000, -1.000000000000000000, -0.000000000000000000 ) ) ;
#4906 = EDGE_LOOP ( 'NONE', ( #842, #5582, #2309, #5775 ) ) ;
#4907 = DIRECTION ( 'NONE',  ( 0.000000000000000000, 0.000000000000000000, 1.000000000000000000 ) ) ;
#4908 = AXIS2_PLACEMENT_3D ( 'NONE', #3073, #2442, #856 ) ;
#4909 = EDGE_CURVE ( 'NONE', #1930, #5336, #5813, .T. ) ;
#4910 = CARTESIAN_POINT ( 'NONE',  ( 137.8387129209710622, 13.00000000000000178, 34.08270106334198601 ) ) ;
#4911 = EDGE_CURVE ( 'NONE', #2605, #226, #980, .T. ) ;
#4912 = FACE_OUTER_BOUND ( 'NONE', #470, .T. ) ;
#4913 = CARTESIAN_POINT ( 'NONE',  ( 92.95837703977734634, 13.00000000000000178, 38.69731297347536270 ) ) ;
#4914 = DIRECTION ( 'NONE',  ( -0.000000000000000000, -1.000000000000000000, -0.000000000000000000 ) ) ;
#4915 = CARTESIAN_POINT ( 'NONE',  ( 243.1386655013157849, 10.00000000000000000, 36.76221681962920940 ) ) ;
#4916 = DIRECTION ( 'NONE',  ( -0.000000000000000000, -1.000000000000000000, -0.000000000000000000 ) ) ;
#4917 = B_SPLINE_CURVE_WITH_KNOTS ( 'NONE', 3,
 ( #2506, #1517, #1993, #6441, #4276, #7138, #6400, #6510, #272, #7066, #962 ),
 .UNSPECIFIED., .F., .F.,
 ( 4, 1, 1, 1, 1, 1, 1, 1, 4 ),
 ( 0.000000000000000000, 0.1788500194111598829, 0.3421096489422983944, 0.4898256633683917838, 0.6232544282245642275, 0.7400796760857918377, 0.8414826730699856983, 0.9289076721840646700, 1.000000000000000000 ),
 .UNSPECIFIED. ) ;
#4918 = CARTESIAN_POINT ( 'NONE',  ( 155.2109368511194987, 12.99999999999999822, 51.70738730869675237 ) ) ;
#4919 = VECTOR ( 'NONE', #1677, 1000.000000000000000 ) ;
#4920 = VECTOR ( 'NONE', #5334, 1000.000000000000000 ) ;
#4921 = CC_DESIGN_APPROVAL ( #1232, ( #4617 ) ) ;
#4922 = CARTESIAN_POINT ( 'NONE',  ( 173.7031915478553117, 12.99999999999999822, 44.56504963488112026 ) ) ;
#4923 = CARTESIAN_POINT ( 'NONE',  ( 224.1843385782388793, 9.999999999999996447, 37.68168797347536270 ) ) ;
#4924 = ORIENTED_EDGE ( 'NONE', *, *, #6396, .F. ) ;
#4925 = EDGE_LOOP ( 'NONE', ( #5100, #5331, #4987, #534 ) ) ;
#4926 = CARTESIAN_POINT ( 'NONE',  ( 227.1891462705465585, 10.00000000000000000, 45.47615912732151600 ) ) ;
#4927 = CARTESIAN_POINT ( 'NONE',  ( 118.3427661861365294, 13.00000000000000178, 44.94734224449729254 ) ) ;
#4928 = CARTESIAN_POINT ( 'NONE',  ( 68.72760780900810573, 10.00000000000000000, 53.30067835809074950 ) ) ;
#4929 = CARTESIAN_POINT ( 'NONE',  ( 84.08818473208503974, 10.00000000000000178, 34.06990912732151600 ) ) ;
#4930 = ORIENTED_EDGE ( 'NONE', *, *, #6358, .T. ) ;
#4931 = ORIENTED_EDGE ( 'NONE', *, *, #5495, .F. ) ;
#4932 = DIRECTION ( 'NONE',  ( 0.000000000000000000, -0.000000000000000000, 1.000000000000000000 ) ) ;
#4933 = CARTESIAN_POINT ( 'NONE',  ( 120.8959664082377685, 12.99999999999999822, 48.16904624400029888 ) ) ;
#4934 = LINE ( 'NONE', #3420, #2911 ) ;
#4935 = CARTESIAN_POINT ( 'NONE',  ( 235.2845306556367575, 13.00000000000000178, 46.50744215385425662 ) ) ;
#4936 = EDGE_CURVE ( 'NONE', #4944, #6156, #5553, .T. ) ;
#4937 = ORIENTED_EDGE ( 'NONE', *, *, #6557, .F. ) ;
#4938 = CARTESIAN_POINT ( 'NONE',  ( 126.8799917304366289, 12.99999999999999822, 48.89578160767243986 ) ) ;
#4939 = DIRECTION ( 'NONE',  ( -0.000000000000000000, -1.000000000000000000, -0.000000000000000000 ) ) ;
#4940 = EDGE_LOOP ( 'NONE', ( #1458, #2150, #3345, #3677 ) ) ;
#4941 = CARTESIAN_POINT ( 'NONE',  ( 120.7730291084493075, 13.00000000000000178, 49.05275384286212415 ) ) ;
#4942 = CARTESIAN_POINT ( 'NONE',  ( 207.1973628425489835, 10.00000000000000000, 45.19729639599286486 ) ) ;
#4943 = FACE_BOUND ( 'NONE', #6376, .T. ) ;
#4944 = VERTEX_POINT ( 'NONE', #686 ) ;
#4945 = CARTESIAN_POINT ( 'NONE',  ( 169.6900396126224564, 10.00000000000000000, 55.78085791111553959 ) ) ;
#4946 = ADVANCED_FACE ( 'NONE', ( #105 ), #6145, .T. ) ;
#4947 = CARTESIAN_POINT ( 'NONE',  ( 136.1863681191573789, 10.00000000000000000, 34.26873637109745374 ) ) ;
#4948 = CARTESIAN_POINT ( 'NONE',  ( 140.8785228094612876, 9.999999999999996447, 36.98023164288257192 ) ) ;
#4949 = CARTESIAN_POINT ( 'NONE',  ( 173.4240181750695911, 9.999999999999998224, 52.92873064696008356 ) ) ;
#4950 = CARTESIAN_POINT ( 'NONE',  ( 92.95837703977734634, 13.00000000000000178, 38.69731297347536270 ) ) ;
#4951 = CARTESIAN_POINT ( 'NONE',  ( 236.0927149021940465, 13.00000000000000533, 41.38326495738920840 ) ) ;
#4952 = DIRECTION ( 'NONE',  ( -0.8361437835000391505, 0.000000000000000000, -0.5485103219760223414 ) ) ;
#4953 = CARTESIAN_POINT ( 'NONE',  ( 68.72760780900810573, 13.00000000000000178, 41.76221681962920940 ) ) ;
#4954 = CARTESIAN_POINT ( 'NONE',  ( 166.6789371756163405, 12.99999999999999822, 36.90676465057129008 ) ) ;
#4955 = CARTESIAN_POINT ( 'NONE',  ( 207.7797770507696384, 10.00000000000000000, 37.40850305459901648 ) ) ;
#4956 = ORIENTED_EDGE ( 'NONE', *, *, #568, .T. ) ;
#4957 = EDGE_LOOP ( 'NONE', ( #5877, #5614 ) ) ;
#4958 = CARTESIAN_POINT ( 'NONE',  ( 241.8579076569205313, 12.99999999999999822, 36.85538227920291376 ) ) ;
#4959 = CARTESIAN_POINT ( 'NONE',  ( 105.7763065485787735, 10.00000000000000000, 55.48581878813611468 ) ) ;
#4960 = CARTESIAN_POINT ( 'NONE',  ( 171.1835441584734667, 9.999999999999996447, 39.24734400092118136 ) ) ;
#4961 = EDGE_CURVE ( 'NONE', #2197, #3657, #4513, .T. ) ;
#4962 = DIRECTION ( 'NONE',  ( -0.000000000000000000, -1.000000000000000000, -0.000000000000000000 ) ) ;
#4963 = CARTESIAN_POINT ( 'NONE',  ( 75.14991540717505814, 10.00000000000000178, 38.20710892142476922 ) ) ;
#4964 = ORIENTED_EDGE ( 'NONE', *, *, #2771, .F. ) ;
#4965 = ORIENTED_EDGE ( 'NONE', *, *, #4531, .T. ) ;
#4966 = DIRECTION ( 'NONE',  ( 0.000000000000000000, 1.000000000000000000, 0.000000000000000000 ) ) ;
#4967 = DIRECTION ( 'NONE',  ( -0.000000000000000000, -1.000000000000000000, -0.000000000000000000 ) ) ;
#4968 = CARTESIAN_POINT ( 'NONE',  ( 235.2660693474696814, 10.00000000000000000, 48.45091874270613630 ) ) ;
#4969 = ORIENTED_EDGE ( 'NONE', *, *, #5448, .F. ) ;
#4970 = CARTESIAN_POINT ( 'NONE',  ( 224.4241838987956044, 9.999999999999998224, 37.95780785167050198 ) ) ;
#4971 = ORIENTED_EDGE ( 'NONE', *, *, #533, .T. ) ;
#4972 = CARTESIAN_POINT ( 'NONE',  ( 248.7937135782388793, 9.999999999999996447, 41.07712066578305610 ) ) ;
#4973 = CARTESIAN_POINT ( 'NONE',  ( 198.7276078090081057, 13.00000000000000178, 34.45452451193689569 ) ) ;
#4974 = CARTESIAN_POINT ( 'NONE',  ( 111.2456366551619595, 10.00000000000000533, 56.76221681962920940 ) ) ;
#4975 = VERTEX_POINT ( 'NONE', #5656 ) ;
#4976 = CARTESIAN_POINT ( 'NONE',  ( 68.72760780900810573, 13.00000000000000178, 56.37760143501382260 ) ) ;
#4977 = CARTESIAN_POINT ( 'NONE',  ( 197.3694347320850397, 13.00000000000000178, 29.83913989655228605 ) ) ;
#4978 = CARTESIAN_POINT ( 'NONE',  ( 138.4932328090081057, 10.00000000000000355, 36.76221681962920940 ) ) ;
#4979 = CARTESIAN_POINT ( 'NONE',  ( 104.3457407766577489, 13.00000000000000178, 48.87717450275513187 ) ) ;
#4980 = CARTESIAN_POINT ( 'NONE',  ( 92.67307099642532364, 10.00000000000000178, 38.33071978043330574 ) ) ;
#4981 = LINE ( 'NONE', #6595, #2544 ) ;
#4982 = CARTESIAN_POINT ( 'NONE',  ( 187.9583770397773606, 13.00000000000000178, 34.45452451193689569 ) ) ;
#4983 = CARTESIAN_POINT ( 'NONE',  ( 157.5283495250789656, 12.99999999999999822, 54.22677498651071204 ) ) ;
#4984 = ORIENTED_EDGE ( 'NONE', *, *, #6865, .T. ) ;
#4985 = CARTESIAN_POINT ( 'NONE',  ( 165.7988315733845468, 13.00000000000000533, 36.77853332741074155 ) ) ;
#4986 = CARTESIAN_POINT ( 'NONE',  ( 155.9191461764057749, 10.00000000000000000, 38.20710892142476922 ) ) ;
#4987 = ORIENTED_EDGE ( 'NONE', *, *, #802, .T. ) ;
#4988 = ORIENTED_EDGE ( 'NONE', *, *, #2013, .T. ) ;
#4989 = LINE ( 'NONE', #425, #3499 ) ;
#4990 = CARTESIAN_POINT ( 'NONE',  ( 106.9422399800130563, 13.00000000000000178, 56.05203055291756442 ) ) ;
#4991 = CARTESIAN_POINT ( 'NONE',  ( 172.7412805446445248, 10.00000000000000355, 41.29128722302236554 ) ) ;
#4992 = CARTESIAN_POINT ( 'NONE',  ( 226.4123430185068173, 12.99999999999999822, 49.71846661211826301 ) ) ;
#4993 = AXIS2_PLACEMENT_3D ( 'NONE', #5390, #854, #1996 ) ;
#4994 = CARTESIAN_POINT ( 'NONE',  ( 72.58450140988955468, 10.00000000000000178, 44.97484936046269155 ) ) ;
#4995 = ADVANCED_FACE ( 'NONE', ( #609 ), #2858, .T. ) ;
#4996 = ORIENTED_EDGE ( 'NONE', *, *, #2762, .F. ) ;
#4997 = CARTESIAN_POINT ( 'NONE',  ( 199.8721783072126925, 13.00000000000000178, 27.69486098959957232 ) ) ;
#4998 = ADVANCED_FACE ( 'NONE', ( #828 ), #3982, .T. ) ;
#4999 = ORIENTED_EDGE ( 'NONE', *, *, #5447, .F. ) ;
#5000 = CARTESIAN_POINT ( 'NONE',  ( 129.1122231936235210, 13.00000000000000178, 45.35596681962921650 ) ) ;
#5001 = CARTESIAN_POINT ( 'NONE',  ( 118.6074611560205767, 10.00000000000000000, 53.94570277209817277 ) ) ;
#5002 = DIRECTION ( 'NONE',  ( 0.000000000000000000, 0.000000000000000000, -1.000000000000000000 ) ) ;
#5003 = ORIENTED_EDGE ( 'NONE', *, *, #1464, .F. ) ;
#5004 = CARTESIAN_POINT ( 'NONE',  ( 194.8814539628542661, 13.00000000000000178, 27.54346681962920584 ) ) ;
#5005 = VERTEX_POINT ( 'NONE', #250 ) ;
#5006 = CARTESIAN_POINT ( 'NONE',  ( 115.5415464193369388, 12.99999999999999822, 56.05333166816927815 ) ) ;
#5007 = CARTESIAN_POINT ( 'NONE',  ( 211.0645933022705663, 10.00000000000000355, 38.19117337730164508 ) ) ;
#5008 = CARTESIAN_POINT ( 'NONE',  ( 129.1199009059018010, 10.00000000000000000, 45.06298202258183494 ) ) ;
#5009 = CARTESIAN_POINT ( 'NONE',  ( 172.8315591869480272, 12.99999999999999822, 53.59848297056240085 ) ) ;
#5010 = VECTOR ( 'NONE', #7251, 1000.000000000000000 ) ;
#5011 = VECTOR ( 'NONE', #1866, 1000.000000000000000 ) ;
#5012 = CARTESIAN_POINT ( 'NONE',  ( 172.8917353181363978, 9.999999999999996447, 37.42858641902314076 ) ) ;
#5013 = CARTESIAN_POINT ( 'NONE',  ( 187.9583770397773606, 13.00000000000000178, 25.60837066578305254 ) ) ;
#5014 = EDGE_CURVE ( 'NONE', #1126, #1860, #4178, .T. ) ;
#5015 = CARTESIAN_POINT ( 'NONE',  ( 104.1315457930380148, 10.00000000000000355, 46.31386994824730152 ) ) ;
#5016 = CARTESIAN_POINT ( 'NONE',  ( 195.6070906638567806, 12.99999999999999822, 25.89052667940538299 ) ) ;
#5017 = CARTESIAN_POINT ( 'NONE',  ( 237.9232839197824774, 10.00000000000000000, 38.85541176349818215 ) ) ;
#5018 = VECTOR ( 'NONE', #286, 1000.000000000000000 ) ;
#5019 = CARTESIAN_POINT ( 'NONE',  ( 54.49683857823887934, 13.00000000000000178, 29.45452451193689924 ) ) ;
#5020 = CARTESIAN_POINT ( 'NONE',  ( 196.8828222578420934, 13.00000000000000178, 29.81717546510679639 ) ) ;
#5021 = AXIS2_PLACEMENT_3D ( 'NONE', #715, #564, #2961 ) ;
#5022 = B_SPLINE_CURVE_WITH_KNOTS ( 'NONE', 3,
 ( #1419, #5439, #3637, #5328, #256, #4260, #5911, #3192, #867, #3121, #288 ),
 .UNSPECIFIED., .F., .F.,
 ( 4, 1, 1, 1, 1, 1, 1, 1, 4 ),
 ( 0.000000000000000000, 0.1342983790141681066, 0.2620849753823007444, 0.3862699121345001818, 0.5071645966228004454, 0.6273002357255067496, 0.7481449416029948285, 0.8723701771613523448, 1.000000000000000000 ),
 .UNSPECIFIED. ) ;
#5023 = CARTESIAN_POINT ( 'NONE',  ( 173.7193821829658589, 10.00000000000000000, 45.16124420648579019 ) ) ;
#5024 = CARTESIAN_POINT ( 'NONE',  ( 163.7012689979007689, 10.00000000000000000, 34.10301801681355727 ) ) ;
#5025 = VERTEX_POINT ( 'NONE', #7039 ) ;
#5026 = VERTEX_POINT ( 'NONE', #1448 ) ;
#5027 = CARTESIAN_POINT ( 'NONE',  ( 218.2273626430202285, 10.00000000000000000, 56.57225366324140481 ) ) ;
#5028 = VECTOR ( 'NONE', #2954, 1000.000000000000000 ) ;
#5029 = CARTESIAN_POINT ( 'NONE',  ( 101.6801621873115664, 13.00000000000000178, 48.96287563031259538 ) ) ;
#5030 = CARTESIAN_POINT ( 'NONE',  ( 266.6666666666666856, 10.00000000000000000, 96.43724644492834841 ) ) ;
#5031 = FACE_OUTER_BOUND ( 'NONE', #6816, .T. ) ;
#5032 = VECTOR ( 'NONE', #4011, 1000.000000000000000 ) ;
#5033 = EDGE_CURVE ( 'NONE', #3441, #4710, #3696, .T. ) ;
#5034 = CARTESIAN_POINT ( 'NONE',  ( 101.6801621873115664, 13.00000000000000178, 48.96287563031259538 ) ) ;
#5035 = ORIENTED_EDGE ( 'NONE', *, *, #6789, .T. ) ;
#5036 = B_SPLINE_CURVE_WITH_KNOTS ( 'NONE', 3,
 ( #514, #2280, #1686, #7203, #5086, #2170, #2760, #7245, #1656, #43, #3348 ),
 .UNSPECIFIED., .F., .F.,
 ( 4, 1, 1, 1, 1, 1, 1, 1, 4 ),
 ( 0.000000000000000000, 0.1355195283706056020, 0.2608331631936777750, 0.3784760291245025665, 0.4931776464746752131, 0.6092809649289374629, 0.7299810378566440328, 0.8592613089300658036, 1.000000000000000000 ),
 .UNSPECIFIED. ) ;
#5037 = CARTESIAN_POINT ( 'NONE',  ( 248.9436982964579954, 12.99999999999999822, 35.95683587526915659 ) ) ;
#5038 = ORIENTED_EDGE ( 'NONE', *, *, #4412, .F. ) ;
#5039 = B_SPLINE_CURVE_WITH_KNOTS ( 'NONE', 3,
 ( #983, #1538, #3749, #4338, #4297, #3301, #5516, #3708, #3229, #2713, #5989 ),
 .UNSPECIFIED., .F., .F.,
 ( 4, 1, 1, 1, 1, 1, 1, 1, 4 ),
 ( 0.000000000000000000, 0.1288840014739252859, 0.2529849718578371376, 0.3742104371825973885, 0.4941015128996898431, 0.6147527632399870656, 0.7385110703733294146, 0.8662425140769299814, 1.000000000000000000 ),
 .UNSPECIFIED. ) ;
#5040 = B_SPLINE_SURFACE_WITH_KNOTS ( 'NONE', 3, 1, ( 
 ( #2702, #2148 ),
 ( #4395, #5023 ),
 ( #4922, #4884 ),
 ( #3289, #2117 ),
 ( #7110, #2221 ),
 ( #6154, #1004 ),
 ( #4470, #4328 ),
 ( #1526, #2081 ),
 ( #3773, #1593 ),
 ( #4359, #6012 ),
 ( #2182, #5569 ),
 ( #972, #3845 ),
 ( #3217, #6598 ),
 ( #4435, #5537 ),
 ( #5464, #421 ),
 ( #4954, #3805 ),
 ( #4985, #3252 ),
 ( #7182, #6082 ),
 ( #492, #7220 ) ),
 .UNSPECIFIED., .F., .F., .F.,
 ( 4, 1, 1, 1, 1, 1, 1, 1, 1, 1, 1, 1, 1, 1, 1, 1, 4 ),
 ( 2, 2 ),
 ( 0.000000000000000000, 0.06563379967569014928, 0.1291880880571289192, 0.1912186831121886199, 0.2519128178811570473, 0.3125074743865512983, 0.3734944337751985310, 0.4351515996540501474, 0.4987414744066494543, 0.5620952169966307865, 0.6241865668116568511, 0.6854757184651971702, 0.7460968148060537208, 0.8076116364477861076, 0.8699665806571906801, 0.9339510189149096142, 1.000000000000000000 ),
 ( 0.000000000000000000, 1.000000000000000000 ),
 .UNSPECIFIED. ) ;
#5041 = DIRECTION ( 'NONE',  ( -0.000000000000000000, -1.000000000000000000, -0.000000000000000000 ) ) ;
#5042 = CARTESIAN_POINT ( 'NONE',  ( 84.10020396285426614, 9.999999999999996447, 54.06990912732151600 ) ) ;
#5043 = CARTESIAN_POINT ( 'NONE',  ( 104.1122231936234925, 10.00000000000000000, 34.45452451193689569 ) ) ;
#5044 = VERTEX_POINT ( 'NONE', #7075 ) ;
#5045 = B_SPLINE_CURVE_WITH_KNOTS ( 'NONE', 3,
 ( #1578, #4970, #1097, #3791, #6691, #6617, #4867, #6652, #2166, #476, #2650 ),
 .UNSPECIFIED., .F., .F.,
 ( 4, 1, 1, 1, 1, 1, 1, 1, 4 ),
 ( 0.000000000000000000, 0.1281572795931860131, 0.2538343627967347693, 0.3765056225222090935, 0.4985336856679090101, 0.6213677287324635978, 0.7445647449043576449, 0.8706337982552835308, 1.000000000000000000 ),
 .UNSPECIFIED. ) ;
#5046 = PERSON_AND_ORGANIZATION ( #3599, #2096 ) ;
#5047 = ORIENTED_EDGE ( 'NONE', *, *, #3412, .T. ) ;
#5048 = CARTESIAN_POINT ( 'NONE',  ( 74.44170608188873928, 10.00000000000000178, 51.70738730869676658 ) ) ;
#5049 = ORIENTED_EDGE ( 'NONE', *, *, #3223, .F. ) ;
#5050 = CARTESIAN_POINT ( 'NONE',  ( 249.0974080899494254, 12.99999999999999822, 44.37823675878753704 ) ) ;
#5051 = LINE ( 'NONE', #3205, #1361 ) ;
#5052 = CARTESIAN_POINT ( 'NONE',  ( 130.1383740861712397, 10.00000000000000000, 41.28651346428223690 ) ) ;
#5053 = EDGE_CURVE ( 'NONE', #5044, #5987, #2482, .T. ) ;
#5054 = PLANE ( 'NONE',  #430 ) ;
#5055 = DIRECTION ( 'NONE',  ( 0.000000000000000000, -0.000000000000000000, 1.000000000000000000 ) ) ;
#5056 = CARTESIAN_POINT ( 'NONE',  ( 251.4540505408949116, 12.99999999999999822, 40.57075630474415817 ) ) ;
#5057 = CARTESIAN_POINT ( 'NONE',  ( 104.4250986763049553, 13.00000000000000533, 49.34032465187816285 ) ) ;
#5058 = CARTESIAN_POINT ( 'NONE',  ( 191.8045308859312001, 10.00000000000000000, 34.45452451193689569 ) ) ;
#5059 = CARTESIAN_POINT ( 'NONE',  ( 224.4968385782389078, 13.00000000000000178, 45.49418797347536980 ) ) ;
#5060 = CARTESIAN_POINT ( 'NONE',  ( 161.4187452975416761, 10.00000000000000000, 56.31189318009942468 ) ) ;
#5061 = DIRECTION ( 'NONE',  ( 0.000000000000000000, 1.000000000000000000, 0.000000000000000000 ) ) ;
#5062 = ORIENTED_EDGE ( 'NONE', *, *, #36, .T. ) ;
#5063 = CARTESIAN_POINT ( 'NONE',  ( 166.6666666666666288, 10.00000000000000000, 96.43724644492834841 ) ) ;
#5064 = CARTESIAN_POINT ( 'NONE',  ( 218.2541400805246781, 9.999999999999996447, 34.27939943226825648 ) ) ;
#5065 = ORIENTED_EDGE ( 'NONE', *, *, #6207, .F. ) ;
#5066 = VERTEX_POINT ( 'NONE', #5253 ) ;
#5067 = CARTESIAN_POINT ( 'NONE',  ( 249.0733240333526055, 10.00000000000000178, 43.63692322962085512 ) ) ;
#5068 = CARTESIAN_POINT ( 'NONE',  ( 106.9422399800130563, 10.00000000000000000, 56.05203055291756442 ) ) ;
#5069 = DIRECTION ( 'NONE',  ( 0.000000000000000000, 0.000000000000000000, 1.000000000000000000 ) ) ;
#5070 = CARTESIAN_POINT ( 'NONE',  ( 126.4236956396289600, 10.00000000000000000, 45.33767913883112044 ) ) ;
#5071 = ADVANCED_FACE ( 'NONE', ( #214 ), #1928, .T. ) ;
#5072 = CARTESIAN_POINT ( 'NONE',  ( 111.2456366551619595, 13.00000000000000178, 56.76221681962920940 ) ) ;
#5073 = ORIENTED_EDGE ( 'NONE', *, *, #6736, .T. ) ;
#5074 = CARTESIAN_POINT ( 'NONE',  ( 137.2104922693933702, 9.999999999999992895, 56.73960372239774586 ) ) ;
#5075 = CARTESIAN_POINT ( 'NONE',  ( 251.4540505408949116, 12.99999999999999822, 40.57075630474415817 ) ) ;
#5076 = ORIENTED_EDGE ( 'NONE', *, *, #647, .T. ) ;
#5077 = DIRECTION ( 'NONE',  ( 0.000000000000000000, 0.000000000000000000, -1.000000000000000000 ) ) ;
#5078 = CARTESIAN_POINT ( 'NONE',  ( 92.94456127460044570, 9.999999999999992895, 45.86168966173467254 ) ) ;
#5079 = EDGE_CURVE ( 'NONE', #4482, #2835, #722, .T. ) ;
#5080 = LINE ( 'NONE', #7162, #4198 ) ;
#5081 = ORIENTED_EDGE ( 'NONE', *, *, #1329, .T. ) ;
#5082 = CARTESIAN_POINT ( 'NONE',  ( 215.4553155354656724, 13.00000000000000178, 54.05874321094724166 ) ) ;
#5083 = EDGE_LOOP ( 'NONE', ( #1528, #2537, #4965, #5625 ) ) ;
#5084 = DIRECTION ( 'NONE',  ( 0.000000000000000000, 1.000000000000000000, 0.000000000000000000 ) ) ;
#5085 = CARTESIAN_POINT ( 'NONE',  ( 170.5306995652266835, 13.00000000000000533, 38.66768861012785408 ) ) ;
#5086 = CARTESIAN_POINT ( 'NONE',  ( 247.5472173831513203, 13.00000000000000178, 38.43698806558620618 ) ) ;
#5087 = CARTESIAN_POINT ( 'NONE',  ( 75.26606934746966715, 13.00000000000000178, 45.38601489655228960 ) ) ;
#5088 = ADVANCED_FACE ( 'NONE', ( #6566 ), #2774, .T. ) ;
#5089 = CARTESIAN_POINT ( 'NONE',  ( 117.7766806464915277, 13.00000000000000178, 50.26331067780942874 ) ) ;
#5090 = CARTESIAN_POINT ( 'NONE',  ( 157.2221001230162756, 12.99999999999999822, 49.72740125713122694 ) ) ;
#5091 = CARTESIAN_POINT ( 'NONE',  ( 104.1134395213499602, 12.99999999999999822, 44.92127444997887409 ) ) ;
#5092 = CARTESIAN_POINT ( 'NONE',  ( 164.8694347320850397, 13.00000000000000178, 54.06990912732151600 ) ) ;
#5093 = CARTESIAN_POINT ( 'NONE',  ( 173.7276078090081057, 13.00000000000000178, 56.37760143501382260 ) ) ;
#5094 = CARTESIAN_POINT ( 'NONE',  ( 84.00405011670042654, 10.00000000000000355, 56.76221681962920940 ) ) ;
#5095 = ADVANCED_FACE ( 'NONE', ( #7149 ), #5040, .T. ) ;
#5096 = DATE_AND_TIME ( #2848, #3040 ) ;
#5097 = B_SPLINE_SURFACE_WITH_KNOTS ( 'NONE', 3, 1, ( 
 ( #326, #5406 ),
 ( #2569, #946 ),
 ( #5986, #2014 ),
 ( #2639, #2490 ),
 ( #6494, #4152 ),
 ( #4891, #3704 ),
 ( #5948, #2603 ),
 ( #7083, #2048 ),
 ( #1347, #4293 ),
 ( #6534, #6384 ),
 ( #3598, #4743 ),
 ( #1088, #7156 ),
 ( #4405, #2231 ),
 ( #3373, #2156 ),
 ( #5473, #501 ),
 ( #4479, #1015 ),
 ( #5621, #2710 ),
 ( #2677, #4445 ),
 ( #6642, #4929 ) ),
 .UNSPECIFIED., .F., .F., .F.,
 ( 4, 1, 1, 1, 1, 1, 1, 1, 1, 1, 1, 1, 1, 1, 1, 1, 4 ),
 ( 2, 2 ),
 ( 0.000000000000000000, 0.06377453230563219500, 0.1260788099895058523, 0.1869040927472074842, 0.2475739349176193926, 0.3080033561644469620, 0.3691318984609776033, 0.4320332277442042179, 0.4967907944370911211, 0.5616108232295654590, 0.6249138657484626380, 0.6867263492419245496, 0.7480788332577706923, 0.8095822911398954380, 0.8716307425688268884, 0.9348858208285539817, 1.000000000000000000 ),
 ( 0.000000000000000000, 1.000000000000000000 ),
 .UNSPECIFIED. ) ;
#5098 = CARTESIAN_POINT ( 'NONE',  ( 138.4932328090081057, 13.00000000000000178, 36.76221681962920940 ) ) ;
#5099 = CARTESIAN_POINT ( 'NONE',  ( 215.8550116551619737, 10.00000000000000000, 34.06990912732151600 ) ) ;
#5100 = ORIENTED_EDGE ( 'NONE', *, *, #1329, .F. ) ;
#5101 = ORIENTED_EDGE ( 'NONE', *, *, #2474, .T. ) ;
#5102 = DIRECTION ( 'NONE',  ( 1.000000000000000000, 0.000000000000000000, 0.000000000000000000 ) ) ;
#5103 = CARTESIAN_POINT ( 'NONE',  ( 68.72760780900810573, 10.00000000000000000, 26.37760143501382260 ) ) ;
#5104 = CARTESIAN_POINT ( 'NONE',  ( 199.7070318634718546, 13.00000000000000533, 26.64512023788945072 ) ) ;
#5105 = CARTESIAN_POINT ( 'NONE',  ( 126.5174600535557943, 10.00000000000000000, 44.05946524728891944 ) ) ;
#5106 = CARTESIAN_POINT ( 'NONE',  ( 129.2676211118790661, 13.00000000000000178, 43.63544190279788637 ) ) ;
#5107 = ORIENTED_EDGE ( 'NONE', *, *, #5393, .T. ) ;
#5108 = ADVANCED_FACE ( 'NONE', ( #6118 ), #2330, .T. ) ;
#5109 = FACE_OUTER_BOUND ( 'NONE', #4925, .T. ) ;
#5110 = CARTESIAN_POINT ( 'NONE',  ( 251.8045308859312001, 9.999999999999998224, 45.18168797347536270 ) ) ;
#5111 = EDGE_LOOP ( 'NONE', ( #4956, #1267, #2165, #3151 ) ) ;
#5112 = CARTESIAN_POINT ( 'NONE',  ( 141.6710036237731458, 13.00000000000000178, 56.43905746202364071 ) ) ;
#5113 = CARTESIAN_POINT ( 'NONE',  ( 116.6978314474285412, 10.00000000000000000, 55.48390832421141994 ) ) ;
#5114 = CARTESIAN_POINT ( 'NONE',  ( 87.76436675758066031, 10.00000000000000355, 56.21964696543575712 ) ) ;
#5115 = ADVANCED_FACE ( 'NONE', ( #54 ), #1263, .T. ) ;
#5116 = CARTESIAN_POINT ( 'NONE',  ( 224.0284194981590531, 12.99999999999999822, 53.39086388262521865 ) ) ;
#5117 = ORIENTED_EDGE ( 'NONE', *, *, #6789, .F. ) ;
#5118 = CARTESIAN_POINT ( 'NONE',  ( 139.7666728684459656, 10.00000000000000178, 34.09357540000946329 ) ) ;
#5119 = ORIENTED_EDGE ( 'NONE', *, *, #2732, .F. ) ;
#5120 = CARTESIAN_POINT ( 'NONE',  ( 227.1891462705465585, 13.00000000000000178, 45.47615912732151600 ) ) ;
#5121 = CARTESIAN_POINT ( 'NONE',  ( 118.1760248417843400, 12.99999999999999822, 48.59659844525858574 ) ) ;
#5122 = CARTESIAN_POINT ( 'NONE',  ( 133.9742426927812460, 10.00000000000000178, 37.72814835530725475 ) ) ;
#5123 = CARTESIAN_POINT ( 'NONE',  ( 223.5102659986143578, 10.00000000000000355, 41.37203762034374677 ) ) ;
#5124 = EDGE_CURVE ( 'NONE', #2463, #1061, #4105, .T. ) ;
#5125 = LINE ( 'NONE', #6286, #5028 ) ;
#5126 = DIRECTION ( 'NONE',  ( -0.000000000000000000, -1.000000000000000000, -0.000000000000000000 ) ) ;
#5127 = CARTESIAN_POINT ( 'NONE',  ( 104.1157662993163342, 12.99999999999999822, 45.49225406176356756 ) ) ;
#5128 = FACE_OUTER_BOUND ( 'NONE', #1081, .T. ) ;
#5130 = VECTOR ( 'NONE', #6264, 1000.000000000000000 ) ;
#5129 = CARTESIAN_POINT ( 'NONE',  ( 243.5043566021298886, 12.99999999999999822, 36.77306022898025617 ) ) ;
#5131 = CARTESIAN_POINT ( 'NONE',  ( 215.8429924243927189, 10.00000000000000000, 54.06990912732151600 ) ) ;
#5132 = B_SPLINE_CURVE_WITH_KNOTS ( 'NONE', 3,
 ( #838, #4714, #3535, #1351, #4124, #3603, #6322, #3016, #5846, #5915, #7017, #3641, #5881, #1981, #807 ),
 .UNSPECIFIED., .F., .F.,
 ( 4, 1, 1, 1, 1, 1, 1, 1, 1, 1, 1, 1, 4 ),
 ( 0.000000000000000000, 0.06048671878424762005, 0.1197159334053024549, 0.1780861642555809365, 0.2359713213676928045, 0.2946097683616256124, 0.3535360182612490854, 0.4131613089451967591, 0.4745453087944144221, 0.5992335172031756363, 0.7270292124547209633, 0.8596954264724339101, 1.000000000000000000 ),
 .UNSPECIFIED. ) ;
#5133 = EDGE_CURVE ( 'NONE', #5650, #3761, #5212, .T. ) ;
#5134 = VECTOR ( 'NONE', #2958, 1000.000000000000000 ) ;
#5135 = CIRCLE ( 'NONE', #2899, 1.500000000000001332 ) ;
#5136 = B_SPLINE_CURVE_WITH_KNOTS ( 'NONE', 3,
 ( #2664, #3768, #1372, #6562, #4248, #6958, #7036, #6519, #6407, #6484, #5350 ),
 .UNSPECIFIED., .F., .F.,
 ( 4, 1, 1, 1, 1, 1, 1, 1, 4 ),
 ( 0.000000000000000000, 0.1289191318119613239, 0.2552377249249072055, 0.3786785959785498590, 0.5010878871851329741, 0.6227136794297774003, 0.7462407949383820238, 0.8715890472316704107, 1.000000000000000000 ),
 .UNSPECIFIED. ) ;
#5137 = DIRECTION ( 'NONE',  ( 0.000000000000000000, 0.000000000000000000, 1.000000000000000000 ) ) ;
#5138 = DIRECTION ( 'NONE',  ( 0.000000000000000000, 0.000000000000000000, 1.000000000000000000 ) ) ;
#5139 = ORIENTED_EDGE ( 'NONE', *, *, #4961, .T. ) ;
#5140 = ORIENTED_EDGE ( 'NONE', *, *, #5170, .F. ) ;
#5141 = CARTESIAN_POINT ( 'NONE',  ( 226.7852494175676554, 13.00000000000000178, 42.26942716819225154 ) ) ;
#5142 = CARTESIAN_POINT ( 'NONE',  ( 196.0353001167004265, 10.00000000000000000, 56.37760143501382260 ) ) ;
#5143 = CARTESIAN_POINT ( 'NONE',  ( 197.3694347320850397, 10.00000000000000000, 25.22375528116766930 ) ) ;
#5144 = CARTESIAN_POINT ( 'NONE',  ( 130.4844697347684530, 9.999999999999996447, 36.86692256097850162 ) ) ;
#5145 = VECTOR ( 'NONE', #906, 1000.000000000000000 ) ;
#5146 = VECTOR ( 'NONE', #2146, 1000.000000000000000 ) ;
#5147 = VECTOR ( 'NONE', #1022, 1000.000000000000000 ) ;
#5148 = VECTOR ( 'NONE', #3983, 1000.000000000000000 ) ;
#5149 = CARTESIAN_POINT ( 'NONE',  ( 131.1501099195947688, 10.00000000000000000, 39.89388272226091914 ) ) ;
#5150 = ORIENTED_EDGE ( 'NONE', *, *, #2230, .T. ) ;
#5151 = CARTESIAN_POINT ( 'NONE',  ( 155.2332679647015254, 13.00000000000000178, 39.10513232824222740 ) ) ;
#5152 = CARTESIAN_POINT ( 'NONE',  ( 244.0131066508862432, 9.999999999999994671, 34.08486794538890052 ) ) ;
#5153 = VERTEX_POINT ( 'NONE', #2363 ) ;
#5154 = CARTESIAN_POINT ( 'NONE',  ( 185.2660693474696529, 10.00000000000000000, 25.60837066578305254 ) ) ;
#5155 = CARTESIAN_POINT ( 'NONE',  ( 88.57925529148157295, 9.999999999999996447, 52.95638920235245450 ) ) ;
#5156 = CARTESIAN_POINT ( 'NONE',  ( 251.8045308859312001, 9.999999999999998224, 45.18168797347536270 ) ) ;
#5157 = AXIS2_PLACEMENT_3D ( 'NONE', #1127, #5077, #3382 ) ;
#5158 = CARTESIAN_POINT ( 'NONE',  ( 220.3944302567643945, 10.00000000000000000, 55.93445609116771777 ) ) ;
#5159 = ORIENTED_EDGE ( 'NONE', *, *, #3019, .T. ) ;
#5160 = CARTESIAN_POINT ( 'NONE',  ( 77.66659897315490468, 13.00000000000000178, 54.90598210148768743 ) ) ;
#5161 = ORIENTED_EDGE ( 'NONE', *, *, #4459, .F. ) ;
#5162 = ADVANCED_FACE ( 'NONE', ( #2927 ), #4618, .T. ) ;
#5163 = FACE_OUTER_BOUND ( 'NONE', #764, .T. ) ;
#5164 = CARTESIAN_POINT ( 'NONE',  ( 164.8934731936235210, 13.00000000000000178, 36.76221681962920940 ) ) ;
#5165 = CARTESIAN_POINT ( 'NONE',  ( 210.2980291503153865, 9.999999999999998224, 55.45927162691315715 ) ) ;
#5166 = ADVANCED_FACE ( 'NONE', ( #4505 ), #6191, .T. ) ;
#5167 = CARTESIAN_POINT ( 'NONE',  ( 223.0609792008055479, 9.999999999999996447, 40.65178281699719776 ) ) ;
#5168 = B_SPLINE_SURFACE_WITH_KNOTS ( 'NONE', 3, 1, ( 
 ( #2227, #5143 ),
 ( #100, #3923 ),
 ( #2337, #6745 ),
 ( #5185, #4590 ),
 ( #3330, #4476 ),
 ( #2856, #1706 ),
 ( #6160, #1118 ),
 ( #5104, #249 ),
 ( #1338, #3110 ),
 ( #3660, #1926 ),
 ( #3520, #1373 ) ),
 .UNSPECIFIED., .F., .F., .F.,
 ( 4, 1, 1, 1, 1, 1, 1, 1, 4 ),
 ( 2, 2 ),
 ( 0.000000000000000000, 0.1318992643310784307, 0.2582840923169735237, 0.3843411247791039820, 0.5119796151257163253, 0.6386320084211462023, 0.7592297631645879008, 0.8774121680352047203, 0.9999999999999998890 ),
 ( 0.000000000000000000, 1.000000000000000000 ),
 .UNSPECIFIED. ) ;
#5169 = FACE_OUTER_BOUND ( 'NONE', #5845, .T. ) ;
#5170 = EDGE_CURVE ( 'NONE', #2749, #2420, #4200, .T. ) ;
#5171 = CARTESIAN_POINT ( 'NONE',  ( 235.3247683422680439, 10.00000000000000000, 45.64827782982003157 ) ) ;
#5172 = CARTESIAN_POINT ( 'NONE',  ( 129.1350665797679937, 13.00000000000000178, 44.48425339630494335 ) ) ;
#5173 = DIRECTION ( 'NONE',  ( -0.000000000000000000, -1.000000000000000000, -0.000000000000000000 ) ) ;
#5174 = LINE ( 'NONE', #4058, #5134 ) ;
#5175 = DIRECTION ( 'NONE',  ( 0.000000000000000000, -0.000000000000000000, -1.000000000000000000 ) ) ;
#5176 = CARTESIAN_POINT ( 'NONE',  ( 54.49683857823887934, 10.00000000000000000, 53.30067835809074950 ) ) ;
#5177 = B_SPLINE_CURVE_WITH_KNOTS ( 'NONE', 3,
 ( #388, #3631, #4220, #5871, #3078, #3664, #1971, #2563, #7040, #2005, #6488 ),
 .UNSPECIFIED., .F., .F.,
 ( 4, 1, 1, 1, 1, 1, 1, 1, 4 ),
 ( 0.000000000000000000, 0.1736165757486500816, 0.3321203769789023985, 0.4779362767239450638, 0.6099318098113857278, 0.7270315210379777460, 0.8316714227513101187, 0.9217154761224310988, 1.000000000000000000 ),
 .UNSPECIFIED. ) ;
#5178 = EDGE_CURVE ( 'NONE', #2403, #5400, #1187, .T. ) ;
#5179 = CARTESIAN_POINT ( 'NONE',  ( 166.6666666666666288, 10.00000000000000000, 96.43724644492834841 ) ) ;
#5180 = CARTESIAN_POINT ( 'NONE',  ( 126.4199155013158418, 10.00000000000000000, 45.59635143501382970 ) ) ;
#5181 = CARTESIAN_POINT ( 'NONE',  ( 235.5535347914592137, 10.00000000000000000, 38.05019952497703883 ) ) ;
#5182 = EDGE_LOOP ( 'NONE', ( #3193, #7014, #7231, #2349 ) ) ;
#5183 = FACE_OUTER_BOUND ( 'NONE', #291, .T. ) ;
#5184 = CARTESIAN_POINT ( 'NONE',  ( 128.8905260024659469, 12.99999999999999822, 38.50132013896843119 ) ) ;
#5185 = CARTESIAN_POINT ( 'NONE',  ( 198.3367403604297294, 12.99999999999999822, 25.37663642560739419 ) ) ;
#5186 = CARTESIAN_POINT ( 'NONE',  ( 129.7688944604065000, 10.00000000000000000, 42.03867125475500899 ) ) ;
#5187 = EDGE_CURVE ( 'NONE', #2420, #2749, #1135, .T. ) ;
#5188 = ORIENTED_EDGE ( 'NONE', *, *, #2644, .T. ) ;
#5189 = CARTESIAN_POINT ( 'NONE',  ( 162.5714554663958040, 13.00000000000000178, 34.25470934172790294 ) ) ;
#5190 = LINE ( 'NONE', #7268, #4429 ) ;
#5191 = ORIENTED_EDGE ( 'NONE', *, *, #665, .F. ) ;
#5192 = CARTESIAN_POINT ( 'NONE',  ( 204.9236546916693271, 12.99999999999999467, 48.70824916815978867 ) ) ;
#5193 = CARTESIAN_POINT ( 'NONE',  ( 111.5141867891158824, 13.00000000000000178, 56.75941727792672964 ) ) ;
#5194 = CARTESIAN_POINT ( 'NONE',  ( 85.29881703065102272, 10.00000000000000000, 56.73204691656189880 ) ) ;
#5195 = EDGE_CURVE ( 'NONE', #2678, #448, #637, .T. ) ;
#5196 = EDGE_LOOP ( 'NONE', ( #4433, #586 ) ) ;
#5197 = CARTESIAN_POINT ( 'NONE',  ( 225.9635592248193348, 13.00000000000000533, 50.69460513278718139 ) ) ;
#5198 = ORIENTED_EDGE ( 'NONE', *, *, #4875, .F. ) ;
#5199 = CARTESIAN_POINT ( 'NONE',  ( 72.76562203108295535, 10.00000000000000178, 47.63966549222367775 ) ) ;
#5200 = EDGE_LOOP ( 'NONE', ( #4115, #7204 ) ) ;
#5201 = CARTESIAN_POINT ( 'NONE',  ( 249.1105671248897124, 9.999999999999996447, 45.76662333562447316 ) ) ;
#5202 = CARTESIAN_POINT ( 'NONE',  ( 185.2660693474696529, 13.00000000000000178, 25.60837066578305254 ) ) ;
#5203 = CARTESIAN_POINT ( 'NONE',  ( 100.0000000000000142, 10.00000000000000000, 97.93724644492834841 ) ) ;
#5204 = CARTESIAN_POINT ( 'NONE',  ( 33.33333333333334991, 10.00000000000000000, 96.43724644492834841 ) ) ;
#5205 = FACE_OUTER_BOUND ( 'NONE', #2053, .T. ) ;
#5206 = CARTESIAN_POINT ( 'NONE',  ( 224.4968385782389078, 13.00000000000000178, 45.49418797347536980 ) ) ;
#5207 = DIRECTION ( 'NONE',  ( 0.000000000000000000, 0.000000000000000000, 1.000000000000000000 ) ) ;
#5208 = DIRECTION ( 'NONE',  ( 0.000000000000000000, 1.000000000000000000, 0.000000000000000000 ) ) ;
#5209 = DIRECTION ( 'NONE',  ( 0.000000000000000000, 0.000000000000000000, -1.000000000000000000 ) ) ;
#5210 = CARTESIAN_POINT ( 'NONE',  ( 146.4740020397773321, 13.00000000000000178, 50.22375528116766930 ) ) ;
#5211 = PERSON_AND_ORGANIZATION ( #3599, #2096 ) ;
#5212 = LINE ( 'NONE', #5611, #903 ) ;
#5213 = DIRECTION ( 'NONE',  ( 0.000000000000000000, 0.000000000000000000, -1.000000000000000000 ) ) ;
#5214 = CARTESIAN_POINT ( 'NONE',  ( 75.90993413615807128, 13.00000000000000178, 53.45030617205737400 ) ) ;
#5215 = VERTEX_POINT ( 'NONE', #19 ) ;
#5216 = DIRECTION ( 'NONE',  ( -1.000000000000000000, 0.000000000000000000, -0.000000000000000000 ) ) ;
#5217 = CARTESIAN_POINT ( 'NONE',  ( 129.3794774557733831, 13.00000000000000178, 37.91486500630254852 ) ) ;
#5218 = CARTESIAN_POINT ( 'NONE',  ( 77.87208601619354909, 10.00000000000000000, 51.56446602506200350 ) ) ;
#5219 = CARTESIAN_POINT ( 'NONE',  ( 157.2221001230162756, 12.99999999999999822, 49.72740125713122694 ) ) ;
#5220 = ORIENTED_EDGE ( 'NONE', *, *, #2068, .T. ) ;
#5221 = CARTESIAN_POINT ( 'NONE',  ( 91.01073649867106496, 10.00000000000000178, 39.88285603787952738 ) ) ;
#5222 = PLANE ( 'NONE',  #3013 ) ;
#5223 = B_SPLINE_SURFACE_WITH_KNOTS ( 'NONE', 3, 1, ( 
 ( #3801, #7212 ),
 ( #1588, #3212 ),
 ( #5460, #2075 ),
 ( #4389, #6594 ),
 ( #2113, #1107 ),
 ( #1555, #519 ),
 ( #2728, #6150 ),
 ( #4466, #6628 ),
 ( #6665, #2176 ),
 ( #416, #4980 ),
 ( #4950, #381 ) ),
 .UNSPECIFIED., .F., .F., .F.,
 ( 4, 1, 1, 1, 1, 1, 1, 1, 4 ),
 ( 2, 2 ),
 ( 0.000000000000000000, 0.1288840014739252859, 0.2529849718578371376, 0.3742104371825973885, 0.4941015128996898431, 0.6147527632399870656, 0.7385110703733294146, 0.8662425140769299814, 1.000000000000000000 ),
 ( 0.000000000000000000, 1.000000000000000000 ),
 .UNSPECIFIED. ) ;
#5224 = CARTESIAN_POINT ( 'NONE',  ( 204.6791024687979643, 10.00000000000000000, 47.66086506136123546 ) ) ;
#5225 = CARTESIAN_POINT ( 'NONE',  ( 92.95837703977734634, 9.999999999999996447, 45.46413989655228249 ) ) ;
#5226 = ADVANCED_FACE ( 'NONE', ( #93 ), #2850, .T. ) ;
#5227 = EDGE_CURVE ( 'NONE', #4814, #2481, #1153, .T. ) ;
#5228 = EDGE_CURVE ( 'NONE', #5215, #4944, #2734, .T. ) ;
#5229 = LINE ( 'NONE', #4602, #1955 ) ;
#5230 = ORIENTED_EDGE ( 'NONE', *, *, #6998, .F. ) ;
#5231 = CARTESIAN_POINT ( 'NONE',  ( 117.7185910288709465, 9.999999999999998224, 54.77449994293048974 ) ) ;
#5232 = VERTEX_POINT ( 'NONE', #3547 ) ;
#5233 = CARTESIAN_POINT ( 'NONE',  ( 248.8751958768476982, 12.99999999999999822, 41.45163731699150134 ) ) ;
#5234 = LINE ( 'NONE', #5202, #6531 ) ;
#5235 = CARTESIAN_POINT ( 'NONE',  ( 205.7224262642426424, 9.999999999999998224, 50.69460416869960540 ) ) ;
#5236 = CARTESIAN_POINT ( 'NONE',  ( 219.1422924269758425, 12.99999999999999822, 37.38402468373432441 ) ) ;
#5237 = CARTESIAN_POINT ( 'NONE',  ( 204.5255294793951180, 13.00000000000000533, 44.38256528472944495 ) ) ;
#5238 = CARTESIAN_POINT ( 'NONE',  ( 156.6971681567759447, 9.999999999999998224, 48.68802131267675293 ) ) ;
#5239 = CARTESIAN_POINT ( 'NONE',  ( 208.9558126944748437, 13.00000000000000533, 50.81068572931047811 ) ) ;
#5240 = CARTESIAN_POINT ( 'NONE',  ( 219.1847791124924640, 9.999999999999996447, 53.47231583404132493 ) ) ;
#5241 = CARTESIAN_POINT ( 'NONE',  ( 80.72224796160058702, 13.00000000000000178, 37.37864197663828492 ) ) ;
#5242 = CARTESIAN_POINT ( 'NONE',  ( 85.02960080415368793, 12.99999999999999822, 36.77853332741074155 ) ) ;
#5243 = VECTOR ( 'NONE', #2509, 1000.000000000000000 ) ;
#5244 = CARTESIAN_POINT ( 'NONE',  ( 126.8176675678941763, 10.00000000000000000, 42.57218297862775813 ) ) ;
#5245 = CARTESIAN_POINT ( 'NONE',  ( 126.4298378748761280, 10.00000000000000178, 45.97759267008805040 ) ) ;
#5246 = CARTESIAN_POINT ( 'NONE',  ( 160.4831264001695956, 10.00000000000000000, 52.94212741259027410 ) ) ;
#5247 = ORIENTED_EDGE ( 'NONE', *, *, #4385, .T. ) ;
#5248 = CARTESIAN_POINT ( 'NONE',  ( 91.84087746333285907, 10.00000000000000000, 49.86343991010986798 ) ) ;
#5249 = CARTESIAN_POINT ( 'NONE',  ( 87.91445956447820720, 13.00000000000000178, 34.70001520915453597 ) ) ;
#5250 = CARTESIAN_POINT ( 'NONE',  ( 224.4831021475732484, 10.00000000000000000, 45.87779372879010964 ) ) ;
#5251 = AXIS2_PLACEMENT_3D ( 'NONE', #768, #3017, #5268 ) ;
#5252 = EDGE_CURVE ( 'NONE', #7016, #1491, #4840, .T. ) ;
#5253 = CARTESIAN_POINT ( 'NONE',  ( 191.8045308859312001, 13.00000000000000178, 37.14683220424458909 ) ) ;
#5254 = ORIENTED_EDGE ( 'NONE', *, *, #5630, .F. ) ;
#5255 = CARTESIAN_POINT ( 'NONE',  ( 249.1122231936234925, 13.00000000000000178, 46.06510143501382260 ) ) ;
#5256 = VECTOR ( 'NONE', #377, 1000.000000000000000 ) ;
#5257 = CARTESIAN_POINT ( 'NONE',  ( 238.0221849455557503, 10.00000000000000355, 35.68565898416476045 ) ) ;
#5258 = CARTESIAN_POINT ( 'NONE',  ( 214.6445066903093846, 10.00000000000000000, 56.73124849930004387 ) ) ;
#5259 = PLANE ( 'NONE',  #4540 ) ;
#5260 = EDGE_CURVE ( 'NONE', #1370, #6971, #5789, .T. ) ;
#5261 = AXIS2_PLACEMENT_3D ( 'NONE', #5768, #1787, #1274 ) ;
#5262 = CARTESIAN_POINT ( 'NONE',  ( 222.3298364312694844, 10.00000000000000355, 54.86938803416907717 ) ) ;
#5263 = EDGE_LOOP ( 'NONE', ( #5684, #5872, #5836, #901 ) ) ;
#5264 = CARTESIAN_POINT ( 'NONE',  ( 120.8959664082377685, 9.999999999999996447, 48.16904624400029888 ) ) ;
#5265 = ORIENTED_EDGE ( 'NONE', *, *, #2557, .F. ) ;
#5266 = CARTESIAN_POINT ( 'NONE',  ( 248.9383242493929345, 9.999999999999996447, 41.88114768070136051 ) ) ;
#5268 = DIRECTION ( 'NONE',  ( 0.000000000000000000, 0.000000000000000000, 1.000000000000000000 ) ) ;
#5267 = VECTOR ( 'NONE', #3266, 1000.000000000000000 ) ;
#5269 = CARTESIAN_POINT ( 'NONE',  ( 129.1274739268645249, 10.00000000000000000, 45.73970291418198286 ) ) ;
#5270 = DIRECTION ( 'NONE',  ( 0.000000000000000000, -0.000000000000000000, 1.000000000000000000 ) ) ;
#5271 = VECTOR ( 'NONE', #7215, 1000.000000000000000 ) ;
#5272 = ORIENTED_EDGE ( 'NONE', *, *, #1423, .T. ) ;
#5273 = DIRECTION ( 'NONE',  ( 1.000000000000000000, -0.000000000000000000, -0.000000000000000000 ) ) ;
#5274 = DIRECTION ( 'NONE',  ( 0.000000000000000000, 0.000000000000000000, 1.000000000000000000 ) ) ;
#5275 = CARTESIAN_POINT ( 'NONE',  ( 132.4567877632179602, 13.00000000000000178, 38.66980375328689945 ) ) ;
#5276 = ADVANCED_FACE ( 'NONE', ( #4759 ), #1213, .T. ) ;
#5277 = CYLINDRICAL_SURFACE ( 'NONE', #4324, 1.500000000000001332 ) ;
#5278 = CARTESIAN_POINT ( 'NONE',  ( 3.535533905932737309, 10.00000000000000000, 5.185533905932738108 ) ) ;
#5279 = CARTESIAN_POINT ( 'NONE',  ( 194.8814539628542661, 10.00000000000000178, 27.54346681962920584 ) ) ;
#5280 = CARTESIAN_POINT ( 'NONE',  ( 127.3140918260885144, 10.00000000000000533, 41.13913962400169311 ) ) ;
#5281 = B_SPLINE_SURFACE_WITH_KNOTS ( 'NONE', 3, 1, ( 
 ( #6456, #253 ),
 ( #1416, #1380 ),
 ( #7006, #319 ),
 ( #864, #2486 ),
 ( #5324, #7043 ),
 ( #5873, #4740 ),
 ( #2522, #4816 ),
 ( #358, #3047 ),
 ( #4772, #6528 ),
 ( #6966, #3153 ),
 ( #5436, #3590 ),
 ( #7114, #3189 ),
 ( #1973, #1492 ),
 ( #3118, #1931 ),
 ( #3633, #2085 ) ),
 .UNSPECIFIED., .F., .F., .F.,
 ( 4, 1, 1, 1, 1, 1, 1, 1, 1, 1, 1, 1, 4 ),
 ( 2, 2 ),
 ( 0.000000000000000000, 0.08592051741176787161, 0.1695934351247442295, 0.2524755148685387529, 0.3362444769570503422, 0.4195045210415727088, 0.5020359066440894802, 0.5847746476768715951, 0.6698464747058006097, 0.7541848663887863458, 0.8366582383293271752, 0.9180097257088053464, 1.000000000000000000 ),
 ( 0.000000000000000000, 1.000000000000000000 ),
 .UNSPECIFIED. ) ;
#5282 = CARTESIAN_POINT ( 'NONE',  ( 131.0936546692717570, 10.00000000000000355, 36.39756720957432634 ) ) ;
#5283 = CARTESIAN_POINT ( 'NONE',  ( 194.8814539628542661, 10.00000000000000178, 27.54346681962920584 ) ) ;
#5284 = CARTESIAN_POINT ( 'NONE',  ( 145.7596405869670662, 10.00000000000000533, 54.70717769178786227 ) ) ;
#5285 = VERTEX_POINT ( 'NONE', #6558 ) ;
#5286 = CARTESIAN_POINT ( 'NONE',  ( 108.9560167829814077, 10.00000000000000000, 53.81157642012874476 ) ) ;
#5287 = DIRECTION ( 'NONE',  ( -0.000000000000000000, -1.000000000000000000, -0.000000000000000000 ) ) ;
#5288 = CARTESIAN_POINT ( 'NONE',  ( 224.4968385782389078, 13.00000000000000178, 45.49418797347536980 ) ) ;
#5289 = CARTESIAN_POINT ( 'NONE',  ( 159.4361677999648634, 9.999999999999992895, 35.34409976131067310 ) ) ;
#5290 = APPROVAL ( #3949, 'UNSPECIFIED' ) ;
#5291 = ORIENTED_EDGE ( 'NONE', *, *, #6396, .T. ) ;
#5292 = CARTESIAN_POINT ( 'NONE',  ( 196.0353001167004265, 13.00000000000000178, 56.37760143501382260 ) ) ;
#5293 = DIRECTION ( 'NONE',  ( 1.000000000000000000, 0.000000000000000000, -0.000000000000000000 ) ) ;
#5294 = LINE ( 'NONE', #1975, #896 ) ;
#5295 = CARTESIAN_POINT ( 'NONE',  ( 105.7763065485787735, 10.00000000000000178, 55.48581878813611468 ) ) ;
#5296 = ORIENTED_EDGE ( 'NONE', *, *, #2052, .F. ) ;
#5297 = LINE ( 'NONE', #5776, #1943 ) ;
#5298 = ORIENTED_EDGE ( 'NONE', *, *, #606, .F. ) ;
#5299 = CARTESIAN_POINT ( 'NONE',  ( 146.2268889079662131, 12.99999999999999822, 40.30127014716739353 ) ) ;
#5300 = CARTESIAN_POINT ( 'NONE',  ( 91.01073649867106496, 13.00000000000000178, 39.88285603787952738 ) ) ;
#5301 = DIRECTION ( 'NONE',  ( -0.000000000000000000, -1.000000000000000000, -0.000000000000000000 ) ) ;
#5302 = CARTESIAN_POINT ( 'NONE',  ( 237.4661838762625905, 10.00000000000000000, 39.30836470766579538 ) ) ;
#5303 = VERTEX_POINT ( 'NONE', #413 ) ;
#5304 = CARTESIAN_POINT ( 'NONE',  ( 206.1737032581000335, 9.999999999999996447, 39.40504934708306450 ) ) ;
#5305 = CARTESIAN_POINT ( 'NONE',  ( 144.7594011711035478, 10.00000000000000000, 35.48441198717918610 ) ) ;
#5306 = CARTESIAN_POINT ( 'NONE',  ( 208.3266165343556509, 12.99999999999999822, 49.86206620326450434 ) ) ;
#5307 = CARTESIAN_POINT ( 'NONE',  ( 146.4740020397773321, 10.00000000000000000, 50.22375528116766930 ) ) ;
#5308 = CARTESIAN_POINT ( 'NONE',  ( 75.54325275811478946, 13.00000000000000178, 47.61098666643685817 ) ) ;
#5309 = CARTESIAN_POINT ( 'NONE',  ( 227.1607005421022905, 12.99999999999999822, 44.37855023952668887 ) ) ;
#5310 = DIRECTION ( 'NONE',  ( 1.000000000000000000, 0.000000000000000000, 0.000000000000000000 ) ) ;
#5311 = CARTESIAN_POINT ( 'NONE',  ( 133.8628308628343007, 10.00000000000000000, 34.90969852939176121 ) ) ;
#5312 = EDGE_CURVE ( 'NONE', #5723, #6496, #4278, .T. ) ;
#5313 = CARTESIAN_POINT ( 'NONE',  ( 171.2240347072633426, 13.00000000000000178, 51.62126537154138362 ) ) ;
#5314 = CARTESIAN_POINT ( 'NONE',  ( 146.8860198963103016, 9.999999999999998224, 53.84052403128450237 ) ) ;
#5315 = VERTEX_POINT ( 'NONE', #5496 ) ;
#5316 = CARTESIAN_POINT ( 'NONE',  ( 169.8338854291200732, 13.00000000000000178, 35.10941604408877481 ) ) ;
#5317 = CARTESIAN_POINT ( 'NONE',  ( 126.4199155013158418, 13.00000000000000178, 45.59635143501382970 ) ) ;
#5318 = CARTESIAN_POINT ( 'NONE',  ( 84.10020396285426614, 10.00000000000000000, 54.06990912732151600 ) ) ;
#5319 = CARTESIAN_POINT ( 'NONE',  ( 92.65478740583883166, 10.00000000000000000, 52.92873064696009067 ) ) ;
#5320 = ORIENTED_EDGE ( 'NONE', *, *, #2795, .T. ) ;
#5321 = CARTESIAN_POINT ( 'NONE',  ( 154.6510272188084230, 9.999999999999996447, 40.04288111408454398 ) ) ;
#5322 = CARTESIAN_POINT ( 'NONE',  ( 156.3167662494118133, 9.999999999999998224, 43.15727347485353960 ) ) ;
#5323 = ORIENTED_EDGE ( 'NONE', *, *, #5765, .T. ) ;
#5324 = CARTESIAN_POINT ( 'NONE',  ( 80.72224796160058702, 13.00000000000000178, 37.37864197663828492 ) ) ;
#5325 = CARTESIAN_POINT ( 'NONE',  ( 135.9853642823489110, 9.999999999999998224, 53.81433138705607888 ) ) ;
#5326 = DIRECTION ( 'NONE',  ( 0.000000000000000000, -0.000000000000000000, -1.000000000000000000 ) ) ;
#5327 = ADVANCED_FACE ( 'NONE', ( #5424 ), #4037, .T. ) ;
#5328 = CARTESIAN_POINT ( 'NONE',  ( 91.07283312081895588, 13.00000000000000178, 54.47347302048313367 ) ) ;
#5329 = VERTEX_POINT ( 'NONE', #2725 ) ;
#5330 = CYLINDRICAL_SURFACE ( 'NONE', #531, 1.500000000000001332 ) ;
#5331 = ORIENTED_EDGE ( 'NONE', *, *, #406, .F. ) ;
#5332 = CARTESIAN_POINT ( 'NONE',  ( 138.4932328090081057, 13.00000000000000178, 36.76221681962920940 ) ) ;
#5333 = CARTESIAN_POINT ( 'NONE',  ( 87.56298030021935119, 13.00000000000000178, 37.37345188199132906 ) ) ;
#5334 = DIRECTION ( 'NONE',  ( -0.000000000000000000, -1.000000000000000000, -0.000000000000000000 ) ) ;
#5335 = FACE_OUTER_BOUND ( 'NONE', #6995, .T. ) ;
#5336 = VERTEX_POINT ( 'NONE', #2694 ) ;
#5337 = CARTESIAN_POINT ( 'NONE',  ( 171.2240347072633426, 10.00000000000000000, 51.62126537154138362 ) ) ;
#5338 = CARTESIAN_POINT ( 'NONE',  ( 139.7666728684459656, 13.00000000000000178, 34.09357540000946329 ) ) ;
#5339 = CARTESIAN_POINT ( 'NONE',  ( 145.7043696140950146, 10.00000000000000000, 51.13336437261948220 ) ) ;
#5340 = CARTESIAN_POINT ( 'NONE',  ( 199.4755266386477217, 10.00000000000000178, 28.82367296574635063 ) ) ;
#5341 = CARTESIAN_POINT ( 'NONE',  ( 140.8308848654252756, 13.00000000000000178, 53.85234640712121745 ) ) ;
#5342 = CARTESIAN_POINT ( 'NONE',  ( 114.5886416286365659, 13.00000000000000533, 53.46329881252448502 ) ) ;
#5343 = LINE ( 'NONE', #344, #5838 ) ;
#5344 = ADVANCED_FACE ( 'NONE', ( #4352 ), #2623, .T. ) ;
#5345 = CARTESIAN_POINT ( 'NONE',  ( 127.6406237825277969, 12.99999999999999822, 40.44532814260757903 ) ) ;
#5346 = CARTESIAN_POINT ( 'NONE',  ( 167.1774958506304927, 13.00000000000000178, 53.81068570307287047 ) ) ;
#5347 = CARTESIAN_POINT ( 'NONE',  ( 164.3861269959380138, 13.00000000000000178, 56.75170505732219084 ) ) ;
#5348 = ORIENTED_EDGE ( 'NONE', *, *, #948, .T. ) ;
#5349 = CARTESIAN_POINT ( 'NONE',  ( 105.1770111689979359, 10.00000000000000355, 51.13274497731458013 ) ) ;
#5350 = CARTESIAN_POINT ( 'NONE',  ( 207.5016462705465585, 10.00000000000000000, 37.69971681962920940 ) ) ;
#5351 = CARTESIAN_POINT ( 'NONE',  ( 221.9888972176958077, 13.00000000000000178, 51.66056439072934126 ) ) ;
#5352 = DIRECTION ( 'NONE',  ( 1.000000000000000000, 0.000000000000000000, 0.000000000000000000 ) ) ;
#5353 = ADVANCED_FACE ( 'NONE', ( #3728 ), #5968, .T. ) ;
#5354 = CARTESIAN_POINT ( 'NONE',  ( 157.5664648379403161, 13.00000000000000178, 36.59660742638341446 ) ) ;
#5355 = CARTESIAN_POINT ( 'NONE',  ( 199.8814539628542661, 13.00000000000000178, 27.54346681962920584 ) ) ;
#5356 = ORIENTED_EDGE ( 'NONE', *, *, #386, .T. ) ;
#5357 = ORIENTED_EDGE ( 'NONE', *, *, #3094, .T. ) ;
#5358 = CARTESIAN_POINT ( 'NONE',  ( 79.67204854949740422, 13.00000000000000178, 34.88421282154197200 ) ) ;
#5359 = CARTESIAN_POINT ( 'NONE',  ( 241.2459273759858149, 10.00000000000000000, 34.30466168834772134 ) ) ;
#5360 = EDGE_CURVE ( 'NONE', #5792, #2420, #928, .T. ) ;
#5361 = LINE ( 'NONE', #1051, #2897 ) ;
#5362 = CIRCLE ( 'NONE', #3712, 1.650000000000000355 ) ;
#5363 = AXIS2_PLACEMENT_3D ( 'NONE', #1436, #4756, #6475 ) ;
#5364 = CARTESIAN_POINT ( 'NONE',  ( 107.5794763217917307, 10.00000000000000000, 56.26634657121827843 ) ) ;
#5365 = ORIENTED_EDGE ( 'NONE', *, *, #2763, .F. ) ;
#5366 = VECTOR ( 'NONE', #4365, 1000.000000000000000 ) ;
#5367 = CARTESIAN_POINT ( 'NONE',  ( 119.3557040653915351, 10.00000000000000355, 52.98763072328581103 ) ) ;
#5368 = ORIENTED_EDGE ( 'NONE', *, *, #10, .F. ) ;
#5369 = CARTESIAN_POINT ( 'NONE',  ( 145.7404886630507406, 12.99999999999999822, 39.69679491603125143 ) ) ;
#5370 = CARTESIAN_POINT ( 'NONE',  ( 91.53278321067327283, 13.00000000000000178, 40.56731213550532544 ) ) ;
#5371 = CARTESIAN_POINT ( 'NONE',  ( 130.9884629208514184, 13.00000000000000178, 50.72312531689994586 ) ) ;
#5372 = LINE ( 'NONE', #1984, #3369 ) ;
#5373 = VECTOR ( 'NONE', #819, 1000.000000000000000 ) ;
#5374 = AXIS2_PLACEMENT_3D ( 'NONE', #2847, #5716, #2730 ) ;
#5375 = ORIENTED_EDGE ( 'NONE', *, *, #5833, .T. ) ;
#5376 = ADVANCED_FACE ( 'NONE', ( #3798 ), #2926, .T. ) ;
#5377 = AXIS2_PLACEMENT_3D ( 'NONE', #6062, #1027, #4034 ) ;
#5378 = CARTESIAN_POINT ( 'NONE',  ( 33.33333333333334991, 20.00000000000000000, 96.43724644492834841 ) ) ;
#5379 = FACE_OUTER_BOUND ( 'NONE', #4123, .T. ) ;
#5380 = CARTESIAN_POINT ( 'NONE',  ( 145.7043696140950146, 13.00000000000000178, 51.13336437261948220 ) ) ;
#5381 = CARTESIAN_POINT ( 'NONE',  ( 248.7937135782388793, 9.999999999999996447, 41.07712066578305610 ) ) ;
#5382 = CARTESIAN_POINT ( 'NONE',  ( 144.8369415717084507, 13.00000000000000178, 51.91282094677441705 ) ) ;
#5383 = DIRECTION ( 'NONE',  ( 0.000000000000000000, 1.000000000000000000, 0.000000000000000000 ) ) ;
#5384 = CARTESIAN_POINT ( 'NONE',  ( 75.27858318328993903, 9.999999999999998224, 45.01013916057723918 ) ) ;
#5385 = AXIS2_PLACEMENT_3D ( 'NONE', #3543, #1949, #5857 ) ;
#5386 = ADVANCED_FACE ( 'NONE', ( #6728 ), #3506, .T. ) ;
#5387 = B_SPLINE_CURVE_WITH_KNOTS ( 'NONE', 3,
 ( #3259, #1494, #3190, #5511, #7188, #2154, #4401, #6639, #1748, #4624, #1638, #1781, #6269, #2891, #5726 ),
 .UNSPECIFIED., .F., .F.,
 ( 4, 1, 1, 1, 1, 1, 1, 1, 1, 1, 1, 1, 4 ),
 ( 0.000000000000000000, 0.08480238836882758591, 0.1686635395998405951, 0.2525519243727811225, 0.3382396894642448193, 0.4231026613931543334, 0.5055560510576223576, 0.5861756559890528573, 0.6671357203303603933, 0.7484991803055335291, 0.8304523987582788092, 0.9134557062010132400, 0.9999999999999998890 ),
 .UNSPECIFIED. ) ;
#5388 = CARTESIAN_POINT ( 'NONE',  ( 126.4236956396289600, 13.00000000000000178, 45.33767913883112044 ) ) ;
#5389 = DIRECTION ( 'NONE',  ( -0.000000000000000000, -1.000000000000000000, -0.000000000000000000 ) ) ;
#5390 = CARTESIAN_POINT ( 'NONE',  ( 233.3333333333332860, 20.00000000000000000, 96.43724644492834841 ) ) ;
#5391 = CARTESIAN_POINT ( 'NONE',  ( 111.2696751167004265, 13.00000000000000178, 54.06990912732151600 ) ) ;
#5392 = CARTESIAN_POINT ( 'NONE',  ( 216.9958664093277321, 12.99999999999999822, 54.03650852345681699 ) ) ;
#5393 = EDGE_CURVE ( 'NONE', #3920, #1007, #4577, .T. ) ;
#5394 = PLANE ( 'NONE',  #3371 ) ;
#5395 = LINE ( 'NONE', #384, #2561 ) ;
#5396 = CARTESIAN_POINT ( 'NONE',  ( 163.7231137264067797, 9.999999999999998224, 36.80385835193838773 ) ) ;
#5397 = B_SPLINE_CURVE_WITH_KNOTS ( 'NONE', 3,
 ( #1301, #3552, #5794, #2997, #5249, #2444, #4701, #4320, #1999, #417, #2556 ),
 .UNSPECIFIED., .F., .F.,
 ( 4, 1, 1, 1, 1, 1, 1, 1, 4 ),
 ( 0.000000000000000000, 0.1288840014739252859, 0.2529849718578371376, 0.3742104371825973885, 0.4941015128996898431, 0.6147527632399870656, 0.7385110703733294146, 0.8662425140769299814, 1.000000000000000000 ),
 .UNSPECIFIED. ) ;
#5398 = CARTESIAN_POINT ( 'NONE',  ( 153.3537321791202999, 13.00000000000000178, 44.97484936046267734 ) ) ;
#5399 = CARTESIAN_POINT ( 'NONE',  ( 156.0353001167004265, 9.999999999999998224, 45.38601489655228960 ) ) ;
#5400 = VERTEX_POINT ( 'NONE', #5674 ) ;
#5401 = ORIENTED_EDGE ( 'NONE', *, *, #1423, .F. ) ;
#5402 = DIRECTION ( 'NONE',  ( -0.000000000000000000, -1.000000000000000000, -0.000000000000000000 ) ) ;
#5403 = DIRECTION ( 'NONE',  ( 0.000000000000000000, 0.000000000000000000, 1.000000000000000000 ) ) ;
#5404 = CARTESIAN_POINT ( 'NONE',  ( 217.0595477546211214, 13.00000000000000178, 56.73135380989599241 ) ) ;
#5405 = EDGE_CURVE ( 'NONE', #357, #4370, #5125, .T. ) ;
#5406 = CARTESIAN_POINT ( 'NONE',  ( 72.57376165516197375, 10.00000000000000178, 45.35596681962920940 ) ) ;
#5407 = EDGE_LOOP ( 'NONE', ( #3227, #4063, #5188, #5632 ) ) ;
#5408 = ADVANCED_FACE ( 'NONE', ( #5205 ), #122, .T. ) ;
#5409 = VERTEX_POINT ( 'NONE', #5749 ) ;
#5410 = UNCERTAINTY_MEASURE_WITH_UNIT (LENGTH_MEASURE( 1.000000000000000082E-05 ), #4102, 'distance_accuracy_value', 'NONE');
#5411 = CARTESIAN_POINT ( 'NONE',  ( 148.7276078090081342, 10.00000000000000000, 51.70212066578304899 ) ) ;
#5412 = CARTESIAN_POINT ( 'NONE',  ( 91.97204977541379378, 9.999999999999996447, 41.29128722302235843 ) ) ;
#5413 = CARTESIAN_POINT ( 'NONE',  ( 206.1737032581000335, 12.99999999999999822, 39.40504934708306450 ) ) ;
#5414 = CARTESIAN_POINT ( 'NONE',  ( 238.9425656750537712, 10.00000000000000000, 38.03881323232089073 ) ) ;
#5415 = ORIENTED_EDGE ( 'NONE', *, *, #1575, .T. ) ;
#5416 = CARTESIAN_POINT ( 'NONE',  ( 127.7434300405140846, 13.00000000000000178, 50.88670930991781205 ) ) ;
#5417 = CARTESIAN_POINT ( 'NONE',  ( 147.0218058313393215, 10.00000000000000000, 37.04163161749366395 ) ) ;
#5418 = CARTESIAN_POINT ( 'NONE',  ( 146.4740020397773321, 10.00000000000000000, 50.22375528116766930 ) ) ;
#5419 = CARTESIAN_POINT ( 'NONE',  ( 300.0000000000000000, 10.00000000000000000, 0.000000000000000000 ) ) ;
#5420 = CYLINDRICAL_SURFACE ( 'NONE', #4302, 1.500000000000001332 ) ;
#5421 = LINE ( 'NONE', #924, #2753 ) ;
#5422 = VERTEX_POINT ( 'NONE', #3350 ) ;
#5423 = CARTESIAN_POINT ( 'NONE',  ( 54.49683857823887934, 10.00000000000000000, 41.76221681962920940 ) ) ;
#5424 = FACE_OUTER_BOUND ( 'NONE', #2058, .T. ) ;
#5425 = DIRECTION ( 'NONE',  ( 0.000000000000000000, 0.000000000000000000, 1.000000000000000000 ) ) ;
#5426 = CARTESIAN_POINT ( 'NONE',  ( 168.5335975268114339, 10.00000000000000000, 56.21964696543576423 ) ) ;
#5427 = CARTESIAN_POINT ( 'NONE',  ( 104.5389058859312001, 13.00000000000000178, 49.74899566578305610 ) ) ;
#5428 = CARTESIAN_POINT ( 'NONE',  ( 84.10020396285426614, 10.00000000000000000, 54.06990912732151600 ) ) ;
#5429 = DIRECTION ( 'NONE',  ( 0.000000000000000000, 1.000000000000000000, 0.000000000000000000 ) ) ;
#5430 = CARTESIAN_POINT ( 'NONE',  ( 300.0000000000000000, 10.00000000000000000, 0.000000000000000000 ) ) ;
#5431 = CARTESIAN_POINT ( 'NONE',  ( 161.4914787308314033, 9.999999999999998224, 37.37864197663829202 ) ) ;
#5432 = CARTESIAN_POINT ( 'NONE',  ( 222.5447132687457952, 10.00000000000000000, 39.95426956511983008 ) ) ;
#5433 = DIRECTION ( 'NONE',  ( 0.000000000000000000, 0.000000000000000000, -1.000000000000000000 ) ) ;
#5434 = VERTEX_POINT ( 'NONE', #2356 ) ;
#5435 = VERTEX_POINT ( 'NONE', #706 ) ;
#5436 = CARTESIAN_POINT ( 'NONE',  ( 75.91753861106734291, 13.00000000000000178, 42.08049257684432121 ) ) ;
#5437 = CARTESIAN_POINT ( 'NONE',  ( 166.6789371756163405, 9.999999999999998224, 36.90676465057129008 ) ) ;
#5438 = DIRECTION ( 'NONE',  ( -0.000000000000000000, -1.000000000000000000, -0.000000000000000000 ) ) ;
#5439 = CARTESIAN_POINT ( 'NONE',  ( 92.65478740583883166, 13.00000000000000178, 52.92873064696009067 ) ) ;
#5440 = ORIENTED_EDGE ( 'NONE', *, *, #1078, .T. ) ;
#5441 = EDGE_LOOP ( 'NONE', ( #699, #5734 ) ) ;
#5442 = CARTESIAN_POINT ( 'NONE',  ( 207.2302554255559812, 10.00000000000000000, 46.63912882499817414 ) ) ;
#5443 = CARTESIAN_POINT ( 'NONE',  ( 118.9912060211126743, 12.99999999999999822, 53.47528445337607650 ) ) ;
#5444 = CARTESIAN_POINT ( 'NONE',  ( 78.74594557030390263, 13.00000000000000178, 52.31437678168607164 ) ) ;
#5445 = CARTESIAN_POINT ( 'NONE',  ( 235.2698815607820961, 13.00000000000000533, 47.45127205404926229 ) ) ;
#5446 = EDGE_CURVE ( 'NONE', #539, #6424, #1140, .T. ) ;
#5447 = EDGE_CURVE ( 'NONE', #1186, #5914, #2570, .T. ) ;
#5448 = EDGE_CURVE ( 'NONE', #2735, #2747, #2282, .T. ) ;
#5449 = EDGE_LOOP ( 'NONE', ( #2895, #4996, #804, #6658 ) ) ;
#5450 = CARTESIAN_POINT ( 'NONE',  ( 173.4719780259551953, 12.99999999999999822, 47.78018687690887845 ) ) ;
#5451 = CARTESIAN_POINT ( 'NONE',  ( 208.3266165343556509, 12.99999999999999822, 49.86206620326450434 ) ) ;
#5452 = CARTESIAN_POINT ( 'NONE',  ( 120.4419838435228627, 13.00000000000000178, 50.61185322312315549 ) ) ;
#5453 = CARTESIAN_POINT ( 'NONE',  ( 212.5349582292949151, 10.00000000000000000, 37.38711115633669380 ) ) ;
#5454 = FACE_BOUND ( 'NONE', #3523, .T. ) ;
#5455 = VERTEX_POINT ( 'NONE', #5710 ) ;
#5456 = CARTESIAN_POINT ( 'NONE',  ( 84.12424242439274735, 10.00000000000000000, 36.76221681962921650 ) ) ;
#5457 = CARTESIAN_POINT ( 'NONE',  ( 166.1822268074018041, 13.00000000000000178, 34.10639867982590800 ) ) ;
#5458 = CARTESIAN_POINT ( 'NONE',  ( 296.4644660940673475, 10.00000000000000000, 1.885533905932749610 ) ) ;
#5459 = CARTESIAN_POINT ( 'NONE',  ( 105.1770111689979359, 10.00000000000000355, 51.13274497731458013 ) ) ;
#5460 = CARTESIAN_POINT ( 'NONE',  ( 85.41429271818959990, 13.00000000000000178, 34.10970739645933492 ) ) ;
#5461 = FACE_OUTER_BOUND ( 'NONE', #3495, .T. ) ;
#5462 = FACE_OUTER_BOUND ( 'NONE', #2374, .T. ) ;
#5463 = CARTESIAN_POINT ( 'NONE',  ( 163.6226423826124119, 13.00000000000000533, 56.73097539661677047 ) ) ;
#5464 = CARTESIAN_POINT ( 'NONE',  ( 167.5263996312039296, 13.00000000000000178, 37.09351631144043893 ) ) ;
#5465 = DIRECTION ( 'NONE',  ( 0.000000000000000000, 0.000000000000000000, 1.000000000000000000 ) ) ;
#5466 = VERTEX_POINT ( 'NONE', #667 ) ;
#5467 = VERTEX_POINT ( 'NONE', #2918 ) ;
#5468 = CARTESIAN_POINT ( 'NONE',  ( 227.0068823675609053, 10.00000000000000178, 47.66086504265002333 ) ) ;
#5469 = LINE ( 'NONE', #6677, #5366 ) ;
#5470 = CC_DESIGN_PERSON_AND_ORGANIZATION_ASSIGNMENT ( #3989, #6227, ( #3975 ) ) ;
#5471 = DIRECTION ( 'NONE',  ( -1.000000000000000000, 0.000000000000000000, 1.420944294689305296E-16 ) ) ;
#5472 = ADVANCED_FACE ( 'NONE', ( #5169 ), #691, .T. ) ;
#5473 = CARTESIAN_POINT ( 'NONE',  ( 80.71405230504588246, 12.99999999999999822, 34.51213478258945599 ) ) ;
#5474 = ORIENTED_EDGE ( 'NONE', *, *, #714, .F. ) ;
#5475 = VECTOR ( 'NONE', #3036, 1000.000000000000000 ) ;
#5476 = ORIENTED_EDGE ( 'NONE', *, *, #103, .T. ) ;
#5477 = CARTESIAN_POINT ( 'NONE',  ( 117.7766806464915277, 10.00000000000000000, 50.26331067780942874 ) ) ;
#5478 = CARTESIAN_POINT ( 'NONE',  ( 117.8982808859312001, 10.00000000000000178, 49.96534181962920940 ) ) ;
#5479 = EDGE_CURVE ( 'NONE', #7159, #6231, #6946, .T. ) ;
#5480 = CARTESIAN_POINT ( 'NONE',  ( 75.54325275811478946, 13.00000000000000178, 47.61098666643685817 ) ) ;
#5481 = CARTESIAN_POINT ( 'NONE',  ( 235.4940536321894626, 10.00000000000000000, 43.56576211125829445 ) ) ;
#5482 = AXIS2_PLACEMENT_3D ( 'NONE', #1218, #6917, #3472 ) ;
#5483 = ORIENTED_EDGE ( 'NONE', *, *, #5939, .F. ) ;
#5484 = CARTESIAN_POINT ( 'NONE',  ( 126.4199155013158418, 10.00000000000000000, 45.59635143501382970 ) ) ;
#5485 = CARTESIAN_POINT ( 'NONE',  ( 156.0353001167004265, 9.999999999999998224, 45.38601489655228960 ) ) ;
#5486 = ORIENTED_EDGE ( 'NONE', *, *, #3199, .T. ) ;
#5487 = CARTESIAN_POINT ( 'NONE',  ( 245.2034968022367991, 10.00000000000000000, 37.00280366795939102 ) ) ;
#5489 = CARTESIAN_POINT ( 'NONE',  ( 210.3751723887733931, 12.99999999999999822, 38.71088443283593250 ) ) ;
#5488 = VECTOR ( 'NONE', #6179, 1000.000000000000000 ) ;
#5490 = CARTESIAN_POINT ( 'NONE',  ( 0.000000000000000000, 10.00000000000000000, 0.000000000000000000 ) ) ;
#5491 = ORIENTED_EDGE ( 'NONE', *, *, #6515, .T. ) ;
#5492 = CARTESIAN_POINT ( 'NONE',  ( 54.49683857823887934, 13.00000000000000178, 29.45452451193689924 ) ) ;
#5493 = VECTOR ( 'NONE', #3811, 1000.000000000000000 ) ;
#5494 = VECTOR ( 'NONE', #2885, 1000.000000000000000 ) ;
#5495 = EDGE_CURVE ( 'NONE', #133, #1314, #5854, .T. ) ;
#5496 = CARTESIAN_POINT ( 'NONE',  ( 0.000000000000000000, 0.000000000000000000, 0.000000000000000000 ) ) ;
#5497 = CARTESIAN_POINT ( 'NONE',  ( 95.65068473208503974, 10.00000000000000000, 25.60837066578305254 ) ) ;
#5498 = DIRECTION ( 'NONE',  ( -0.000000000000000000, -1.000000000000000000, -0.000000000000000000 ) ) ;
#5499 = CARTESIAN_POINT ( 'NONE',  ( 146.4740020397773321, 10.00000000000000000, 50.22375528116766930 ) ) ;
#5500 = CARTESIAN_POINT ( 'NONE',  ( 95.65068473208503974, 13.00000000000000178, 56.37760143501382260 ) ) ;
#5501 = DIRECTION ( 'NONE',  ( -0.000000000000000000, -1.000000000000000000, -0.000000000000000000 ) ) ;
#5502 = CARTESIAN_POINT ( 'NONE',  ( 195.6068793630374216, 9.999999999999998224, 29.17249881426069180 ) ) ;
#5503 = AXIS2_PLACEMENT_3D ( 'NONE', #5585, #1610, #3340 ) ;
#5504 = VECTOR ( 'NONE', #1278, 1000.000000000000000 ) ;
#5505 = VECTOR ( 'NONE', #7180, 1000.000000000000000 ) ;
#5506 = CARTESIAN_POINT ( 'NONE',  ( 221.2991089934884883, 10.00000000000000178, 38.71065233059777455 ) ) ;
#5507 = CARTESIAN_POINT ( 'NONE',  ( 164.8574155013158133, 10.00000000000000000, 34.06990912732151600 ) ) ;
#5508 = VERTEX_POINT ( 'NONE', #843 ) ;
#5509 = CARTESIAN_POINT ( 'NONE',  ( 241.2414147439665726, 12.99999999999999822, 36.98788332718883254 ) ) ;
#5510 = CARTESIAN_POINT ( 'NONE',  ( 107.5794763217917307, 10.00000000000000000, 56.26634657121827843 ) ) ;
#5511 = CARTESIAN_POINT ( 'NONE',  ( 167.1774958506304927, 10.00000000000000178, 53.81068570307287047 ) ) ;
#5512 = LINE ( 'NONE', #6573, #5598 ) ;
#5513 = CARTESIAN_POINT ( 'NONE',  ( 109.6867054828607593, 13.00000000000000178, 56.69236763961816905 ) ) ;
#5514 = ORIENTED_EDGE ( 'NONE', *, *, #6990, .F. ) ;
#5515 = VERTEX_POINT ( 'NONE', #6874 ) ;
#5516 = CARTESIAN_POINT ( 'NONE',  ( 90.15065568749960789, 10.00000000000000178, 35.86480405995698106 ) ) ;
#5517 = LINE ( 'NONE', #435, #4422 ) ;
#5518 = DIRECTION ( 'NONE',  ( 0.000000000000000000, 0.000000000000000000, 1.000000000000000000 ) ) ;
#5519 = CARTESIAN_POINT ( 'NONE',  ( 235.2845306556367575, 10.00000000000000000, 46.50744215385425662 ) ) ;
#5520 = ORIENTED_EDGE ( 'NONE', *, *, #6146, .T. ) ;
#5521 = CARTESIAN_POINT ( 'NONE',  ( 156.6867693802981591, 10.00000000000000000, 42.08049257684432831 ) ) ;
#5522 = VERTEX_POINT ( 'NONE', #5815 ) ;
#5523 = CARTESIAN_POINT ( 'NONE',  ( 166.1822268074018041, 10.00000000000000178, 34.10639867982590800 ) ) ;
#5524 = PLANE ( 'NONE',  #6650 ) ;
#5525 = CARTESIAN_POINT ( 'NONE',  ( 187.9583770397773606, 10.00000000000000000, 25.60837066578305254 ) ) ;
#5526 = EDGE_LOOP ( 'NONE', ( #876, #1356, #6526, #4628 ) ) ;
#5527 = CARTESIAN_POINT ( 'NONE',  ( 92.95837703977734634, 13.00000000000000178, 45.46413989655228249 ) ) ;
#5528 = CARTESIAN_POINT ( 'NONE',  ( 173.7276078090081057, 13.00000000000000178, 38.51101489655228960 ) ) ;
#5529 = CARTESIAN_POINT ( 'NONE',  ( 146.4740020397773321, 10.00000000000000000, 40.60837066578307031 ) ) ;
#5530 = CARTESIAN_POINT ( 'NONE',  ( 138.4691943474696529, 10.00000000000000000, 56.76221681962920940 ) ) ;
#5531 = CARTESIAN_POINT ( 'NONE',  ( 195.2858286907124636, 10.00000000000000000, 26.24217381734213461 ) ) ;
#5532 = CARTESIAN_POINT ( 'NONE',  ( 224.2330014509269063, 13.00000000000000178, 47.76016835152888262 ) ) ;
#5533 = CARTESIAN_POINT ( 'NONE',  ( 251.8045308859312001, 13.00000000000000178, 56.37760143501382260 ) ) ;
#5534 = CARTESIAN_POINT ( 'NONE',  ( 153.3742204000223808, 13.00000000000000178, 46.51260943331070763 ) ) ;
#5535 = EDGE_CURVE ( 'NONE', #1796, #3532, #3026, .T. ) ;
#5536 = ADVANCED_FACE ( 'NONE', ( #233 ), #5782, .T. ) ;
#5537 = CARTESIAN_POINT ( 'NONE',  ( 168.3322110694501532, 10.00000000000000355, 37.37345188199134327 ) ) ;
#5538 = CARTESIAN_POINT ( 'NONE',  ( 207.7797770507696384, 13.00000000000000178, 37.40850305459901648 ) ) ;
#5539 = ORIENTED_EDGE ( 'NONE', *, *, #6069, .F. ) ;
#5540 = ORIENTED_EDGE ( 'NONE', *, *, #4068, .F. ) ;
#5541 = CARTESIAN_POINT ( 'NONE',  ( 219.3395660839207721, 10.00000000000000178, 56.30911066526655873 ) ) ;
#5542 = CARTESIAN_POINT ( 'NONE',  ( 102.7822156033699201, 10.00000000000000000, 52.43659032673190978 ) ) ;
#5543 = CARTESIAN_POINT ( 'NONE',  ( 54.49683857823887934, 10.00000000000000000, 38.68529374270612919 ) ) ;
#5544 = CARTESIAN_POINT ( 'NONE',  ( 225.4159247602457867, 12.99999999999999822, 51.63240126954931242 ) ) ;
#5545 = CARTESIAN_POINT ( 'NONE',  ( 105.7763065485787735, 13.00000000000000178, 55.48581878813611468 ) ) ;
#5546 = ORIENTED_EDGE ( 'NONE', *, *, #1152, .T. ) ;
#5547 = DIRECTION ( 'NONE',  ( 1.000000000000000000, 0.000000000000000000, -0.000000000000000000 ) ) ;
#5548 = ORIENTED_EDGE ( 'NONE', *, *, #1735, .F. ) ;
#5549 = CARTESIAN_POINT ( 'NONE',  ( 199.9999999999999432, 10.00000000000000000, 96.43724644492834841 ) ) ;
#5550 = CARTESIAN_POINT ( 'NONE',  ( 119.3557040653915351, 13.00000000000000533, 52.98763072328581103 ) ) ;
#5551 = LINE ( 'NONE', #1718, #791 ) ;
#5552 = EDGE_CURVE ( 'NONE', #4177, #2194, #3646, .T. ) ;
#5553 = B_SPLINE_CURVE_WITH_KNOTS ( 'NONE', 3,
 ( #6306, #1272, #177, #3446, #2408, #5219, #6202, #1750, #1161, #2264, #3998, #1307, #6237, #4592, #6747 ),
 .UNSPECIFIED., .F., .F.,
 ( 4, 1, 1, 1, 1, 1, 1, 1, 1, 1, 1, 1, 4 ),
 ( 0.000000000000000000, 0.08158934893218351692, 0.1628588951679348362, 0.2454836892755791755, 0.3308071391580099663, 0.4164933737762850363, 0.4998932031606325710, 0.5830481559950206893, 0.6671578520621564978, 0.7513119292929135717, 0.8337847893576149083, 0.9162564885439797857, 0.9999999999999998890 ),
 .UNSPECIFIED. ) ;
#5554 = VERTEX_POINT ( 'NONE', #266 ) ;
#5555 = CARTESIAN_POINT ( 'NONE',  ( 162.5827365658716701, 10.00000000000000000, 37.01963116780610363 ) ) ;
#5556 = ORIENTED_EDGE ( 'NONE', *, *, #7082, .T. ) ;
#5557 = CARTESIAN_POINT ( 'NONE',  ( 111.2456366551619595, 13.00000000000000178, 56.76221681962920940 ) ) ;
#5558 = CARTESIAN_POINT ( 'NONE',  ( 209.7290404171073988, 13.00000000000000178, 39.30627876092201944 ) ) ;
#5559 = CARTESIAN_POINT ( 'NONE',  ( 131.1501099195947688, 9.999999999999998224, 39.89388272226091914 ) ) ;
#5560 = DIRECTION ( 'NONE',  ( 0.000000000000000000, 0.000000000000000000, -1.000000000000000000 ) ) ;
#5561 = CARTESIAN_POINT ( 'NONE',  ( 138.4049074013755387, 10.00000000000000000, 34.07420855902259405 ) ) ;
#5562 = CARTESIAN_POINT ( 'NONE',  ( 213.3187368932789809, 13.00000000000000178, 37.10764781696636305 ) ) ;
#5563 = CARTESIAN_POINT ( 'NONE',  ( 160.3792489604406910, 10.00000000000000000, 55.95274269874146000 ) ) ;
#5564 = CARTESIAN_POINT ( 'NONE',  ( 196.8828184194186122, 13.00000000000000178, 25.24571734533508405 ) ) ;
#5565 = CARTESIAN_POINT ( 'NONE',  ( 51.80453088593119304, 13.00000000000000178, 56.37760143501382260 ) ) ;
#5566 = CARTESIAN_POINT ( 'NONE',  ( 173.7276078090081342, 10.00000000000000000, 45.46413989655228960 ) ) ;
#5567 = CARTESIAN_POINT ( 'NONE',  ( 196.8828222578420934, 10.00000000000000178, 29.81717546510679639 ) ) ;
#5568 = ADVANCED_FACE ( 'NONE', ( #4752 ), #6968, .T. ) ;
#5569 = CARTESIAN_POINT ( 'NONE',  ( 170.5306995652266835, 10.00000000000000355, 38.66768861012785408 ) ) ;
#5570 = CARTESIAN_POINT ( 'NONE',  ( 159.4361677999648634, 9.999999999999992895, 35.34409976131067310 ) ) ;
#5571 = ORIENTED_EDGE ( 'NONE', *, *, #2230, .F. ) ;
#5572 = ORIENTED_EDGE ( 'NONE', *, *, #4068, .T. ) ;
#5573 = CARTESIAN_POINT ( 'NONE',  ( 199.7071458201550627, 13.00000000000000178, 28.42420767874607890 ) ) ;
#5574 = CARTESIAN_POINT ( 'NONE',  ( 102.0114745308192852, 10.00000000000000000, 50.56002801823969151 ) ) ;
#5575 = DIRECTION ( 'NONE',  ( 1.000000000000000000, 1.209235833580611488E-12, 0.000000000000000000 ) ) ;
#5576 = CARTESIAN_POINT ( 'NONE',  ( 266.6666666666666856, 10.00000000000000000, 96.43724644492834841 ) ) ;
#5577 = VECTOR ( 'NONE', #960, 1000.000000000000000 ) ;
#5578 = CARTESIAN_POINT ( 'NONE',  ( 106.9422399800130563, 13.00000000000000178, 56.05203055291756442 ) ) ;
#5579 = ADVANCED_FACE ( 'NONE', ( #4515 ), #4866, .T. ) ;
#5580 = ORIENTED_EDGE ( 'NONE', *, *, #6583, .F. ) ;
#5581 = CARTESIAN_POINT ( 'NONE',  ( 232.5737616551619737, 13.00000000000000178, 56.37760143501382260 ) ) ;
#5582 = ORIENTED_EDGE ( 'NONE', *, *, #2382, .F. ) ;
#5583 = CARTESIAN_POINT ( 'NONE',  ( 145.7596405869670662, 10.00000000000000355, 54.70717769178786227 ) ) ;
#5584 = LINE ( 'NONE', #1094, #2659 ) ;
#5585 = CARTESIAN_POINT ( 'NONE',  ( 187.9583770397773606, 13.00000000000000178, 37.14683220424458909 ) ) ;
#5586 = VERTEX_POINT ( 'NONE', #5623 ) ;
#5587 = B_SPLINE_CURVE_WITH_KNOTS ( 'NONE', 3,
 ( #4769, #4287, #862, #1414, #2597, #2483, #1527, #4179, #7111, #4813, #6963, #2632, #4849, #3115, #7076, #2082, #5904, #1929, #829 ),
 .UNSPECIFIED., .F., .F.,
 ( 4, 1, 1, 1, 1, 1, 1, 1, 1, 1, 1, 1, 1, 1, 1, 1, 4 ),
 ( 0.000000000000000000, 0.06874226160548965736, 0.1346351922242772503, 0.1983241870671469120, 0.2608250125604215652, 0.3227135881590248445, 0.3845545346076194582, 0.4469128577247563072, 0.5109576325148291742, 0.5749307010013353647, 0.6366845377960934638, 0.6974831152940621504, 0.7571338075238547294, 0.8169656636752643530, 0.8768183516571966818, 0.9376625803840029638, 1.000000000000000000 ),
 .UNSPECIFIED. ) ;
#5588 = AXIS2_PLACEMENT_3D ( 'NONE', #4024, #5757, #5213 ) ;
#5589 = DATE_AND_TIME ( #2684, #4568 ) ;
#5590 = ORIENTED_EDGE ( 'NONE', *, *, #6460, .F. ) ;
#5591 = CARTESIAN_POINT ( 'NONE',  ( 197.2042780877987411, 13.00000000000000178, 29.83168515179499636 ) ) ;
#5592 = VERTEX_POINT ( 'NONE', #7059 ) ;
#5593 = PLANE ( 'NONE',  #2917 ) ;
#5594 = CARTESIAN_POINT ( 'NONE',  ( 212.5349582292949151, 13.00000000000000178, 37.38711115633669380 ) ) ;
#5595 = CARTESIAN_POINT ( 'NONE',  ( 138.1644417497660982, 9.999999999999998224, 36.77127546714095985 ) ) ;
#5596 = CARTESIAN_POINT ( 'NONE',  ( 185.2660693474696529, 13.00000000000000178, 25.60837066578305254 ) ) ;
#5597 = VECTOR ( 'NONE', #5603, 1000.000000000000000 ) ;
#5598 = VECTOR ( 'NONE', #4962, 1000.000000000000000 ) ;
#5599 = CARTESIAN_POINT ( 'NONE',  ( 77.66659897315490468, 10.00000000000000178, 54.90598210148768743 ) ) ;
#5600 = CARTESIAN_POINT ( 'NONE',  ( 211.0645933022705663, 13.00000000000000533, 38.19117337730164508 ) ) ;
#5601 = CARTESIAN_POINT ( 'NONE',  ( 155.8971763307382048, 13.00000000000000178, 52.60692056762644597 ) ) ;
#5602 = CARTESIAN_POINT ( 'NONE',  ( 140.8308848654252756, 10.00000000000000000, 53.85234640712121745 ) ) ;
#5603 = DIRECTION ( 'NONE',  ( -0.000000000000000000, -1.000000000000000000, -0.000000000000000000 ) ) ;
#5604 = AXIS2_PLACEMENT_3D ( 'NONE', #180, #1974, #4223 ) ;
#5605 = DIRECTION ( 'NONE',  ( -1.000000000000000000, -4.428532632179356242E-14, 0.000000000000000000 ) ) ;
#5606 = CARTESIAN_POINT ( 'NONE',  ( 159.3877734281483356, 12.99999999999999822, 55.47633565612841977 ) ) ;
#5607 = AXIS2_PLACEMENT_3D ( 'NONE', #3240, #2212, #5560 ) ;
#5608 = ADVANCED_FACE ( 'NONE', ( #1543 ), #2580, .T. ) ;
#5609 = AXIS2_PLACEMENT_3D ( 'NONE', #4321, #5429, #7037 ) ;
#5610 = ADVANCED_FACE ( 'NONE', ( #6502 ), #6847, .T. ) ;
#5611 = CARTESIAN_POINT ( 'NONE',  ( 92.95837703977734634, 13.00000000000000178, 25.60837066578305254 ) ) ;
#5612 = CARTESIAN_POINT ( 'NONE',  ( 214.6331566630771874, 13.00000000000000178, 34.09650393382603539 ) ) ;
#5613 = ORIENTED_EDGE ( 'NONE', *, *, #4875, .T. ) ;
#5614 = ORIENTED_EDGE ( 'NONE', *, *, #6478, .T. ) ;
#5615 = DIRECTION ( 'NONE',  ( -0.000000000000000000, -1.000000000000000000, -0.000000000000000000 ) ) ;
#5616 = VECTOR ( 'NONE', #135, 1000.000000000000000 ) ;
#5617 = CARTESIAN_POINT ( 'NONE',  ( 103.8526646613786681, 12.99999999999999822, 53.93707534312297014 ) ) ;
#5618 = CARTESIAN_POINT ( 'NONE',  ( 146.3453083835016173, 13.00000000000000178, 54.29702133883008486 ) ) ;
#5619 = CARTESIAN_POINT ( 'NONE',  ( 214.1325096412702749, 9.999999999999998224, 36.91095492495090724 ) ) ;
#5620 = VECTOR ( 'NONE', #1763, 1000.000000000000000 ) ;
#5621 = CARTESIAN_POINT ( 'NONE',  ( 82.93203822866996688, 12.99999999999999822, 34.10301801681356437 ) ) ;
#5622 = ORIENTED_EDGE ( 'NONE', *, *, #1122, .F. ) ;
#5623 = CARTESIAN_POINT ( 'NONE',  ( 191.8045308859312001, 10.00000000000000000, 34.45452451193689569 ) ) ;
#5624 = LINE ( 'NONE', #4074, #2547 ) ;
#5625 = ORIENTED_EDGE ( 'NONE', *, *, #852, .T. ) ;
#5626 = FACE_OUTER_BOUND ( 'NONE', #4815, .T. ) ;
#5627 = CARTESIAN_POINT ( 'NONE',  ( 92.94456127460044570, 12.99999999999999822, 45.86168966173467254 ) ) ;
#5628 = DIRECTION ( 'NONE',  ( -0.000000000000000000, -1.000000000000000000, -0.000000000000000000 ) ) ;
#5629 = EDGE_CURVE ( 'NONE', #4010, #940, #442, .T. ) ;
#5630 = EDGE_CURVE ( 'NONE', #1789, #547, #1374, .T. ) ;
#5631 = APPROVAL_STATUS ( 'not_yet_approved' ) ;
#5632 = ORIENTED_EDGE ( 'NONE', *, *, #1559, .T. ) ;
#5633 = CARTESIAN_POINT ( 'NONE',  ( 214.6900521256146419, 13.00000000000000178, 54.03670200219131914 ) ) ;
#5634 = VERTEX_POINT ( 'NONE', #179 ) ;
#5635 = DIRECTION ( 'NONE',  ( 1.000000000000000000, 0.000000000000000000, 0.000000000000000000 ) ) ;
#5636 = PLANE ( 'NONE',  #4073 ) ;
#5637 = CARTESIAN_POINT ( 'NONE',  ( 130.6092620849714478, 10.00000000000000178, 40.57748582536765980 ) ) ;
#5638 = CARTESIAN_POINT ( 'NONE',  ( 84.48974541510143865, 13.00000000000000178, 54.05568086510034220 ) ) ;
#5639 = DIRECTION ( 'NONE',  ( -1.000000000000000000, 0.000000000000000000, -0.000000000000000000 ) ) ;
#5640 = CARTESIAN_POINT ( 'NONE',  ( 187.9583770397773606, 10.00000000000000000, 37.14683220424458909 ) ) ;
#5641 = CARTESIAN_POINT ( 'NONE',  ( 158.4358297423856925, 10.00000000000000000, 54.90598210148770875 ) ) ;
#5642 = FACE_OUTER_BOUND ( 'NONE', #4331, .T. ) ;
#5643 = CARTESIAN_POINT ( 'NONE',  ( 237.0587151312531660, 13.00000000000000178, 39.79072702591796684 ) ) ;
#5644 = DIRECTION ( 'NONE',  ( -0.000000000000000000, -1.000000000000000000, -0.000000000000000000 ) ) ;
#5645 = DIRECTION ( 'NONE',  ( 0.000000000000000000, 0.000000000000000000, 1.000000000000000000 ) ) ;
#5646 = EDGE_CURVE ( 'NONE', #1789, #1236, #2410, .T. ) ;
#5647 = VERTEX_POINT ( 'NONE', #1197 ) ;
#5648 = DIRECTION ( 'NONE',  ( -1.000000000000000000, 0.000000000000000000, 0.000000000000000000 ) ) ;
#5649 = LINE ( 'NONE', #599, #6523 ) ;
#5650 = VERTEX_POINT ( 'NONE', #688 ) ;
#5651 = EDGE_LOOP ( 'NONE', ( #766, #171, #3173, #2344 ) ) ;
#5652 = CARTESIAN_POINT ( 'NONE',  ( 224.8992328722644061, 9.999999999999996447, 38.50470392780182038 ) ) ;
#5653 = DIRECTION ( 'NONE',  ( 0.000000000000000000, 1.000000000000000000, 0.000000000000000000 ) ) ;
#5654 = CARTESIAN_POINT ( 'NONE',  ( 139.2978569294622275, 12.99999999999999822, 56.75568450057134839 ) ) ;
#5655 = CARTESIAN_POINT ( 'NONE',  ( 131.7424762549331376, 10.00000000000000000, 35.96778728696985183 ) ) ;
#5656 = CARTESIAN_POINT ( 'NONE',  ( 199.8814539628542661, 10.00000000000000178, 27.54346681962920584 ) ) ;
#5657 = EDGE_LOOP ( 'NONE', ( #5323, #1760, #3698, #2887 ) ) ;
#5658 = CARTESIAN_POINT ( 'NONE',  ( 92.95837703977734634, 13.00000000000000178, 52.58553412732151600 ) ) ;
#5659 = CARTESIAN_POINT ( 'NONE',  ( 251.4540505408949116, 9.999999999999994671, 40.57075630474415817 ) ) ;
#5660 = ORIENTED_EDGE ( 'NONE', *, *, #4303, .F. ) ;
#5661 = CARTESIAN_POINT ( 'NONE',  ( 146.8860198963103016, 12.99999999999999822, 53.84052403128450237 ) ) ;
#5662 = CARTESIAN_POINT ( 'NONE',  ( 116.1359223366767708, 10.00000000000000000, 55.78576528426309977 ) ) ;
#5663 = LINE ( 'NONE', #3897, #1613 ) ;
#5664 = ORIENTED_EDGE ( 'NONE', *, *, #1640, .F. ) ;
#5665 = CARTESIAN_POINT ( 'NONE',  ( 296.4644660940673475, 0.000000000000000000, 3.535533905932737309 ) ) ;
#5666 = ORIENTED_EDGE ( 'NONE', *, *, #1623, .T. ) ;
#5667 = CARTESIAN_POINT ( 'NONE',  ( 72.76562203108295535, 13.00000000000000178, 47.63966549222367775 ) ) ;
#5668 = ORIENTED_EDGE ( 'NONE', *, *, #3019, .F. ) ;
#5669 = CARTESIAN_POINT ( 'NONE',  ( 118.3429924243927189, 10.00000000000000000, 44.62279374270612919 ) ) ;
#5670 = CARTESIAN_POINT ( 'NONE',  ( 235.6807328090081057, 13.00000000000000178, 42.56750528116766930 ) ) ;
#5671 = CARTESIAN_POINT ( 'NONE',  ( 129.1350665797679937, 10.00000000000000178, 44.48425339630494335 ) ) ;
#5672 = CARTESIAN_POINT ( 'NONE',  ( 224.4724614427231302, 13.00000000000000178, 44.61305383029397831 ) ) ;
#5673 = ADVANCED_FACE ( 'NONE', ( #3486 ), #5732, .T. ) ;
#5674 = CARTESIAN_POINT ( 'NONE',  ( 266.6666666666666856, 10.00000000000000000, 97.93724644492837683 ) ) ;
#5675 = CARTESIAN_POINT ( 'NONE',  ( 207.5361883414259978, 13.00000000000000178, 42.92666440158208019 ) ) ;
#5676 = CARTESIAN_POINT ( 'NONE',  ( 156.6791649053888023, 9.999999999999996447, 53.45030617205738110 ) ) ;
#5677 = LINE ( 'NONE', #5092, #2205 ) ;
#5678 = CARTESIAN_POINT ( 'NONE',  ( 244.2059655964741296, 9.999999999999996447, 36.79386421768305127 ) ) ;
#5679 = CARTESIAN_POINT ( 'NONE',  ( 198.7276078090081057, 13.00000000000000178, 34.45452451193689569 ) ) ;
#5680 = PLANE ( 'NONE',  #104 ) ;
#5681 = B_SPLINE_SURFACE_WITH_KNOTS ( 'NONE', 3, 1, ( 
 ( #1788, #4035 ),
 ( #6273, #1235 ),
 ( #3488, #5733 ),
 ( #6418, #4706 ),
 ( #6932, #5257 ),
 ( #6378, #3634 ),
 ( #832, #7044 ),
 ( #1310, #5359 ),
 ( #2009, #5874 ),
 ( #5907, #217 ),
 ( #6967, #3119 ) ),
 .UNSPECIFIED., .F., .F., .F.,
 ( 4, 1, 1, 1, 1, 1, 1, 1, 4 ),
 ( 2, 2 ),
 ( 0.000000000000000000, 0.1409759662687697646, 0.2735687809631683898, 0.3989883138042528699, 0.5199297813924316225, 0.6381100215247444973, 0.7565889007405944833, 0.8768597544106051522, 1.000000000000000000 ),
 ( 0.000000000000000000, 1.000000000000000000 ),
 .UNSPECIFIED. ) ;
#5682 = DIRECTION ( 'NONE',  ( 0.000000000000000000, 1.000000000000000000, 0.000000000000000000 ) ) ;
#5683 = CARTESIAN_POINT ( 'NONE',  ( 118.3429924243927189, 10.00000000000000000, 44.62279374270612919 ) ) ;
#5684 = ORIENTED_EDGE ( 'NONE', *, *, #5079, .F. ) ;
#5685 = ORIENTED_EDGE ( 'NONE', *, *, #3158, .T. ) ;
#5686 = CARTESIAN_POINT ( 'NONE',  ( 92.33952389217817824, 10.00000000000000178, 48.85447994044527320 ) ) ;
#5687 = CARTESIAN_POINT ( 'NONE',  ( 128.4286868603229550, 12.99999999999999822, 39.11635155042824863 ) ) ;
#5688 = CARTESIAN_POINT ( 'NONE',  ( 104.1792546992061119, 12.99999999999999822, 47.20032538404006317 ) ) ;
#5689 = CARTESIAN_POINT ( 'NONE',  ( 128.8905260024659469, 9.999999999999998224, 38.50132013896843119 ) ) ;
#5690 = CARTESIAN_POINT ( 'NONE',  ( 135.6607666422003149, 10.00000000000000000, 37.10328052702774926 ) ) ;
#5691 = EDGE_CURVE ( 'NONE', #3965, #6973, #5799, .T. ) ;
#5692 = ORIENTED_EDGE ( 'NONE', *, *, #2471, .F. ) ;
#5693 = CARTESIAN_POINT ( 'NONE',  ( 88.33369775951433667, 10.00000000000000000, 37.72523420911397807 ) ) ;
#5694 = DIRECTION ( 'NONE',  ( -0.000000000000000000, -1.000000000000000000, -0.000000000000000000 ) ) ;
#5695 = VERTEX_POINT ( 'NONE', #5255 ) ;
#5696 = CYLINDRICAL_SURFACE ( 'NONE', #4564, 1.500000000000001332 ) ;
#5697 = CARTESIAN_POINT ( 'NONE',  ( 86.40826508139970485, 9.999999999999996447, 53.81068570307285626 ) ) ;
#5698 = CARTESIAN_POINT ( 'NONE',  ( 251.6786979113389009, 9.999999999999994671, 42.20565155594491813 ) ) ;
#5699 = VECTOR ( 'NONE', #5498, 1000.000000000000000 ) ;
#5700 = EDGE_CURVE ( 'NONE', #5466, #2197, #1516, .T. ) ;
#5701 = CARTESIAN_POINT ( 'NONE',  ( 226.4123430185068173, 12.99999999999999822, 49.71846661211826301 ) ) ;
#5702 = ORIENTED_EDGE ( 'NONE', *, *, #6009, .F. ) ;
#5703 = EDGE_CURVE ( 'NONE', #403, #947, #674, .T. ) ;
#5704 = CARTESIAN_POINT ( 'NONE',  ( 80.64951452831095935, 10.00000000000000178, 56.31189318009945310 ) ) ;
#5705 = ORIENTED_EDGE ( 'NONE', *, *, #1752, .F. ) ;
#5706 = CARTESIAN_POINT ( 'NONE',  ( 199.8545666873170319, 10.00000000000000000, 27.08276571322253190 ) ) ;
#5707 = CARTESIAN_POINT ( 'NONE',  ( 166.6789371756163405, 12.99999999999999822, 36.90676465057129008 ) ) ;
#5708 = CARTESIAN_POINT ( 'NONE',  ( 176.4199155013158133, 13.00000000000000178, 34.45452451193689569 ) ) ;
#5709 = CARTESIAN_POINT ( 'NONE',  ( 221.9445665181908396, 13.00000000000000178, 39.30838121551087738 ) ) ;
#5710 = CARTESIAN_POINT ( 'NONE',  ( 300.0000000000000000, 10.00000000000000000, 100.0000000000000000 ) ) ;
#5711 = CARTESIAN_POINT ( 'NONE',  ( 235.5734523166939312, 9.999999999999998224, 43.03738137367616190 ) ) ;
#5712 = CARTESIAN_POINT ( 'NONE',  ( 129.4665358563237589, 13.00000000000000178, 42.81675171124134494 ) ) ;
#5713 = CARTESIAN_POINT ( 'NONE',  ( 173.7276078090081057, 13.00000000000000178, 56.37760143501382260 ) ) ;
#5715 = VECTOR ( 'NONE', #620, 1000.000000000000000 ) ;
#5714 = CARTESIAN_POINT ( 'NONE',  ( 133.3333333333333428, 20.00000000000000000, 97.93724644492834841 ) ) ;
#5716 = DIRECTION ( 'NONE',  ( 0.000000000000000000, 1.000000000000000000, 0.000000000000000000 ) ) ;
#5717 = EDGE_CURVE ( 'NONE', #1394, #5777, #6377, .T. ) ;
#5718 = VECTOR ( 'NONE', #4028, 1000.000000000000000 ) ;
#5719 = VECTOR ( 'NONE', #2898, 1000.000000000000000 ) ;
#5720 = DIRECTION ( 'NONE',  ( 0.000000000000000000, 1.000000000000000000, 0.000000000000000000 ) ) ;
#5721 = CARTESIAN_POINT ( 'NONE',  ( 191.8045308859312001, 13.00000000000000178, 34.45452451193689569 ) ) ;
#5722 = CARTESIAN_POINT ( 'NONE',  ( 74.44170608188873928, 13.00000000000000178, 51.70738730869676658 ) ) ;
#5723 = VERTEX_POINT ( 'NONE', #4116 ) ;
#5724 = CARTESIAN_POINT ( 'NONE',  ( 90.45480393803264008, 10.00000000000000355, 51.62126537154139072 ) ) ;
#5725 = CARTESIAN_POINT ( 'NONE',  ( 131.7424762549331376, 13.00000000000000178, 35.96778728696985183 ) ) ;
#5726 = CARTESIAN_POINT ( 'NONE',  ( 173.7276078090081342, 10.00000000000000000, 45.46413989655228960 ) ) ;
#5727 = CIRCLE ( 'NONE', #1253, 1.500000000000001332 ) ;
#5728 = VECTOR ( 'NONE', #2122, 1000.000000000000000 ) ;
#5729 = VECTOR ( 'NONE', #5273, 1000.000000000000000 ) ;
#5730 = DIRECTION ( 'NONE',  ( -0.000000000000000000, -1.000000000000000000, -0.000000000000000000 ) ) ;
#5731 = EDGE_LOOP ( 'NONE', ( #6379, #6094, #4831, #2378 ) ) ;
#5732 = CYLINDRICAL_SURFACE ( 'NONE', #5261, 1.500000000000001332 ) ;
#5733 = CARTESIAN_POINT ( 'NONE',  ( 236.1113715147155574, 10.00000000000000355, 37.35422298077789094 ) ) ;
#5734 = ORIENTED_EDGE ( 'NONE', *, *, #5630, .T. ) ;
#5735 = CARTESIAN_POINT ( 'NONE',  ( 212.3583729686683057, 10.00000000000000000, 56.30923193959399242 ) ) ;
#5736 = DIRECTION ( 'NONE',  ( 0.000000000000000000, 0.000000000000000000, 1.000000000000000000 ) ) ;
#5737 = CARTESIAN_POINT ( 'NONE',  ( 208.3267701694827281, 10.00000000000000000, 36.83577994420361534 ) ) ;
#5738 = VECTOR ( 'NONE', #1317, 1000.000000000000000 ) ;
#5739 = CARTESIAN_POINT ( 'NONE',  ( 226.7623302028986245, 10.00000000000000000, 48.70824923709615462 ) ) ;
#5740 = VERTEX_POINT ( 'NONE', #648 ) ;
#5741 = CARTESIAN_POINT ( 'NONE',  ( 76.75911875584820621, 12.99999999999999822, 54.22677498651072625 ) ) ;
#5742 = ORIENTED_EDGE ( 'NONE', *, *, #7218, .T. ) ;
#5743 = CARTESIAN_POINT ( 'NONE',  ( 199.8723828754103522, 10.00000000000000000, 27.38803790620323042 ) ) ;
#5744 = LINE ( 'NONE', #118, #3719 ) ;
#5745 = CARTESIAN_POINT ( 'NONE',  ( 118.2885534597399015, 10.00000000000000000, 47.25757534989466535 ) ) ;
#5746 = CARTESIAN_POINT ( 'NONE',  ( 224.4724614427231302, 10.00000000000000000, 44.61305383029397831 ) ) ;
#5747 = B_SPLINE_SURFACE_WITH_KNOTS ( 'NONE', 3, 1, ( 
 ( #5796, #2558 ),
 ( #3587, #789 ),
 ( #5762, #6890 ),
 ( #2480, #3626 ),
 ( #6449, #5830 ),
 ( #2445, #1857 ),
 ( #5867, #753 ),
 ( #5351, #4734 ),
 ( #6854, #1816 ),
 ( #3042, #4702 ),
 ( #4112, #721 ),
 ( #4066, #6303 ),
 ( #4216, #826 ),
 ( #6340, #5250 ),
 ( #5288, #858 ) ),
 .UNSPECIFIED., .F., .F., .F.,
 ( 4, 1, 1, 1, 1, 1, 1, 1, 1, 1, 1, 1, 4 ),
 ( 2, 2 ),
 ( 0.000000000000000000, 0.08560569497352767121, 0.1689832639222354493, 0.2509075823297898244, 0.3337080961143233937, 0.4160049842563379729, 0.4976595675743805125, 0.5798932856419648507, 0.6639023210428564026, 0.7484662538082593741, 0.8317908864798556623, 0.9152519088316870555, 1.000000000000000000 ),
 ( 0.000000000000000000, 1.000000000000000000 ),
 .UNSPECIFIED. ) ;
#5748 = B_SPLINE_CURVE_WITH_KNOTS ( 'NONE', 3,
 ( #3106, #4949, #4318, #4842, #4388, #1405, #5426, #2625, #4280, #308, #1442 ),
 .UNSPECIFIED., .F., .F.,
 ( 4, 1, 1, 1, 1, 1, 1, 1, 4 ),
 ( 0.000000000000000000, 0.1342983790141688560, 0.2620849753822993566, 0.3862699121345009035, 0.5071645966228011115, 0.6273002357255046402, 0.7481449416029926081, 0.8723701771613525668, 1.000000000000000000 ),
 .UNSPECIFIED. ) ;
#5749 = CARTESIAN_POINT ( 'NONE',  ( 235.2660693474696529, 10.00000000000000000, 56.37760143501382260 ) ) ;
#5750 = CARTESIAN_POINT ( 'NONE',  ( 235.2698815607820961, 10.00000000000000355, 47.45127205404926229 ) ) ;
#5751 = CARTESIAN_POINT ( 'NONE',  ( 131.7743585517257543, 12.99999999999999822, 39.25617985670191956 ) ) ;
#5752 = CARTESIAN_POINT ( 'NONE',  ( 104.1134395213499602, 12.99999999999999822, 44.92127444997887409 ) ) ;
#5753 = CARTESIAN_POINT ( 'NONE',  ( 75.91753861106734291, 13.00000000000000178, 42.08049257684432121 ) ) ;
#5754 = FACE_OUTER_BOUND ( 'NONE', #772, .T. ) ;
#5755 = CALENDAR_DATE ( 2026, 1, 9 ) ;
#5756 = CARTESIAN_POINT ( 'NONE',  ( 140.8785228094612876, 12.99999999999999822, 36.98023164288257192 ) ) ;
#5757 = DIRECTION ( 'NONE',  ( 1.000000000000000000, 0.000000000000000000, 0.000000000000000000 ) ) ;
#5758 = CARTESIAN_POINT ( 'NONE',  ( 72.76562203108295535, 13.00000000000000178, 47.63966549222367775 ) ) ;
#5759 = ORIENTED_EDGE ( 'NONE', *, *, #1728, .T. ) ;
#5760 = CARTESIAN_POINT ( 'NONE',  ( 85.26450472814245529, 10.00000000000000178, 54.02738226272911959 ) ) ;
#5761 = CARTESIAN_POINT ( 'NONE',  ( 133.1294022598765707, 13.00000000000000178, 35.21512628246320276 ) ) ;
#5762 = CARTESIAN_POINT ( 'NONE',  ( 216.9958664093277321, 12.99999999999999822, 54.03650852345681699 ) ) ;
#5763 = ADVANCED_FACE ( 'NONE', ( #5109 ), #3415, .T. ) ;
#5764 = EDGE_CURVE ( 'NONE', #1900, #1285, #65, .T. ) ;
#5765 = EDGE_CURVE ( 'NONE', #2185, #940, #3702, .T. ) ;
#5766 = CARTESIAN_POINT ( 'NONE',  ( 129.1350665797679937, 10.00000000000000355, 44.48425339630494335 ) ) ;
#5767 = ORIENTED_EDGE ( 'NONE', *, *, #3184, .F. ) ;
#5768 = CARTESIAN_POINT ( 'NONE',  ( 66.66666666666668561, 20.00000000000000000, 96.43724644492834841 ) ) ;
#5769 = FACE_OUTER_BOUND ( 'NONE', #2818, .T. ) ;
#5770 = ORIENTED_EDGE ( 'NONE', *, *, #4522, .F. ) ;
#5771 = CARTESIAN_POINT ( 'NONE',  ( 208.4724313291847295, 10.00000000000000000, 54.18065581419941168 ) ) ;
#5772 = CARTESIAN_POINT ( 'NONE',  ( 114.9074235775801895, 10.00000000000000000, 56.26506804300539244 ) ) ;
#5773 = CARTESIAN_POINT ( 'NONE',  ( 250.3895962866330365, 10.00000000000000000, 37.64466900379569125 ) ) ;
#5774 = CARTESIAN_POINT ( 'NONE',  ( 166.6666666666666288, 20.00000000000000000, 94.93724644492834841 ) ) ;
#5775 = ORIENTED_EDGE ( 'NONE', *, *, #617, .T. ) ;
#5776 = CARTESIAN_POINT ( 'NONE',  ( 181.4199155013158133, 13.00000000000000178, 37.14683220424458909 ) ) ;
#5777 = VERTEX_POINT ( 'NONE', #5292 ) ;
#5778 = CARTESIAN_POINT ( 'NONE',  ( 249.0394813512151586, 10.00000000000000000, 42.97351722328868107 ) ) ;
#5779 = CARTESIAN_POINT ( 'NONE',  ( 118.3429924243927189, 10.00000000000000000, 34.45452451193689569 ) ) ;
#5780 = CARTESIAN_POINT ( 'NONE',  ( 215.8550116551619737, 10.00000000000000178, 56.76221681962920940 ) ) ;
#5781 = CARTESIAN_POINT ( 'NONE',  ( 221.9445665181908396, 10.00000000000000000, 39.30838121551087738 ) ) ;
#5782 = PLANE ( 'NONE',  #6073 ) ;
#5783 = CARTESIAN_POINT ( 'NONE',  ( 156.0353001167004265, 9.999999999999998224, 45.38601489655228960 ) ) ;
#5784 = CARTESIAN_POINT ( 'NONE',  ( 210.5426135548111972, 13.00000000000000533, 52.38660540760701423 ) ) ;
#5785 = CARTESIAN_POINT ( 'NONE',  ( 198.3367551602638628, 9.999999999999998224, 29.68626784381318728 ) ) ;
#5786 = CARTESIAN_POINT ( 'NONE',  ( 77.08924227808833507, 13.00000000000000533, 40.08951942148313918 ) ) ;
#5787 = LINE ( 'NONE', #2361, #1812 ) ;
#5788 = ADVANCED_FACE ( 'NONE', ( #2008 ), #5281, .T. ) ;
#5789 = LINE ( 'NONE', #345, #1724 ) ;
#5790 = CARTESIAN_POINT ( 'NONE',  ( 207.1891462705465869, 13.00000000000000178, 45.49418797347536270 ) ) ;
#5791 = DIRECTION ( 'NONE',  ( -0.000000000000000000, 1.000000000000000000, -0.000000000000000000 ) ) ;
#5792 = VERTEX_POINT ( 'NONE', #2565 ) ;
#5793 = CARTESIAN_POINT ( 'NONE',  ( 84.10020396285426614, 10.00000000000000000, 54.06990912732151600 ) ) ;
#5794 = CARTESIAN_POINT ( 'NONE',  ( 85.41429271818959990, 13.00000000000000178, 34.10970739645933492 ) ) ;
#5795 = EDGE_CURVE ( 'NONE', #3782, #318, #7030, .T. ) ;
#5796 = CARTESIAN_POINT ( 'NONE',  ( 215.8429924243927189, 13.00000000000000178, 54.06990912732151600 ) ) ;
#5797 = CARTESIAN_POINT ( 'NONE',  ( 133.1972348203754848, 13.00000000000000178, 38.16366055062614748 ) ) ;
#5798 = ORIENTED_EDGE ( 'NONE', *, *, #5646, .F. ) ;
#5799 = LINE ( 'NONE', #5658, #3609 ) ;
#5800 = CARTESIAN_POINT ( 'NONE',  ( 131.7785134634123096, 10.00000000000000000, 51.58869778305805909 ) ) ;
#5801 = B_SPLINE_SURFACE_WITH_KNOTS ( 'NONE', 3, 1, ( 
 ( #3066, #6950 ),
 ( #340, #2584 ),
 ( #2063, #302 ),
 ( #5308, #6398 ),
 ( #6439, #1951 ),
 ( #5926, #4273 ),
 ( #2543, #6506 ),
 ( #1513, #3171 ),
 ( #1362, #1471 ),
 ( #3651, #374 ),
 ( #4205, #3759 ),
 ( #881, #4798 ),
 ( #2619, #3100 ),
 ( #7027, #4310 ),
 ( #1991, #3720 ) ),
 .UNSPECIFIED., .F., .F., .F.,
 ( 4, 1, 1, 1, 1, 1, 1, 1, 1, 1, 1, 1, 4 ),
 ( 2, 2 ),
 ( 0.000000000000000000, 0.08158934893218348916, 0.1628588951679348362, 0.2454836892755792033, 0.3308071391580110210, 0.4164933737762843702, 0.4998932031606319049, 0.5830481559950214665, 0.6671578520621573860, 0.7513119292929145709, 0.8337847893576159075, 0.9162564885439797857, 0.9999999999999998890 ),
 ( 0.000000000000000000, 1.000000000000000000 ),
 .UNSPECIFIED. ) ;
#5802 = CARTESIAN_POINT ( 'NONE',  ( 210.2980291503153865, 9.999999999999996447, 55.45927162691315715 ) ) ;
#5803 = CARTESIAN_POINT ( 'NONE',  ( 224.1843385782388793, 9.999999999999996447, 37.68168797347536270 ) ) ;
#5804 = EDGE_CURVE ( 'NONE', #1537, #6615, #902, .T. ) ;
#5805 = DIRECTION ( 'NONE',  ( -1.000000000000000000, 0.000000000000000000, 1.420944294689305296E-16 ) ) ;
#5806 = ORIENTED_EDGE ( 'NONE', *, *, #1203, .T. ) ;
#5807 = CARTESIAN_POINT ( 'NONE',  ( 100.0000000000000142, 20.00000000000000000, 96.43724644492834841 ) ) ;
#5808 = ORIENTED_EDGE ( 'NONE', *, *, #1800, .T. ) ;
#5809 = CARTESIAN_POINT ( 'NONE',  ( 68.72760780900810573, 10.00000000000000000, 26.37760143501382260 ) ) ;
#5810 = CARTESIAN_POINT ( 'NONE',  ( 85.90970640638562372, 9.999999999999992895, 36.90676465057129008 ) ) ;
#5811 = CARTESIAN_POINT ( 'NONE',  ( 129.1274739268645249, 13.00000000000000178, 45.73970291418198286 ) ) ;
#5812 = CARTESIAN_POINT ( 'NONE',  ( 224.4886248351591576, 12.99999999999999822, 45.19729462166396416 ) ) ;
#5813 = B_SPLINE_CURVE_WITH_KNOTS ( 'NONE', 3,
 ( #5072, #3858, #6091, #5513, #6051, #6714, #1052, #5578, #468, #5545, #7228, #1674, #532, #4335, #2193, #6128, #431, #1641, #3891, #3925, #2784, #5034, #6574, #7266, #6164, #1535, #3781 ),
 .UNSPECIFIED., .F., .F.,
 ( 4, 1, 1, 1, 1, 1, 1, 1, 1, 1, 1, 1, 1, 1, 1, 1, 1, 1, 1, 1, 1, 1, 1, 1, 4 ),
 ( 0.000000000000000000, 0.04515167880477894552, 0.08872725216454134534, 0.1305341108247534132, 0.1710707458966342909, 0.2100958400813104643, 0.2477692374166780565, 0.2848493643644386397, 0.3209855015160366642, 0.3563873757532811104, 0.3915492787874602643, 0.4261913606636693608, 0.4605110592984612561, 0.4949714404811202950, 0.5295336250796109923, 0.5645757480731530276, 0.6000961892387711716, 0.6375349450701497389, 0.6782134162474363626, 0.7225827429711684236, 0.7701823039810381522, 0.8218792822902016848, 0.8770670125167508990, 0.9365240376354082574, 1.000000000000000000 ),
 .UNSPECIFIED. ) ;
#5814 = ORIENTED_EDGE ( 'NONE', *, *, #1185, .T. ) ;
#5815 = CARTESIAN_POINT ( 'NONE',  ( 215.8550116551619737, 10.00000000000000000, 34.06990912732151600 ) ) ;
#5816 = CARTESIAN_POINT ( 'NONE',  ( 143.8548115980178750, 13.00000000000000178, 35.08144586393235187 ) ) ;
#5817 = CARTESIAN_POINT ( 'NONE',  ( 215.8429924243927189, 13.00000000000000178, 54.06990912732151600 ) ) ;
#5818 = DIRECTION ( 'NONE',  ( 0.000000000000000000, 1.000000000000000000, 0.000000000000000000 ) ) ;
#5819 = CARTESIAN_POINT ( 'NONE',  ( 248.5273445024015189, 13.00000000000000178, 40.08160984087832190 ) ) ;
#5820 = DIRECTION ( 'NONE',  ( -0.000000000000000000, -1.000000000000000000, -0.000000000000000000 ) ) ;
#5821 = CARTESIAN_POINT ( 'NONE',  ( 136.1863681191573789, 10.00000000000000178, 34.26873637109745374 ) ) ;
#5822 = VECTOR ( 'NONE', #5352, 1000.000000000000000 ) ;
#5823 = VECTOR ( 'NONE', #3515, 1000.000000000000000 ) ;
#5824 = CARTESIAN_POINT ( 'NONE',  ( 129.3794774557733831, 10.00000000000000000, 37.91486500630254852 ) ) ;
#5825 = CARTESIAN_POINT ( 'NONE',  ( 168.2874526746121546, 13.00000000000000178, 53.45266743150089894 ) ) ;
#5826 = CARTESIAN_POINT ( 'NONE',  ( 163.7241338861385032, 10.00000000000000355, 54.02989262135525195 ) ) ;
#5827 = ORIENTED_EDGE ( 'NONE', *, *, #2246, .F. ) ;
#5828 = CARTESIAN_POINT ( 'NONE',  ( 110.0866244335383044, 9.999999999999996447, 54.03131202038667880 ) ) ;
#5829 = DIRECTION ( 'NONE',  ( -0.000000000000000000, -1.000000000000000000, -0.000000000000000000 ) ) ;
#5830 = CARTESIAN_POINT ( 'NONE',  ( 219.1847791124924640, 9.999999999999996447, 53.47231583404132493 ) ) ;
#5831 = EDGE_CURVE ( 'NONE', #2044, #5723, #2380, .T. ) ;
#5832 = VECTOR ( 'NONE', #759, 1000.000000000000000 ) ;
#5833 = EDGE_CURVE ( 'NONE', #1537, #2426, #4989, .T. ) ;
#5834 = CARTESIAN_POINT ( 'NONE',  ( 153.5331345506240268, 13.00000000000000178, 43.11329757784675110 ) ) ;
#5835 = ORIENTED_EDGE ( 'NONE', *, *, #933, .T. ) ;
#5836 = ORIENTED_EDGE ( 'NONE', *, *, #4187, .T. ) ;
#5837 = CARTESIAN_POINT ( 'NONE',  ( 78.66693703073410404, 13.00000000000000178, 35.34409976131068731 ) ) ;
#5838 = VECTOR ( 'NONE', #411, 1000.000000000000000 ) ;
#5839 = FACE_OUTER_BOUND ( 'NONE', #4145, .T. ) ;
#5840 = CARTESIAN_POINT ( 'NONE',  ( 204.6791024687979643, 13.00000000000000178, 47.66086506136123546 ) ) ;
#5841 = LINE ( 'NONE', #1344, #5011 ) ;
#5842 = CARTESIAN_POINT ( 'NONE',  ( 111.2456366551619595, 10.00000000000000533, 56.76221681962920940 ) ) ;
#5843 = VERTEX_POINT ( 'NONE', #2260 ) ;
#5844 = PLANE ( 'NONE',  #7109 ) ;
#5845 = EDGE_LOOP ( 'NONE', ( #6131, #4, #3456, #4792 ) ) ;
#5846 = CARTESIAN_POINT ( 'NONE',  ( 106.5382992571377656, 13.00000000000000178, 52.62018264446357563 ) ) ;
#5847 = CARTESIAN_POINT ( 'NONE',  ( 85.90970640638562372, 12.99999999999999822, 36.90676465057129008 ) ) ;
#5848 = LINE ( 'NONE', #6910, #6555 ) ;
#5849 = CARTESIAN_POINT ( 'NONE',  ( 241.8579076569205313, 9.999999999999998224, 36.85538227920291376 ) ) ;
#5850 = VECTOR ( 'NONE', #3303, 1000.000000000000000 ) ;
#5851 = EDGE_CURVE ( 'NONE', #6964, #2776, #4315, .T. ) ;
#5852 = AXIS2_PLACEMENT_3D ( 'NONE', #6668, #5061, #6116 ) ;
#5853 = ORIENTED_EDGE ( 'NONE', *, *, #1077, .T. ) ;
#5854 = LINE ( 'NONE', #5922, #1966 ) ;
#5855 = CARTESIAN_POINT ( 'NONE',  ( 223.3570190223428824, 13.00000000000000178, 36.82419453252375519 ) ) ;
#5856 = PLANE ( 'NONE',  #3834 ) ;
#5857 = DIRECTION ( 'NONE',  ( 0.000000000000000000, 0.000000000000000000, -1.000000000000000000 ) ) ;
#5858 = FACE_OUTER_BOUND ( 'NONE', #1501, .T. ) ;
#5859 = CARTESIAN_POINT ( 'NONE',  ( 88.33369775951433667, 13.00000000000000178, 37.72523420911397807 ) ) ;
#5860 = CARTESIAN_POINT ( 'NONE',  ( 3.535533905932737309, 10.00000000000000000, 1.885533905932736509 ) ) ;
#5861 = CARTESIAN_POINT ( 'NONE',  ( 133.1294022598765707, 13.00000000000000178, 35.21512628246320276 ) ) ;
#5862 = CARTESIAN_POINT ( 'NONE',  ( 240.1275422048736630, 13.00000000000000178, 34.63179824051061217 ) ) ;
#5863 = CARTESIAN_POINT ( 'NONE',  ( 83.61689622670725441, 13.00000000000000178, 56.75170505732219084 ) ) ;
#5864 = ORIENTED_EDGE ( 'NONE', *, *, #5804, .T. ) ;
#5865 = CARTESIAN_POINT ( 'NONE',  ( 104.5968612146005796, 13.00000000000000178, 49.91204884555649812 ) ) ;
#5866 = CARTESIAN_POINT ( 'NONE',  ( 138.0439582016124973, 12.99999999999999822, 56.75457727848592526 ) ) ;
#5867 = CARTESIAN_POINT ( 'NONE',  ( 221.1373333206414884, 13.00000000000000178, 52.38430476564503380 ) ) ;
#5868 = EDGE_CURVE ( 'NONE', #2351, #6424, #6590, .T. ) ;
#5869 = EDGE_LOOP ( 'NONE', ( #2277, #3722, #4597, #433 ) ) ;
#5870 = CARTESIAN_POINT ( 'NONE',  ( 156.7098810936890914, 10.00000000000000000, 37.36992697726384449 ) ) ;
#5871 = CARTESIAN_POINT ( 'NONE',  ( 104.1315457930380148, 10.00000000000000533, 46.31386994824730152 ) ) ;
#5872 = ORIENTED_EDGE ( 'NONE', *, *, #7055, .F. ) ;
#5873 = CARTESIAN_POINT ( 'NONE',  ( 79.68556732501284046, 13.00000000000000178, 37.86962970093852476 ) ) ;
#5874 = CARTESIAN_POINT ( 'NONE',  ( 242.4126248567384607, 10.00000000000000000, 34.10850601515096514 ) ) ;
#5875 = FACE_OUTER_BOUND ( 'NONE', #6279, .T. ) ;
#5876 = FACE_OUTER_BOUND ( 'NONE', #4255, .T. ) ;
#5877 = ORIENTED_EDGE ( 'NONE', *, *, #6252, .T. ) ;
#5878 = CARTESIAN_POINT ( 'NONE',  ( 120.2193132342405448, 10.00000000000000178, 51.28599225701984210 ) ) ;
#5879 = ORIENTED_EDGE ( 'NONE', *, *, #3083, .T. ) ;
#5880 = EDGE_CURVE ( 'NONE', #495, #1059, #527, .T. ) ;
#5881 = CARTESIAN_POINT ( 'NONE',  ( 110.0866244335383044, 12.99999999999999822, 54.03131202038667880 ) ) ;
#5882 = CARTESIAN_POINT ( 'NONE',  ( 89.76146879599583883, 9.999999999999992895, 38.66768861012784697 ) ) ;
#5883 = CARTESIAN_POINT ( 'NONE',  ( 133.7040970121375665, 10.00000000000000000, 52.95917109708094017 ) ) ;
#5884 = LINE ( 'NONE', #3128, #2427 ) ;
#5885 = EDGE_LOOP ( 'NONE', ( #657, #2234, #5491, #3405 ) ) ;
#5886 = CARTESIAN_POINT ( 'NONE',  ( 167.1774958506304927, 10.00000000000000000, 53.81068570307287047 ) ) ;
#5887 = CARTESIAN_POINT ( 'NONE',  ( 148.7276078090081342, 13.00000000000000178, 39.20813028116766930 ) ) ;
#5888 = CARTESIAN_POINT ( 'NONE',  ( 199.4755266386477217, 13.00000000000000178, 28.82367296574635063 ) ) ;
#5889 = EDGE_CURVE ( 'NONE', #3566, #3207, #3963, .T. ) ;
#5890 = CARTESIAN_POINT ( 'NONE',  ( 221.1373333206414884, 10.00000000000000000, 52.38430476564503380 ) ) ;
#5891 = CARTESIAN_POINT ( 'NONE',  ( 142.9494672204971835, 13.00000000000000178, 53.12899254717847697 ) ) ;
#5892 = LINE ( 'NONE', #5490, #4647 ) ;
#5893 = CARTESIAN_POINT ( 'NONE',  ( 173.7276078090081057, 9.999999999999996447, 52.58553412732151600 ) ) ;
#5894 = CARTESIAN_POINT ( 'NONE',  ( 128.8905260024659469, 9.999999999999996447, 38.50132013896843119 ) ) ;
#5895 = CARTESIAN_POINT ( 'NONE',  ( 166.6666666666666288, 10.00000000000000000, 97.93724644492834841 ) ) ;
#5896 = CYLINDRICAL_SURFACE ( 'NONE', #4993, 1.500000000000001332 ) ;
#5897 = EDGE_LOOP ( 'NONE', ( #6281, #194, #1978, #2293 ) ) ;
#5898 = CARTESIAN_POINT ( 'NONE',  ( 101.4199155013158133, 10.00000000000000000, 44.92928412732151600 ) ) ;
#5899 = CARTESIAN_POINT ( 'NONE',  ( 219.1847791124924640, 12.99999999999999822, 53.47231583404132493 ) ) ;
#5900 = PLANE ( 'NONE',  #1017 ) ;
#5901 = CARTESIAN_POINT ( 'NONE',  ( 207.5016462705465585, 10.00000000000000000, 37.69971681962920940 ) ) ;
#5902 = ORIENTED_EDGE ( 'NONE', *, *, #5170, .T. ) ;
#5903 = CARTESIAN_POINT ( 'NONE',  ( 156.7098810936890914, 13.00000000000000178, 37.36992697726384449 ) ) ;
#5904 = CARTESIAN_POINT ( 'NONE',  ( 204.5218714868044856, 13.00000000000000178, 46.58069904533257244 ) ) ;
#5905 = VERTEX_POINT ( 'NONE', #1746 ) ;
#5906 = CARTESIAN_POINT ( 'NONE',  ( 73.88179644957772041, 13.00000000000000178, 40.04288111408455819 ) ) ;
#5907 = CARTESIAN_POINT ( 'NONE',  ( 243.2060343156544491, 13.00000000000000178, 34.08287546972646709 ) ) ;
#5908 = LINE ( 'NONE', #3120, #5832 ) ;
#5909 = ADVANCED_FACE ( 'NONE', ( #4660 ), #4632, .T. ) ;
#5910 = EDGE_CURVE ( 'NONE', #3233, #2185, #6935, .T. ) ;
#5911 = CARTESIAN_POINT ( 'NONE',  ( 87.76436675758066031, 13.00000000000000533, 56.21964696543575712 ) ) ;
#5912 = ORIENTED_EDGE ( 'NONE', *, *, #7181, .F. ) ;
#5913 = CARTESIAN_POINT ( 'NONE',  ( 120.4419838435228627, 10.00000000000000000, 50.61185322312315549 ) ) ;
#5914 = VERTEX_POINT ( 'NONE', #6338 ) ;
#5915 = CARTESIAN_POINT ( 'NONE',  ( 107.1190566003140248, 13.00000000000000178, 53.01776657559484818 ) ) ;
#5916 = CARTESIAN_POINT ( 'NONE',  ( 88.33369775951433667, 13.00000000000000178, 37.72523420911397807 ) ) ;
#5917 = CARTESIAN_POINT ( 'NONE',  ( 206.7890515370186506, 13.00000000000000178, 38.52229677155073517 ) ) ;
#5918 = CARTESIAN_POINT ( 'NONE',  ( 164.7732808859311717, 13.00000000000000178, 56.76221681962920940 ) ) ;
#5919 = ADVANCED_FACE ( 'NONE', ( #5183 ), #3551, .T. ) ;
#5920 = ADVANCED_FACE ( 'NONE', ( #6818 ), #1779, .T. ) ;
#5921 = ORIENTED_EDGE ( 'NONE', *, *, #103, .F. ) ;
#5922 = CARTESIAN_POINT ( 'NONE',  ( 68.72760780900810573, 13.00000000000000178, 41.76221681962920940 ) ) ;
#5923 = PLANE ( 'NONE',  #2772 ) ;
#5924 = CARTESIAN_POINT ( 'NONE',  ( 139.6894509933966901, 9.999999999999996447, 54.03688037850335490 ) ) ;
#5925 = CARTESIAN_POINT ( 'NONE',  ( 146.4740020397773321, 13.00000000000000178, 40.60837066578305610 ) ) ;
#5926 = CARTESIAN_POINT ( 'NONE',  ( 76.45286935378558724, 13.00000000000000533, 49.72740125713123405 ) ) ;
#5927 = FACE_BOUND ( 'NONE', #5200, .T. ) ;
#5928 = CARTESIAN_POINT ( 'NONE',  ( 207.8096785251022425, 9.999999999999996447, 42.13044371098764174 ) ) ;
#5929 = VECTOR ( 'NONE', #3511, 1000.000000000000000 ) ;
#5930 = CARTESIAN_POINT ( 'NONE',  ( 135.3932866351351834, 10.00000000000000000, 34.44202857116708572 ) ) ;
#5931 = CARTESIAN_POINT ( 'NONE',  ( 195.0556017670391498, 10.00000000000000000, 26.64487240422627679 ) ) ;
#5932 = CARTESIAN_POINT ( 'NONE',  ( 108.9560167829814077, 10.00000000000000000, 53.81157642012874476 ) ) ;
#5933 = ORIENTED_EDGE ( 'NONE', *, *, #1426, .F. ) ;
#5934 = CARTESIAN_POINT ( 'NONE',  ( 168.6797052688621932, 13.00000000000000178, 34.64726606103013040 ) ) ;
#5935 = CARTESIAN_POINT ( 'NONE',  ( 135.9905850612719576, 13.00000000000000888, 56.57495964754087225 ) ) ;
#5936 = DIRECTION ( 'NONE',  ( 1.000000000000000000, -0.000000000000000000, -0.000000000000000000 ) ) ;
#5937 = CARTESIAN_POINT ( 'NONE',  ( 248.0426078962067606, 9.999999999999998224, 35.28306610323654269 ) ) ;
#5938 = EDGE_CURVE ( 'NONE', #4525, #3459, #4509, .T. ) ;
#5939 = EDGE_CURVE ( 'NONE', #5554, #5153, #4622, .T. ) ;
#5940 = CARTESIAN_POINT ( 'NONE',  ( 133.3333333333333428, 20.00000000000000000, 97.93724644492834841 ) ) ;
#5941 = CARTESIAN_POINT ( 'NONE',  ( 187.9583770397773606, 10.00000000000000000, 25.60837066578305254 ) ) ;
#5942 = EDGE_LOOP ( 'NONE', ( #3550, #502, #509, #1457 ) ) ;
#5943 = CARTESIAN_POINT ( 'NONE',  ( 84.08818473208503974, 13.00000000000000178, 34.06990912732151600 ) ) ;
#5944 = CARTESIAN_POINT ( 'NONE',  ( 165.1984368128446476, 10.00000000000000000, 36.76771292081669884 ) ) ;
#5945 = CARTESIAN_POINT ( 'NONE',  ( 222.4414446604722002, 10.00000000000000178, 36.08891515911536629 ) ) ;
#5946 = VECTOR ( 'NONE', #5829, 1000.000000000000000 ) ;
#5947 = VECTOR ( 'NONE', #5471, 1000.000000000000000 ) ;
#5948 = CARTESIAN_POINT ( 'NONE',  ( 73.88179644957772041, 13.00000000000000178, 40.04288111408455819 ) ) ;
#5949 = ORIENTED_EDGE ( 'NONE', *, *, #6736, .F. ) ;
#5950 = EDGE_LOOP ( 'NONE', ( #1172, #5365, #3968, #5139 ) ) ;
#5951 = DIRECTION ( 'NONE',  ( 0.000000000000000000, 0.000000000000000000, 1.000000000000000000 ) ) ;
#5952 = CARTESIAN_POINT ( 'NONE',  ( 90.41431338924273575, 13.00000000000000178, 39.24734400092118847 ) ) ;
#5953 = CARTESIAN_POINT ( 'NONE',  ( 130.9884629208514184, 10.00000000000000000, 50.72312531689994586 ) ) ;
#5954 = CARTESIAN_POINT ( 'NONE',  ( 241.2414147439665726, 9.999999999999998224, 36.98788332718883254 ) ) ;
#5955 = AXIS2_PLACEMENT_3D ( 'NONE', #394, #2047, #1567 ) ;
#5956 = VECTOR ( 'NONE', #418, 1000.000000000000000 ) ;
#5957 = VERTEX_POINT ( 'NONE', #1814 ) ;
#5958 = VECTOR ( 'NONE', #1625, 1000.000000000000000 ) ;
#5959 = CARTESIAN_POINT ( 'NONE',  ( 133.7133962740389848, 13.00000000000000533, 55.97049093161140121 ) ) ;
#5960 = CARTESIAN_POINT ( 'NONE',  ( 142.8884129028394909, 10.00000000000000000, 34.72261452917847180 ) ) ;
#5961 = DIRECTION ( 'NONE',  ( 0.000000000000000000, 0.000000000000000000, 1.000000000000000000 ) ) ;
#5962 = CARTESIAN_POINT ( 'NONE',  ( 111.5141867891158824, 13.00000000000000178, 56.75941727792672964 ) ) ;
#5963 = CARTESIAN_POINT ( 'NONE',  ( 129.1274739268645249, 13.00000000000000178, 45.73970291418198286 ) ) ;
#5964 = DIRECTION ( 'NONE',  ( -0.000000000000000000, -1.000000000000000000, -0.000000000000000000 ) ) ;
#5965 = ORIENTED_EDGE ( 'NONE', *, *, #3562, .F. ) ;
#5966 = LINE ( 'NONE', #3138, #4671 ) ;
#5967 = VECTOR ( 'NONE', #3460, 1000.000000000000000 ) ;
#5968 = PLANE ( 'NONE',  #2560 ) ;
#5969 = CARTESIAN_POINT ( 'NONE',  ( 204.4968385782388793, 10.00000000000000000, 45.47615912732151600 ) ) ;
#5970 = LINE ( 'NONE', #3656, #5699 ) ;
#5971 = CARTESIAN_POINT ( 'NONE',  ( 167.4656097439745963, 13.00000000000000178, 34.30750777113145489 ) ) ;
#5972 = CARTESIAN_POINT ( 'NONE',  ( 197.5365031531262048, 13.00000000000000178, 25.23150515884538692 ) ) ;
#5973 = CARTESIAN_POINT ( 'NONE',  ( 90.02396302451191445, 10.00000000000000000, 55.19671577654076344 ) ) ;
#5974 = CARTESIAN_POINT ( 'NONE',  ( 209.3570020336064204, 10.00000000000000000, 54.87117143052888935 ) ) ;
#5975 = FACE_OUTER_BOUND ( 'NONE', #2239, .T. ) ;
#5976 = CARTESIAN_POINT ( 'NONE',  ( 224.4968385782389078, 10.00000000000000000, 45.49418797347536980 ) ) ;
#5977 = CARTESIAN_POINT ( 'NONE',  ( 251.8045308859312001, 13.00000000000000178, 45.18168797347536270 ) ) ;
#5978 = ORIENTED_EDGE ( 'NONE', *, *, #121, .T. ) ;
#5979 = ORIENTED_EDGE ( 'NONE', *, *, #6624, .F. ) ;
#5980 = CARTESIAN_POINT ( 'NONE',  ( 73.40315112132235242, 13.00000000000000178, 41.02293868678673761 ) ) ;
#5981 = CARTESIAN_POINT ( 'NONE',  ( 111.2456366551619595, 13.00000000000000178, 56.76221681962920940 ) ) ;
#5982 = ADVANCED_FACE ( 'NONE', ( #3956 ), #4064, .T. ) ;
#5983 = CARTESIAN_POINT ( 'NONE',  ( 220.6094086662118627, 13.00000000000000178, 38.19097185003074912 ) ) ;
#5984 = EDGE_CURVE ( 'NONE', #2197, #2265, #978, .T. ) ;
#5985 = ADVANCED_FACE ( 'NONE', ( #931 ), #3178, .T. ) ;
#5986 = CARTESIAN_POINT ( 'NONE',  ( 72.60573332561949655, 13.00000000000000178, 44.22140070343981222 ) ) ;
#5987 = VERTEX_POINT ( 'NONE', #4281 ) ;
#5988 = ORIENTED_EDGE ( 'NONE', *, *, #4393, .T. ) ;
#5989 = CARTESIAN_POINT ( 'NONE',  ( 92.95837703977734634, 10.00000000000000355, 38.69731297347536270 ) ) ;
#5990 = CARTESIAN_POINT ( 'NONE',  ( 118.1805898199735338, 10.00000000000000000, 54.37548729267580683 ) ) ;
#5991 = CARTESIAN_POINT ( 'NONE',  ( 131.7785134634123096, 10.00000000000000000, 51.58869778305805909 ) ) ;
#5992 = DIRECTION ( 'NONE',  ( 0.000000000000000000, 0.000000000000000000, 1.000000000000000000 ) ) ;
#5993 = VERTEX_POINT ( 'NONE', #5898 ) ;
#5994 = CARTESIAN_POINT ( 'NONE',  ( 129.0323282773942992, 13.00000000000000178, 52.69948901655517659 ) ) ;
#5995 = CARTESIAN_POINT ( 'NONE',  ( 207.2029190445653626, 13.00000000000000178, 45.87777677770288420 ) ) ;
#5996 = CARTESIAN_POINT ( 'NONE',  ( 247.5472173831513203, 10.00000000000000000, 38.43698806558620618 ) ) ;
#5997 = CARTESIAN_POINT ( 'NONE',  ( 214.9778203673390919, 13.00000000000000178, 36.78680717029157421 ) ) ;
#5998 = CARTESIAN_POINT ( 'NONE',  ( 116.9811091448773226, 12.99999999999999822, 51.64994209833304950 ) ) ;
#5999 = EDGE_LOOP ( 'NONE', ( #6300, #2092, #837, #1243 ) ) ;
#6000 = CARTESIAN_POINT ( 'NONE',  ( 81.81350579664088229, 10.00000000000000178, 37.01963116780611074 ) ) ;
#6001 = B_SPLINE_CURVE_WITH_KNOTS ( 'NONE', 3,
 ( #3682, #5963, #923, #4871, #238, #1914, #4166, #3614, #1581, #2721, #4904, #3870, #6725, #2804, #408 ),
 .UNSPECIFIED., .F., .F.,
 ( 4, 1, 1, 1, 1, 1, 1, 1, 1, 1, 1, 1, 4 ),
 ( 0.000000000000000000, 0.08052524235254109042, 0.1599654769449850300, 0.2403213612945771238, 0.3225285276294000969, 0.4050235832074841613, 0.4865966363996187538, 0.5678654736293198280, 0.6513327733845221124, 0.7362375672940282278, 0.8215290690095373716, 0.9090049060738446540, 1.000000000000000000 ),
 .UNSPECIFIED. ) ;
#6002 = CARTESIAN_POINT ( 'NONE',  ( 168.6797052688621932, 13.00000000000000178, 34.64726606103013040 ) ) ;
#6003 = CARTESIAN_POINT ( 'NONE',  ( 138.9046024899783447, 10.00000000000000000, 36.77305095978799443 ) ) ;
#6004 = CARTESIAN_POINT ( 'NONE',  ( 68.72760780900810573, 13.00000000000000178, 41.76221681962920940 ) ) ;
#6005 = CARTESIAN_POINT ( 'NONE',  ( 196.4168352818878134, 10.00000000000000000, 25.37918596850887809 ) ) ;
#6006 = CARTESIAN_POINT ( 'NONE',  ( 126.6185217369377511, 13.00000000000000178, 47.83232240818671244 ) ) ;
#6007 = CARTESIAN_POINT ( 'NONE',  ( 176.4199155013158133, 13.00000000000000178, 56.37760143501382260 ) ) ;
#6008 = CARTESIAN_POINT ( 'NONE',  ( 195.0554920613628269, 13.00000000000000178, 28.42445146208820361 ) ) ;
#6009 = EDGE_CURVE ( 'NONE', #6826, #5650, #4763, .T. ) ;
#6010 = CARTESIAN_POINT ( 'NONE',  ( 214.6331566630771874, 10.00000000000000178, 34.09650393382603539 ) ) ;
#6011 = EDGE_CURVE ( 'NONE', #3459, #7241, #4843, .T. ) ;
#6012 = CARTESIAN_POINT ( 'NONE',  ( 171.1835441584734667, 9.999999999999996447, 39.24734400092118136 ) ) ;
#6013 = CARTESIAN_POINT ( 'NONE',  ( 156.0478139525207268, 13.00000000000000178, 45.01013916057724629 ) ) ;
#6014 = ORIENTED_EDGE ( 'NONE', *, *, #7082, .F. ) ;
#6015 = VERTEX_POINT ( 'NONE', #1924 ) ;
#6016 = CARTESIAN_POINT ( 'NONE',  ( 242.9220853561311912, 13.00000000000000178, 36.76629685960241289 ) ) ;
#6017 = CARTESIAN_POINT ( 'NONE',  ( 118.2885534597399015, 13.00000000000000178, 47.25757534989466535 ) ) ;
#6018 = CARTESIAN_POINT ( 'NONE',  ( 227.1891462705465585, 13.00000000000000178, 45.47615912732151600 ) ) ;
#6019 = CARTESIAN_POINT ( 'NONE',  ( 79.67204854949740422, 10.00000000000000178, 34.88421282154197200 ) ) ;
#6020 = ORIENTED_EDGE ( 'NONE', *, *, #6011, .F. ) ;
#6021 = ORIENTED_EDGE ( 'NONE', *, *, #1651, .T. ) ;
#6022 = CARTESIAN_POINT ( 'NONE',  ( 133.3333333333333428, 20.00000000000000000, 96.43724644492834841 ) ) ;
#6023 = CARTESIAN_POINT ( 'NONE',  ( 121.0241688893951704, 9.999999999999996447, 46.19379176060918013 ) ) ;
#6024 = CARTESIAN_POINT ( 'NONE',  ( 75.26606934746966715, 13.00000000000000178, 45.38601489655228960 ) ) ;
#6025 = CARTESIAN_POINT ( 'NONE',  ( 235.7394144399517586, 10.00000000000000000, 42.36604104357167699 ) ) ;
#6026 = ADVANCED_FACE ( 'NONE', ( #6996 ), #1961, .T. ) ;
#6027 = ORIENTED_EDGE ( 'NONE', *, *, #4575, .T. ) ;
#6028 = CARTESIAN_POINT ( 'NONE',  ( 126.4199155013158418, 13.00000000000000178, 45.59635143501382970 ) ) ;
#6029 = CARTESIAN_POINT ( 'NONE',  ( 195.2877634219048844, 13.00000000000000178, 28.82154255229207607 ) ) ;
#6030 = CARTESIAN_POINT ( 'NONE',  ( 68.72760780900810573, 13.00000000000000178, 53.30067835809074950 ) ) ;
#6031 = CARTESIAN_POINT ( 'NONE',  ( 207.3375624344120354, 9.999999999999996447, 43.75364124067073845 ) ) ;
#6032 = FACE_BOUND ( 'NONE', #4262, .T. ) ;
#6033 = ORIENTED_EDGE ( 'NONE', *, *, #1976, .T. ) ;
#6034 = CARTESIAN_POINT ( 'NONE',  ( 91.20494080980517992, 12.99999999999999822, 50.78380950763849455 ) ) ;
#6035 = CARTESIAN_POINT ( 'NONE',  ( 111.2696751167004265, 13.00000000000000178, 54.06990912732151600 ) ) ;
#6036 = CARTESIAN_POINT ( 'NONE',  ( 250.3895962866330365, 13.00000000000000178, 37.64466900379569125 ) ) ;
#6037 = DIRECTION ( 'NONE',  ( 0.000000000000000000, -0.000000000000000000, 1.000000000000000000 ) ) ;
#6038 = CARTESIAN_POINT ( 'NONE',  ( 194.8814539628542661, 10.00000000000000000, 27.54346681962920584 ) ) ;
#6039 = CARTESIAN_POINT ( 'NONE',  ( 236.6895550573929654, 13.00000000000000178, 40.29472657616717157 ) ) ;
#6040 = DIRECTION ( 'NONE',  ( 0.5485103219760223414, 0.000000000000000000, -0.8361437835000391505 ) ) ;
#6041 = CARTESIAN_POINT ( 'NONE',  ( 155.8971763307382048, 13.00000000000000178, 52.60692056762644597 ) ) ;
#6042 = ADVANCED_FACE ( 'NONE', ( #4700 ), #6326, .T. ) ;
#6043 = CARTESIAN_POINT ( 'NONE',  ( 219.8912517069278749, 9.999999999999998224, 37.74990674578392458 ) ) ;
#6044 = CARTESIAN_POINT ( 'NONE',  ( 218.2541400805246781, 13.00000000000000178, 34.27939943226825648 ) ) ;
#6045 = ORIENTED_EDGE ( 'NONE', *, *, #1738, .F. ) ;
#6046 = EDGE_LOOP ( 'NONE', ( #398, #1683, #5486, #276 ) ) ;
#6047 = CARTESIAN_POINT ( 'NONE',  ( 199.1498198475666470, 12.99999999999999822, 29.17056476756570049 ) ) ;
#6048 = CARTESIAN_POINT ( 'NONE',  ( 109.6867054828607593, 13.00000000000000178, 56.69236763961816905 ) ) ;
#6049 = PLANE ( 'NONE',  #4791 ) ;
#6050 = CARTESIAN_POINT ( 'NONE',  ( 227.0068823675609053, 13.00000000000000178, 47.66086504265002333 ) ) ;
#6051 = CARTESIAN_POINT ( 'NONE',  ( 108.9500031431815330, 13.00000000000000178, 56.59115474822871761 ) ) ;
#6052 = VERTEX_POINT ( 'NONE', #2591 ) ;
#6053 = AXIS2_PLACEMENT_3D ( 'NONE', #3027, #4833, #4270 ) ;
#6054 = ORIENTED_EDGE ( 'NONE', *, *, #3915, .T. ) ;
#6055 = CARTESIAN_POINT ( 'NONE',  ( 215.4553155354656724, 10.00000000000000000, 54.05874321094724166 ) ) ;
#6056 = LINE ( 'NONE', #2129, #6295 ) ;
#6057 = CARTESIAN_POINT ( 'NONE',  ( 101.4199155013158133, 10.00000000000000000, 44.92928412732151600 ) ) ;
#6058 = FACE_OUTER_BOUND ( 'NONE', #251, .T. ) ;
#6059 = AXIS2_PLACEMENT_3D ( 'NONE', #2729, #3910, #2698 ) ;
#6060 = VECTOR ( 'NONE', #6567, 1000.000000000000000 ) ;
#6061 = ORIENTED_EDGE ( 'NONE', *, *, #3056, .F. ) ;
#6062 = CARTESIAN_POINT ( 'NONE',  ( 66.66666666666668561, 20.00000000000000000, 96.43724644492834841 ) ) ;
#6063 = CARTESIAN_POINT ( 'NONE',  ( 156.0727441287618831, 10.00000000000000000, 44.26131613962512290 ) ) ;
#6064 = EDGE_LOOP ( 'NONE', ( #4930, #4640, #6092, #6193 ) ) ;
#6065 = LINE ( 'NONE', #6030, #1148 ) ;
#6066 = CARTESIAN_POINT ( 'NONE',  ( 207.1891462705465869, 13.00000000000000178, 45.49418797347536270 ) ) ;
#6067 = CARTESIAN_POINT ( 'NONE',  ( 51.80453088593119304, 13.00000000000000178, 26.37760143501382260 ) ) ;
#6068 = ORIENTED_EDGE ( 'NONE', *, *, #53, .T. ) ;
#6069 = EDGE_CURVE ( 'NONE', #2426, #6482, #3039, .T. ) ;
#6070 = FACE_OUTER_BOUND ( 'NONE', #2756, .T. ) ;
#6071 = VECTOR ( 'NONE', #4916, 1000.000000000000000 ) ;
#6072 = EDGE_CURVE ( 'NONE', #2386, #4378, #1371, .T. ) ;
#6073 = AXIS2_PLACEMENT_3D ( 'NONE', #2428, #740, #3131 ) ;
#6074 = CARTESIAN_POINT ( 'NONE',  ( 166.6666666666666288, 20.00000000000000000, 97.93724644492834841 ) ) ;
#6075 = CARTESIAN_POINT ( 'NONE',  ( 296.4644660940673475, 10.00000000000000000, 3.535533905932737309 ) ) ;
#6076 = CARTESIAN_POINT ( 'NONE',  ( 104.4250986763049553, 10.00000000000000355, 49.34032465187816285 ) ) ;
#6077 = CARTESIAN_POINT ( 'NONE',  ( 194.8905489909986386, 9.999999999999996447, 27.38805953732013165 ) ) ;
#6078 = CARTESIAN_POINT ( 'NONE',  ( 241.2414147439665726, 12.99999999999999822, 36.98788332718883254 ) ) ;
#6079 = DIRECTION ( 'NONE',  ( -1.000000000000000000, 0.000000000000000000, 0.000000000000000000 ) ) ;
#6080 = CARTESIAN_POINT ( 'NONE',  ( 194.9091352452004742, 13.00000000000000533, 27.99408727964832266 ) ) ;
#6081 = AXIS2_PLACEMENT_3D ( 'NONE', #6022, #6577, #1502 ) ;
#6082 = CARTESIAN_POINT ( 'NONE',  ( 165.1984368128446476, 10.00000000000000000, 36.76771292081669884 ) ) ;
#6083 = CARTESIAN_POINT ( 'NONE',  ( 164.4683303584545797, 10.00000000000000000, 34.08105146694710896 ) ) ;
#6084 = ORIENTED_EDGE ( 'NONE', *, *, #6512, .T. ) ;
#6085 = ORIENTED_EDGE ( 'NONE', *, *, #1651, .F. ) ;
#6086 = CARTESIAN_POINT ( 'NONE',  ( 237.0587151312531660, 13.00000000000000178, 39.79072702591796684 ) ) ;
#6087 = CARTESIAN_POINT ( 'NONE',  ( 105.7763065485787735, 13.00000000000000178, 55.48581878813611468 ) ) ;
#6088 = CARTESIAN_POINT ( 'NONE',  ( 172.3020139799040180, 9.999999999999996447, 40.56731213550533255 ) ) ;
#6089 = LINE ( 'NONE', #2637, #2548 ) ;
#6090 = B_SPLINE_CURVE_WITH_KNOTS ( 'NONE', 3,
 ( #775, #197, #1880, #3028, #4131, #2430, #4612, #6360, #5275, #5751, #3470, #814, #1769, #709, #5712, #2920, #5172, #6843, #4650 ),
 .UNSPECIFIED., .F., .F.,
 ( 4, 1, 1, 1, 1, 1, 1, 1, 1, 1, 1, 1, 1, 1, 1, 1, 4 ),
 ( 0.000000000000000000, 0.06952164132604456148, 0.1369209822612536542, 0.2019692428653310223, 0.2654615503849184766, 0.3282478845128374845, 0.3908167166700962092, 0.4535501756793818284, 0.5175419816323163502, 0.5807383719174792347, 0.6419215091741669044, 0.7015967244089301724, 0.7603128802455005886, 0.8187565130146949866, 0.8777180795361955168, 0.9380940530276963285, 1.000000000000000000 ),
 .UNSPECIFIED. ) ;
#6091 = CARTESIAN_POINT ( 'NONE',  ( 110.4553161479495742, 13.00000000000000178, 56.75358313413370581 ) ) ;
#6092 = ORIENTED_EDGE ( 'NONE', *, *, #6515, .F. ) ;
#6093 = CARTESIAN_POINT ( 'NONE',  ( 197.3694347320850397, 13.00000000000000178, 29.83913989655228605 ) ) ;
#6094 = ORIENTED_EDGE ( 'NONE', *, *, #6117, .F. ) ;
#6095 = CARTESIAN_POINT ( 'NONE',  ( 0.000000000000000000, 10.00000000000000000, 0.000000000000000000 ) ) ;
#6096 = CARTESIAN_POINT ( 'NONE',  ( 100.0000000000000142, 10.00000000000000000, 94.93724644492834841 ) ) ;
#6097 = FACE_OUTER_BOUND ( 'NONE', #1902, .T. ) ;
#6098 = COORDINATED_UNIVERSAL_TIME_OFFSET ( 5, 0, .BEHIND. ) ;
#6099 = ORIENTED_EDGE ( 'NONE', *, *, #1077, .F. ) ;
#6100 = ADVANCED_FACE ( 'NONE', ( #2626 ), #5223, .T. ) ;
#6101 = EDGE_CURVE ( 'NONE', #4378, #3517, #6546, .T. ) ;
#6102 = CARTESIAN_POINT ( 'NONE',  ( 160.4547980942436425, 10.00000000000000355, 37.86962970093853897 ) ) ;
#6103 = EDGE_LOOP ( 'NONE', ( #975, #4337, #6537, #2015 ) ) ;
#6104 = CARTESIAN_POINT ( 'NONE',  ( 117.7185910288709465, 12.99999999999999822, 54.77449994293048974 ) ) ;
#6105 = CARTESIAN_POINT ( 'NONE',  ( 215.8429924243927189, 13.00000000000000178, 36.76221681962920940 ) ) ;
#6106 = CYLINDRICAL_SURFACE ( 'NONE', #1145, 1.500000000000029088 ) ;
#6107 = ORIENTED_EDGE ( 'NONE', *, *, #3881, .T. ) ;
#6108 = LINE ( 'NONE', #1066, #5488 ) ;
#6109 = EDGE_CURVE ( 'NONE', #7222, #3784, #4879, .T. ) ;
#6110 = DIRECTION ( 'NONE',  ( 0.000000000000000000, 0.000000000000000000, -1.000000000000000000 ) ) ;
#6111 = CARTESIAN_POINT ( 'NONE',  ( 251.2994992712432918, 13.00000000000000533, 39.86174358043783172 ) ) ;
#6112 = CARTESIAN_POINT ( 'NONE',  ( 133.3333333333333428, 20.00000000000000000, 94.93724644492834841 ) ) ;
#6113 = DIRECTION ( 'NONE',  ( -0.000000000000000000, -1.000000000000000000, -0.000000000000000000 ) ) ;
#6114 = CARTESIAN_POINT ( 'NONE',  ( 243.1386655013157849, 13.00000000000000178, 36.76221681962920940 ) ) ;
#6115 = CARTESIAN_POINT ( 'NONE',  ( 155.2109368511194987, 9.999999999999998224, 51.70738730869675237 ) ) ;
#6116 = DIRECTION ( 'NONE',  ( 0.000000000000000000, -0.000000000000000000, 1.000000000000000000 ) ) ;
#6117 = EDGE_CURVE ( 'NONE', #5740, #186, #7104, .T. ) ;
#6118 = FACE_OUTER_BOUND ( 'NONE', #4191, .T. ) ;
#6119 = EDGE_CURVE ( 'NONE', #4128, #6356, #3353, .T. ) ;
#6120 = CARTESIAN_POINT ( 'NONE',  ( 161.4832830742766419, 9.999999999999994671, 34.51213478258944889 ) ) ;
#6121 = VERTEX_POINT ( 'NONE', #2697 ) ;
#6122 = VERTEX_POINT ( 'NONE', #5499 ) ;
#6123 = CARTESIAN_POINT ( 'NONE',  ( 243.1386655013157849, 13.00000000000000178, 36.76221681962920940 ) ) ;
#6124 = CARTESIAN_POINT ( 'NONE',  ( 102.0114745308192852, 13.00000000000000178, 50.56002801823969151 ) ) ;
#6125 = FACE_OUTER_BOUND ( 'NONE', #4419, .T. ) ;
#6126 = CARTESIAN_POINT ( 'NONE',  ( 132.4211904484677405, 10.00000000000000000, 35.56963572605084778 ) ) ;
#6127 = B_SPLINE_CURVE_WITH_KNOTS ( 'NONE', 3,
 ( #1764, #588, #3500, #77, #156, #6250, #4642, #2388, #6871, #1176, #5085, #4607, #1832, #188, #4091, #5707, #2837, #661, #5164 ),
 .UNSPECIFIED., .F., .F.,
 ( 4, 1, 1, 1, 1, 1, 1, 1, 1, 1, 1, 1, 1, 1, 1, 1, 4 ),
 ( 0.000000000000000000, 0.06563379967569014928, 0.1291880880571289192, 0.1912186831121886199, 0.2519128178811570473, 0.3125074743865512983, 0.3734944337751985310, 0.4351515996540501474, 0.4987414744066494543, 0.5620952169966307865, 0.6241865668116568511, 0.6854757184651971702, 0.7460968148060537208, 0.8076116364477861076, 0.8699665806571906801, 0.9339510189149096142, 1.000000000000000000 ),
 .UNSPECIFIED. ) ;
#6128 = CARTESIAN_POINT ( 'NONE',  ( 103.1075587904535098, 13.00000000000000178, 52.96539680042842946 ) ) ;
#6129 = EDGE_LOOP ( 'NONE', ( #650, #2641, #7098, #7185, #424, #2579, #5548, #3559, #1722, #1499, #1821, #3187 ) ) ;
#6130 = CARTESIAN_POINT ( 'NONE',  ( 66.66666666666668561, 20.00000000000000000, 96.43724644492834841 ) ) ;
#6131 = ORIENTED_EDGE ( 'NONE', *, *, #3241, .F. ) ;
#6132 = CARTESIAN_POINT ( 'NONE',  ( 224.4968385782389078, 13.00000000000000178, 45.49418797347536980 ) ) ;
#6133 = CARTESIAN_POINT ( 'NONE',  ( 117.7185910288709465, 9.999999999999996447, 54.77449994293048974 ) ) ;
#6134 = CARTESIAN_POINT ( 'NONE',  ( 139.7666728684459656, 13.00000000000000178, 34.09357540000946329 ) ) ;
#6135 = EDGE_CURVE ( 'NONE', #2341, #215, #2663, .T. ) ;
#6136 = APPROVAL ( #5631, 'UNSPECIFIED' ) ;
#6137 = ORIENTED_EDGE ( 'NONE', *, *, #6478, .F. ) ;
#6138 = CARTESIAN_POINT ( 'NONE',  ( 156.0478139525207268, 10.00000000000000178, 45.01013916057724629 ) ) ;
#6139 = ORIENTED_EDGE ( 'NONE', *, *, #1014, .F. ) ;
#6140 = CARTESIAN_POINT ( 'NONE',  ( 296.4644660940673475, 0.000000000000000000, 5.185533905932724785 ) ) ;
#6141 = CARTESIAN_POINT ( 'NONE',  ( 208.6176665134643429, 10.00000000000000000, 40.64965607598939812 ) ) ;
#6142 = DIRECTION ( 'NONE',  ( 0.000000000000000000, 0.000000000000000000, -1.000000000000000000 ) ) ;
#6143 = ADVANCED_FACE ( 'NONE', ( #4355 ), #4104, .T. ) ;
#6144 = DIRECTION ( 'NONE',  ( 0.000000000000000000, 0.000000000000000000, 1.000000000000000000 ) ) ;
#6145 = B_SPLINE_SURFACE_WITH_KNOTS ( 'NONE', 3, 1, ( 
 ( #6342, #27 ),
 ( #4554, #1195 ),
 ( #2370, #3962 ),
 ( #2894, #3522 ),
 ( #2339, #5690 ),
 ( #6270, #4114 ),
 ( #1859, #1785 ),
 ( #5797, #3484 ),
 ( #645, #723 ),
 ( #139, #4032 ),
 ( #4664, #5149 ),
 ( #6822, #754 ),
 ( #1231, #3554 ),
 ( #2936, #5186 ),
 ( #6894, #4627 ),
 ( #5106, #6788 ),
 ( #3001, #5766 ),
 ( #6855, #4069 ),
 ( #1817, #2969 ) ),
 .UNSPECIFIED., .F., .F., .F.,
 ( 4, 1, 1, 1, 1, 1, 1, 1, 1, 1, 1, 1, 1, 1, 1, 1, 4 ),
 ( 2, 2 ),
 ( 0.000000000000000000, 0.06952164132604456148, 0.1369209822612536542, 0.2019692428653310223, 0.2654615503849184766, 0.3282478845128374845, 0.3908167166700962092, 0.4535501756793818284, 0.5175419816323163502, 0.5807383719174792347, 0.6419215091741669044, 0.7015967244089301724, 0.7603128802455005886, 0.8187565130146949866, 0.8777180795361955168, 0.9380940530276963285, 1.000000000000000000 ),
 ( 0.000000000000000000, 1.000000000000000000 ),
 .UNSPECIFIED. ) ;
#6146 = EDGE_CURVE ( 'NONE', #5586, #1430, #3986, .T. ) ;
#6147 = CARTESIAN_POINT ( 'NONE',  ( 79.61001819120990319, 10.00000000000000000, 55.95274269874143158 ) ) ;
#6148 = CARTESIAN_POINT ( 'NONE',  ( 251.8034824211075033, 13.00000000000000178, 44.82504969844536902 ) ) ;
#6149 = CARTESIAN_POINT ( 'NONE',  ( 158.4358297423856925, 13.00000000000000533, 54.90598210148770875 ) ) ;
#6150 = CARTESIAN_POINT ( 'NONE',  ( 90.15065568749960789, 10.00000000000000178, 35.86480405995698106 ) ) ;
#6151 = CARTESIAN_POINT ( 'NONE',  ( 240.0591747205680804, 12.99999999999999822, 37.41243395623314427 ) ) ;
#6152 = CARTESIAN_POINT ( 'NONE',  ( 0.000000000000000000, 0.000000000000000000, 0.000000000000000000 ) ) ;
#6153 = CARTESIAN_POINT ( 'NONE',  ( 196.4168207520515068, 13.00000000000000178, 29.68371817022396897 ) ) ;
#6154 = CARTESIAN_POINT ( 'NONE',  ( 173.1054915539208139, 13.00000000000000178, 42.05101592644442121 ) ) ;
#6155 = CARTESIAN_POINT ( 'NONE',  ( 211.2373485264214423, 12.99999999999999822, 34.95928154362823648 ) ) ;
#6156 = VERTEX_POINT ( 'NONE', #15 ) ;
#6157 = ORIENTED_EDGE ( 'NONE', *, *, #707, .T. ) ;
#6158 = CARTESIAN_POINT ( 'NONE',  ( 236.3708842284422360, 12.99999999999999822, 40.82728518757085823 ) ) ;
#6159 = CARTESIAN_POINT ( 'NONE',  ( 104.2827538157412590, 12.99999999999999822, 54.37119554726965731 ) ) ;
#6160 = CARTESIAN_POINT ( 'NONE',  ( 199.4774829173968556, 13.00000000000000178, 26.24002622393021156 ) ) ;
#6161 = ADVANCED_FACE ( 'NONE', ( #2957 ), #4018, .T. ) ;
#6162 = CARTESIAN_POINT ( 'NONE',  ( 217.5457807398765340, 13.00000000000000178, 36.90981921091352547 ) ) ;
#6163 = EDGE_CURVE ( 'NONE', #6482, #3530, #595, .T. ) ;
#6164 = CARTESIAN_POINT ( 'NONE',  ( 101.4311329280455283, 13.00000000000000178, 46.02950006706866759 ) ) ;
#6165 = ORIENTED_EDGE ( 'NONE', *, *, #3863, .T. ) ;
#6166 = CARTESIAN_POINT ( 'NONE',  ( 251.2994992712432918, 13.00000000000000533, 39.86174358043783172 ) ) ;
#6167 = ORIENTED_EDGE ( 'NONE', *, *, #3406, .T. ) ;
#6168 = CARTESIAN_POINT ( 'NONE',  ( 144.5029082796448847, 10.00000000000000000, 55.44215793395000702 ) ) ;
#6169 = DIRECTION ( 'NONE',  ( 0.000000000000000000, 1.000000000000000000, 0.000000000000000000 ) ) ;
#6170 = DIRECTION ( 'NONE',  ( 0.000000000000000000, 0.000000000000000000, -1.000000000000000000 ) ) ;
#6171 = VERTEX_POINT ( 'NONE', #4613 ) ;
#6172 = VECTOR ( 'NONE', #1180, 1000.000000000000000 ) ;
#6173 = ORIENTED_EDGE ( 'NONE', *, *, #4830, .T. ) ;
#6174 = CARTESIAN_POINT ( 'NONE',  ( 75.90993413615807128, 13.00000000000000178, 53.45030617205737400 ) ) ;
#6175 = ORIENTED_EDGE ( 'NONE', *, *, #6375, .T. ) ;
#6176 = CARTESIAN_POINT ( 'NONE',  ( 249.0394813512151586, 13.00000000000000533, 42.97351722328868107 ) ) ;
#6177 = CARTESIAN_POINT ( 'NONE',  ( 118.2417092087433872, 13.00000000000000888, 47.97124237094052290 ) ) ;
#6178 = DIRECTION ( 'NONE',  ( 1.000000000000000000, 0.000000000000000000, 0.000000000000000000 ) ) ;
#6179 = DIRECTION ( 'NONE',  ( 0.000000000000000000, 0.000000000000000000, 1.000000000000000000 ) ) ;
#6180 = VECTOR ( 'NONE', #108, 1000.000000000000000 ) ;
#6181 = VECTOR ( 'NONE', #1204, 1000.000000000000000 ) ;
#6182 = CARTESIAN_POINT ( 'NONE',  ( 72.57376165516197375, 10.00000000000000178, 45.35596681962920940 ) ) ;
#6183 = CARTESIAN_POINT ( 'NONE',  ( 161.5169090036012562, 10.00000000000000178, 53.44923473455117602 ) ) ;
#6184 = CARTESIAN_POINT ( 'NONE',  ( 163.6226423826124119, 10.00000000000000000, 56.73097539661677047 ) ) ;
#6185 = CARTESIAN_POINT ( 'NONE',  ( 224.1843385782388793, 13.00000000000000178, 37.68168797347536270 ) ) ;
#6186 = CARTESIAN_POINT ( 'NONE',  ( 236.0927149021940465, 10.00000000000000355, 41.38326495738920840 ) ) ;
#6187 = LINE ( 'NONE', #5019, #2786 ) ;
#6188 = APPROVAL_ROLE ( '' ) ;
#6189 = AXIS2_PLACEMENT_3D ( 'NONE', #4072, #4629, #6272 ) ;
#6190 = VERTEX_POINT ( 'NONE', #1143 ) ;
#6191 = PLANE ( 'NONE',  #6776 ) ;
#6192 = CARTESIAN_POINT ( 'NONE',  ( 215.8550116551619737, 9.999999999999996447, 34.06990912732151600 ) ) ;
#6193 = ORIENTED_EDGE ( 'NONE', *, *, #6207, .T. ) ;
#6194 = VERTEX_POINT ( 'NONE', #6224 ) ;
#6195 = CARTESIAN_POINT ( 'NONE',  ( 187.9583770397773606, 13.00000000000000178, 56.37760143501382260 ) ) ;
#6196 = CIRCLE ( 'NONE', #6081, 1.500000000000001332 ) ;
#6197 = CARTESIAN_POINT ( 'NONE',  ( 103.1075587904535098, 10.00000000000000000, 52.96539680042842946 ) ) ;
#6198 = CARTESIAN_POINT ( 'NONE',  ( 144.5029082796448847, 13.00000000000000178, 55.44215793395000702 ) ) ;
#6199 = CARTESIAN_POINT ( 'NONE',  ( 215.8429924243927189, 13.00000000000000178, 36.76221681962920940 ) ) ;
#6200 = VECTOR ( 'NONE', #662, 1000.000000000000000 ) ;
#6201 = AXIS2_PLACEMENT_3D ( 'NONE', #3436, #5645, #6882 ) ;
#6202 = CARTESIAN_POINT ( 'NONE',  ( 157.8794140492624365, 13.00000000000000178, 50.69240783167714426 ) ) ;
#6203 = ADVANCED_FACE ( 'NONE', ( #5642 ), #4580, .F. ) ;
#6204 = VERTEX_POINT ( 'NONE', #1770 ) ;
#6205 = CARTESIAN_POINT ( 'NONE',  ( 133.7133962740389848, 10.00000000000000355, 55.97049093161140121 ) ) ;
#6206 = LINE ( 'NONE', #1676, #5719 ) ;
#6207 = EDGE_CURVE ( 'NONE', #5455, #144, #2811, .T. ) ;
#6208 = VERTEX_POINT ( 'NONE', #2395 ) ;
#6209 = B_SPLINE_SURFACE_WITH_KNOTS ( 'NONE', 3, 1, ( 
 ( #3674, #1318 ),
 ( #261, #2608 ),
 ( #6429, #913 ),
 ( #4748, #808 ),
 ( #4264, #2496 ),
 ( #3058, #4157 ),
 ( #3568, #5412 ),
 ( #5370, #2533 ),
 ( #5300, #1389 ),
 ( #5952, #839 ),
 ( #4787, #5882 ),
 ( #3090, #1352 ),
 ( #5916, #1461 ),
 ( #5333, #6389 ),
 ( #294, #4862 ),
 ( #5847, #5810 ),
 ( #7019, #4230 ),
 ( #6466, #332 ),
 ( #7052, #3604 ) ),
 .UNSPECIFIED., .F., .F., .F.,
 ( 4, 1, 1, 1, 1, 1, 1, 1, 1, 1, 1, 1, 1, 1, 1, 1, 4 ),
 ( 2, 2 ),
 ( 0.000000000000000000, 0.06563379967569001050, 0.1291880880571287249, 0.1912186831121885366, 0.2519128178811568808, 0.3125074743865506322, 0.3734944337751977539, 0.4351515996540499254, 0.4987414744066491212, 0.5620952169966311196, 0.6241865668116555188, 0.6854757184651957269, 0.7460968148060530547, 0.8076116364477854415, 0.8699665806571899029, 0.9339510189149077268, 1.000000000000000000 ),
 ( 0.000000000000000000, 1.000000000000000000 ),
 .UNSPECIFIED. ) ;
#6210 = DIRECTION ( 'NONE',  ( 1.000000000000000000, 0.000000000000000000, 0.000000000000000000 ) ) ;
#6211 = CARTESIAN_POINT ( 'NONE',  ( 91.84087746333285907, 13.00000000000000178, 49.86343991010986798 ) ) ;
#6212 = CARTESIAN_POINT ( 'NONE',  ( 148.2311156180661271, 12.99999999999999822, 38.41019250160776011 ) ) ;
#6213 = CARTESIAN_POINT ( 'NONE',  ( 217.0595477546211214, 10.00000000000000000, 56.73135380989599241 ) ) ;
#6214 = VERTEX_POINT ( 'NONE', #6185 ) ;
#6215 = FACE_OUTER_BOUND ( 'NONE', #6758, .T. ) ;
#6216 = ORIENTED_EDGE ( 'NONE', *, *, #4936, .T. ) ;
#6217 = LINE ( 'NONE', #5120, #5032 ) ;
#6218 = FACE_OUTER_BOUND ( 'NONE', #5657, .T. ) ;
#6219 = CARTESIAN_POINT ( 'NONE',  ( 138.4932328090081057, 10.00000000000000355, 36.76221681962920940 ) ) ;
#6220 = CARTESIAN_POINT ( 'NONE',  ( 54.49683857823887934, 13.00000000000000178, 53.30067835809074950 ) ) ;
#6221 = CARTESIAN_POINT ( 'NONE',  ( 204.4968385782388793, 13.00000000000000178, 45.47615912732151600 ) ) ;
#6222 = CARTESIAN_POINT ( 'NONE',  ( 207.3375624344120354, 12.99999999999999822, 43.75364124067073845 ) ) ;
#6223 = CARTESIAN_POINT ( 'NONE',  ( 153.7917696653815653, 9.999999999999992895, 48.72375550313607562 ) ) ;
#6224 = CARTESIAN_POINT ( 'NONE',  ( 235.6807328090081057, 10.00000000000000000, 42.56750528116766930 ) ) ;
#6225 = CARTESIAN_POINT ( 'NONE',  ( 76.44374287037892657, 13.00000000000000178, 41.05039465339896054 ) ) ;
#6226 = CARTESIAN_POINT ( 'NONE',  ( 0.000000000000000000, 13.00000000000000178, 0.000000000000000000 ) ) ;
#6227 = PERSON_AND_ORGANIZATION_ROLE ( 'creator' ) ;
#6228 = DIRECTION ( 'NONE',  ( 0.000000000000000000, 0.000000000000000000, 1.000000000000000000 ) ) ;
#6229 = CARTESIAN_POINT ( 'NONE',  ( 75.26606934746966715, 13.00000000000000178, 45.38601489655228960 ) ) ;
#6230 = CARTESIAN_POINT ( 'NONE',  ( 156.3124835273456199, 10.00000000000000355, 47.61098666643686528 ) ) ;
#6231 = VERTEX_POINT ( 'NONE', #6844 ) ;
#6232 = DIRECTION ( 'NONE',  ( 0.000000000000000000, 0.000000000000000000, -1.000000000000000000 ) ) ;
#6233 = LINE ( 'NONE', #210, #5946 ) ;
#6234 = CARTESIAN_POINT ( 'NONE',  ( 138.7478099182464462, 13.00000000000000178, 56.76002050252456854 ) ) ;
#6235 = CARTESIAN_POINT ( 'NONE',  ( 135.3932866351351834, 10.00000000000000000, 34.44202857116708572 ) ) ;
#6236 = EDGE_CURVE ( 'NONE', #6156, #4218, #5677, .T. ) ;
#6237 = CARTESIAN_POINT ( 'NONE',  ( 163.7241338861385032, 13.00000000000000533, 54.02989262135525195 ) ) ;
#6238 = ORIENTED_EDGE ( 'NONE', *, *, #1985, .F. ) ;
#6239 = DIRECTION ( 'NONE',  ( -0.000000000000000000, -1.000000000000000000, -0.000000000000000000 ) ) ;
#6240 = CARTESIAN_POINT ( 'NONE',  ( 235.2660693474696529, 10.00000000000000000, 56.37760143501382260 ) ) ;
#6241 = ORIENTED_EDGE ( 'NONE', *, *, #1640, .T. ) ;
#6242 = FACE_OUTER_BOUND ( 'NONE', #5897, .T. ) ;
#6243 = CARTESIAN_POINT ( 'NONE',  ( 84.48974541510143865, 9.999999999999996447, 54.05568086510034220 ) ) ;
#6244 = CARTESIAN_POINT ( 'NONE',  ( 251.2994992712432918, 10.00000000000000355, 39.86174358043783172 ) ) ;
#6245 = CARTESIAN_POINT ( 'NONE',  ( 249.1122231936234925, 10.00000000000000000, 56.37760143501382260 ) ) ;
#6246 = EDGE_LOOP ( 'NONE', ( #5265, #4785, #2132, #4288 ) ) ;
#6247 = CARTESIAN_POINT ( 'NONE',  ( 146.3345528254674548, 10.00000000000000178, 36.46425242558474622 ) ) ;
#6248 = ORIENTED_EDGE ( 'NONE', *, *, #2869, .F. ) ;
#6249 = LINE ( 'NONE', #6837, #1855 ) ;
#6250 = CARTESIAN_POINT ( 'NONE',  ( 173.1054915539208139, 13.00000000000000178, 42.05101592644442121 ) ) ;
#6251 = DIRECTION ( 'NONE',  ( -0.000000000000000000, -1.000000000000000000, -0.000000000000000000 ) ) ;
#6252 = EDGE_CURVE ( 'NONE', #6576, #6204, #2322, .T. ) ;
#6253 = FACE_BOUND ( 'NONE', #6864, .T. ) ;
#6254 = B_SPLINE_CURVE_WITH_KNOTS ( 'NONE', 3,
 ( #893, #3146, #6520, #1482, #5973, #934, #383, #3356, #597, #3322, #5094 ),
 .UNSPECIFIED., .F., .F.,
 ( 4, 1, 1, 1, 1, 1, 1, 1, 4 ),
 ( 0.000000000000000000, 0.1342983790141681066, 0.2620849753823007444, 0.3862699121345001818, 0.5071645966228004454, 0.6273002357255067496, 0.7481449416029948285, 0.8723701771613523448, 1.000000000000000000 ),
 .UNSPECIFIED. ) ;
#6255 = CARTESIAN_POINT ( 'NONE',  ( 185.2660693474696529, 10.00000000000000000, 34.45452451193689569 ) ) ;
#6256 = LINE ( 'NONE', #5640, #4893 ) ;
#6257 = CARTESIAN_POINT ( 'NONE',  ( 207.1891462705465869, 13.00000000000000178, 45.49418797347536270 ) ) ;
#6258 = DIRECTION ( 'NONE',  ( 0.000000000000000000, 0.000000000000000000, 1.000000000000000000 ) ) ;
#6259 = CARTESIAN_POINT ( 'NONE',  ( 245.2034968022367991, 9.999999999999996447, 37.00280366795939102 ) ) ;
#6260 = CARTESIAN_POINT ( 'NONE',  ( 92.95837703977734634, 13.00000000000000178, 45.46413989655228249 ) ) ;
#6261 = MECHANICAL_CONTEXT ( 'NONE', #2321, 'mechanical' ) ;
#6262 = B_SPLINE_SURFACE_WITH_KNOTS ( 'NONE', 3, 1, ( 
 ( #455, #3142 ),
 ( #5347, #4245 ),
 ( #594, #6184 ),
 ( #6664, #1693 ),
 ( #518, #1039 ),
 ( #2249, #5563 ),
 ( #4498, #3944 ),
 ( #6149, #5641 ),
 ( #85, #1732 ),
 ( #7211, #5676 ),
 ( #5601, #2325 ),
 ( #3319, #487 ),
 ( #3985, #1660 ),
 ( #2216, #2175 ),
 ( #6700, #6223 ),
 ( #1181, #6730 ),
 ( #6627, #14 ),
 ( #3877, #6770 ),
 ( #2844, #629 ) ),
 .UNSPECIFIED., .F., .F., .F.,
 ( 4, 1, 1, 1, 1, 1, 1, 1, 1, 1, 1, 1, 1, 1, 1, 1, 4 ),
 ( 2, 2 ),
 ( 0.000000000000000000, 0.06461999134076834572, 0.1274334841444681454, 0.1890041265579405216, 0.2499300706860470012, 0.3106684537406724789, 0.3723289611368243990, 0.4349391099970090768, 0.4995755441940345487, 0.5641912077719243301, 0.6267352169294784225, 0.6881093335614013595, 0.7492936065367511445, 0.8103305278109455001, 0.8719011702244158224, 0.9350459146845315761, 1.000000000000000000 ),
 ( 0.000000000000000000, 1.000000000000000000 ),
 .UNSPECIFIED. ) ;
#6263 = DIRECTION ( 'NONE',  ( 0.000000000000000000, 0.000000000000000000, 1.000000000000000000 ) ) ;
#6264 = DIRECTION ( 'NONE',  ( 0.000000000000000000, 0.000000000000000000, 1.000000000000000000 ) ) ;
#6265 = ORIENTED_EDGE ( 'NONE', *, *, #38, .T. ) ;
#6266 = ORIENTED_EDGE ( 'NONE', *, *, #6697, .T. ) ;
#6267 = DIRECTION ( 'NONE',  ( 1.000000000000000000, 0.000000000000000000, 0.000000000000000000 ) ) ;
#6268 = LINE ( 'NONE', #4589, #1709 ) ;
#6269 = CARTESIAN_POINT ( 'NONE',  ( 173.6867257897521881, 10.00000000000000000, 46.64052332137998746 ) ) ;
#6270 = CARTESIAN_POINT ( 'NONE',  ( 134.7947034230484462, 13.00000000000000178, 37.37028872724781792 ) ) ;
#6271 = ORIENTED_EDGE ( 'NONE', *, *, #2795, .F. ) ;
#6272 = DIRECTION ( 'NONE',  ( 0.000000000000000000, 0.000000000000000000, 1.000000000000000000 ) ) ;
#6273 = CARTESIAN_POINT ( 'NONE',  ( 235.5535347914592137, 13.00000000000000178, 38.05019952497703883 ) ) ;
#6274 = ORIENTED_EDGE ( 'NONE', *, *, #1393, .F. ) ;
#6275 = CARTESIAN_POINT ( 'NONE',  ( 100.0000000000000142, 20.00000000000000000, 96.43724644492834841 ) ) ;
#6276 = CARTESIAN_POINT ( 'NONE',  ( 91.84087746333285907, 9.999999999999996447, 49.86343991010986798 ) ) ;
#6277 = CARTESIAN_POINT ( 'NONE',  ( 90.02396302451191445, 10.00000000000000000, 55.19671577654076344 ) ) ;
#6278 = DIRECTION ( 'NONE',  ( 0.000000000000000000, 0.000000000000000000, 1.000000000000000000 ) ) ;
#6279 = EDGE_LOOP ( 'NONE', ( #1306, #3107 ) ) ;
#6280 = CARTESIAN_POINT ( 'NONE',  ( 72.58426853920626343, 10.00000000000000178, 45.74512780677689960 ) ) ;
#6281 = ORIENTED_EDGE ( 'NONE', *, *, #1078, .F. ) ;
#6282 = DIRECTION ( 'NONE',  ( -0.000000000000000000, -1.000000000000000000, -0.000000000000000000 ) ) ;
#6283 = CARTESIAN_POINT ( 'NONE',  ( 118.0991008852528665, 10.00000000000000355, 49.13200934149549681 ) ) ;
#6284 = CARTESIAN_POINT ( 'NONE',  ( 129.1577699029508892, 13.00000000000000178, 46.50200459242339690 ) ) ;
#6285 = CARTESIAN_POINT ( 'NONE',  ( 224.4968385782388793, 13.00000000000000178, 45.49418797347536270 ) ) ;
#6286 = CARTESIAN_POINT ( 'NONE',  ( 185.2660693474696529, 10.00000000000000000, 37.14683220424458909 ) ) ;
#6287 = CARTESIAN_POINT ( 'NONE',  ( 164.8694347320850397, 9.999999999999998224, 54.06990912732151600 ) ) ;
#6288 = ADVANCED_FACE ( 'NONE', ( #1182 ), #2285, .T. ) ;
#6289 = PLANE ( 'NONE',  #2783 ) ;
#6290 = CARTESIAN_POINT ( 'NONE',  ( 138.9085918069741865, 9.999999999999998224, 54.05877057992831425 ) ) ;
#6292 = VECTOR ( 'NONE', #2890, 1000.000000000000000 ) ;
#6291 = CARTESIAN_POINT ( 'NONE',  ( 82.95388295717600613, 13.00000000000000178, 36.80385835193838773 ) ) ;
#6293 = CARTESIAN_POINT ( 'NONE',  ( 226.0331238346655880, 13.00000000000000178, 40.30981004397936118 ) ) ;
#6294 = EDGE_CURVE ( 'NONE', #2605, #5005, #3011, .T. ) ;
#6295 = VECTOR ( 'NONE', #2199, 1000.000000000000000 ) ;
#6296 = CIRCLE ( 'NONE', #1836, 1.500000000000001332 ) ;
#6297 = CARTESIAN_POINT ( 'NONE',  ( 162.5827365658716701, 13.00000000000000178, 37.01963116780610363 ) ) ;
#6298 = CARTESIAN_POINT ( 'NONE',  ( 138.0439582016124973, 9.999999999999998224, 56.75457727848592526 ) ) ;
#6299 = CARTESIAN_POINT ( 'NONE',  ( 73.02253889615084859, 12.99999999999999822, 48.72375550313605430 ) ) ;
#6300 = ORIENTED_EDGE ( 'NONE', *, *, #1968, .F. ) ;
#6301 = DIRECTION ( 'NONE',  ( 0.000000000000000000, 0.000000000000000000, -1.000000000000000000 ) ) ;
#6302 = FACE_OUTER_BOUND ( 'NONE', #2670, .T. ) ;
#6303 = CARTESIAN_POINT ( 'NONE',  ( 224.2330014509269063, 10.00000000000000000, 47.76016835152888262 ) ) ;
#6304 = VECTOR ( 'NONE', #4737, 1000.000000000000000 ) ;
#6305 = AXIS2_PLACEMENT_3D ( 'NONE', #3202, #2023, #2686 ) ;
#6306 = CARTESIAN_POINT ( 'NONE',  ( 156.0353001167004265, 13.00000000000000178, 45.38601489655228960 ) ) ;
#6307 = ORIENTED_EDGE ( 'NONE', *, *, #3380, .F. ) ;
#6308 = CARTESIAN_POINT ( 'NONE',  ( 92.81027018264769879, 10.00000000000000000, 43.68967091283517590 ) ) ;
#6309 = CARTESIAN_POINT ( 'NONE',  ( 244.0131066508862432, 12.99999999999999822, 34.08486794538890052 ) ) ;
#6310 = EDGE_LOOP ( 'NONE', ( #6544, #7084, #949, #525 ) ) ;
#6311 = ADVANCED_FACE ( 'NONE', ( #5128 ), #4099, .T. ) ;
#6312 = LINE ( 'NONE', #2039, #5504 ) ;
#6313 = CARTESIAN_POINT ( 'NONE',  ( 114.2417352605896497, 10.00000000000000355, 56.44773089219729201 ) ) ;
#6314 = CARTESIAN_POINT ( 'NONE',  ( 212.3146301660424058, 10.00000000000000178, 34.55780853454479740 ) ) ;
#6315 = CIRCLE ( 'NONE', #4095, 1.500000000000001332 ) ;
#6316 = ORIENTED_EDGE ( 'NONE', *, *, #1230, .T. ) ;
#6317 = CARTESIAN_POINT ( 'NONE',  ( 100.0000000000000142, 20.00000000000000000, 96.43724644492834841 ) ) ;
#6318 = B_SPLINE_CURVE_WITH_KNOTS ( 'NONE', 3,
 ( #3358, #1043, #5463, #3287, #522, #7255, #5606, #1558, #4983, #419, #6041, #4918, #4431, #2220, #18, #4469, #5534, #2666, #491 ),
 .UNSPECIFIED., .F., .F.,
 ( 4, 1, 1, 1, 1, 1, 1, 1, 1, 1, 1, 1, 1, 1, 1, 1, 4 ),
 ( 0.000000000000000000, 0.06461999134076834572, 0.1274334841444681454, 0.1890041265579405216, 0.2499300706860470012, 0.3106684537406724789, 0.3723289611368243990, 0.4349391099970090768, 0.4995755441940345487, 0.5641912077719243301, 0.6267352169294784225, 0.6881093335614013595, 0.7492936065367511445, 0.8103305278109455001, 0.8719011702244158224, 0.9350459146845315761, 1.000000000000000000 ),
 .UNSPECIFIED. ) ;
#6319 = ORIENTED_EDGE ( 'NONE', *, *, #3331, .F. ) ;
#6320 = CARTESIAN_POINT ( 'NONE',  ( 144.7594011711035478, 10.00000000000000000, 35.48441198717918610 ) ) ;
#6321 = ORIENTED_EDGE ( 'NONE', *, *, #5227, .F. ) ;
#6322 = CARTESIAN_POINT ( 'NONE',  ( 105.7835189017167323, 13.00000000000000533, 51.93079691680746635 ) ) ;
#6323 = LINE ( 'NONE', #5779, #314 ) ;
#6324 = CARTESIAN_POINT ( 'NONE',  ( 118.3427661861365294, 10.00000000000000000, 44.94734224449729254 ) ) ;
#6325 = CARTESIAN_POINT ( 'NONE',  ( 176.4199155013158133, 13.00000000000000178, 34.45452451193689569 ) ) ;
#6326 = B_SPLINE_SURFACE_WITH_KNOTS ( 'NONE', 3, 1, ( 
 ( #5427, #2036 ),
 ( #5865, #348 ),
 ( #3658, #3585 ),
 ( #787, #6925 ),
 ( #1888, #5349 ),
 ( #3623, #4139 ),
 ( #6518, #1335 ),
 ( #7070, #310 ),
 ( #2555, #3731 ),
 ( #4806, #7035 ),
 ( #6406, #3144 ),
 ( #1998, #5286 ),
 ( #4247, #5828 ),
 ( #3691, #891 ),
 ( #5391, #1480 ) ),
 .UNSPECIFIED., .F., .F., .F.,
 ( 4, 1, 1, 1, 1, 1, 1, 1, 1, 1, 1, 1, 4 ),
 ( 2, 2 ),
 ( 0.000000000000000000, 0.06048671878424762005, 0.1197159334053024549, 0.1780861642555809365, 0.2359713213676928045, 0.2946097683616256124, 0.3535360182612490854, 0.4131613089451967591, 0.4745453087944144221, 0.5992335172031756363, 0.7270292124547209633, 0.8596954264724339101, 1.000000000000000000 ),
 ( 0.000000000000000000, 1.000000000000000000 ),
 .UNSPECIFIED. ) ;
#6327 = ADVANCED_FACE ( 'NONE', ( #1217 ), #3471, .T. ) ;
#6328 = CARTESIAN_POINT ( 'NONE',  ( 173.1087546614089661, 10.00000000000000000, 48.85447994044526610 ) ) ;
#6329 = CARTESIAN_POINT ( 'NONE',  ( 160.4831264001695956, 9.999999999999998224, 52.94212741259027410 ) ) ;
#6330 = CARTESIAN_POINT ( 'NONE',  ( 207.4525574521420879, 12.99999999999999822, 47.76036701902580006 ) ) ;
#6331 = CARTESIAN_POINT ( 'NONE',  ( 138.5112616551620022, 10.00000000000000000, 54.06990912732152310 ) ) ;
#6332 = CARTESIAN_POINT ( 'NONE',  ( 246.8795215314500524, 9.999999999999996447, 37.81833045166283824 ) ) ;
#6333 = PLANE ( 'NONE',  #3615 ) ;
#6334 = CARTESIAN_POINT ( 'NONE',  ( 126.6288755358453102, 9.999999999999996447, 43.30596343018814309 ) ) ;
#6335 = CARTESIAN_POINT ( 'NONE',  ( 3.535533905932737309, 0.000000000000000000, 3.535533905932737309 ) ) ;
#6336 = CARTESIAN_POINT ( 'NONE',  ( 243.2060343156544491, 10.00000000000000178, 34.08287546972646709 ) ) ;
#6337 = ORIENTED_EDGE ( 'NONE', *, *, #6473, .T. ) ;
#6338 = CARTESIAN_POINT ( 'NONE',  ( 72.57376165516197375, 10.00000000000000178, 45.35596681962920940 ) ) ;
#6339 = CARTESIAN_POINT ( 'NONE',  ( 118.3429924243927189, 13.00000000000000178, 34.45452451193689569 ) ) ;
#6340 = CARTESIAN_POINT ( 'NONE',  ( 224.4831021475732484, 13.00000000000000178, 45.87779372879010964 ) ) ;
#6341 = EDGE_CURVE ( 'NONE', #5422, #6122, #1429, .T. ) ;
#6342 = CARTESIAN_POINT ( 'NONE',  ( 138.4932328090081057, 13.00000000000000178, 36.76221681962920940 ) ) ;
#6343 = ORIENTED_EDGE ( 'NONE', *, *, #2489, .F. ) ;
#6344 = CARTESIAN_POINT ( 'NONE',  ( 92.95015141373512790, 10.00000000000000000, 45.16124420648579019 ) ) ;
#6345 = CARTESIAN_POINT ( 'NONE',  ( 84.10020396285426614, 13.00000000000000178, 54.06990912732151600 ) ) ;
#6346 = CARTESIAN_POINT ( 'NONE',  ( 212.3583729686683057, 13.00000000000000178, 56.30923193959399242 ) ) ;
#6347 = DIRECTION ( 'NONE',  ( 0.000000000000000000, 0.000000000000000000, 1.000000000000000000 ) ) ;
#6348 = CARTESIAN_POINT ( 'NONE',  ( 217.0595477546211214, 13.00000000000000178, 56.73135380989599241 ) ) ;
#6349 = ORIENTED_EDGE ( 'NONE', *, *, #5851, .T. ) ;
#6350 = LINE ( 'NONE', #328, #2536 ) ;
#6351 = VERTEX_POINT ( 'NONE', #6984 ) ;
#6352 = CARTESIAN_POINT ( 'NONE',  ( 138.9046024899783447, 13.00000000000000178, 36.77305095978799443 ) ) ;
#6353 = DIRECTION ( 'NONE',  ( 0.000000000000000000, 0.000000000000000000, 1.000000000000000000 ) ) ;
#6354 = CARTESIAN_POINT ( 'NONE',  ( 118.3429924243927189, 13.00000000000000178, 44.62279374270612919 ) ) ;
#6355 = CARTESIAN_POINT ( 'NONE',  ( 216.7040766546793691, 9.999999999999996447, 36.78733181120357898 ) ) ;
#6356 = VERTEX_POINT ( 'NONE', #4755 ) ;
#6357 = CARTESIAN_POINT ( 'NONE',  ( 204.6654195571748289, 10.00000000000000000, 43.31176190771966361 ) ) ;
#6358 = EDGE_CURVE ( 'NONE', #144, #4044, #2503, .T. ) ;
#6359 = LINE ( 'NONE', #3574, #886 ) ;
#6360 = CARTESIAN_POINT ( 'NONE',  ( 133.1972348203754848, 13.00000000000000178, 38.16366055062614748 ) ) ;
#6361 = DIRECTION ( 'NONE',  ( 0.000000000000000000, 0.000000000000000000, -1.000000000000000000 ) ) ;
#6362 = CARTESIAN_POINT ( 'NONE',  ( 75.26606934746966715, 13.00000000000000178, 45.38601489655228960 ) ) ;
#6363 = CARTESIAN_POINT ( 'NONE',  ( 92.95837703977734634, 13.00000000000000178, 45.46413989655228249 ) ) ;
#6364 = CARTESIAN_POINT ( 'NONE',  ( 126.4312149586522338, 10.00000000000000178, 44.82313724741562311 ) ) ;
#6365 = ADVANCED_FACE ( 'NONE', ( #2542 ), #6397, .T. ) ;
#6366 = CARTESIAN_POINT ( 'NONE',  ( 156.3167662494118133, 13.00000000000000178, 43.15727347485353960 ) ) ;
#6367 = CARTESIAN_POINT ( 'NONE',  ( 126.8799917304366289, 9.999999999999998224, 48.89578160767243986 ) ) ;
#6368 = CARTESIAN_POINT ( 'NONE',  ( 296.4644660940673475, 0.000000000000000000, 5.185533905932724785 ) ) ;
#6369 = VERTEX_POINT ( 'NONE', #5925 ) ;
#6370 = CARTESIAN_POINT ( 'NONE',  ( 170.9240055956471167, 13.00000000000000178, 35.72354800764802718 ) ) ;
#6371 = DIRECTION ( 'NONE',  ( 0.000000000000000000, 0.000000000000000000, 1.000000000000000000 ) ) ;
#6372 = FACE_OUTER_BOUND ( 'NONE', #1162, .T. ) ;
#6373 = EDGE_LOOP ( 'NONE', ( #2491, #2679, #5546, #3706 ) ) ;
#6374 = CARTESIAN_POINT ( 'NONE',  ( 224.3483903194656364, 9.999999999999996447, 43.75366137092157715 ) ) ;
#6375 = EDGE_CURVE ( 'NONE', #6208, #144, #3099, .T. ) ;
#6376 = EDGE_LOOP ( 'NONE', ( #3079, #6643 ) ) ;
#6377 = LINE ( 'NONE', #1819, #2913 ) ;
#6378 = CARTESIAN_POINT ( 'NONE',  ( 239.0507735468741544, 12.99999999999999822, 35.08476932178484731 ) ) ;
#6379 = ORIENTED_EDGE ( 'NONE', *, *, #2228, .F. ) ;
#6380 = B_SPLINE_SURFACE_WITH_KNOTS ( 'NONE', 3, 1, ( 
 ( #6753, #5042 ),
 ( #4634, #6243 ),
 ( #1201, #4599 ),
 ( #3453, #5697 ),
 ( #1128, #652 ),
 ( #2902, #5155 ),
 ( #6828, #1167 ),
 ( #580, #111 ),
 ( #3383, #4039 ),
 ( #6211, #6276 ),
 ( #7271, #146 ),
 ( #6861, #1238 ),
 ( #3491, #1279 ),
 ( #5627, #5078 ),
 ( #33, #5225 ) ),
 .UNSPECIFIED., .F., .F., .F.,
 ( 4, 1, 1, 1, 1, 1, 1, 1, 1, 1, 1, 1, 4 ),
 ( 2, 2 ),
 ( 0.000000000000000000, 0.08480238836882753040, 0.1686635395998415110, 0.2525519243727819552, 0.3382396894642447083, 0.4231026613931549996, 0.5055560510576222466, 0.5861756559890520801, 0.6671357203303608374, 0.7484991803055338622, 0.8304523987582790312, 0.9134557062010132400, 1.000000000000000000 ),
 ( 0.000000000000000000, 1.000000000000000000 ),
 .UNSPECIFIED. ) ;
#6381 = CARTESIAN_POINT ( 'NONE',  ( 204.5218714868044856, 10.00000000000000000, 46.58069904533257244 ) ) ;
#6382 = CARTESIAN_POINT ( 'NONE',  ( 300.0000000000000000, 0.000000000000000000, 0.000000000000000000 ) ) ;
#6383 = EDGE_CURVE ( 'NONE', #4975, #6496, #4779, .T. ) ;
#6384 = CARTESIAN_POINT ( 'NONE',  ( 75.94065032445830354, 9.999999999999994671, 37.36992697726383028 ) ) ;
#6385 = EDGE_LOOP ( 'NONE', ( #3015, #7091, #659, #4523 ) ) ;
#6386 = DIRECTION ( 'NONE',  ( -0.000000000000000000, -1.000000000000000000, -0.000000000000000000 ) ) ;
#6387 = ORIENTED_EDGE ( 'NONE', *, *, #4384, .F. ) ;
#6388 = CARTESIAN_POINT ( 'NONE',  ( 214.6331566630771874, 13.00000000000000178, 34.09650393382603539 ) ) ;
#6389 = CARTESIAN_POINT ( 'NONE',  ( 87.56298030021935119, 9.999999999999996447, 37.37345188199132906 ) ) ;
#6390 = CARTESIAN_POINT ( 'NONE',  ( 84.08818473208503974, 13.00000000000000178, 34.06990912732151600 ) ) ;
#6391 = FACE_OUTER_BOUND ( 'NONE', #6415, .T. ) ;
#6392 = ORIENTED_EDGE ( 'NONE', *, *, #121, .F. ) ;
#6393 = CARTESIAN_POINT ( 'NONE',  ( 165.2589761843321980, 12.99999999999999822, 54.05568086510032799 ) ) ;
#6394 = CARTESIAN_POINT ( 'NONE',  ( 185.2660693474696529, 10.00000000000000000, 34.45452451193689569 ) ) ;
#6395 = CARTESIAN_POINT ( 'NONE',  ( 212.4966491385777374, 10.00000000000000000, 53.47381056121482601 ) ) ;
#6396 = EDGE_CURVE ( 'NONE', #1061, #4482, #6432, .T. ) ;
#6397 = PLANE ( 'NONE',  #5385 ) ;
#6398 = CARTESIAN_POINT ( 'NONE',  ( 75.54325275811478946, 10.00000000000000000, 47.61098666643685817 ) ) ;
#6399 = LINE ( 'NONE', #4757, #6863 ) ;
#6400 = CARTESIAN_POINT ( 'NONE',  ( 248.9899468038215389, 12.99999999999999822, 42.38865576703136639 ) ) ;
#6401 = VECTOR ( 'NONE', #454, 1000.000000000000000 ) ;
#6402 = CARTESIAN_POINT ( 'NONE',  ( 156.0353001167004265, 13.00000000000000178, 45.38601489655228960 ) ) ;
#6403 = CARTESIAN_POINT ( 'NONE',  ( 197.2042767850348355, 9.999999999999998224, 25.23120922246896924 ) ) ;
#6404 = CARTESIAN_POINT ( 'NONE',  ( 79.61001819120990319, 13.00000000000000178, 55.95274269874143158 ) ) ;
#6405 = ORIENTED_EDGE ( 'NONE', *, *, #6557, .T. ) ;
#6406 = CARTESIAN_POINT ( 'NONE',  ( 107.9132788801841656, 13.00000000000000178, 53.44389797696532440 ) ) ;
#6407 = CARTESIAN_POINT ( 'NONE',  ( 206.7890515370186506, 10.00000000000000000, 38.52229677155073517 ) ) ;
#6408 = CARTESIAN_POINT ( 'NONE',  ( 79.71389563093886466, 10.00000000000000178, 52.94212741259030253 ) ) ;
#6409 = CIRCLE ( 'NONE', #5482, 1.500000000000029088 ) ;
#6410 = AXIS2_PLACEMENT_3D ( 'NONE', #7108, #385, #4847 ) ;
#6411 = VECTOR ( 'NONE', #1010, 1000.000000000000000 ) ;
#6412 = EDGE_CURVE ( 'NONE', #7016, #4046, #1614, .T. ) ;
#6413 = CARTESIAN_POINT ( 'NONE',  ( 153.3749640948502133, 10.00000000000000000, 44.22140070343980511 ) ) ;
#6414 = CARTESIAN_POINT ( 'NONE',  ( 95.65068473208503974, 13.00000000000000178, 56.37760143501382260 ) ) ;
#6415 = EDGE_LOOP ( 'NONE', ( #2171, #4155, #562, #4823, #6756, #7229, #4199, #1786, #4507 ) ) ;
#6416 = CARTESIAN_POINT ( 'NONE',  ( 85.02960080415368793, 9.999999999999998224, 36.77853332741074155 ) ) ;
#6417 = VECTOR ( 'NONE', #1749, 1000.000000000000000 ) ;
#6418 = CARTESIAN_POINT ( 'NONE',  ( 237.0403800856475414, 12.99999999999999822, 36.43947519883429464 ) ) ;
#6419 = CARTESIAN_POINT ( 'NONE',  ( 197.3694347320850397, 10.00000000000000533, 29.83913989655228605 ) ) ;
#6420 = CIRCLE ( 'NONE', #3251, 1.500000000000029088 ) ;
#6421 = VECTOR ( 'NONE', #306, 1000.000000000000000 ) ;
#6422 = EDGE_CURVE ( 'NONE', #3532, #4361, #3681, .T. ) ;
#6423 = CARTESIAN_POINT ( 'NONE',  ( 102.2348052099604416, 9.999999999999996447, 51.24828885046218119 ) ) ;
#6424 = VERTEX_POINT ( 'NONE', #5381 ) ;
#6425 = CARTESIAN_POINT ( 'NONE',  ( 118.9912060211126743, 9.999999999999998224, 53.47528445337607650 ) ) ;
#6426 = ORIENTED_EDGE ( 'NONE', *, *, #4082, .F. ) ;
#6427 = CARTESIAN_POINT ( 'NONE',  ( 212.3146301660424058, 13.00000000000000178, 34.55780853454479740 ) ) ;
#6429 = CARTESIAN_POINT ( 'NONE',  ( 92.93396077862465177, 13.00000000000000178, 44.56504963488113447 ) ) ;
#6428 = VECTOR ( 'NONE', #2104, 1000.000000000000000 ) ;
#6430 = CARTESIAN_POINT ( 'NONE',  ( 135.9853642823489110, 9.999999999999996447, 53.81433138705607888 ) ) ;
#6431 = DIRECTION ( 'NONE',  ( 0.000000000000000000, -0.000000000000000000, 1.000000000000000000 ) ) ;
#6432 = B_SPLINE_CURVE_WITH_KNOTS ( 'NONE', 3,
 ( #237, #7062, #2467, #1399, #5240, #3650, #5890, #846, #1990, #4690, #301, #4797, #2583, #4239, #2027 ),
 .UNSPECIFIED., .F., .F.,
 ( 4, 1, 1, 1, 1, 1, 1, 1, 1, 1, 1, 1, 4 ),
 ( 0.000000000000000000, 0.08560569497352767121, 0.1689832639222354493, 0.2509075823297898244, 0.3337080961143233937, 0.4160049842563379729, 0.4976595675743805125, 0.5798932856419648507, 0.6639023210428564026, 0.7484662538082593741, 0.8317908864798556623, 0.9152519088316870555, 1.000000000000000000 ),
 .UNSPECIFIED. ) ;
#6433 = APPROVAL_PERSON_ORGANIZATION ( #1220, #1232, #1773 ) ;
#6434 = ORIENTED_EDGE ( 'NONE', *, *, #2573, .T. ) ;
#6435 = CARTESIAN_POINT ( 'NONE',  ( 197.3694347320850397, 13.00000000000000178, 25.22375528116766930 ) ) ;
#6436 = CARTESIAN_POINT ( 'NONE',  ( 139.0505224713789119, 10.00000000000000000, 34.07781105072464811 ) ) ;
#6437 = FACE_OUTER_BOUND ( 'NONE', #2599, .T. ) ;
#6438 = CARTESIAN_POINT ( 'NONE',  ( 197.3694347320850397, 10.00000000000000533, 29.83913989655228605 ) ) ;
#6439 = CARTESIAN_POINT ( 'NONE',  ( 75.92793738754514266, 12.99999999999999822, 48.68802131267673872 ) ) ;
#6440 = CARTESIAN_POINT ( 'NONE',  ( 66.66666666666668561, 20.00000000000000000, 94.93724644492834841 ) ) ;
#6441 = CARTESIAN_POINT ( 'NONE',  ( 249.0974080899494254, 12.99999999999999822, 44.37823675878753704 ) ) ;
#6442 = B_SPLINE_CURVE_WITH_KNOTS ( 'NONE', 3,
 ( #1192, #1270, #2368, #1747, #752, #3443, #1780, #3041, #6926, #4733, #5687, #5184, #5217, #1227, #1815, #3481, #5725, #173, #5761, #3586, #3519, #2932, #6853, #6889, #4065, #720, #1856 ),
 .UNSPECIFIED., .F., .F.,
 ( 4, 1, 1, 1, 1, 1, 1, 1, 1, 1, 1, 1, 1, 1, 1, 1, 1, 1, 1, 1, 1, 1, 1, 1, 4 ),
 ( 0.000000000000000000, 0.04129144695324702546, 0.08213550321446423663, 0.1226360352259625863, 0.1628308697551232309, 0.2030066005770548299, 0.2435260831621606226, 0.2841729362467872444, 0.3254098107964588649, 0.3668546660987573316, 0.4075505951658510706, 0.4481873740566100217, 0.4886828510840630635, 0.5290149651896812744, 0.5698427286954853566, 0.6113702381646676232, 0.6532377352823788286, 0.6954461190732813547, 0.7377513945470104417, 0.7800433605771129875, 0.8228070703900532967, 0.8659781422330314893, 0.9095950301662460991, 0.9542314047047883996, 1.000000000000000000 ),
 .UNSPECIFIED. ) ;
#6443 = CARTESIAN_POINT ( 'NONE',  ( 128.0113547593858243, 10.00000000000000355, 39.76734760315387973 ) ) ;
#6444 = DIRECTION ( 'NONE',  ( 0.000000000000000000, 0.000000000000000000, 1.000000000000000000 ) ) ;
#6445 = CARTESIAN_POINT ( 'NONE',  ( 139.2978569294622275, 9.999999999999998224, 56.75568450057134839 ) ) ;
#6446 = VERTEX_POINT ( 'NONE', #6505 ) ;
#6447 = CARTESIAN_POINT ( 'NONE',  ( 181.4199155013158133, 13.00000000000000178, 34.45452451193689569 ) ) ;
#6448 = PLANE ( 'NONE',  #1486 ) ;
#6449 = CARTESIAN_POINT ( 'NONE',  ( 219.1847791124924640, 12.99999999999999822, 53.47231583404132493 ) ) ;
#6450 = EDGE_CURVE ( 'NONE', #5435, #357, #198, .T. ) ;
#6451 = CARTESIAN_POINT ( 'NONE',  ( 244.0131066508862432, 9.999999999999998224, 34.08486794538890052 ) ) ;
#6452 = EDGE_CURVE ( 'NONE', #3278, #4109, #1881, .T. ) ;
#6453 = CARTESIAN_POINT ( 'NONE',  ( 160.4412793187282205, 10.00000000000000711, 34.88421282154198622 ) ) ;
#6454 = DIRECTION ( 'NONE',  ( 0.000000000000000000, 1.000000000000000000, 0.000000000000000000 ) ) ;
#6455 = ORIENTED_EDGE ( 'NONE', *, *, #3595, .F. ) ;
#6456 = CARTESIAN_POINT ( 'NONE',  ( 84.12424242439274735, 13.00000000000000178, 36.76221681962921650 ) ) ;
#6457 = LINE ( 'NONE', #1417, #7118 ) ;
#6458 = ADVANCED_FACE ( 'NONE', ( #3029 ), #5277, .T. ) ;
#6459 = PLANE ( 'NONE',  #777 ) ;
#6460 = EDGE_CURVE ( 'NONE', #3530, #1930, #636, .T. ) ;
#6461 = CARTESIAN_POINT ( 'NONE',  ( 101.6801621873115664, 10.00000000000000178, 48.96287563031259538 ) ) ;
#6462 = ORIENTED_EDGE ( 'NONE', *, *, #427, .F. ) ;
#6463 = DIRECTION ( 'NONE',  ( 0.000000000000000000, 0.000000000000000000, -1.000000000000000000 ) ) ;
#6464 = EDGE_LOOP ( 'NONE', ( #4636, #7198, #3391, #7058 ) ) ;
#6465 = CARTESIAN_POINT ( 'NONE',  ( 113.5664866478351911, 10.00000000000000000, 53.81820471839364473 ) ) ;
#6466 = CARTESIAN_POINT ( 'NONE',  ( 84.42920604361387404, 13.00000000000000178, 36.76771292081669174 ) ) ;
#6467 = CARTESIAN_POINT ( 'NONE',  ( 204.5255294793951180, 13.00000000000000533, 44.38256528472944495 ) ) ;
#6468 = PLANE ( 'NONE',  #6655 ) ;
#6469 = ORIENTED_EDGE ( 'NONE', *, *, #6831, .F. ) ;
#6470 = CARTESIAN_POINT ( 'NONE',  ( 171.9741715790359535, 10.00000000000000000, 50.78380950763850166 ) ) ;
#6471 = CARTESIAN_POINT ( 'NONE',  ( 148.7276078090081342, 10.00000000000000000, 39.20813028116766930 ) ) ;
#6472 = CARTESIAN_POINT ( 'NONE',  ( 143.9246915009793213, 13.00000000000000178, 52.58447098230429617 ) ) ;
#6473 = EDGE_CURVE ( 'NONE', #5792, #4782, #6315, .T. ) ;
#6474 = CARTESIAN_POINT ( 'NONE',  ( 33.33333333333334991, 20.00000000000000000, 96.43724644492834841 ) ) ;
#6475 = DIRECTION ( 'NONE',  ( 0.000000000000000000, 0.000000000000000000, 1.000000000000000000 ) ) ;
#6476 = CARTESIAN_POINT ( 'NONE',  ( 0.000000000000000000, 10.00000000000000000, 0.000000000000000000 ) ) ;
#6477 = CARTESIAN_POINT ( 'NONE',  ( 83.73069095691795383, 10.00000000000000000, 36.77621942874822736 ) ) ;
#6478 = EDGE_CURVE ( 'NONE', #6204, #6576, #3033, .T. ) ;
#6479 = CARTESIAN_POINT ( 'NONE',  ( 134.6170568277781001, 13.00000000000000178, 34.64867645038453503 ) ) ;
#6480 = LINE ( 'NONE', #274, #5243 ) ;
#6481 = FACE_OUTER_BOUND ( 'NONE', #1699, .T. ) ;
#6482 = VERTEX_POINT ( 'NONE', #922 ) ;
#6483 = CARTESIAN_POINT ( 'NONE',  ( 166.1822268074018041, 13.00000000000000178, 34.10639867982590800 ) ) ;
#6484 = CARTESIAN_POINT ( 'NONE',  ( 207.2622111215815153, 10.00000000000000178, 37.97610751416735297 ) ) ;
#6485 = DIRECTION ( 'NONE',  ( 0.000000000000000000, -6.276769007418650507E-14, 1.000000000000000000 ) ) ;
#6486 = FACE_OUTER_BOUND ( 'NONE', #5942, .T. ) ;
#6487 = CARTESIAN_POINT ( 'NONE',  ( 164.8574155013158133, 13.00000000000000178, 34.06990912732151600 ) ) ;
#6488 = CARTESIAN_POINT ( 'NONE',  ( 104.5389058859311859, 10.00000000000000355, 49.74899566578304899 ) ) ;
#6489 = ORIENTED_EDGE ( 'NONE', *, *, #3000, .F. ) ;
#6490 = ORIENTED_EDGE ( 'NONE', *, *, #1774, .F. ) ;
#6491 = CARTESIAN_POINT ( 'NONE',  ( 81.80222469716503042, 13.00000000000000178, 34.25470934172789583 ) ) ;
#6492 = CARTESIAN_POINT ( 'NONE',  ( 137.2273624004560020, 10.00000000000000178, 54.02906600895365585 ) ) ;
#6493 = CARTESIAN_POINT ( 'NONE',  ( 296.4644660940673475, 10.00000000000000000, 5.185533905932724785 ) ) ;
#6494 = CARTESIAN_POINT ( 'NONE',  ( 73.02988385561478424, 13.00000000000000178, 42.04599820013325484 ) ) ;
#6495 = ORIENTED_EDGE ( 'NONE', *, *, #5629, .T. ) ;
#6496 = VERTEX_POINT ( 'NONE', #3758 ) ;
#6497 = CYLINDRICAL_SURFACE ( 'NONE', #7131, 1.650000000000000355 ) ;
#6498 = CARTESIAN_POINT ( 'NONE',  ( 235.2845306556367575, 13.00000000000000178, 46.50744215385425662 ) ) ;
#6499 = LINE ( 'NONE', #3643, #3972 ) ;
#6500 = CARTESIAN_POINT ( 'NONE',  ( 242.9220853561311912, 10.00000000000000000, 36.76629685960241289 ) ) ;
#6501 = ORIENTED_EDGE ( 'NONE', *, *, #35, .T. ) ;
#6502 = FACE_OUTER_BOUND ( 'NONE', #5731, .T. ) ;
#6503 = CARTESIAN_POINT ( 'NONE',  ( 147.6497014819846925, 10.00000000000000355, 37.69140553811955385 ) ) ;
#6504 = CARTESIAN_POINT ( 'NONE',  ( 197.8636513158535024, 13.00000000000000178, 29.81621187837649956 ) ) ;
#6505 = CARTESIAN_POINT ( 'NONE',  ( 233.3333333333332860, 10.00000000000000000, 94.93724644492834841 ) ) ;
#6506 = CARTESIAN_POINT ( 'NONE',  ( 77.11018328003159183, 10.00000000000000000, 50.69240783167715847 ) ) ;
#6507 = CARTESIAN_POINT ( 'NONE',  ( 146.4740020397773321, 13.00000000000000178, 50.22375528116766930 ) ) ;
#6508 = ORIENTED_EDGE ( 'NONE', *, *, #2159, .F. ) ;
#6509 = B_SPLINE_CURVE_WITH_KNOTS ( 'NONE', 3,
 ( #5842, #1456, #3085, #908, #1498, #6970, #5364, #7120, #4188, #5295, #4820, #3159, #396, #361, #7013, #803, #1977, #4225, #6423, #2528, #4781, #6461, #4858, #3669, #3052, #7047, #834 ),
 .UNSPECIFIED., .F., .F.,
 ( 4, 1, 1, 1, 1, 1, 1, 1, 1, 1, 1, 1, 1, 1, 1, 1, 1, 1, 1, 1, 1, 1, 1, 1, 4 ),
 ( 0.000000000000000000, 0.04515167880477894552, 0.08872725216454134534, 0.1305341108247534132, 0.1710707458966342909, 0.2100958400813104643, 0.2477692374166780565, 0.2848493643644386397, 0.3209855015160366642, 0.3563873757532811104, 0.3915492787874602643, 0.4261913606636693608, 0.4605110592984612561, 0.4949714404811202950, 0.5295336250796109923, 0.5645757480731530276, 0.6000961892387711716, 0.6375349450701497389, 0.6782134162474363626, 0.7225827429711684236, 0.7701823039810381522, 0.8218792822902016848, 0.8770670125167508990, 0.9365240376354082574, 1.000000000000000000 ),
 .UNSPECIFIED. ) ;
#6510 = CARTESIAN_POINT ( 'NONE',  ( 248.9383242493929345, 13.00000000000000178, 41.88114768070136051 ) ) ;
#6511 = VECTOR ( 'NONE', #7028, 1000.000000000000000 ) ;
#6512 = EDGE_CURVE ( 'NONE', #4408, #4814, #3204, .T. ) ;
#6513 = EDGE_CURVE ( 'NONE', #5467, #4088, #6065, .T. ) ;
#6514 = CARTESIAN_POINT ( 'NONE',  ( 232.5737616551619737, 13.00000000000000178, 34.45452451193689569 ) ) ;
#6515 = EDGE_CURVE ( 'NONE', #5455, #3337, #7134, .T. ) ;
#6516 = CARTESIAN_POINT ( 'NONE',  ( 195.2858286907124636, 10.00000000000000000, 26.24217381734213461 ) ) ;
#6517 = CARTESIAN_POINT ( 'NONE',  ( 107.1190566003140248, 10.00000000000000178, 53.01776657559484818 ) ) ;
#6518 = CARTESIAN_POINT ( 'NONE',  ( 105.7835189017167323, 13.00000000000000533, 51.93079691680746635 ) ) ;
#6519 = CARTESIAN_POINT ( 'NONE',  ( 206.1737032581000335, 9.999999999999998224, 39.40504934708306450 ) ) ;
#6520 = CARTESIAN_POINT ( 'NONE',  ( 92.06232841771731046, 10.00000000000000178, 53.59848297056242927 ) ) ;
#6521 = CARTESIAN_POINT ( 'NONE',  ( 215.4458569165138897, 10.00000000000000000, 56.75174942347756968 ) ) ;
#6522 = CARTESIAN_POINT ( 'NONE',  ( 159.4890705231927370, 9.999999999999998224, 38.48701887194184934 ) ) ;
#6523 = VECTOR ( 'NONE', #2851, 1000.000000000000000 ) ;
#6524 = DIRECTION ( 'NONE',  ( 0.000000000000000000, 0.000000000000000000, -1.000000000000000000 ) ) ;
#6525 = DIRECTION ( 'NONE',  ( -1.000000000000000000, 0.000000000000000000, 0.000000000000000000 ) ) ;
#6526 = ORIENTED_EDGE ( 'NONE', *, *, #6422, .F. ) ;
#6527 = ORIENTED_EDGE ( 'NONE', *, *, #2839, .T. ) ;
#6528 = CARTESIAN_POINT ( 'NONE',  ( 77.08924227808833507, 10.00000000000000355, 40.08951942148313918 ) ) ;
#6529 = DIRECTION ( 'NONE',  ( -1.000000000000000000, 0.000000000000000000, -0.000000000000000000 ) ) ;
#6530 = CARTESIAN_POINT ( 'NONE',  ( 224.3483903194656364, 12.99999999999999822, 43.75366137092157715 ) ) ;
#6531 = VECTOR ( 'NONE', #3461, 1000.000000000000000 ) ;
#6532 = B_SPLINE_CURVE_WITH_KNOTS ( 'NONE', 3,
 ( #631, #4536, #6291, #6845, #5241, #126, #3987, #4133, #5786, #6225, #5753, #2990, #1771, #2327, #6362 ),
 .UNSPECIFIED., .F., .F.,
 ( 4, 1, 1, 1, 1, 1, 1, 1, 1, 1, 1, 1, 4 ),
 ( 0.000000000000000000, 0.08592051741176787161, 0.1695934351247442295, 0.2524755148685387529, 0.3362444769570503422, 0.4195045210415727088, 0.5020359066440894802, 0.5847746476768715951, 0.6698464747058006097, 0.7541848663887863458, 0.8366582383293271752, 0.9180097257088053464, 1.000000000000000000 ),
 .UNSPECIFIED. ) ;
#6533 = CIRCLE ( 'NONE', #3843, 1.500000000000001332 ) ;
#6534 = CARTESIAN_POINT ( 'NONE',  ( 75.94065032445830354, 12.99999999999999467, 37.36992697726383028 ) ) ;
#6535 = VERTEX_POINT ( 'NONE', #373 ) ;
#6536 = VECTOR ( 'NONE', #2593, 1000.000000000000000 ) ;
#6537 = ORIENTED_EDGE ( 'NONE', *, *, #4326, .T. ) ;
#6538 = CARTESIAN_POINT ( 'NONE',  ( 148.5939989328547597, 13.00000000000000178, 51.89832689650462783 ) ) ;
#6539 = DIRECTION ( 'NONE',  ( 0.000000000000000000, 0.000000000000000000, -1.000000000000000000 ) ) ;
#6540 = CARTESIAN_POINT ( 'NONE',  ( 79.71389563093886466, 13.00000000000000178, 52.94212741259030253 ) ) ;
#6541 = DIRECTION ( 'NONE',  ( 0.000000000000000000, 0.000000000000000000, -1.000000000000000000 ) ) ;
#6542 = VECTOR ( 'NONE', #874, 1000.000000000000000 ) ;
#6543 = VECTOR ( 'NONE', #5644, 1000.000000000000000 ) ;
#6544 = ORIENTED_EDGE ( 'NONE', *, *, #2456, .F. ) ;
#6545 = EDGE_CURVE ( 'NONE', #6424, #1853, #128, .T. ) ;
#6546 = CIRCLE ( 'NONE', #907, 1.650000000000000355 ) ;
#6547 = CARTESIAN_POINT ( 'NONE',  ( 173.7276078090081342, 13.00000000000000178, 45.46413989655228960 ) ) ;
#6548 = DIRECTION ( 'NONE',  ( -1.000000000000000000, 0.000000000000000000, 0.000000000000000000 ) ) ;
#6549 = FACE_OUTER_BOUND ( 'NONE', #6896, .T. ) ;
#6550 = DIRECTION ( 'NONE',  ( 0.000000000000000000, 0.000000000000000000, 1.000000000000000000 ) ) ;
#6551 = DIRECTION ( 'NONE',  ( 0.000000000000000000, 0.000000000000000000, -1.000000000000000000 ) ) ;
#6552 = CARTESIAN_POINT ( 'NONE',  ( 117.5348856124041674, 13.00000000000000178, 50.85580449651109802 ) ) ;
#6553 = ORIENTED_EDGE ( 'NONE', *, *, #5939, .T. ) ;
#6554 = CARTESIAN_POINT ( 'NONE',  ( 173.7276078090081057, 13.00000000000000178, 52.58553412732151600 ) ) ;
#6555 = VECTOR ( 'NONE', #6251, 1000.000000000000000 ) ;
#6556 = VECTOR ( 'NONE', #3065, 1000.000000000000000 ) ;
#6557 = EDGE_CURVE ( 'NONE', #3657, #6535, #3105, .T. ) ;
#6558 = CARTESIAN_POINT ( 'NONE',  ( 251.8045308859312001, 13.00000000000000178, 56.37760143501382260 ) ) ;
#6559 = CARTESIAN_POINT ( 'NONE',  ( 242.4126248567384607, 13.00000000000000178, 34.10850601515096514 ) ) ;
#6560 = CARTESIAN_POINT ( 'NONE',  ( 105.4586668364795798, 9.999999999999996447, 51.54677988636960606 ) ) ;
#6561 = CARTESIAN_POINT ( 'NONE',  ( 195.9896631804602407, 13.00000000000000178, 25.59699438138462213 ) ) ;
#6562 = CARTESIAN_POINT ( 'NONE',  ( 204.6654195571748289, 10.00000000000000000, 43.31176190771966361 ) ) ;
#6563 = CARTESIAN_POINT ( 'NONE',  ( 235.2660693474696529, 13.00000000000000178, 56.37760143501382260 ) ) ;
#6564 = CARTESIAN_POINT ( 'NONE',  ( 205.2736416595389528, 10.00000000000000711, 49.71846686920739700 ) ) ;
#6565 = CARTESIAN_POINT ( 'NONE',  ( 215.8550116551619737, 10.00000000000000000, 34.06990912732151600 ) ) ;
#6566 = FACE_OUTER_BOUND ( 'NONE', #6869, .T. ) ;
#6567 = DIRECTION ( 'NONE',  ( -0.000000000000000000, -1.000000000000000000, -0.000000000000000000 ) ) ;
#6568 = ORIENTED_EDGE ( 'NONE', *, *, #1906, .T. ) ;
#6569 = ORIENTED_EDGE ( 'NONE', *, *, #190, .T. ) ;
#6570 = CARTESIAN_POINT ( 'NONE',  ( 198.7674590389789557, 13.00000000000000178, 29.46594151034154052 ) ) ;
#6571 = LINE ( 'NONE', #2742, #6411 ) ;
#6572 = EDGE_CURVE ( 'NONE', #1394, #1529, #1723, .T. ) ;
#6573 = CARTESIAN_POINT ( 'NONE',  ( 235.2660693474696529, 13.00000000000000178, 34.45452451193689569 ) ) ;
#6574 = CARTESIAN_POINT ( 'NONE',  ( 101.5605784106561345, 13.00000000000000178, 48.05863241650833118 ) ) ;
#6575 = ORIENTED_EDGE ( 'NONE', *, *, #3093, .T. ) ;
#6576 = VERTEX_POINT ( 'NONE', #6140 ) ;
#6577 = DIRECTION ( 'NONE',  ( 0.000000000000000000, 1.000000000000000000, 0.000000000000000000 ) ) ;
#6578 = CARTESIAN_POINT ( 'NONE',  ( 117.2279674302650534, 10.00000000000000000, 55.14884021526930979 ) ) ;
#6579 = DIRECTION ( 'NONE',  ( -1.000000000000000000, 0.000000000000000000, -0.000000000000000000 ) ) ;
#6580 = CARTESIAN_POINT ( 'NONE',  ( 199.9999999999999432, 20.00000000000000000, 97.93724644492834841 ) ) ;
#6581 = ORIENTED_EDGE ( 'NONE', *, *, #3881, .F. ) ;
#6582 = CARTESIAN_POINT ( 'NONE',  ( 173.6867257897521881, 13.00000000000000178, 46.64052332137998746 ) ) ;
#6583 = EDGE_CURVE ( 'NONE', #4710, #504, #3618, .T. ) ;
#6584 = CARTESIAN_POINT ( 'NONE',  ( 210.5426135548111972, 13.00000000000000533, 52.38660540760701423 ) ) ;
#6585 = CARTESIAN_POINT ( 'NONE',  ( 248.7026375938989418, 9.999999999999998224, 40.73673908051748782 ) ) ;
#6586 = CARTESIAN_POINT ( 'NONE',  ( 207.8096785251022425, 9.999999999999996447, 42.13044371098764174 ) ) ;
#6587 = FACE_BOUND ( 'NONE', #3670, .T. ) ;
#6588 = ORIENTED_EDGE ( 'NONE', *, *, #6341, .T. ) ;
#6589 = CARTESIAN_POINT ( 'NONE',  ( 173.4240181750695911, 9.999999999999992895, 52.92873064696008356 ) ) ;
#6590 = B_SPLINE_CURVE_WITH_KNOTS ( 'NONE', 3,
 ( #4399, #3887, #1116, #2740, #5067, #3365, #7224, #6637, #1564, #1083, #3777 ),
 .UNSPECIFIED., .F., .F.,
 ( 4, 1, 1, 1, 1, 1, 1, 1, 4 ),
 ( 0.000000000000000000, 0.1788500194111598829, 0.3421096489422983944, 0.4898256633683917838, 0.6232544282245642275, 0.7400796760857918377, 0.8414826730699856983, 0.9289076721840646700, 1.000000000000000000 ),
 .UNSPECIFIED. ) ;
#6591 = CARTESIAN_POINT ( 'NONE',  ( 168.6797052688621932, 10.00000000000000000, 34.64726606103013040 ) ) ;
#6592 = LINE ( 'NONE', #998, #2299 ) ;
#6593 = LINE ( 'NONE', #4913, #6632 ) ;
#6594 = CARTESIAN_POINT ( 'NONE',  ( 86.69913718844352957, 10.00000000000000178, 34.33004768506687299 ) ) ;
#6595 = CARTESIAN_POINT ( 'NONE',  ( 84.00405011670042654, 13.00000000000000178, 56.76221681962920940 ) ) ;
#6596 = CYLINDRICAL_SURFACE ( 'NONE', #7010, 1.650000000000000355 ) ;
#6597 = LINE ( 'NONE', #6631, #1383 ) ;
#6598 = CARTESIAN_POINT ( 'NONE',  ( 169.1029285287451103, 9.999999999999996447, 37.72523420911397807 ) ) ;
#6599 = CARTESIAN_POINT ( 'NONE',  ( 223.9057878445474614, 13.00000000000000178, 37.39297797573578919 ) ) ;
#6600 = VERTEX_POINT ( 'NONE', #2872 ) ;
#6601 = ORIENTED_EDGE ( 'NONE', *, *, #3915, .F. ) ;
#6602 = CARTESIAN_POINT ( 'NONE',  ( 224.0284194981590531, 9.999999999999996447, 53.39086388262521865 ) ) ;
#6603 = CARTESIAN_POINT ( 'NONE',  ( 120.7730291084493075, 10.00000000000000178, 49.05275384286212415 ) ) ;
#6604 = CARTESIAN_POINT ( 'NONE',  ( 164.8934731936235210, 13.00000000000000178, 36.76221681962920940 ) ) ;
#6605 = CARTESIAN_POINT ( 'NONE',  ( 215.8550116551619737, 13.00000000000000178, 56.76221681962920940 ) ) ;
#6606 = B_SPLINE_CURVE_WITH_KNOTS ( 'NONE', 3,
 ( #3057, #5299, #5369, #3089, #2981, #3673, #260, #2532, #2495, #6352, #5332 ),
 .UNSPECIFIED., .F., .F.,
 ( 4, 1, 1, 1, 1, 1, 1, 1, 4 ),
 ( 0.000000000000000000, 0.1283242377690976266, 0.2525844750621366597, 0.3735064833109037474, 0.4933644513855731106, 0.6146085973434217697, 0.7384702442356677610, 0.8659947178700191373, 1.000000000000000000 ),
 .UNSPECIFIED. ) ;
#6607 = CARTESIAN_POINT ( 'NONE',  ( 75.94065032445830354, 9.999999999999994671, 37.36992697726383028 ) ) ;
#6608 = VERTEX_POINT ( 'NONE', #3346 ) ;
#6609 = EDGE_CURVE ( 'NONE', #6231, #4975, #1171, .T. ) ;
#6610 = ORIENTED_EDGE ( 'NONE', *, *, #6294, .F. ) ;
#6611 = DIRECTION ( 'NONE',  ( -0.000000000000000000, 1.000000000000000000, -0.000000000000000000 ) ) ;
#6612 = CARTESIAN_POINT ( 'NONE',  ( 121.0315141611156520, 10.00000000000000000, 45.49023433316057918 ) ) ;
#6613 = CARTESIAN_POINT ( 'NONE',  ( 148.5607445732994165, 13.00000000000000178, 38.93995591262626021 ) ) ;
#6614 = CARTESIAN_POINT ( 'NONE',  ( 235.3247683422680439, 13.00000000000000178, 45.64827782982003157 ) ) ;
#6615 = VERTEX_POINT ( 'NONE', #5669 ) ;
#6616 = CARTESIAN_POINT ( 'NONE',  ( 126.4494096993537511, 12.99999999999999467, 46.72958880198225273 ) ) ;
#6617 = CARTESIAN_POINT ( 'NONE',  ( 226.4536635002656908, 10.00000000000000178, 41.27192998687592507 ) ) ;
#6618 = ORIENTED_EDGE ( 'NONE', *, *, #3595, .T. ) ;
#6619 = CARTESIAN_POINT ( 'NONE',  ( 113.5412200092536636, 12.99999999999999822, 56.59099777052870905 ) ) ;
#6620 = CARTESIAN_POINT ( 'NONE',  ( 211.0645933022705663, 13.00000000000000533, 38.19117337730164508 ) ) ;
#6621 = FACE_OUTER_BOUND ( 'NONE', #5885, .T. ) ;
#6622 = EDGE_LOOP ( 'NONE', ( #363, #4446, #4221, #4988 ) ) ;
#6623 = CARTESIAN_POINT ( 'NONE',  ( 87.51822190538142365, 13.00000000000000533, 53.45266743150093447 ) ) ;
#6624 = EDGE_CURVE ( 'NONE', #4184, #3566, #6217, .T. ) ;
#6625 = CARTESIAN_POINT ( 'NONE',  ( 138.4049074013755387, 13.00000000000000178, 34.07420855902259405 ) ) ;
#6626 = LINE ( 'NONE', #964, #6401 ) ;
#6627 = CARTESIAN_POINT ( 'NONE',  ( 153.3742204000223808, 13.00000000000000178, 46.51260943331070763 ) ) ;
#6628 = CARTESIAN_POINT ( 'NONE',  ( 91.17259832111811590, 9.999999999999998224, 36.65981647005281019 ) ) ;
#6629 = CARTESIAN_POINT ( 'NONE',  ( 235.6807328090081057, 13.00000000000000178, 42.56750528116766930 ) ) ;
#6630 = CARTESIAN_POINT ( 'NONE',  ( 100.0000000000000142, 20.00000000000000000, 97.93724644492834841 ) ) ;
#6631 = CARTESIAN_POINT ( 'NONE',  ( 232.5737616551619737, 10.00000000000000000, 56.37760143501382260 ) ) ;
#6632 = VECTOR ( 'NONE', #930, 1000.000000000000000 ) ;
#6633 = CARTESIAN_POINT ( 'NONE',  ( 68.72760780900810573, 13.00000000000000178, 38.68529374270612919 ) ) ;
#6634 = CARTESIAN_POINT ( 'NONE',  ( 155.2332679647015254, 10.00000000000000178, 39.10513232824222740 ) ) ;
#6635 = ORIENTED_EDGE ( 'NONE', *, *, #3540, .T. ) ;
#6636 = ORIENTED_EDGE ( 'NONE', *, *, #5178, .T. ) ;
#6637 = CARTESIAN_POINT ( 'NONE',  ( 248.9383242493929345, 10.00000000000000178, 41.88114768070136051 ) ) ;
#6638 = CARTESIAN_POINT ( 'NONE',  ( 110.4553161479495742, 10.00000000000000000, 56.75358313413370581 ) ) ;
#6639 = CARTESIAN_POINT ( 'NONE',  ( 171.2240347072633426, 10.00000000000000000, 51.62126537154138362 ) ) ;
#6640 = FACE_OUTER_BOUND ( 'NONE', #2259, .T. ) ;
#6641 = EDGE_CURVE ( 'NONE', #3807, #2835, #76, .T. ) ;
#6642 = CARTESIAN_POINT ( 'NONE',  ( 84.08818473208503974, 13.00000000000000178, 34.06990912732151600 ) ) ;
#6643 = ORIENTED_EDGE ( 'NONE', *, *, #6877, .F. ) ;
#6644 = CIRCLE ( 'NONE', #4537, 1.649999999999987477 ) ;
#6645 = ORIENTED_EDGE ( 'NONE', *, *, #6921, .T. ) ;
#6646 = CARTESIAN_POINT ( 'NONE',  ( 208.9558126944748437, 10.00000000000000355, 50.81068572931047811 ) ) ;
#6647 = CARTESIAN_POINT ( 'NONE',  ( 120.4419838435228627, 10.00000000000000000, 50.61185322312315549 ) ) ;
#6648 = CARTESIAN_POINT ( 'NONE',  ( 66.66666666666668561, 20.00000000000000000, 97.93724644492834841 ) ) ;
#6649 = EDGE_CURVE ( 'NONE', #3300, #2481, #155, .T. ) ;
#6650 = AXIS2_PLACEMENT_3D ( 'NONE', #4973, #7202, #2169 ) ;
#6651 = EDGE_LOOP ( 'NONE', ( #2685, #208, #1650, #6084 ) ) ;
#6652 = CARTESIAN_POINT ( 'NONE',  ( 227.0206696711844359, 10.00000000000000000, 43.30573012098180641 ) ) ;
#6653 = ORIENTED_EDGE ( 'NONE', *, *, #3687, .F. ) ;
#6654 = CARTESIAN_POINT ( 'NONE',  ( 165.3048428647124695, 10.00000000000000000, 34.08223271196602866 ) ) ;
#6656 = CARTESIAN_POINT ( 'NONE',  ( 208.6176665134643429, 13.00000000000000178, 40.64965607598939812 ) ) ;
#6655 = AXIS2_PLACEMENT_3D ( 'NONE', #6977, #953, #4828 ) ;
#6657 = CARTESIAN_POINT ( 'NONE',  ( 136.5662725261925914, 10.00000000000000355, 36.90063474154295875 ) ) ;
#6658 = ORIENTED_EDGE ( 'NONE', *, *, #665, .T. ) ;
#6659 = EDGE_CURVE ( 'NONE', #7241, #4088, #6249, .T. ) ;
#6660 = LINE ( 'NONE', #5492, #4790 ) ;
#6661 = VECTOR ( 'NONE', #5402, 1000.000000000000000 ) ;
#6662 = DIRECTION ( 'NONE',  ( -1.000000000000000000, 0.000000000000000000, -0.000000000000000000 ) ) ;
#6663 = CARTESIAN_POINT ( 'NONE',  ( 251.1175078068390576, 13.00000000000000178, 39.22534286530480330 ) ) ;
#6664 = CARTESIAN_POINT ( 'NONE',  ( 162.4995360071359300, 12.99999999999999822, 56.57015565131723633 ) ) ;
#6665 = CARTESIAN_POINT ( 'NONE',  ( 92.11531251750886895, 13.00000000000000178, 37.61404915078250610 ) ) ;
#6666 = CARTESIAN_POINT ( 'NONE',  ( 237.0587151312531660, 10.00000000000000000, 39.79072702591796684 ) ) ;
#6667 = CARTESIAN_POINT ( 'NONE',  ( 187.9583770397773606, 10.00000000000000000, 34.45452451193689569 ) ) ;
#6668 = CARTESIAN_POINT ( 'NONE',  ( 211.2763913029645266, 12.99999999999999822, 34.96409136810574836 ) ) ;
#6669 = AXIS2_PLACEMENT_3D ( 'NONE', #6803, #2387, #1099 ) ;
#6670 = CARTESIAN_POINT ( 'NONE',  ( 146.4740020397773321, 13.00000000000000178, 40.60837066578305610 ) ) ;
#6671 = CARTESIAN_POINT ( 'NONE',  ( 215.8550116551619737, 13.00000000000000178, 56.76221681962920940 ) ) ;
#6672 = ORIENTED_EDGE ( 'NONE', *, *, #4692, .T. ) ;
#6673 = ORIENTED_EDGE ( 'NONE', *, *, #1774, .T. ) ;
#6674 = EDGE_CURVE ( 'NONE', #3459, #5467, #548, .T. ) ;
#6675 = CARTESIAN_POINT ( 'NONE',  ( 238.9425656750537712, 13.00000000000000178, 38.03881323232089073 ) ) ;
#6676 = CARTESIAN_POINT ( 'NONE',  ( 101.4775543345495663, 10.00000000000000000, 47.08004599970540482 ) ) ;
#6677 = CARTESIAN_POINT ( 'NONE',  ( 3.505202749622876368, 0.000000000000000000, 91.13552925583975650 ) ) ;
#6678 = CC_DESIGN_PERSON_AND_ORGANIZATION_ASSIGNMENT ( #5046, #3865, ( #451 ) ) ;
#6679 = CARTESIAN_POINT ( 'NONE',  ( 218.2273626430202285, 13.00000000000000178, 56.57225366324140481 ) ) ;
#6680 = EDGE_CURVE ( 'NONE', #4046, #7016, #2800, .T. ) ;
#6681 = CARTESIAN_POINT ( 'NONE',  ( 78.66693703073410404, 10.00000000000000000, 35.34409976131068731 ) ) ;
#6682 = ORIENTED_EDGE ( 'NONE', *, *, #1735, .T. ) ;
#6683 = CARTESIAN_POINT ( 'NONE',  ( 140.8308848654252756, 10.00000000000000000, 53.85234640712121745 ) ) ;
#6684 = ORIENTED_EDGE ( 'NONE', *, *, #6609, .F. ) ;
#6685 = LINE ( 'NONE', #6132, #4801 ) ;
#6686 = DIRECTION ( 'NONE',  ( -1.000000000000000000, 0.000000000000000000, 0.000000000000000000 ) ) ;
#6687 = ADVANCED_FACE ( 'NONE', ( #5163 ), #5593, .T. ) ;
#6688 = CARTESIAN_POINT ( 'NONE',  ( 146.3345528254674548, 13.00000000000000178, 36.46425242558474622 ) ) ;
#6689 = DATE_AND_TIME ( #3973, #884 ) ;
#6690 = ORIENTED_EDGE ( 'NONE', *, *, #1485, .T. ) ;
#6691 = CARTESIAN_POINT ( 'NONE',  ( 226.0331238346655880, 10.00000000000000178, 40.30981004397936118 ) ) ;
#6692 = ORIENTED_EDGE ( 'NONE', *, *, #2999, .F. ) ;
#6693 = CARTESIAN_POINT ( 'NONE',  ( 249.1073993472455754, 13.00000000000000533, 45.19568552899046665 ) ) ;
#6694 = CARTESIAN_POINT ( 'NONE',  ( 207.1891462705465869, 10.00000000000000000, 45.49418797347536270 ) ) ;
#6695 = CARTESIAN_POINT ( 'NONE',  ( 195.9896631804602407, 13.00000000000000178, 25.59699438138462213 ) ) ;
#6696 = CARTESIAN_POINT ( 'NONE',  ( 224.4968385782389078, 10.00000000000000000, 45.49418797347536980 ) ) ;
#6697 = EDGE_CURVE ( 'NONE', #4944, #4544, #117, .T. ) ;
#6698 = CARTESIAN_POINT ( 'NONE',  ( 81.73030523790517066, 9.999999999999998224, 56.57015565131724344 ) ) ;
#6699 = CARTESIAN_POINT ( 'NONE',  ( 243.6074155013158133, 13.00000000000000178, 34.06990912732151600 ) ) ;
#6700 = CARTESIAN_POINT ( 'NONE',  ( 153.7917696653815653, 12.99999999999999822, 48.72375550313607562 ) ) ;
#6701 = CARTESIAN_POINT ( 'NONE',  ( 197.2042767850348355, 9.999999999999996447, 25.23120922246896924 ) ) ;
#6702 = CARTESIAN_POINT ( 'NONE',  ( 133.3333333333333428, 20.00000000000000000, 96.43724644492834841 ) ) ;
#6703 = DIRECTION ( 'NONE',  ( -0.000000000000000000, -1.000000000000000000, -0.000000000000000000 ) ) ;
#6704 = ADVANCED_FACE ( 'NONE', ( #2352 ), #3916, .T. ) ;
#6705 = LINE ( 'NONE', #7147, #5271 ) ;
#6706 = DIRECTION ( 'NONE',  ( 1.000000000000000000, 0.000000000000000000, 0.000000000000000000 ) ) ;
#6707 = CARTESIAN_POINT ( 'NONE',  ( 210.2111348738142453, 13.00000000000000178, 35.46907767607983430 ) ) ;
#6708 = EDGE_LOOP ( 'NONE', ( #3622, #3265, #6349, #3608 ) ) ;
#6709 = ORIENTED_EDGE ( 'NONE', *, *, #6358, .F. ) ;
#6710 = DIRECTION ( 'NONE',  ( 0.000000000000000000, 0.000000000000000000, -1.000000000000000000 ) ) ;
#6711 = CARTESIAN_POINT ( 'NONE',  ( 101.8288119161161518, 13.00000000000000178, 49.79800644559057332 ) ) ;
#6712 = CARTESIAN_POINT ( 'NONE',  ( 3.535533905932737309, 0.000000000000000000, 5.185533905932738108 ) ) ;
#6713 = DIRECTION ( 'NONE',  ( 0.000000000000000000, 1.000000000000000000, 0.000000000000000000 ) ) ;
#6714 = CARTESIAN_POINT ( 'NONE',  ( 108.2478282987354277, 13.00000000000000178, 56.44668145637182022 ) ) ;
#6715 = ORIENTED_EDGE ( 'NONE', *, *, #2746, .T. ) ;
#6716 = CARTESIAN_POINT ( 'NONE',  ( 250.3895962866330365, 9.999999999999998224, 37.64466900379569125 ) ) ;
#6717 = ORIENTED_EDGE ( 'NONE', *, *, #5393, .F. ) ;
#6718 = CARTESIAN_POINT ( 'NONE',  ( 138.4691943474696529, 10.00000000000000000, 56.76221681962920940 ) ) ;
#6719 = CARTESIAN_POINT ( 'NONE',  ( 115.5415464193369388, 9.999999999999996447, 56.05333166816927815 ) ) ;
#6720 = CARTESIAN_POINT ( 'NONE',  ( 144.7594011711035478, 13.00000000000000178, 35.48441198717918610 ) ) ;
#6721 = VERTEX_POINT ( 'NONE', #1424 ) ;
#6722 = CARTESIAN_POINT ( 'NONE',  ( 72.57376165516197375, 10.00000000000000178, 45.35596681962920940 ) ) ;
#6723 = ORIENTED_EDGE ( 'NONE', *, *, #2070, .T. ) ;
#6724 = CARTESIAN_POINT ( 'NONE',  ( 249.1073993472455754, 10.00000000000000000, 45.19568552899046665 ) ) ;
#6725 = CARTESIAN_POINT ( 'NONE',  ( 137.2273624004560020, 13.00000000000000178, 54.02906600895365585 ) ) ;
#6726 = CARTESIAN_POINT ( 'NONE',  ( 194.8814539628542661, 13.00000000000000178, 27.54346681962920584 ) ) ;
#6727 = DIRECTION ( 'NONE',  ( -1.000000000000000000, 1.771725262758005876E-14, 0.000000000000000000 ) ) ;
#6728 = FACE_OUTER_BOUND ( 'NONE', #7172, .T. ) ;
#6729 = CARTESIAN_POINT ( 'NONE',  ( 164.4857253191550228, 9.999999999999998224, 54.05650242281573270 ) ) ;
#6730 = CARTESIAN_POINT ( 'NONE',  ( 153.5348528003137574, 9.999999999999996447, 47.63966549222365643 ) ) ;
#6731 = CARTESIAN_POINT ( 'NONE',  ( 104.3457407766577489, 13.00000000000000178, 48.87717450275513187 ) ) ;
#6732 = CARTESIAN_POINT ( 'NONE',  ( 237.4661838762625905, 10.00000000000000000, 39.30836470766579538 ) ) ;
#6733 = DIRECTION ( 'NONE',  ( 0.000000000000000000, -0.000000000000000000, -1.000000000000000000 ) ) ;
#6734 = B_SPLINE_CURVE_WITH_KNOTS ( 'NONE', 3,
 ( #4300, #2462, #1428, #4195, #1391, #810, #1506, #1463, #3676, #1907, #5918 ),
 .UNSPECIFIED., .F., .F.,
 ( 4, 1, 1, 1, 1, 1, 1, 1, 4 ),
 ( 0.000000000000000000, 0.1342983790141688560, 0.2620849753822993566, 0.3862699121345009035, 0.5071645966228011115, 0.6273002357255046402, 0.7481449416029926081, 0.8723701771613525668, 1.000000000000000000 ),
 .UNSPECIFIED. ) ;
#6735 = DIRECTION ( 'NONE',  ( -1.000000000000000000, 0.000000000000000000, 0.000000000000000000 ) ) ;
#6736 = EDGE_CURVE ( 'NONE', #3088, #2275, #736, .T. ) ;
#6737 = ADVANCED_FACE ( 'NONE', ( #6908 ), #4678, .T. ) ;
#6738 = EDGE_CURVE ( 'NONE', #1281, #3860, #2398, .T. ) ;
#6739 = CARTESIAN_POINT ( 'NONE',  ( 144.8958666372175514, 13.00000000000000533, 38.91670977369031448 ) ) ;
#6740 = CARTESIAN_POINT ( 'NONE',  ( 215.4436677010392884, 13.00000000000000178, 34.07886240977938286 ) ) ;
#6741 = ORIENTED_EDGE ( 'NONE', *, *, #1021, .F. ) ;
#6742 = ORIENTED_EDGE ( 'NONE', *, *, #3157, .T. ) ;
#6743 = CARTESIAN_POINT ( 'NONE',  ( 227.1891462705465585, 9.999999999999996447, 45.47615912732151600 ) ) ;
#6744 = CARTESIAN_POINT ( 'NONE',  ( 103.4625534334707169, 13.00000000000000178, 53.46721588852523865 ) ) ;
#6745 = CARTESIAN_POINT ( 'NONE',  ( 197.8636552089189138, 10.00000000000000355, 25.24668090779067242 ) ) ;
#6746 = CARTESIAN_POINT ( 'NONE',  ( 210.3751723887733931, 9.999999999999998224, 38.71088443283593250 ) ) ;
#6747 = CARTESIAN_POINT ( 'NONE',  ( 164.8694347320850397, 13.00000000000000178, 54.06990912732151600 ) ) ;
#6748 = ORIENTED_EDGE ( 'NONE', *, *, #102, .F. ) ;
#6749 = CARTESIAN_POINT ( 'NONE',  ( 129.8361692443924653, 13.00000000000000178, 53.52440879630290027 ) ) ;
#6750 = CARTESIAN_POINT ( 'NONE',  ( 249.7350541662537466, 13.00000000000000178, 36.74178829034762117 ) ) ;
#6751 = ORIENTED_EDGE ( 'NONE', *, *, #1262, .T. ) ;
#6752 = LINE ( 'NONE', #2790, #6783 ) ;
#6753 = CARTESIAN_POINT ( 'NONE',  ( 84.10020396285426614, 13.00000000000000178, 54.06990912732151600 ) ) ;
#6754 = CARTESIAN_POINT ( 'NONE',  ( 142.8884129028394909, 13.00000000000000178, 34.72261452917847180 ) ) ;
#6755 = VECTOR ( 'NONE', #4497, 1000.000000000000000 ) ;
#6756 = ORIENTED_EDGE ( 'NONE', *, *, #7206, .F. ) ;
#6757 = CARTESIAN_POINT ( 'NONE',  ( 147.0218058313393215, 10.00000000000000000, 37.04163161749366395 ) ) ;
#6758 = EDGE_LOOP ( 'NONE', ( #4999, #4437, #6265, #475 ) ) ;
#6759 = CARTESIAN_POINT ( 'NONE',  ( 199.1496096029885621, 9.999999999999998224, 25.89245956570815110 ) ) ;
#6760 = CARTESIAN_POINT ( 'NONE',  ( 296.5030604351463808, 0.000000000000000000, 91.13552925583975650 ) ) ;
#6761 = CARTESIAN_POINT ( 'NONE',  ( 118.0991008852528665, 10.00000000000000355, 49.13200934149549681 ) ) ;
#6762 = FACE_OUTER_BOUND ( 'NONE', #1653, .T. ) ;
#6763 = VECTOR ( 'NONE', #4967, 1000.000000000000000 ) ;
#6764 = AXIS2_PLACEMENT_3D ( 'NONE', #3299, #3336, #5547 ) ;
#6765 = EDGE_CURVE ( 'NONE', #5005, #2529, #5132, .T. ) ;
#6766 = B_SPLINE_CURVE_WITH_KNOTS ( 'NONE', 3,
 ( #5780, #6872, #738, #1765, #1319, #1353, #5165, #4049, #2983, #4126, #3569, #262, #5235, #3018, #4158, #4749, #3605, #4681, #2354 ),
 .UNSPECIFIED., .F., .F.,
 ( 4, 1, 1, 1, 1, 1, 1, 1, 1, 1, 1, 1, 1, 1, 1, 1, 4 ),
 ( 0.000000000000000000, 0.06874226160548965736, 0.1346351922242772503, 0.1983241870671469120, 0.2608250125604215652, 0.3227135881590248445, 0.3845545346076194582, 0.4469128577247563072, 0.5109576325148291742, 0.5749307010013353647, 0.6366845377960934638, 0.6974831152940621504, 0.7571338075238547294, 0.8169656636752643530, 0.8768183516571966818, 0.9376625803840029638, 1.000000000000000000 ),
 .UNSPECIFIED. ) ;
#6767 = VECTOR ( 'NONE', #5805, 1000.000000000000000 ) ;
#6768 = CARTESIAN_POINT ( 'NONE',  ( 117.8982808859312001, 13.00000000000000178, 49.96534181962920940 ) ) ;
#6769 = LINE ( 'NONE', #1731, #2067 ) ;
#6770 = CARTESIAN_POINT ( 'NONE',  ( 153.3534993084370228, 9.999999999999996447, 45.74512780677691381 ) ) ;
#6771 = CARTESIAN_POINT ( 'NONE',  ( 104.2747405437838211, 13.00000000000000178, 48.34592287105321873 ) ) ;
#6772 = CARTESIAN_POINT ( 'NONE',  ( 246.0975580259610922, 12.99999999999999822, 37.33686613704847446 ) ) ;
#6773 = DIRECTION ( 'NONE',  ( -0.000000000000000000, 1.000000000000000000, -0.000000000000000000 ) ) ;
#6774 = PERSON_AND_ORGANIZATION_ROLE ( 'creator' ) ;
#6775 = EDGE_CURVE ( 'NONE', #6369, #1006, #6606, .T. ) ;
#6776 = AXIS2_PLACEMENT_3D ( 'NONE', #2816, #2331, #5137 ) ;
#6777 = CARTESIAN_POINT ( 'NONE',  ( 235.2660693474696529, 13.00000000000000178, 48.45091874270612919 ) ) ;
#6778 = CARTESIAN_POINT ( 'NONE',  ( 173.7276078090081057, 13.00000000000000178, 38.51101489655228960 ) ) ;
#6779 = CARTESIAN_POINT ( 'NONE',  ( 156.0353001167004265, 9.999999999999998224, 45.38601489655228960 ) ) ;
#6780 = ORIENTED_EDGE ( 'NONE', *, *, #4051, .F. ) ;
#6781 = AXIS2_PLACEMENT_3D ( 'NONE', #4521, #4485, #1168 ) ;
#6782 = CARTESIAN_POINT ( 'NONE',  ( 226.4536635002656908, 9.999999999999996447, 41.27192998687592507 ) ) ;
#6783 = VECTOR ( 'NONE', #506, 1000.000000000000000 ) ;
#6784 = DIRECTION ( 'NONE',  ( -0.000000000000000000, -1.000000000000000000, -0.000000000000000000 ) ) ;
#6785 = CARTESIAN_POINT ( 'NONE',  ( 141.6710036237731458, 13.00000000000000178, 56.43905746202364071 ) ) ;
#6786 = CARTESIAN_POINT ( 'NONE',  ( 219.8912517069278749, 12.99999999999999822, 37.74990674578392458 ) ) ;
#6787 = LOCAL_TIME ( 17, 48, 22.00000000000000000, #1739 ) ;
#6788 = CARTESIAN_POINT ( 'NONE',  ( 129.2676211118790661, 10.00000000000000355, 43.63544190279788637 ) ) ;
#6789 = EDGE_CURVE ( 'NONE', #2007, #3795, #732, .T. ) ;
#6790 = ORIENTED_EDGE ( 'NONE', *, *, #4911, .T. ) ;
#6791 = CARTESIAN_POINT ( 'NONE',  ( 155.9191461764057749, 13.00000000000000178, 38.20710892142476922 ) ) ;
#6792 = LINE ( 'NONE', #6240, #6180 ) ;
#6793 = ORIENTED_EDGE ( 'NONE', *, *, #5187, .F. ) ;
#6794 = B_SPLINE_SURFACE_WITH_KNOTS ( 'NONE', 3, 1, ( 
 ( #313, #2559 ),
 ( #7038, #5319 ),
 ( #6797, #4766 ),
 ( #4809, #1965 ),
 ( #2002, #6277 ),
 ( #859, #1758 ),
 ( #4005, #5114 ),
 ( #1447, #1792 ),
 ( #2308, #5194 ),
 ( #280, #3529 ),
 ( #6862, #2515 ) ),
 .UNSPECIFIED., .F., .F., .F.,
 ( 4, 1, 1, 1, 1, 1, 1, 1, 4 ),
 ( 2, 2 ),
 ( 0.000000000000000000, 0.1342983790141681066, 0.2620849753823007444, 0.3862699121345001818, 0.5071645966228004454, 0.6273002357255067496, 0.7481449416029948285, 0.8723701771613523448, 1.000000000000000000 ),
 ( 0.000000000000000000, 1.000000000000000000 ),
 .UNSPECIFIED. ) ;
#6795 = CARTESIAN_POINT ( 'NONE',  ( 142.4142868481634991, 10.00000000000000000, 56.25530877539821972 ) ) ;
#6796 = DIRECTION ( 'NONE',  ( 0.000000000000000000, 1.000000000000000000, 0.000000000000000000 ) ) ;
#6797 = CARTESIAN_POINT ( 'NONE',  ( 92.06232841771731046, 13.00000000000000178, 53.59848297056242927 ) ) ;
#6798 = ORIENTED_EDGE ( 'NONE', *, *, #2290, .T. ) ;
#6799 = CARTESIAN_POINT ( 'NONE',  ( 216.2621715714823267, 13.00000000000000178, 56.75178443784670179 ) ) ;
#6800 = ORIENTED_EDGE ( 'NONE', *, *, #1847, .F. ) ;
#6801 = CARTESIAN_POINT ( 'NONE',  ( 148.2311156180661271, 9.999999999999998224, 38.41019250160776011 ) ) ;
#6802 = ORIENTED_EDGE ( 'NONE', *, *, #2507, .F. ) ;
#6803 = CARTESIAN_POINT ( 'NONE',  ( 133.3333333333333428, 10.00000000000000000, 96.43724644492834841 ) ) ;
#6804 = DIRECTION ( 'NONE',  ( 0.000000000000000000, -0.000000000000000000, 1.000000000000000000 ) ) ;
#6805 = CARTESIAN_POINT ( 'NONE',  ( 195.6070906638567806, 12.99999999999999822, 25.89052667940538299 ) ) ;
#6806 = CARTESIAN_POINT ( 'NONE',  ( 218.3584132757123939, 10.00000000000000355, 37.11019033808361200 ) ) ;
#6807 = CARTESIAN_POINT ( 'NONE',  ( 73.02253889615084859, 9.999999999999998224, 48.72375550313605430 ) ) ;
#6808 = CARTESIAN_POINT ( 'NONE',  ( 162.6040569876541895, 9.999999999999994671, 53.80208307318231675 ) ) ;
#6809 = CARTESIAN_POINT ( 'NONE',  ( 211.4821835564772528, 13.00000000000000178, 52.99244122668554979 ) ) ;
#6810 = DIRECTION ( 'NONE',  ( -0.000000000000000000, -1.000000000000000000, -0.000000000000000000 ) ) ;
#6811 = CARTESIAN_POINT ( 'NONE',  ( 243.1386655013157849, 9.999999999999996447, 36.76221681962920940 ) ) ;
#6812 = CARTESIAN_POINT ( 'NONE',  ( 164.3861269959380138, 10.00000000000000000, 56.75170505732219084 ) ) ;
#6813 = PERSON_AND_ORGANIZATION_ROLE ( 'design_owner' ) ;
#6814 = CARTESIAN_POINT ( 'NONE',  ( 143.9957688010414358, 9.999999999999996447, 38.24670655852852974 ) ) ;
#6815 = CARTESIAN_POINT ( 'NONE',  ( 235.2660693474696529, 13.00000000000000178, 38.40885143501382260 ) ) ;
#6816 = EDGE_LOOP ( 'NONE', ( #463, #4894, #3386, #6823 ) ) ;
#6817 = VERTEX_POINT ( 'NONE', #7194 ) ;
#6818 = FACE_OUTER_BOUND ( 'NONE', #3497, .T. ) ;
#6819 = CARTESIAN_POINT ( 'NONE',  ( 235.6807328090081057, 13.00000000000000178, 42.56750528116766930 ) ) ;
#6820 = CARTESIAN_POINT ( 'NONE',  ( 148.5939989328547597, 13.00000000000000178, 51.89832689650462783 ) ) ;
#6821 = CARTESIAN_POINT ( 'NONE',  ( 92.95837703977734634, 13.00000000000000178, 38.69731297347536270 ) ) ;
#6822 = CARTESIAN_POINT ( 'NONE',  ( 130.6092620849714478, 13.00000000000000178, 40.57748582536765980 ) ) ;
#6823 = ORIENTED_EDGE ( 'NONE', *, *, #175, .T. ) ;
#6824 = CARTESIAN_POINT ( 'NONE',  ( 153.5331345506240268, 13.00000000000000178, 43.11329757784675110 ) ) ;
#6825 = CARTESIAN_POINT ( 'NONE',  ( 251.2994992712432918, 10.00000000000000178, 39.86174358043783172 ) ) ;
#6826 = VERTEX_POINT ( 'NONE', #399 ) ;
#6827 = CARTESIAN_POINT ( 'NONE',  ( 92.95837703977734634, 10.00000000000000000, 52.58553412732151600 ) ) ;
#6828 = CARTESIAN_POINT ( 'NONE',  ( 89.56767927274879071, 12.99999999999999822, 52.34132615180608639 ) ) ;
#6829 = APPLICATION_CONTEXT ( 'configuration controlled 3d designs of mechanical parts and assemblies' ) ;
#6830 = CARTESIAN_POINT ( 'NONE',  ( 173.7276078090081057, 13.00000000000000178, 34.45452451193689569 ) ) ;
#6831 = EDGE_CURVE ( 'NONE', #3441, #4258, #6196, .T. ) ;
#6832 = EDGE_CURVE ( 'NONE', #4674, #7261, #5039, .T. ) ;
#6833 = FACE_OUTER_BOUND ( 'NONE', #2511, .T. ) ;
#6834 = EDGE_LOOP ( 'NONE', ( #6684, #2241, #2564, #2273 ) ) ;
#6835 = CARTESIAN_POINT ( 'NONE',  ( 213.5702747480799246, 13.00000000000000178, 53.81494463878632928 ) ) ;
#6836 = ORIENTED_EDGE ( 'NONE', *, *, #2538, .F. ) ;
#6837 = CARTESIAN_POINT ( 'NONE',  ( 54.49683857823887934, 10.00000000000000000, 53.30067835809074950 ) ) ;
#6838 = DIRECTION ( 'NONE',  ( -1.000000000000000000, 0.000000000000000000, 0.000000000000000000 ) ) ;
#6839 = CARTESIAN_POINT ( 'NONE',  ( 129.1122231936234925, 13.00000000000000178, 45.35596681962920940 ) ) ;
#6840 = LINE ( 'NONE', #6325, #2192 ) ;
#6841 = CARTESIAN_POINT ( 'NONE',  ( 117.5348856124041674, 13.00000000000000178, 50.85580449651109802 ) ) ;
#6842 = CARTESIAN_POINT ( 'NONE',  ( 158.6413167854243795, 10.00000000000000178, 51.56446602506199639 ) ) ;
#6843 = CARTESIAN_POINT ( 'NONE',  ( 129.1199009059018010, 13.00000000000000178, 45.06298202258183494 ) ) ;
#6844 = CARTESIAN_POINT ( 'NONE',  ( 197.3694347320850397, 10.00000000000000000, 25.22375528116766930 ) ) ;
#6845 = CARTESIAN_POINT ( 'NONE',  ( 81.81350579664088229, 13.00000000000000178, 37.01963116780611074 ) ) ;
#6846 = PLANE ( 'NONE',  #3342 ) ;
#6847 = B_SPLINE_SURFACE_WITH_KNOTS ( 'NONE', 3, 1, ( 
 ( #1467, #7166 ),
 ( #2266, #4832 ),
 ( #3966, #5074 ),
 ( #1508, #576 ),
 ( #4901, #3715 ),
 ( #5959, #6205 ),
 ( #4269, #3790 ),
 ( #3754, #1163 ),
 ( #29, #918 ),
 ( #6749, #990 ),
 ( #5994, #1713 ),
 ( #4376, #3234 ),
 ( #5416, #370 ),
 ( #404, #2615 ),
 ( #4938, #2059 ),
 ( #956, #4305 ),
 ( #6616, #1577 ),
 ( #2649, #4344 ),
 ( #6028, #5484 ) ),
 .UNSPECIFIED., .F., .F., .F.,
 ( 4, 1, 1, 1, 1, 1, 1, 1, 1, 1, 1, 1, 1, 1, 1, 1, 4 ),
 ( 2, 2 ),
 ( 0.000000000000000000, 0.06955854372741403224, 0.1363352505575717299, 0.2010957661175482303, 0.2644499547795242100, 0.3270049911572461276, 0.3893913874403775455, 0.4519764903030327741, 0.5156699828847824962, 0.5789732464632439957, 0.6401670288004247533, 0.6997398434247553700, 0.7586849854260629966, 0.8178204012911088894, 0.8769839874813283309, 0.9376342848620927706, 1.000000000000000000 ),
 ( 0.000000000000000000, 1.000000000000000000 ),
 .UNSPECIFIED. ) ;
#6848 = CARTESIAN_POINT ( 'NONE',  ( 164.4999217261487843, 13.00000000000000178, 36.77621942874822736 ) ) ;
#6849 = CARTESIAN_POINT ( 'NONE',  ( 131.6545703955292481, 10.00000000000000000, 54.95167644721863809 ) ) ;
#6850 = CARTESIAN_POINT ( 'NONE',  ( 76.75911875584820621, 12.99999999999999822, 54.22677498651072625 ) ) ;
#6851 = VERTEX_POINT ( 'NONE', #6095 ) ;
#6852 = CARTESIAN_POINT ( 'NONE',  ( 91.20494080980517992, 9.999999999999998224, 50.78380950763849455 ) ) ;
#6853 = CARTESIAN_POINT ( 'NONE',  ( 136.1863681191573789, 13.00000000000000178, 34.26873637109745374 ) ) ;
#6854 = CARTESIAN_POINT ( 'NONE',  ( 222.7238853131304666, 13.00000000000000178, 50.80844566485120595 ) ) ;
#6855 = CARTESIAN_POINT ( 'NONE',  ( 129.1199009059018010, 13.00000000000000178, 45.06298202258183494 ) ) ;
#6856 = EDGE_LOOP ( 'NONE', ( #7184, #3848, #1029, #2120 ) ) ;
#6857 = CARTESIAN_POINT ( 'NONE',  ( 194.8814539628542661, 13.00000000000000178, 27.54346681962920584 ) ) ;
#6858 = CARTESIAN_POINT ( 'NONE',  ( 243.6074155013158133, 9.999999999999998224, 34.06990912732151600 ) ) ;
#6859 = ORIENTED_EDGE ( 'NONE', *, *, #533, .F. ) ;
#6860 = CARTESIAN_POINT ( 'NONE',  ( 233.3333333333332860, 10.00000000000000000, 97.93724644492834841 ) ) ;
#6861 = CARTESIAN_POINT ( 'NONE',  ( 92.70274725672442173, 13.00000000000000178, 47.78018687690887845 ) ) ;
#6862 = CARTESIAN_POINT ( 'NONE',  ( 84.00405011670042654, 13.00000000000000178, 56.76221681962920940 ) ) ;
#6863 = VECTOR ( 'NONE', #1363, 1000.000000000000000 ) ;
#6864 = EDGE_LOOP ( 'NONE', ( #439, #1047, #855, #369 ) ) ;
#6865 = EDGE_CURVE ( 'NONE', #432, #3364, #4371, .T. ) ;
#6866 = CARTESIAN_POINT ( 'NONE',  ( 191.8045308859312001, 13.00000000000000178, 34.45452451193689569 ) ) ;
#6867 = EDGE_LOOP ( 'NONE', ( #4438, #444, #2049, #3885 ) ) ;
#6868 = CARTESIAN_POINT ( 'NONE',  ( 74.44170608188873928, 13.00000000000000178, 51.70738730869676658 ) ) ;
#6869 = EDGE_LOOP ( 'NONE', ( #3298, #3632, #1155, #3564 ) ) ;
#6870 = CARTESIAN_POINT ( 'NONE',  ( 116.3099284126038242, 10.00000000000000355, 52.36144617301663118 ) ) ;
#6871 = CARTESIAN_POINT ( 'NONE',  ( 171.7799672679018386, 13.00000000000000178, 39.88285603787951317 ) ) ;
#6872 = CARTESIAN_POINT ( 'NONE',  ( 215.4458569165138897, 10.00000000000000000, 56.75174942347756968 ) ) ;
#6873 = DIRECTION ( 'NONE',  ( 0.000000000000000000, 1.000000000000000000, 0.000000000000000000 ) ) ;
#6874 = CARTESIAN_POINT ( 'NONE',  ( 173.7276078090081057, 13.00000000000000178, 34.45452451193689569 ) ) ;
#6875 = CARTESIAN_POINT ( 'NONE',  ( 207.8096785251022425, 12.99999999999999822, 42.13044371098764174 ) ) ;
#6876 = CARTESIAN_POINT ( 'NONE',  ( 215.8429924243927189, 10.00000000000000000, 54.06990912732151600 ) ) ;
#6877 = EDGE_CURVE ( 'NONE', #4075, #5647, #3262, .T. ) ;
#6878 = DIRECTION ( 'NONE',  ( -1.000000000000000000, 0.000000000000000000, 1.445602896647337931E-16 ) ) ;
#6880 = VECTOR ( 'NONE', #3308, 1000.000000000000000 ) ;
#6879 = CARTESIAN_POINT ( 'NONE',  ( 247.5472173831513203, 13.00000000000000178, 38.43698806558620618 ) ) ;
#6881 = CARTESIAN_POINT ( 'NONE',  ( 227.1795831158877945, 13.00000000000000178, 45.10715456590124717 ) ) ;
#6882 = DIRECTION ( 'NONE',  ( 1.000000000000000000, 0.000000000000000000, 0.000000000000000000 ) ) ;
#6883 = VECTOR ( 'NONE', #5438, 1000.000000000000000 ) ;
#6884 = CARTESIAN_POINT ( 'NONE',  ( 144.8958666372175514, 10.00000000000000355, 38.91670977369031448 ) ) ;
#6885 = CARTESIAN_POINT ( 'NONE',  ( 92.95837703977734634, 9.999999999999996447, 45.46413989655228249 ) ) ;
#6886 = CARTESIAN_POINT ( 'NONE',  ( 235.2660693474696529, 10.00000000000000000, 38.40885143501382260 ) ) ;
#6887 = ORIENTED_EDGE ( 'NONE', *, *, #1891, .F. ) ;
#6888 = CARTESIAN_POINT ( 'NONE',  ( 227.0206696711844359, 13.00000000000000178, 43.30573012098180641 ) ) ;
#6889 = CARTESIAN_POINT ( 'NONE',  ( 137.0025510158946815, 12.99999999999999822, 34.15972625980484167 ) ) ;
#6890 = CARTESIAN_POINT ( 'NONE',  ( 216.9958664093277321, 9.999999999999996447, 54.03650852345681699 ) ) ;
#6891 = VECTOR ( 'NONE', #552, 1000.000000000000000 ) ;
#6892 = ORIENTED_EDGE ( 'NONE', *, *, #6545, .F. ) ;
#6893 = AXIS2_PLACEMENT_3D ( 'NONE', #142, #4595, #2372 ) ;
#6894 = CARTESIAN_POINT ( 'NONE',  ( 129.4665358563237589, 13.00000000000000178, 42.81675171124134494 ) ) ;
#6895 = CC_DESIGN_PERSON_AND_ORGANIZATION_ASSIGNMENT ( #544, #3306, ( #3975 ) ) ;
#6896 = EDGE_LOOP ( 'NONE', ( #3640, #6085, #3307, #5806 ) ) ;
#6897 = CARTESIAN_POINT ( 'NONE',  ( 153.3537321791202999, 13.00000000000000178, 44.97484936046267734 ) ) ;
#6898 = CARTESIAN_POINT ( 'NONE',  ( 248.7937135782388793, 13.00000000000000178, 41.07712066578305610 ) ) ;
#6899 = CARTESIAN_POINT ( 'NONE',  ( 104.1122231936234925, 13.00000000000000178, 34.45452451193689569 ) ) ;
#6900 = CARTESIAN_POINT ( 'NONE',  ( 196.4168207520515068, 10.00000000000000000, 29.68371817022396897 ) ) ;
#6901 = AXIS2_PLACEMENT_3D ( 'NONE', #2803, #5084, #1208 ) ;
#6902 = ADVANCED_FACE ( 'NONE', ( #950 ), #2161, .T. ) ;
#6903 = CARTESIAN_POINT ( 'NONE',  ( 225.4159247602457867, 9.999999999999996447, 51.63240126954931242 ) ) ;
#6904 = ORIENTED_EDGE ( 'NONE', *, *, #6383, .T. ) ;
#6905 = EDGE_CURVE ( 'NONE', #6964, #1853, #2607, .T. ) ;
#6906 = CARTESIAN_POINT ( 'NONE',  ( 113.5412200092536636, 9.999999999999998224, 56.59099777052870905 ) ) ;
#6907 = ORIENTED_EDGE ( 'NONE', *, *, #1680, .F. ) ;
#6908 = FACE_OUTER_BOUND ( 'NONE', #1997, .T. ) ;
#6909 = DIRECTION ( 'NONE',  ( 0.000000000000000000, 1.000000000000000000, 0.000000000000000000 ) ) ;
#6910 = CARTESIAN_POINT ( 'NONE',  ( 148.7276078090081342, 13.00000000000000178, 51.70212066578304899 ) ) ;
#6911 = CARTESIAN_POINT ( 'NONE',  ( 217.5457807398765340, 13.00000000000000178, 36.90981921091352547 ) ) ;
#6912 = EDGE_LOOP ( 'NONE', ( #7151, #3404, #1165, #252 ) ) ;
#6913 = CARTESIAN_POINT ( 'NONE',  ( 205.6563207900070722, 10.00000000000000000, 40.32566218410870107 ) ) ;
#6914 = CARTESIAN_POINT ( 'NONE',  ( 219.3816698171216899, 13.00000000000000178, 34.56009112700211716 ) ) ;
#6915 = CARTESIAN_POINT ( 'NONE',  ( 215.4553155354656724, 13.00000000000000178, 54.05874321094724166 ) ) ;
#6916 = CARTESIAN_POINT ( 'NONE',  ( 199.7071458201550627, 10.00000000000000000, 28.42420767874607890 ) ) ;
#6917 = DIRECTION ( 'NONE',  ( 0.000000000000000000, 1.000000000000000000, 0.000000000000000000 ) ) ;
#6918 = DIRECTION ( 'NONE',  ( 1.000000000000000000, 0.000000000000000000, 0.000000000000000000 ) ) ;
#6919 = EDGE_CURVE ( 'NONE', #1276, #1061, #3629, .T. ) ;
#6920 = CARTESIAN_POINT ( 'NONE',  ( 126.8176675678941763, 13.00000000000000178, 42.57218297862775813 ) ) ;
#6921 = EDGE_CURVE ( 'NONE', #6204, #2554, #2128, .T. ) ;
#6922 = CARTESIAN_POINT ( 'NONE',  ( 132.6563399804806238, 10.00000000000000000, 55.51187857225919942 ) ) ;
#6923 = CARTESIAN_POINT ( 'NONE',  ( 242.4126248567384607, 10.00000000000000178, 34.10850601515096514 ) ) ;
#6924 = ORIENTED_EDGE ( 'NONE', *, *, #1262, .F. ) ;
#6925 = CARTESIAN_POINT ( 'NONE',  ( 104.9196254269309492, 9.999999999999996447, 50.70095684221398358 ) ) ;
#6926 = CARTESIAN_POINT ( 'NONE',  ( 127.6406237825277969, 12.99999999999999822, 40.44532814260757903 ) ) ;
#6927 = CARTESIAN_POINT ( 'NONE',  ( 80.74767823437038317, 9.999999999999996447, 53.44923473455111207 ) ) ;
#6928 = ORIENTED_EDGE ( 'NONE', *, *, #5360, .F. ) ;
#6929 = DIRECTION ( 'NONE',  ( 1.000000000000000000, 0.000000000000000000, 0.000000000000000000 ) ) ;
#6930 = VERTEX_POINT ( 'NONE', #2018 ) ;
#6931 = CARTESIAN_POINT ( 'NONE',  ( 91.53278321067327283, 10.00000000000000178, 40.56731213550532544 ) ) ;
#6932 = CARTESIAN_POINT ( 'NONE',  ( 238.0221849455557503, 13.00000000000000533, 35.68565898416476045 ) ) ;
#6933 = CARTESIAN_POINT ( 'NONE',  ( 206.9203977028249994, 10.00000000000000000, 52.53369101382028816 ) ) ;
#6934 = CARTESIAN_POINT ( 'NONE',  ( 0.000000000000000000, 10.00000000000000000, 0.000000000000000000 ) ) ;
#6935 = B_SPLINE_CURVE_WITH_KNOTS ( 'NONE', 3,
 ( #5793, #4588, #5760, #2854, #2931, #3442, #4110, #5724, #6852, #5248, #5686, #1300, #1226, #1704, #719 ),
 .UNSPECIFIED., .F., .F.,
 ( 4, 1, 1, 1, 1, 1, 1, 1, 1, 1, 1, 1, 4 ),
 ( 0.000000000000000000, 0.08480238836882753040, 0.1686635395998415110, 0.2525519243727819552, 0.3382396894642447083, 0.4231026613931549996, 0.5055560510576222466, 0.5861756559890520801, 0.6671357203303608374, 0.7484991803055338622, 0.8304523987582790312, 0.9134557062010132400, 1.000000000000000000 ),
 .UNSPECIFIED. ) ;
#6936 = DIRECTION ( 'NONE',  ( 0.000000000000000000, 0.000000000000000000, -1.000000000000000000 ) ) ;
#6937 = ORIENTED_EDGE ( 'NONE', *, *, #1876, .F. ) ;
#6938 = PLANE ( 'NONE',  #4186 ) ;
#6939 = VERTEX_POINT ( 'NONE', #1019 ) ;
#6940 = CARTESIAN_POINT ( 'NONE',  ( 248.8189423356720340, 12.99999999999999822, 41.19307946799326459 ) ) ;
#6941 = CARTESIAN_POINT ( 'NONE',  ( 235.2660693474696814, 13.00000000000000178, 48.45091874270613630 ) ) ;
#6942 = CARTESIAN_POINT ( 'NONE',  ( 129.7838773345364132, 9.999999999999996447, 48.71516281069281007 ) ) ;
#6943 = LINE ( 'NONE', #7054, #6542 ) ;
#6944 = ADVANCED_FACE ( 'NONE', ( #4263 ), #6497, .F. ) ;
#6945 = EDGE_LOOP ( 'NONE', ( #1576, #6979, #2294, #462 ) ) ;
#6946 = LINE ( 'NONE', #6435, #3148 ) ;
#6947 = CARTESIAN_POINT ( 'NONE',  ( 143.8548115980178750, 10.00000000000000000, 35.08144586393235187 ) ) ;
#6948 = DIRECTION ( 'NONE',  ( -1.224646799147353454E-16, 0.000000000000000000, -1.000000000000000000 ) ) ;
#6949 = CARTESIAN_POINT ( 'NONE',  ( 133.3333333333333428, 20.00000000000000000, 96.43724644492834841 ) ) ;
#6950 = CARTESIAN_POINT ( 'NONE',  ( 75.26606934746965294, 10.00000000000000000, 45.38601489655228960 ) ) ;
#6951 = CARTESIAN_POINT ( 'NONE',  ( 91.01073649867106496, 13.00000000000000178, 39.88285603787952738 ) ) ;
#6952 = CARTESIAN_POINT ( 'NONE',  ( 137.8387129209710622, 10.00000000000000000, 34.08270106334198601 ) ) ;
#6953 = CARTESIAN_POINT ( 'NONE',  ( 131.0936546692717570, 13.00000000000000533, 36.39756720957432634 ) ) ;
#6954 = CARTESIAN_POINT ( 'NONE',  ( 196.4168352818878134, 10.00000000000000000, 25.37918596850887809 ) ) ;
#6955 = CARTESIAN_POINT ( 'NONE',  ( 159.5151763395345768, 9.999999999999996447, 52.31437678168605743 ) ) ;
#6956 = ORIENTED_EDGE ( 'NONE', *, *, #4644, .T. ) ;
#6957 = DIRECTION ( 'NONE',  ( 0.000000000000000000, 0.000000000000000000, -1.000000000000000000 ) ) ;
#6958 = CARTESIAN_POINT ( 'NONE',  ( 205.2319048680810170, 10.00000000000000355, 41.28356592159164506 ) ) ;
#6959 = CARTESIAN_POINT ( 'NONE',  ( 75.92793738754514266, 9.999999999999996447, 48.68802131267673872 ) ) ;
#6960 = ADVANCED_FACE ( 'NONE', ( #911 ), #2985, .T. ) ;
#6961 = ORIENTED_EDGE ( 'NONE', *, *, #5889, .F. ) ;
#6962 = CARTESIAN_POINT ( 'NONE',  ( 224.4724614427231302, 10.00000000000000000, 44.61305383029397831 ) ) ;
#6963 = CARTESIAN_POINT ( 'NONE',  ( 206.9203977028249994, 13.00000000000000178, 52.53369101382028816 ) ) ;
#6964 = VERTEX_POINT ( 'NONE', #4003 ) ;
#6965 = EDGE_LOOP ( 'NONE', ( #2202, #6636, #7005, #6780 ) ) ;
#6966 = CARTESIAN_POINT ( 'NONE',  ( 76.44374287037892657, 13.00000000000000178, 41.05039465339896054 ) ) ;
#6967 = CARTESIAN_POINT ( 'NONE',  ( 243.6074155013158133, 13.00000000000000178, 34.06990912732151600 ) ) ;
#6968 = B_SPLINE_SURFACE_WITH_KNOTS ( 'NONE', 3, 1, ( 
 ( #2464, #1909 ),
 ( #6393, #4236 ),
 ( #1987, #2539 ),
 ( #4096, #5886 ),
 ( #4129, #2392 ),
 ( #4794, #3610 ),
 ( #1945, #4201 ),
 ( #3096, #5337 ),
 ( #298, #6470 ),
 ( #3678, #4648 ),
 ( #4686, #6328 ),
 ( #5450, #3167 ),
 ( #6582, #2102 ),
 ( #7132, #7092 ),
 ( #6547, #3376 ) ),
 .UNSPECIFIED., .F., .F., .F.,
 ( 4, 1, 1, 1, 1, 1, 1, 1, 1, 1, 1, 1, 4 ),
 ( 2, 2 ),
 ( 0.000000000000000000, 0.08480238836882758591, 0.1686635395998405951, 0.2525519243727811225, 0.3382396894642448193, 0.4231026613931543334, 0.5055560510576223576, 0.5861756559890528573, 0.6671357203303603933, 0.7484991803055335291, 0.8304523987582788092, 0.9134557062010132400, 0.9999999999999998890 ),
 ( 0.000000000000000000, 1.000000000000000000 ),
 .UNSPECIFIED. ) ;
#6969 = CARTESIAN_POINT ( 'NONE',  ( 194.8907527142174274, 10.00000000000000000, 27.69484013985573512 ) ) ;
#6970 = CARTESIAN_POINT ( 'NONE',  ( 108.2478282987354277, 10.00000000000000000, 56.44668145637182022 ) ) ;
#6971 = VERTEX_POINT ( 'NONE', #4450 ) ;
#6972 = CARTESIAN_POINT ( 'NONE',  ( 121.0315141611156520, 10.00000000000000178, 45.49023433316057918 ) ) ;
#6973 = VERTEX_POINT ( 'NONE', #6827 ) ;
#6974 = CARTESIAN_POINT ( 'NONE',  ( 248.8751958768476982, 9.999999999999992895, 41.45163731699150134 ) ) ;
#6975 = CARTESIAN_POINT ( 'NONE',  ( 235.2698815607820961, 13.00000000000000533, 47.45127205404926229 ) ) ;
#6976 = DIRECTION ( 'NONE',  ( 0.000000000000000000, 0.000000000000000000, 1.000000000000000000 ) ) ;
#6977 = CARTESIAN_POINT ( 'NONE',  ( 68.72760780900810573, 13.00000000000000178, 26.37760143501382260 ) ) ;
#6978 = CLOSED_SHELL ( 'NONE', ( #2934, #2716, #153, #3513, #4995, #6458, #6981, #4462, #6944, #4811, #1434, #193, #3272, #7129, #499, #4529, #4143, #885, #724, #6203, #2658, #3714, #5673, #4106, #2935, #5608, #3333, #4616, #4277, #4056, #3112, #3155, #6327, #536, #1487, #6687, #6737, #5579, #264, #5386, #5115, #4718, #3313, #3428, #6704, #3304, #481, #2072, #412, #440, #1212, #5344, #4503, #2003, #6026, #4022, #7057, #5763, #5982, #1844, #149, #5536, #6288, #2527, #1690, #3941, #6143, #7164, #324, #761, #815, #2967, #5985, #3580, #675, #1169, #7219, #2157, #5472, #7128, #4829, #5909, #2123, #4587, #3555, #235, #762, #4646, #4625, #7056, #3813, #5327, #4998, #166, #4394, #6311, #2883, #3023, #5095, #2010, #2611, #5568, #971, #2638, #5276, #5610, #6960, #850, #281, #1687, #4946, #5108, #5162, #945, #5166, #3043, #3857, #2701, #5353, #905, #3597, #5376, #6042, #176, #3744, #1244, #760, #1111, #3410, #4234, #6100, #4869, #2841, #1948, #5226, #368, #2191, #3755, #5788, #3521, #3914, #3636, #730, #7238, #6365, #4594, #5071, #6902, #5088, #5408, #5919, #6161, #4688, #5920, #1264 ) ) ;
#6979 = ORIENTED_EDGE ( 'NONE', *, *, #4778, .F. ) ;
#6980 = CARTESIAN_POINT ( 'NONE',  ( 173.7276078090081057, 13.00000000000000178, 52.58553412732151600 ) ) ;
#6981 = ADVANCED_FACE ( 'NONE', ( #6242 ), #5696, .T. ) ;
#6982 = CARTESIAN_POINT ( 'NONE',  ( 139.0505224713789119, 13.00000000000000178, 34.07781105072464811 ) ) ;
#6983 = CARTESIAN_POINT ( 'NONE',  ( 199.4755266386477217, 10.00000000000000178, 28.82367296574635063 ) ) ;
#6984 = CARTESIAN_POINT ( 'NONE',  ( 185.2660693474696529, 13.00000000000000178, 56.37760143501382260 ) ) ;
#6985 = CARTESIAN_POINT ( 'NONE',  ( 145.7043696140950146, 13.00000000000000178, 51.13336437261948220 ) ) ;
#6986 = CARTESIAN_POINT ( 'NONE',  ( 89.76146879599583883, 12.99999999999999822, 38.66768861012784697 ) ) ;
#6987 = CARTESIAN_POINT ( 'NONE',  ( 82.95388295717600613, 10.00000000000000178, 36.80385835193838773 ) ) ;
#6988 = B_SPLINE_CURVE_WITH_KNOTS ( 'NONE', 3,
 ( #1851, #6298, #678, #1222, #2928, #4619, #6922, #6849, #1885, #1265, #3477, #2364, #4543, #169, #6367, #4136, #2292, #5245, #5180 ),
 .UNSPECIFIED., .F., .F.,
 ( 4, 1, 1, 1, 1, 1, 1, 1, 1, 1, 1, 1, 1, 1, 1, 1, 4 ),
 ( 0.000000000000000000, 0.06955854372741403224, 0.1363352505575717299, 0.2010957661175482303, 0.2644499547795242100, 0.3270049911572461276, 0.3893913874403775455, 0.4519764903030327741, 0.5156699828847824962, 0.5789732464632439957, 0.6401670288004247533, 0.6997398434247553700, 0.7586849854260629966, 0.8178204012911088894, 0.8769839874813283309, 0.9376342848620927706, 1.000000000000000000 ),
 .UNSPECIFIED. ) ;
#6989 = CC_DESIGN_SECURITY_CLASSIFICATION ( #451, ( #3975 ) ) ;
#6990 = EDGE_CURVE ( 'NONE', #327, #5025, #2901, .T. ) ;
#6991 = VECTOR ( 'NONE', #185, 1000.000000000000000 ) ;
#6992 = CARTESIAN_POINT ( 'NONE',  ( 157.8584730473190803, 12.99999999999999822, 40.08951942148313918 ) ) ;
#6993 = CARTESIAN_POINT ( 'NONE',  ( 235.5535347914592137, 13.00000000000000178, 38.05019952497703883 ) ) ;
#6994 = CARTESIAN_POINT ( 'NONE',  ( 236.1113715147155574, 10.00000000000000355, 37.35422298077789094 ) ) ;
#6995 = EDGE_LOOP ( 'NONE', ( #2859, #4545 ) ) ;
#6996 = FACE_OUTER_BOUND ( 'NONE', #811, .T. ) ;
#6997 = CARTESIAN_POINT ( 'NONE',  ( 198.3367403604297294, 12.99999999999999822, 25.37663642560739419 ) ) ;
#6998 = EDGE_CURVE ( 'NONE', #2747, #2083, #1716, .T. ) ;
#6999 = CARTESIAN_POINT ( 'NONE',  ( 215.8550116551619737, 13.00000000000000178, 56.76221681962920940 ) ) ;
#7000 = LINE ( 'NONE', #4250, #1964 ) ;
#7001 = CIRCLE ( 'NONE', #7237, 1.500000000000001332 ) ;
#7002 = ORIENTED_EDGE ( 'NONE', *, *, #4911, .F. ) ;
#7003 = DIRECTION ( 'NONE',  ( 0.000000000000000000, 0.000000000000000000, -1.000000000000000000 ) ) ;
#7004 = CARTESIAN_POINT ( 'NONE',  ( 191.8045308859312001, 13.00000000000000178, 37.14683220424458909 ) ) ;
#7005 = ORIENTED_EDGE ( 'NONE', *, *, #714, .T. ) ;
#7006 = CARTESIAN_POINT ( 'NONE',  ( 82.95388295717600613, 13.00000000000000178, 36.80385835193838773 ) ) ;
#7007 = AXIS2_PLACEMENT_3D ( 'NONE', #6317, #1170, #3455 ) ;
#7008 = CARTESIAN_POINT ( 'NONE',  ( 243.6074155013158133, 10.00000000000000355, 34.06990912732151600 ) ) ;
#7009 = CARTESIAN_POINT ( 'NONE',  ( 0.000000000000000000, 13.00000000000000178, 0.000000000000000000 ) ) ;
#7010 = AXIS2_PLACEMENT_3D ( 'NONE', #3180, #3733, #2665 ) ;
#7011 = AXIS2_PLACEMENT_3D ( 'NONE', #2965, #6301, #5216 ) ;
#7012 = EDGE_CURVE ( 'NONE', #1860, #2194, #6752, .T. ) ;
#7013 = CARTESIAN_POINT ( 'NONE',  ( 103.4625534334707169, 10.00000000000000178, 53.46721588852523865 ) ) ;
#7014 = ORIENTED_EDGE ( 'NONE', *, *, #1559, .F. ) ;
#7015 = CARTESIAN_POINT ( 'NONE',  ( 120.6284661830531633, 9.999999999999996447, 49.86667511488739279 ) ) ;
#7016 = VERTEX_POINT ( 'NONE', #2750 ) ;
#7017 = CARTESIAN_POINT ( 'NONE',  ( 107.9132788801841656, 13.00000000000000178, 53.44389797696532440 ) ) ;
#7019 = CARTESIAN_POINT ( 'NONE',  ( 85.02960080415368793, 12.99999999999999822, 36.77853332741074155 ) ) ;
#7018 = VECTOR ( 'NONE', #3170, 1000.000000000000000 ) ;
#7020 = CARTESIAN_POINT ( 'NONE',  ( 130.3158017687460983, 10.00000000000000000, 49.75803255746424725 ) ) ;
#7021 = CARTESIAN_POINT ( 'NONE',  ( 169.7438261295111772, 13.00000000000000178, 55.72815745976922130 ) ) ;
#7022 = ORIENTED_EDGE ( 'NONE', *, *, #4412, .T. ) ;
#7023 = CARTESIAN_POINT ( 'NONE',  ( 207.2622111215815153, 10.00000000000000000, 37.97610751416735297 ) ) ;
#7024 = CARTESIAN_POINT ( 'NONE',  ( 216.2663654223899243, 13.00000000000000178, 34.07866819422586246 ) ) ;
#7025 = DIRECTION ( 'NONE',  ( 0.000000000000000000, 1.000000000000000000, 0.000000000000000000 ) ) ;
#7026 = CARTESIAN_POINT ( 'NONE',  ( 146.2143436990845089, 10.00000000000000178, 50.53063890441953987 ) ) ;
#7027 = CARTESIAN_POINT ( 'NONE',  ( 83.71649454992426342, 13.00000000000000178, 54.05650242281573981 ) ) ;
#7028 = DIRECTION ( 'NONE',  ( 0.000000000000000000, 0.000000000000000000, -1.000000000000000000 ) ) ;
#7029 = DIRECTION ( 'NONE',  ( 0.000000000000000000, 1.000000000000000000, 0.000000000000000000 ) ) ;
#7030 = B_SPLINE_CURVE_WITH_KNOTS ( 'NONE', 3,
 ( #4256, #2635, #3742, #2600, #4852, #5980, #5906, #391, #4888, #831, #3080, #285, #5837, #5358, #4332, #6491, #1452, #3700, #5943 ),
 .UNSPECIFIED., .F., .F.,
 ( 4, 1, 1, 1, 1, 1, 1, 1, 1, 1, 1, 1, 1, 1, 1, 1, 4 ),
 ( 0.000000000000000000, 0.06377453230563219500, 0.1260788099895058523, 0.1869040927472074842, 0.2475739349176193926, 0.3080033561644469620, 0.3691318984609776033, 0.4320332277442042179, 0.4967907944370911211, 0.5616108232295654590, 0.6249138657484626380, 0.6867263492419245496, 0.7480788332577706923, 0.8095822911398954380, 0.8716307425688268884, 0.9348858208285539817, 1.000000000000000000 ),
 .UNSPECIFIED. ) ;
#7031 = CARTESIAN_POINT ( 'NONE',  ( 132.4211904484677405, 13.00000000000000178, 35.56963572605084778 ) ) ;
#7032 = CARTESIAN_POINT ( 'NONE',  ( 172.6101082325635616, 12.99999999999999822, 49.86343991010983956 ) ) ;
#7033 = LINE ( 'NONE', #1520, #4052 ) ;
#7034 = ORIENTED_EDGE ( 'NONE', *, *, #3316, .F. ) ;
#7035 = CARTESIAN_POINT ( 'NONE',  ( 107.1190566003140248, 10.00000000000000000, 53.01776657559484818 ) ) ;
#7036 = CARTESIAN_POINT ( 'NONE',  ( 205.6563207900070722, 10.00000000000000000, 40.32566218410870107 ) ) ;
#7037 = DIRECTION ( 'NONE',  ( 0.000000000000000000, -0.000000000000000000, 1.000000000000000000 ) ) ;
#7038 = CARTESIAN_POINT ( 'NONE',  ( 92.65478740583883166, 13.00000000000000178, 52.92873064696009067 ) ) ;
#7039 = CARTESIAN_POINT ( 'NONE',  ( 198.7276078090081057, 10.00000000000000000, 34.45452451193689569 ) ) ;
#7040 = CARTESIAN_POINT ( 'NONE',  ( 104.4250986763049553, 10.00000000000000533, 49.34032465187816285 ) ) ;
#7041 = ORIENTED_EDGE ( 'NONE', *, *, #5646, .T. ) ;
#7042 = ORIENTED_EDGE ( 'NONE', *, *, #4810, .T. ) ;
#7043 = CARTESIAN_POINT ( 'NONE',  ( 80.72224796160058702, 10.00000000000000000, 37.37864197663828492 ) ) ;
#7044 = CARTESIAN_POINT ( 'NONE',  ( 240.1275422048736630, 10.00000000000000000, 34.63179824051061217 ) ) ;
#7045 = VERTEX_POINT ( 'NONE', #5000 ) ;
#7046 = CARTESIAN_POINT ( 'NONE',  ( 218.2541400805246781, 10.00000000000000000, 34.27939943226825648 ) ) ;
#7047 = CARTESIAN_POINT ( 'NONE',  ( 101.4237352586692111, 10.00000000000000000, 45.30392958099378120 ) ) ;
#7048 = ORIENTED_EDGE ( 'NONE', *, *, #5312, .T. ) ;
#7049 = FACE_OUTER_BOUND ( 'NONE', #733, .T. ) ;
#7050 = ORIENTED_EDGE ( 'NONE', *, *, #2001, .T. ) ;
#7051 = CARTESIAN_POINT ( 'NONE',  ( 296.4644660940673475, 0.000000000000000000, 1.885533905932749610 ) ) ;
#7052 = CARTESIAN_POINT ( 'NONE',  ( 84.12424242439273314, 13.00000000000000178, 36.76221681962920940 ) ) ;
#7053 = CARTESIAN_POINT ( 'NONE',  ( 75.92793738754514266, 12.99999999999999822, 48.68802131267673872 ) ) ;
#7054 = CARTESIAN_POINT ( 'NONE',  ( 199.9999999999999432, 20.00000000000000000, 94.93724644492834841 ) ) ;
#7055 = EDGE_CURVE ( 'NONE', #2621, #4482, #6685, .T. ) ;
#7056 = ADVANCED_FACE ( 'NONE', ( #2235 ), #3929, .T. ) ;
#7057 = ADVANCED_FACE ( 'NONE', ( #5626 ), #579, .T. ) ;
#7058 = ORIENTED_EDGE ( 'NONE', *, *, #1152, .F. ) ;
#7059 = CARTESIAN_POINT ( 'NONE',  ( 75.26606934746965294, 10.00000000000000000, 45.38601489655228960 ) ) ;
#7060 = CARTESIAN_POINT ( 'NONE',  ( 147.0218058313393215, 13.00000000000000178, 37.04163161749366395 ) ) ;
#7061 = CARTESIAN_POINT ( 'NONE',  ( 144.8369415717084507, 10.00000000000000000, 51.91282094677441705 ) ) ;
#7062 = CARTESIAN_POINT ( 'NONE',  ( 216.2306470152489908, 9.999999999999998224, 54.05867815360303297 ) ) ;
#7063 = CARTESIAN_POINT ( 'NONE',  ( 146.2143436990845089, 13.00000000000000178, 50.53063890441953987 ) ) ;
#7064 = CARTESIAN_POINT ( 'NONE',  ( 198.7276078090081057, 13.00000000000000178, 56.37760143501382260 ) ) ;
#7065 = EDGE_LOOP ( 'NONE', ( #1350, #4570, #7022, #5062 ) ) ;
#7066 = CARTESIAN_POINT ( 'NONE',  ( 248.8189423356720340, 12.99999999999999822, 41.19307946799326459 ) ) ;
#7067 = CARTESIAN_POINT ( 'NONE',  ( 126.5174600535557943, 13.00000000000000178, 44.05946524728891944 ) ) ;
#7068 = CARTESIAN_POINT ( 'NONE',  ( 173.7276078090081342, 13.00000000000000178, 45.46413989655228960 ) ) ;
#7069 = CARTESIAN_POINT ( 'NONE',  ( 110.0866244335383044, 9.999999999999998224, 54.03131202038667880 ) ) ;
#7070 = CARTESIAN_POINT ( 'NONE',  ( 106.1474572255850859, 12.99999999999999822, 52.28414757667084700 ) ) ;
#7071 = CARTESIAN_POINT ( 'NONE',  ( 222.7238853131304666, 13.00000000000000178, 50.80844566485120595 ) ) ;
#7072 = CARTESIAN_POINT ( 'NONE',  ( 33.33333333333334991, 10.00000000000000000, 94.93724644492834841 ) ) ;
#7073 = CARTESIAN_POINT ( 'NONE',  ( 211.3021278385020310, 10.00000000000000000, 55.93322485905117247 ) ) ;
#7074 = CARTESIAN_POINT ( 'NONE',  ( 159.4890705231927370, 13.00000000000000178, 38.48701887194184934 ) ) ;
#7075 = CARTESIAN_POINT ( 'NONE',  ( 176.4199155013158133, 13.00000000000000178, 56.37760143501382260 ) ) ;
#7076 = CARTESIAN_POINT ( 'NONE',  ( 204.9236546916693271, 12.99999999999999467, 48.70824916815978867 ) ) ;
#7077 = EDGE_LOOP ( 'NONE', ( #2531, #5474 ) ) ;
#7078 = ORIENTED_EDGE ( 'NONE', *, *, #141, .F. ) ;
#7079 = CARTESIAN_POINT ( 'NONE',  ( 199.8814539628542661, 13.00000000000000178, 27.54346681962920584 ) ) ;
#7080 = FACE_OUTER_BOUND ( 'NONE', #7168, .T. ) ;
#7081 = CARTESIAN_POINT ( 'NONE',  ( 227.1641133651985456, 13.00000000000000178, 46.58069905017735834 ) ) ;
#7082 = EDGE_CURVE ( 'NONE', #1563, #3920, #6312, .T. ) ;
#7083 = CARTESIAN_POINT ( 'NONE',  ( 74.46403719547072342, 13.00000000000000178, 39.10513232824221319 ) ) ;
#7084 = ORIENTED_EDGE ( 'NONE', *, *, #5764, .F. ) ;
#7085 = ORIENTED_EDGE ( 'NONE', *, *, #6412, .F. ) ;
#7086 = CARTESIAN_POINT ( 'NONE',  ( 208.3266165343556509, 9.999999999999998224, 49.86206620326450434 ) ) ;
#7087 = CARTESIAN_POINT ( 'NONE',  ( 101.4199155013158133, 10.00000000000000000, 34.45452451193689569 ) ) ;
#7088 = EDGE_CURVE ( 'NONE', #4659, #2739, #758, .T. ) ;
#7089 = CARTESIAN_POINT ( 'NONE',  ( 101.4199155013158133, 13.00000000000000178, 44.92928412732151600 ) ) ;
#7090 = CARTESIAN_POINT ( 'NONE',  ( 236.6895550573929654, 10.00000000000000000, 40.29472657616717157 ) ) ;
#7091 = ORIENTED_EDGE ( 'NONE', *, *, #6236, .F. ) ;
#7092 = CARTESIAN_POINT ( 'NONE',  ( 173.7137920438312904, 10.00000000000000000, 45.86168966173468675 ) ) ;
#7093 = CARTESIAN_POINT ( 'NONE',  ( 196.8828222578420934, 13.00000000000000178, 29.81717546510679639 ) ) ;
#7094 = CARTESIAN_POINT ( 'NONE',  ( 197.8636513158535024, 10.00000000000000178, 29.81621187837649956 ) ) ;
#7095 = CARTESIAN_POINT ( 'NONE',  ( 246.0975580259610922, 9.999999999999998224, 37.33686613704847446 ) ) ;
#7096 = DIRECTION ( 'NONE',  ( 0.000000000000000000, 1.000000000000000000, 0.000000000000000000 ) ) ;
#7097 = CARTESIAN_POINT ( 'NONE',  ( 117.8982808859312001, 13.00000000000000178, 49.96534181962920940 ) ) ;
#7098 = ORIENTED_EDGE ( 'NONE', *, *, #2953, .F. ) ;
#7099 = CARTESIAN_POINT ( 'NONE',  ( 173.7276078090081057, 13.00000000000000178, 38.51101489655228960 ) ) ;
#7100 = EDGE_CURVE ( 'NONE', #3278, #1796, #2629, .T. ) ;
#7101 = CARTESIAN_POINT ( 'NONE',  ( 138.6915501167004550, 13.00000000000000178, 34.06990912732152310 ) ) ;
#7102 = DIRECTION ( 'NONE',  ( 0.000000000000000000, 1.000000000000000000, 0.000000000000000000 ) ) ;
#7103 = CARTESIAN_POINT ( 'NONE',  ( 111.2696751167004265, 10.00000000000000000, 54.06990912732151600 ) ) ;
#7104 = LINE ( 'NONE', #3839, #3385 ) ;
#7105 = CARTESIAN_POINT ( 'NONE',  ( 127.7434300405140846, 13.00000000000000178, 50.88670930991781205 ) ) ;
#7106 = FACE_OUTER_BOUND ( 'NONE', #6373, .T. ) ;
#7107 = DIRECTION ( 'NONE',  ( 1.000000000000000000, 0.000000000000000000, -0.000000000000000000 ) ) ;
#7108 = CARTESIAN_POINT ( 'NONE',  ( 185.2660693474696529, 13.00000000000000178, 34.45452451193689569 ) ) ;
#7109 = AXIS2_PLACEMENT_3D ( 'NONE', #4784, #3565, #3014 ) ;
#7110 = CARTESIAN_POINT ( 'NONE',  ( 173.3827444397761610, 12.99999999999999467, 42.85195326123239568 ) ) ;
#7111 = CARTESIAN_POINT ( 'NONE',  ( 208.4724313291847295, 13.00000000000000178, 54.18065581419941168 ) ) ;
#7112 = ORIENTED_EDGE ( 'NONE', *, *, #7236, .F. ) ;
#7113 = VERTEX_POINT ( 'NONE', #6899 ) ;
#7114 = CARTESIAN_POINT ( 'NONE',  ( 75.54753548018103970, 13.00000000000000178, 43.15727347485353249 ) ) ;
#7115 = CARTESIAN_POINT ( 'NONE',  ( 169.8398892169516330, 9.999999999999998224, 38.15028083259845459 ) ) ;
#7116 = DIRECTION ( 'NONE',  ( -0.000000000000000000, 1.000000000000000000, -0.000000000000000000 ) ) ;
#7117 = AXIS2_PLACEMENT_3D ( 'NONE', #1326, #744, #4691 ) ;
#7118 = VECTOR ( 'NONE', #2411, 1000.000000000000000 ) ;
#7119 = AXIS2_PLACEMENT_3D ( 'NONE', #4286, #6929, #6524 ) ;
#7120 = CARTESIAN_POINT ( 'NONE',  ( 106.9422399800130563, 10.00000000000000178, 56.05203055291756442 ) ) ;
#7121 = ORIENTED_EDGE ( 'NONE', *, *, #6069, .T. ) ;
#7122 = EDGE_LOOP ( 'NONE', ( #56, #3264, #6690, #6956, #5520, #4585, #2139, #697, #5081, #4448, #2181, #2315 ) ) ;
#7123 = CARTESIAN_POINT ( 'NONE',  ( 209.6971304088433214, 9.999999999999996447, 51.65644130948591339 ) ) ;
#7124 = CARTESIAN_POINT ( 'NONE',  ( 119.6713642413121903, 10.00000000000000355, 52.45846658088743197 ) ) ;
#7125 = CARTESIAN_POINT ( 'NONE',  ( 132.6863913199084948, 12.99999999999999822, 52.33797802497373652 ) ) ;
#7126 = CARTESIAN_POINT ( 'NONE',  ( 235.2673756692031475, 13.00000000000000178, 48.10837227740439914 ) ) ;
#7127 = AXIS2_PLACEMENT_3D ( 'NONE', #557, #2845, #1694 ) ;
#7128 = ADVANCED_FACE ( 'NONE', ( #2941 ), #4695, .T. ) ;
#7129 = ADVANCED_FACE ( 'NONE', ( #3181 ), #1524, .F. ) ;
#7130 = VERTEX_POINT ( 'NONE', #6860 ) ;
#7131 = AXIS2_PLACEMENT_3D ( 'NONE', #471, #1460, #5951 ) ;
#7132 = CARTESIAN_POINT ( 'NONE',  ( 173.7137920438312904, 13.00000000000000178, 45.86168966173468675 ) ) ;
#7133 = CARTESIAN_POINT ( 'NONE',  ( 173.7276078090081342, 13.00000000000000178, 45.46413989655228960 ) ) ;
#7134 = LINE ( 'NONE', #5419, #6428 ) ;
#7135 = CARTESIAN_POINT ( 'NONE',  ( 208.1768798874273898, 10.00000000000000000, 41.37399618693083880 ) ) ;
#7136 = FACE_BOUND ( 'NONE', #582, .T. ) ;
#7137 = ORIENTED_EDGE ( 'NONE', *, *, #2568, .T. ) ;
#7138 = CARTESIAN_POINT ( 'NONE',  ( 249.0394813512151586, 13.00000000000000533, 42.97351722328868107 ) ) ;
#7139 = VECTOR ( 'NONE', #3197, 1000.000000000000000 ) ;
#7140 = APPROVAL_PERSON_ORGANIZATION ( #583, #6136, #3823 ) ;
#7141 = CARTESIAN_POINT ( 'NONE',  ( 165.3048428647124695, 10.00000000000000000, 34.08223271196602866 ) ) ;
#7142 = CARTESIAN_POINT ( 'NONE',  ( 248.0426078962067606, 12.99999999999999822, 35.28306610323654269 ) ) ;
#7143 = CARTESIAN_POINT ( 'NONE',  ( 300.0000000000000000, 0.000000000000000000, 100.0000000000000000 ) ) ;
#7144 = CARTESIAN_POINT ( 'NONE',  ( 187.9583770397773606, 13.00000000000000178, 37.14683220424458909 ) ) ;
#7145 = CARTESIAN_POINT ( 'NONE',  ( 241.8579076569205313, 12.99999999999999822, 36.85538227920291376 ) ) ;
#7146 = CARTESIAN_POINT ( 'NONE',  ( 118.3429924243927189, 13.00000000000000178, 44.62279374270612919 ) ) ;
#7147 = CARTESIAN_POINT ( 'NONE',  ( 196.0353001167004265, 13.00000000000000178, 34.45452451193689569 ) ) ;
#7148 = EDGE_CURVE ( 'NONE', #1114, #5025, #5395, .T. ) ;
#7149 = FACE_OUTER_BOUND ( 'NONE', #5449, .T. ) ;
#7150 = CARTESIAN_POINT ( 'NONE',  ( 156.7098810936890914, 10.00000000000000178, 37.36992697726384449 ) ) ;
#7151 = ORIENTED_EDGE ( 'NONE', *, *, #7197, .F. ) ;
#7152 = VERTEX_POINT ( 'NONE', #181 ) ;
#7153 = CARTESIAN_POINT ( 'NONE',  ( 238.4145365568097077, 13.00000000000000178, 38.42616141609028801 ) ) ;
#7154 = LINE ( 'NONE', #359, #5728 ) ;
#7155 = CARTESIAN_POINT ( 'NONE',  ( 227.1807348078216933, 13.00000000000000178, 45.84730247884469634 ) ) ;
#7156 = CARTESIAN_POINT ( 'NONE',  ( 77.71359461941268876, 9.999999999999998224, 35.92452989401944308 ) ) ;
#7157 = ORIENTED_EDGE ( 'NONE', *, *, #6832, .F. ) ;
#7158 = B_SPLINE_CURVE_WITH_KNOTS ( 'NONE', 3,
 ( #1852, #2994, #1886, #2510, #4137, #5314, #3516, #5284, #1298, #2401, #1333, #170, #4620, #245, #822, #3583, #6445, #3549, #785 ),
 .UNSPECIFIED., .F., .F.,
 ( 4, 1, 1, 1, 1, 1, 1, 1, 1, 1, 1, 1, 1, 1, 1, 1, 4 ),
 ( 0.000000000000000000, 0.05963339613625172342, 0.1190688615049903393, 0.1781965462156710478, 0.2369566475521801552, 0.2959319880758040644, 0.3558557687429133032, 0.4164733051171483069, 0.4777415997317964735, 0.5399029904536087887, 0.6025375151243946847, 0.6654223850767742032, 0.7297652560446459269, 0.7948287708416035269, 0.8618265399701647844, 0.9300109324340654071, 1.000000000000000000 ),
 .UNSPECIFIED. ) ;
#7159 = VERTEX_POINT ( 'NONE', #2412 ) ;
#7160 = DIRECTION ( 'NONE',  ( -0.000000000000000000, -1.000000000000000000, -0.000000000000000000 ) ) ;
#7161 = DIRECTION ( 'NONE',  ( 0.000000000000000000, 0.000000000000000000, 1.000000000000000000 ) ) ;
#7162 = CARTESIAN_POINT ( 'NONE',  ( 68.72760780900810573, 13.00000000000000178, 38.68529374270612919 ) ) ;
#7163 = CARTESIAN_POINT ( 'NONE',  ( 235.6469643926450601, 10.00000000000000000, 42.71540702162960912 ) ) ;
#7164 = ADVANCED_FACE ( 'NONE', ( #351 ), #231, .T. ) ;
#7165 = ORIENTED_EDGE ( 'NONE', *, *, #6135, .F. ) ;
#7166 = CARTESIAN_POINT ( 'NONE',  ( 138.4691943474696529, 10.00000000000000000, 56.76221681962920940 ) ) ;
#7167 = LINE ( 'NONE', #1652, #71 ) ;
#7168 = EDGE_LOOP ( 'NONE', ( #5514, #3600, #5742, #154 ) ) ;
#7169 = DIRECTION ( 'NONE',  ( 0.000000000000000000, 0.000000000000000000, 1.000000000000000000 ) ) ;
#7170 = CARTESIAN_POINT ( 'NONE',  ( 196.0353001167004265, 13.00000000000000178, 56.37760143501382260 ) ) ;
#7171 = CARTESIAN_POINT ( 'NONE',  ( 235.2660693474696814, 13.00000000000000178, 48.45091874270613630 ) ) ;
#7172 = EDGE_LOOP ( 'NONE', ( #6462, #4838, #2448, #5814 ) ) ;
#7173 = CARTESIAN_POINT ( 'NONE',  ( 171.8420638900497579, 13.00000000000000178, 54.47347302048315498 ) ) ;
#7174 = CARTESIAN_POINT ( 'NONE',  ( 112.4483011969710873, 12.99999999999999822, 54.03063504934642225 ) ) ;
#7175 = CARTESIAN_POINT ( 'NONE',  ( 249.7350541662537466, 13.00000000000000178, 36.74178829034762117 ) ) ;
#7176 = CARTESIAN_POINT ( 'NONE',  ( 3.505202749622876368, 10.00000000000000000, 91.13552925583975650 ) ) ;
#7177 = DIRECTION ( 'NONE',  ( -0.000000000000000000, -1.000000000000000000, -0.000000000000000000 ) ) ;
#7178 = CARTESIAN_POINT ( 'NONE',  ( 235.7394144399517586, 10.00000000000000000, 42.36604104357167699 ) ) ;
#7179 = PLANE ( 'NONE',  #1956 ) ;
#7180 = DIRECTION ( 'NONE',  ( -0.000000000000000000, -1.000000000000000000, -0.000000000000000000 ) ) ;
#7181 = EDGE_CURVE ( 'NONE', #133, #4525, #3882, .T. ) ;
#7182 = CARTESIAN_POINT ( 'NONE',  ( 165.1984368128446476, 13.00000000000000178, 36.76771292081669884 ) ) ;
#7183 = CARTESIAN_POINT ( 'NONE',  ( 210.2111348738142453, 10.00000000000000000, 35.46907767607983430 ) ) ;
#7184 = ORIENTED_EDGE ( 'NONE', *, *, #5178, .F. ) ;
#7185 = ORIENTED_EDGE ( 'NONE', *, *, #4575, .F. ) ;
#7186 = CARTESIAN_POINT ( 'NONE',  ( 239.4869093675952172, 13.00000000000000178, 37.69125712958948782 ) ) ;
#7187 = CARTESIAN_POINT ( 'NONE',  ( 104.7467839803694716, 13.00000000000000178, 54.77496180208711252 ) ) ;
#7188 = CARTESIAN_POINT ( 'NONE',  ( 168.2874526746121546, 10.00000000000000000, 53.45266743150089894 ) ) ;
#7189 = EDGE_CURVE ( 'NONE', #1777, #226, #3842, .T. ) ;
#7190 = CARTESIAN_POINT ( 'NONE',  ( 296.5030604351463808, 10.00000000000000000, 85.13552925583971387 ) ) ;
#7191 = CARTESIAN_POINT ( 'NONE',  ( 81.80222469716503042, 10.00000000000000000, 34.25470934172789583 ) ) ;
#7192 = EDGE_LOOP ( 'NONE', ( #3166, #1055, #6904, #4138 ) ) ;
#7193 = ORIENTED_EDGE ( 'NONE', *, *, #4909, .T. ) ;
#7194 = CARTESIAN_POINT ( 'NONE',  ( 251.8045308859312001, 9.999999999999998224, 45.18168797347536270 ) ) ;
#7195 = PLANE ( 'NONE',  #1950 ) ;
#7196 = CARTESIAN_POINT ( 'NONE',  ( 3.505202749622876368, 0.000000000000000000, 91.13552925583975650 ) ) ;
#7197 = EDGE_CURVE ( 'NONE', #4349, #5554, #6597, .T. ) ;
#7198 = ORIENTED_EDGE ( 'NONE', *, *, #6072, .T. ) ;
#7199 = CARTESIAN_POINT ( 'NONE',  ( 195.0554920613628269, 13.00000000000000178, 28.42445146208820361 ) ) ;
#7200 = ORIENTED_EDGE ( 'NONE', *, *, #5187, .T. ) ;
#7201 = CARTESIAN_POINT ( 'NONE',  ( 168.6797052688621932, 10.00000000000000000, 34.64726606103013040 ) ) ;
#7202 = DIRECTION ( 'NONE',  ( 1.000000000000000000, 0.000000000000000000, 0.000000000000000000 ) ) ;
#7203 = CARTESIAN_POINT ( 'NONE',  ( 248.0941960756146614, 13.00000000000000178, 39.19297253269446912 ) ) ;
#7204 = ORIENTED_EDGE ( 'NONE', *, *, #4854, .F. ) ;
#7205 = CARTESIAN_POINT ( 'NONE',  ( 86.40826508139970485, 13.00000000000000178, 53.81068570307285626 ) ) ;
#7206 = EDGE_CURVE ( 'NONE', #4128, #5466, #6318, .T. ) ;
#7207 = CC_DESIGN_DATE_AND_TIME_ASSIGNMENT ( #5589, #2797, ( #451 ) ) ;
#7208 = B_SPLINE_CURVE_WITH_KNOTS ( 'NONE', 3,
 ( #6726, #4418, #2874, #3277, #2805, #6805, #6695, #3312, #3830, #3394, #624 ),
 .UNSPECIFIED., .F., .F.,
 ( 4, 1, 1, 1, 1, 1, 1, 1, 4 ),
 ( 0.000000000000000000, 0.1232898687277949740, 0.2421490813339683967, 0.3634374760537287252, 0.4897453933413709604, 0.6181148445930065849, 0.7448937812572480333, 0.8689322665891827668, 1.000000000000000000 ),
 .UNSPECIFIED. ) ;
#7209 = CARTESIAN_POINT ( 'NONE',  ( 111.6712766114259239, 12.99999999999999822, 54.05652699648053527 ) ) ;
#7210 = CARTESIAN_POINT ( 'NONE',  ( 215.8429924243927189, 13.00000000000000178, 36.76221681962920940 ) ) ;
#7211 = CARTESIAN_POINT ( 'NONE',  ( 156.6791649053888023, 13.00000000000000178, 53.45030617205738110 ) ) ;
#7212 = CARTESIAN_POINT ( 'NONE',  ( 84.08818473208503974, 10.00000000000000178, 34.06990912732151600 ) ) ;
#7213 = CARTESIAN_POINT ( 'NONE',  ( 241.8579076569205313, 9.999999999999996447, 36.85538227920291376 ) ) ;
#7214 = CARTESIAN_POINT ( 'NONE',  ( 160.3792489604406910, 10.00000000000000355, 55.95274269874146000 ) ) ;
#7215 = DIRECTION ( 'NONE',  ( 1.000000000000000000, 0.000000000000000000, 0.000000000000000000 ) ) ;
#7216 = AXIS2_PLACEMENT_3D ( 'NONE', #3652, #3545, #164 ) ;
#7217 = VECTOR ( 'NONE', #5791, 1000.000000000000000 ) ;
#7218 = EDGE_CURVE ( 'NONE', #259, #1114, #6705, .T. ) ;
#7219 = ADVANCED_FACE ( 'NONE', ( #4358, #3912 ), #1003, .T. ) ;
#7220 = CARTESIAN_POINT ( 'NONE',  ( 164.8934731936235210, 10.00000000000000000, 36.76221681962920940 ) ) ;
#7221 = CARTESIAN_POINT ( 'NONE',  ( 211.2373485264214423, 9.999999999999996447, 34.95928154362823648 ) ) ;
#7222 = VERTEX_POINT ( 'NONE', #3249 ) ;
#7223 = ORIENTED_EDGE ( 'NONE', *, *, #3000, .T. ) ;
#7224 = CARTESIAN_POINT ( 'NONE',  ( 248.9899468038215389, 9.999999999999996447, 42.38865576703136639 ) ) ;
#7225 = CARTESIAN_POINT ( 'NONE',  ( 103.1075587904535098, 13.00000000000000178, 52.96539680042842946 ) ) ;
#7226 = CARTESIAN_POINT ( 'NONE',  ( 176.4199155013158133, 10.00000000000000000, 34.45452451193689569 ) ) ;
#7227 = CARTESIAN_POINT ( 'NONE',  ( 199.9999999999999432, 10.00000000000000000, 97.93724644492834841 ) ) ;
#7228 = CARTESIAN_POINT ( 'NONE',  ( 105.2448575067208196, 13.00000000000000178, 55.14668785601595857 ) ) ;
#7229 = ORIENTED_EDGE ( 'NONE', *, *, #4692, .F. ) ;
#7230 = CARTESIAN_POINT ( 'NONE',  ( 144.8369415717084507, 13.00000000000000178, 51.91282094677441705 ) ) ;
#7231 = ORIENTED_EDGE ( 'NONE', *, *, #1303, .T. ) ;
#7232 = CARTESIAN_POINT ( 'NONE',  ( 145.1479010601338473, 12.99999999999999467, 55.09404760078134444 ) ) ;
#7234 = B_SPLINE_CURVE_WITH_KNOTS ( 'NONE', 3,
 ( #3397, #1692, #5711, #3943, #2919, #3507, #5171, #1255, #5750, #708, #2955 ),
 .UNSPECIFIED., .F., .F.,
 ( 4, 1, 1, 1, 1, 1, 1, 1, 4 ),
 ( 0.000000000000000000, 0.07699545471705707134, 0.1676150771831735886, 0.2710523936342347229, 0.3894595025720735126, 0.5208428024655772370, 0.6663987586080737380, 0.8260936125153154341, 1.000000000000000000 ),
 .UNSPECIFIED. ) ;
#7233 = CARTESIAN_POINT ( 'NONE',  ( 118.1805898199735338, 13.00000000000000178, 54.37548729267580683 ) ) ;
#7235 = CARTESIAN_POINT ( 'NONE',  ( 139.0505224713789119, 13.00000000000000178, 34.07781105072464811 ) ) ;
#7236 = EDGE_CURVE ( 'NONE', #4046, #900, #459, .T. ) ;
#7237 = AXIS2_PLACEMENT_3D ( 'NONE', #270, #7096, #778 ) ;
#7238 = ADVANCED_FACE ( 'NONE', ( #4392 ), #5680, .T. ) ;
#7239 = ORIENTED_EDGE ( 'NONE', *, *, #4082, .T. ) ;
#7240 = LINE ( 'NONE', #4454, #3008 ) ;
#7241 = VERTEX_POINT ( 'NONE', #5176 ) ;
#7242 = CARTESIAN_POINT ( 'NONE',  ( 166.6666666666666288, 20.00000000000000000, 96.43724644492834841 ) ) ;
#7244 = CARTESIAN_POINT ( 'NONE',  ( 207.1973628425489835, 13.00000000000000178, 45.19729639599286486 ) ) ;
#7243 = AXIS2_PLACEMENT_3D ( 'NONE', #5576, #6713, #780 ) ;
#7245 = CARTESIAN_POINT ( 'NONE',  ( 245.2034968022367991, 13.00000000000000178, 37.00280366795939102 ) ) ;
#7246 = CARTESIAN_POINT ( 'NONE',  ( 165.2087419016817478, 13.00000000000000178, 56.75206996115357327 ) ) ;
#7247 = VECTOR ( 'NONE', #1630, 1000.000000000000000 ) ;
#7248 = VECTOR ( 'NONE', #3825, 1000.000000000000000 ) ;
#7249 = DIRECTION ( 'NONE',  ( -1.000000000000000000, 0.000000000000000000, -0.000000000000000000 ) ) ;
#7250 = DIRECTION ( 'NONE',  ( 1.000000000000000000, 0.000000000000000000, 0.000000000000000000 ) ) ;
#7251 = DIRECTION ( 'NONE',  ( -0.000000000000000000, -1.000000000000000000, -0.000000000000000000 ) ) ;
#7252 = CARTESIAN_POINT ( 'NONE',  ( 196.8828184194186122, 10.00000000000000000, 25.24571734533508405 ) ) ;
#7253 = FACE_OUTER_BOUND ( 'NONE', #3447, .T. ) ;
#7254 = CARTESIAN_POINT ( 'NONE',  ( 54.49683857823887934, 13.00000000000000178, 38.68529374270612919 ) ) ;
#7255 = CARTESIAN_POINT ( 'NONE',  ( 160.3792489604406910, 13.00000000000000533, 55.95274269874146000 ) ) ;
#7256 = AXIS2_PLACEMENT_3D ( 'NONE', #630, #4535, #2250 ) ;
#7257 = B_SPLINE_SURFACE_WITH_KNOTS ( 'NONE', 3, 1, ( 
 ( #6114, #4915 ),
 ( #558, #4500 ),
 ( #3321, #4390 ),
 ( #7145, #7213 ),
 ( #6078, #457 ),
 ( #4356, #3946 ),
 ( #6151, #520 ),
 ( #1041, #2177 ),
 ( #1696, #3879 ),
 ( #2768, #4428 ),
 ( #3802, #5017 ),
 ( #1556, #6732 ),
 ( #5643, #6666 ),
 ( #6039, #1629 ),
 ( #2114, #1108 ),
 ( #4951, #6186 ),
 ( #3400, #596 ),
 ( #1071, #7178 ),
 ( #6629, #1001 ) ),
 .UNSPECIFIED., .F., .F., .F.,
 ( 4, 1, 1, 1, 1, 1, 1, 1, 1, 1, 1, 1, 1, 1, 1, 1, 4 ),
 ( 2, 2 ),
 ( 0.000000000000000000, 0.06398610981646714324, 0.1266268580894751306, 0.1889843719814873202, 0.2502301939603965297, 0.3123511629623201835, 0.3745736184579375183, 0.4381475308782029066, 0.5029204126073698600, 0.5679740951402706406, 0.6307713337491889227, 0.6929346089254578844, 0.7543975343123293653, 0.8152183520172945341, 0.8761169254810899920, 0.9380146047939523779, 1.000000000000000000 ),
 ( 0.000000000000000000, 1.000000000000000000 ),
 .UNSPECIFIED. ) ;
#7258 = DIRECTION ( 'NONE',  ( 0.000000000000000000, 0.000000000000000000, -1.000000000000000000 ) ) ;
#7259 = CARTESIAN_POINT ( 'NONE',  ( 219.3816698171216899, 9.999999999999996447, 34.56009112700211716 ) ) ;
#7260 = CARTESIAN_POINT ( 'NONE',  ( 156.0512849164984459, 10.00000000000000000, 45.75964438670087020 ) ) ;
#7261 = VERTEX_POINT ( 'NONE', #4654 ) ;
#7262 = CARTESIAN_POINT ( 'NONE',  ( 217.0595477546211214, 10.00000000000000000, 56.73135380989599241 ) ) ;
#7263 = LINE ( 'NONE', #3366, #4421 ) ;
#7264 = PLANE ( 'NONE',  #2434 ) ;
#7265 = DIRECTION ( 'NONE',  ( -0.000000000000000000, -1.000000000000000000, -0.000000000000000000 ) ) ;
#7266 = CARTESIAN_POINT ( 'NONE',  ( 101.4775543345495663, 13.00000000000000178, 47.08004599970540482 ) ) ;
#7267 = EDGE_LOOP ( 'NONE', ( #3450, #6859, #6709, #2571 ) ) ;
#7268 = CARTESIAN_POINT ( 'NONE',  ( 68.72760780900810573, 10.00000000000000000, 53.30067835809074950 ) ) ;
#7269 = ORIENTED_EDGE ( 'NONE', *, *, #4856, .F. ) ;
#7270 = CARTESIAN_POINT ( 'NONE',  ( 147.4002464410511948, 13.00000000000000178, 53.35950925874943351 ) ) ;
#7271 = CARTESIAN_POINT ( 'NONE',  ( 92.33952389217817824, 13.00000000000000178, 48.85447994044527320 ) ) ;
ENDSEC;
END-ISO-10303-21;
