ISO-10303-21;
HEADER;
FILE_DESCRIPTION (( 'STEP AP203' ),
    '1' );
FILE_NAME ('3_Robotics.STEP',
    '2026-09-01T21:47:23',
    ( '' ),
    ( '' ),
    'SwSTEP 2.0',
    'SolidWorks 2026',
    '' );
FILE_SCHEMA (( 'CONFIG_CONTROL_DESIGN' ));
ENDSEC;

DATA;
#1 = CARTESIAN_POINT ( 'NONE',  ( 230.4643351058429346, 13.00000000000000178, 55.60238027904905067 ) ) ;
#2 = CARTESIAN_POINT ( 'NONE',  ( 3.535533905932737309, 10.00000000000000000, 3.535533905932737309 ) ) ;
#3 = ORIENTED_EDGE ( 'NONE', *, *, #3399, .T. ) ;
#4 = CARTESIAN_POINT ( 'NONE',  ( 88.27178164196692478, 10.00000000000000355, 34.30832736025862317 ) ) ;
#5 = CYLINDRICAL_SURFACE ( 'NONE', #2094, 1.500000000000029088 ) ;
#6 = EDGE_CURVE ( 'NONE', #1451, #5922, #4060, .T. ) ;
#7 = CARTESIAN_POINT ( 'NONE',  ( 175.0571588856395238, 12.99999999999999822, 47.15416071621454819 ) ) ;
#8 = CARTESIAN_POINT ( 'NONE',  ( 264.5551231654322919, 13.00000000000000178, 56.21746572162071232 ) ) ;
#9 = ORIENTED_EDGE ( 'NONE', *, *, #6009, .F. ) ;
#10 = CARTESIAN_POINT ( 'NONE',  ( 159.8763086849996853, 13.00000000000000178, 26.25557824647759020 ) ) ;
#11 = CARTESIAN_POINT ( 'NONE',  ( 183.2416933003842985, 13.00000000000000178, 22.79403978493913030 ) ) ;
#12 = CARTESIAN_POINT ( 'NONE',  ( 175.7923152988092852, 13.00000000000000178, 33.02014799734767792 ) ) ;
#13 = DIRECTION ( 'NONE',  ( 0.000000000000000000, 0.000000000000000000, -1.000000000000000000 ) ) ;
#14 = ORIENTED_EDGE ( 'NONE', *, *, #2728, .T. ) ;
#15 = ORIENTED_EDGE ( 'NONE', *, *, #6444, .T. ) ;
#16 = EDGE_CURVE ( 'NONE', #152, #6532, #1918, .T. ) ;
#17 = CARTESIAN_POINT ( 'NONE',  ( 105.3570779157689401, 13.00000000000000178, 49.59391959263143690 ) ) ;
#18 = CARTESIAN_POINT ( 'NONE',  ( 63.25401815838782227, 10.00000000000000000, 38.90819761102306273 ) ) ;
#19 = CARTESIAN_POINT ( 'NONE',  ( 105.3694165355568657, 10.00000000000000000, 39.62758989504941809 ) ) ;
#20 = CARTESIAN_POINT ( 'NONE',  ( 123.7145403307708875, 10.00000000000000000, 55.59215621054971734 ) ) ;
#21 = DIRECTION ( 'NONE',  ( 1.100209941246806828E-13, 1.000000000000000000, 2.132209394208146256E-14 ) ) ;
#22 = VECTOR ( 'NONE', #4285, 1000.000000000000000 ) ;
#23 = CARTESIAN_POINT ( 'NONE',  ( 108.2787514734246059, 13.00000000000000178, 47.54228742990625989 ) ) ;
#24 = CARTESIAN_POINT ( 'NONE',  ( 225.8409190461949265, 13.00000000000000178, 25.06393394748854320 ) ) ;
#25 = CARTESIAN_POINT ( 'NONE',  ( 209.2032317619227513, 13.00000000000000178, 22.79403978493913030 ) ) ;
#26 = CARTESIAN_POINT ( 'NONE',  ( 235.9670538773073645, 10.00000000000000000, 26.25557824647759020 ) ) ;
#27 = CARTESIAN_POINT ( 'NONE',  ( 79.83918401535144937, 9.999999999999998224, 22.53135216543616437 ) ) ;
#28 = PLANE ( 'NONE',  #4602 ) ;
#29 = CARTESIAN_POINT ( 'NONE',  ( 271.8348071414482661, 13.00000000000000178, 24.04894639473061702 ) ) ;
#30 = CARTESIAN_POINT ( 'NONE',  ( 146.9161986152586223, 10.00000000000000178, 39.92891818358810241 ) ) ;
#31 = CARTESIAN_POINT ( 'NONE',  ( 147.4161025605496604, 10.00000000000000178, 35.50224961940690349 ) ) ;
#32 = ORIENTED_EDGE ( 'NONE', *, *, #1463, .T. ) ;
#33 = LINE ( 'NONE', #2290, #3456 ) ;
#34 = CARTESIAN_POINT ( 'NONE',  ( 130.1057442839220073, 9.999999999999998224, 32.77204436954694700 ) ) ;
#35 = CARTESIAN_POINT ( 'NONE',  ( 230.4388068834161345, 12.99999999999999822, 51.30008438909489854 ) ) ;
#36 = ADVANCED_FACE ( 'NONE', ( #6048 ), #3101, .T. ) ;
#37 = ORIENTED_EDGE ( 'NONE', *, *, #1184, .T. ) ;
#38 = CARTESIAN_POINT ( 'NONE',  ( 88.27178164196692478, 13.00000000000000178, 34.30832736025862317 ) ) ;
#39 = CARTESIAN_POINT ( 'NONE',  ( 149.5455390901228725, 13.00000000000000178, 47.32828161099949682 ) ) ;
#40 = CARTESIAN_POINT ( 'NONE',  ( 174.2357071887793154, 13.00000000000000533, 48.56085492135775183 ) ) ;
#41 = CARTESIAN_POINT ( 'NONE',  ( 118.6443375311535391, 13.00000000000000178, 56.25557824647759020 ) ) ;
#42 = ORIENTED_EDGE ( 'NONE', *, *, #333, .F. ) ;
#43 = LINE ( 'NONE', #530, #6008 ) ;
#44 = EDGE_CURVE ( 'NONE', #7125, #5541, #1802, .T. ) ;
#45 = CARTESIAN_POINT ( 'NONE',  ( 66.66666666666668561, 10.00000000000000000, 97.93724644492834841 ) ) ;
#46 = ORIENTED_EDGE ( 'NONE', *, *, #1048, .F. ) ;
#47 = CARTESIAN_POINT ( 'NONE',  ( 259.5139942443636301, 13.00000000000000178, 35.53529602568909951 ) ) ;
#48 = ORIENTED_EDGE ( 'NONE', *, *, #6900, .F. ) ;
#49 = CARTESIAN_POINT ( 'NONE',  ( 243.9742009659532869, 13.00000000000000178, 54.74485690923872738 ) ) ;
#50 = CARTESIAN_POINT ( 'NONE',  ( 264.5903636429478638, 13.00000000000000178, 34.84129614355612858 ) ) ;
#51 = CARTESIAN_POINT ( 'NONE',  ( 42.34226989330288404, 13.00000000000000178, 15.88592311631937370 ) ) ;
#52 = CARTESIAN_POINT ( 'NONE',  ( 129.5898344202340127, 9.999999999999996447, 52.46556451436724444 ) ) ;
#53 = FACE_BOUND ( 'NONE', #7133, .T. ) ;
#54 = EDGE_CURVE ( 'NONE', #6132, #4391, #3666, .T. ) ;
#55 = CARTESIAN_POINT ( 'NONE',  ( 112.2877374402553983, 12.99999999999999822, 50.77865078533805843 ) ) ;
#56 = CARTESIAN_POINT ( 'NONE',  ( 218.7807998514012979, 10.00000000000000355, 33.88274518408433522 ) ) ;
#57 = CARTESIAN_POINT ( 'NONE',  ( 189.0109240696151005, 13.00000000000000178, 55.67865516955451000 ) ) ;
#58 = CARTESIAN_POINT ( 'NONE',  ( 232.2130822557030285, 9.999999999999998224, 55.97469248834503475 ) ) ;
#59 = LINE ( 'NONE', #4744, #3328 ) ;
#60 = CARTESIAN_POINT ( 'NONE',  ( 266.2683420793418918, 13.00000000000000178, 26.26939804190523375 ) ) ;
#61 = CARTESIAN_POINT ( 'NONE',  ( 83.14772966234936291, 10.00000000000000533, 23.53445264849423069 ) ) ;
#62 = DIRECTION ( 'NONE',  ( -0.000000000000000000, -1.000000000000000000, -0.000000000000000000 ) ) ;
#63 = DIRECTION ( 'NONE',  ( 0.000000000000000000, 0.000000000000000000, 1.000000000000000000 ) ) ;
#64 = CARTESIAN_POINT ( 'NONE',  ( 42.97222426940838602, 9.999999999999998224, 29.47179414296125444 ) ) ;
#65 = CARTESIAN_POINT ( 'NONE',  ( 265.0822886976798145, 13.00000000000000178, 40.21227636134346284 ) ) ;
#66 = B_SPLINE_CURVE_WITH_KNOTS ( 'NONE', 3,
 ( #1367, #4341, #6007, #3737, #3622, #3172, #3662, #5896, #4861, #843, #3096, #334, #6587, #2591, #4302, #5339, #7038, #1511, #3774 ),
 .UNSPECIFIED., .F., .F.,
 ( 4, 1, 1, 1, 1, 1, 1, 1, 1, 1, 1, 1, 1, 1, 1, 1, 4 ),
 ( 0.000000000000000000, 0.06464861735468220572, 0.1278213343090064957, 0.1894192519051234591, 0.2503721856209438212, 0.3111374751755918155, 0.3728252975636848765, 0.4354631820975402023, 0.5001282495925020166, 0.5647725372671502653, 0.6273442527991455187, 0.6889194464052625921, 0.7498291996276857940, 0.8105779045174705821, 0.8721758221135882394, 0.9350171406703067234, 0.9999999999999998890 ),
 .UNSPECIFIED. ) ;
#67 = CARTESIAN_POINT ( 'NONE',  ( 47.66477022346124670, 13.00000000000000178, 22.70389555416990035 ) ) ;
#68 = CARTESIAN_POINT ( 'NONE',  ( 126.6760274364471854, 13.00000000000000178, 28.88844264653696570 ) ) ;
#69 = CARTESIAN_POINT ( 'NONE',  ( 114.7497507927851501, 10.00000000000000178, 55.89963635860861046 ) ) ;
#70 = AXIS2_PLACEMENT_3D ( 'NONE', #3868, #1642, #1602 ) ;
#71 = CARTESIAN_POINT ( 'NONE',  ( 235.9940971465381665, 10.00000000000000178, 52.21711670801605010 ) ) ;
#72 = ORIENTED_EDGE ( 'NONE', *, *, #1868, .T. ) ;
#73 = CARTESIAN_POINT ( 'NONE',  ( 60.30583119668577297, 9.999999999999996447, 33.03760189942122594 ) ) ;
#74 = VERTEX_POINT ( 'NONE', #2559 ) ;
#75 = CARTESIAN_POINT ( 'NONE',  ( 76.22246253115355330, 13.00000000000000178, 26.25557824647759020 ) ) ;
#76 = CARTESIAN_POINT ( 'NONE',  ( 175.7303345761708329, 13.00000000000000178, 45.68995293521116707 ) ) ;
#77 = CARTESIAN_POINT ( 'NONE',  ( 258.3583524375931688, 13.00000000000000178, 53.68164506219692811 ) ) ;
#78 = VECTOR ( 'NONE', #804, 1000.000000000000000 ) ;
#79 = PRODUCT ( '3_Robotics', '3_Robotics', '', ( #3517 ) ) ;
#80 = ORIENTED_EDGE ( 'NONE', *, *, #1585, .T. ) ;
#81 = AXIS2_PLACEMENT_3D ( 'NONE', #4380, #962, #6663 ) ;
#82 = CARTESIAN_POINT ( 'NONE',  ( 147.3642894542304589, 10.00000000000000000, 27.66182824647758665 ) ) ;
#83 = FACE_OUTER_BOUND ( 'NONE', #1748, .T. ) ;
#84 = AXIS2_PLACEMENT_3D ( 'NONE', #2784, #568, #5019 ) ;
#85 = CARTESIAN_POINT ( 'NONE',  ( 76.80394441743798950, 12.99999999999999822, 52.20027024743833266 ) ) ;
#86 = ORIENTED_EDGE ( 'NONE', *, *, #4509, .F. ) ;
#87 = ORIENTED_EDGE ( 'NONE', *, *, #6526, .F. ) ;
#88 = CARTESIAN_POINT ( 'NONE',  ( 264.5551231654322919, 10.00000000000000000, 56.21746572162071232 ) ) ;
#89 = EDGE_CURVE ( 'NONE', #2952, #6127, #6712, .T. ) ;
#90 = CARTESIAN_POINT ( 'NONE',  ( 71.26041123850679071, 13.00000000000000178, 27.19291975153882035 ) ) ;
#91 = CARTESIAN_POINT ( 'NONE',  ( 39.17454982985436374, 10.00000000000000000, 15.39402634376950196 ) ) ;
#92 = CARTESIAN_POINT ( 'NONE',  ( 126.7852265911883762, 13.00000000000000178, 54.34428860929323690 ) ) ;
#93 = CARTESIAN_POINT ( 'NONE',  ( 296.4644660940673475, 0.000000000000000000, 5.185533905932724785 ) ) ;
#94 = CARTESIAN_POINT ( 'NONE',  ( 236.2645298388458457, 13.00000000000000178, 22.21711670801605365 ) ) ;
#95 = CARTESIAN_POINT ( 'NONE',  ( 224.8676866677028272, 10.00000000000000000, 25.70860383139527627 ) ) ;
#96 = CARTESIAN_POINT ( 'NONE',  ( 227.2117146345161416, 10.00000000000000178, 54.38007087542255391 ) ) ;
#97 = EDGE_CURVE ( 'NONE', #3835, #873, #6158, .T. ) ;
#98 = CARTESIAN_POINT ( 'NONE',  ( 271.9956285846947139, 9.999999999999998224, 29.44309054085457333 ) ) ;
#99 = CARTESIAN_POINT ( 'NONE',  ( 264.9055748815880520, 13.00000000000000178, 26.56805183348176413 ) ) ;
#100 = CARTESIAN_POINT ( 'NONE',  ( 221.8955394542304589, 10.00000000000000178, 39.14620324647759020 ) ) ;
#101 = CYLINDRICAL_SURFACE ( 'NONE', #441, 1.650000000000000355 ) ;
#102 = CARTESIAN_POINT ( 'NONE',  ( 147.8484798251115251, 10.00000000000000000, 44.36742735852764952 ) ) ;
#103 = CARTESIAN_POINT ( 'NONE',  ( 156.0899253883289930, 10.00000000000000000, 26.77372474248329937 ) ) ;
#104 = CARTESIAN_POINT ( 'NONE',  ( 36.09633143817075762, 13.00000000000000178, 30.35731093203106212 ) ) ;
#105 = EDGE_CURVE ( 'NONE', #1681, #2685, #518, .T. ) ;
#106 = FACE_OUTER_BOUND ( 'NONE', #3087, .T. ) ;
#107 = CARTESIAN_POINT ( 'NONE',  ( 228.7833501820015840, 13.00000000000000178, 50.55100966265519702 ) ) ;
#108 = CARTESIAN_POINT ( 'NONE',  ( 134.7074669418493045, 10.00000000000000178, 32.70610066273417971 ) ) ;
#109 = ORIENTED_EDGE ( 'NONE', *, *, #2600, .F. ) ;
#110 = B_SPLINE_SURFACE_WITH_KNOTS ( 'NONE', 3, 1, ( 
 ( #5675, #658 ),
 ( #591, #4679 ),
 ( #1223, #6781 ),
 ( #1739, #69 ),
 ( #3926, #1189 ),
 ( #4529, #2950 ),
 ( #6889, #1665 ),
 ( #6856, #6816 ),
 ( #5225, #3963 ),
 ( #1115, #5639 ),
 ( #4034, #2844 ) ),
 .UNSPECIFIED., .F., .F., .F.,
 ( 4, 1, 1, 1, 1, 1, 1, 1, 4 ),
 ( 2, 2 ),
 ( 0.000000000000000000, 0.1294759494946663425, 0.2538797616588631678, 0.3748625495355497050, 0.4942828559514265696, 0.6142927138995238900, 0.7369702805339392038, 0.8650762150057418332, 1.000000000000000000 ),
 ( 0.000000000000000000, 1.000000000000000000 ),
 .UNSPECIFIED. ) ;
#111 = CARTESIAN_POINT ( 'NONE',  ( 128.2152227262392330, 13.00000000000000178, 53.47363992318599912 ) ) ;
#112 = ORIENTED_EDGE ( 'NONE', *, *, #5602, .T. ) ;
#113 = CALENDAR_DATE ( 2026, 1, 9 ) ;
#114 = ORIENTED_EDGE ( 'NONE', *, *, #7214, .F. ) ;
#115 = CARTESIAN_POINT ( 'NONE',  ( 166.7034654335570849, 10.00000000000000000, 55.01393715378532789 ) ) ;
#116 = CARTESIAN_POINT ( 'NONE',  ( 257.3617764916692749, 12.99999999999999822, 52.80748795271852458 ) ) ;
#117 = ORIENTED_EDGE ( 'NONE', *, *, #2221, .F. ) ;
#118 = CARTESIAN_POINT ( 'NONE',  ( 268.8145104055299726, 10.00000000000000000, 55.88625399897613732 ) ) ;
#119 = DIRECTION ( 'NONE',  ( 0.000000000000000000, 1.000000000000000000, 0.000000000000000000 ) ) ;
#120 = CARTESIAN_POINT ( 'NONE',  ( 86.54380186426011790, 13.00000000000000533, 47.32492151431059568 ) ) ;
#121 = ORIENTED_EDGE ( 'NONE', *, *, #7137, .F. ) ;
#122 = ORIENTED_EDGE ( 'NONE', *, *, #2758, .F. ) ;
#123 = LINE ( 'NONE', #2929, #4306 ) ;
#124 = APPROVAL_PERSON_ORGANIZATION ( #7048, #5620, #1264 ) ;
#125 = CARTESIAN_POINT ( 'NONE',  ( 71.26041123850679071, 10.00000000000000000, 27.19291975153882035 ) ) ;
#126 = DIRECTION ( 'NONE',  ( 0.000000000000000000, 1.000000000000000000, 0.000000000000000000 ) ) ;
#127 = CARTESIAN_POINT ( 'NONE',  ( 239.5449888779872367, 10.00000000000000178, 26.58260048135763043 ) ) ;
#128 = CARTESIAN_POINT ( 'NONE',  ( 158.0615550430262601, 13.00000000000000178, 22.25700891777281498 ) ) ;
#129 = CARTESIAN_POINT ( 'NONE',  ( 106.2902252998268295, 13.00000000000000533, 44.29295573976197176 ) ) ;
#130 = ADVANCED_FACE ( 'NONE', ( #1112 ), #449, .T. ) ;
#131 = CARTESIAN_POINT ( 'NONE',  ( 32.43940964653816650, 10.00000000000000000, 10.67865516955451177 ) ) ;
#132 = CARTESIAN_POINT ( 'NONE',  ( 135.9340009926920061, 10.00000000000000178, 39.29944843878528360 ) ) ;
#133 = CARTESIAN_POINT ( 'NONE',  ( 52.28015483884585279, 10.00000000000000000, 55.67865516955451710 ) ) ;
#134 = CARTESIAN_POINT ( 'NONE',  ( 266.7852382077121547, 9.999999999999998224, 26.26640227114605253 ) ) ;
#135 = CARTESIAN_POINT ( 'NONE',  ( 172.8364732697704653, 10.00000000000000000, 39.92894361021894412 ) ) ;
#136 = AXIS2_PLACEMENT_3D ( 'NONE', #1985, #6438, #3655 ) ;
#137 = LINE ( 'NONE', #1766, #7079 ) ;
#138 = CARTESIAN_POINT ( 'NONE',  ( 265.9129673388458173, 13.00000000000000178, 56.25557824647759020 ) ) ;
#139 = CARTESIAN_POINT ( 'NONE',  ( 265.6807603940166018, 9.999999999999996447, 22.23388263199883497 ) ) ;
#140 = CARTESIAN_POINT ( 'NONE',  ( 270.5741465119877489, 10.00000000000000000, 49.85736169130058926 ) ) ;
#141 = EDGE_CURVE ( 'NONE', #3748, #2180, #4862, .T. ) ;
#142 = LINE ( 'NONE', #1733, #1334 ) ;
#143 = CARTESIAN_POINT ( 'NONE',  ( 269.8296901554047054, 13.00000000000000178, 50.66679048186778545 ) ) ;
#144 = CARTESIAN_POINT ( 'NONE',  ( 129.1302987590250666, 12.99999999999999822, 31.31908693517946318 ) ) ;
#145 = DIRECTION ( 'NONE',  ( -0.000000000000000000, -1.000000000000000000, -0.000000000000000000 ) ) ;
#146 = AXIS2_PLACEMENT_3D ( 'NONE', #5144, #729, #619 ) ;
#147 = LINE ( 'NONE', #1297, #1387 ) ;
#148 = EDGE_CURVE ( 'NONE', #1456, #6796, #6181, .T. ) ;
#149 = ORIENTED_EDGE ( 'NONE', *, *, #5505, .F. ) ;
#150 = ADVANCED_FACE ( 'NONE', ( #517 ), #7308, .T. ) ;
#151 = CARTESIAN_POINT ( 'NONE',  ( 59.20323176192278680, 13.00000000000000178, 39.32649170801605010 ) ) ;
#152 = VERTEX_POINT ( 'NONE', #2248 ) ;
#154 = VECTOR ( 'NONE', #3347, 1000.000000000000000 ) ;
#153 = CARTESIAN_POINT ( 'NONE',  ( 160.5050774056340970, 13.00000000000000178, 56.23992967380382879 ) ) ;
#155 = CARTESIAN_POINT ( 'NONE',  ( 157.3105845103161187, 13.00000000000000178, 26.47868540446017604 ) ) ;
#156 = VERTEX_POINT ( 'NONE', #3958 ) ;
#157 = CARTESIAN_POINT ( 'NONE',  ( 267.8835081147031474, 12.99999999999999822, 56.10048654366762833 ) ) ;
#158 = LINE ( 'NONE', #2416, #3036 ) ;
#159 = CARTESIAN_POINT ( 'NONE',  ( 221.9184155540920358, 13.00000000000000178, 39.72180738830673619 ) ) ;
#160 = EDGE_LOOP ( 'NONE', ( #1445, #4921, #4802, #4692 ) ) ;
#161 = CARTESIAN_POINT ( 'NONE',  ( 259.9352620472884041, 12.99999999999999822, 49.56241801832604921 ) ) ;
#162 = ORIENTED_EDGE ( 'NONE', *, *, #911, .F. ) ;
#163 = CARTESIAN_POINT ( 'NONE',  ( 245.9490562539961047, 12.99999999999999822, 53.75332441820584251 ) ) ;
#164 = CARTESIAN_POINT ( 'NONE',  ( 63.46431754618246401, 13.00000000000000178, 36.74271487803988379 ) ) ;
#165 = CARTESIAN_POINT ( 'NONE',  ( 147.2906562266237813, 13.00000000000000178, 42.75280354557251883 ) ) ;
#166 = PLANE ( 'NONE',  #5760 ) ;
#167 = B_SPLINE_CURVE_WITH_KNOTS ( 'NONE', 3,
 ( #7024, #4212, #6465, #4699, #4058, #5207, #1791, #5807, #128, #2388, #4663 ),
 .UNSPECIFIED., .F., .F.,
 ( 4, 1, 1, 1, 1, 1, 1, 1, 4 ),
 ( 0.000000000000000000, 0.1284975211375124771, 0.2527129855154524041, 0.3748191325670450214, 0.4964364263727303883, 0.6179105567458506032, 0.7412876173092904919, 0.8687004007446070819, 1.000000000000000000 ),
 .UNSPECIFIED. ) ;
#168 = CARTESIAN_POINT ( 'NONE',  ( 89.80682320296098453, 13.00000000000000178, 28.86930890873650313 ) ) ;
#169 = DIRECTION ( 'NONE',  ( 1.000000000000000000, -0.000000000000000000, -0.000000000000000000 ) ) ;
#170 = CARTESIAN_POINT ( 'NONE',  ( 245.9490562539961047, 12.99999999999999822, 53.75332441820584251 ) ) ;
#171 = CARTESIAN_POINT ( 'NONE',  ( 135.8878398827912122, 9.999999999999998224, 37.56736796952410629 ) ) ;
#172 = ORIENTED_EDGE ( 'NONE', *, *, #4493, .F. ) ;
#173 = CARTESIAN_POINT ( 'NONE',  ( 105.7871960476222313, 13.00000000000000178, 50.14172697441270543 ) ) ;
#174 = DIRECTION ( 'NONE',  ( 0.000000000000000000, 0.000000000000000000, 1.000000000000000000 ) ) ;
#175 = CARTESIAN_POINT ( 'NONE',  ( 160.4577905712841357, 13.00000000000000178, 52.20027024743833977 ) ) ;
#176 = B_SPLINE_SURFACE_WITH_KNOTS ( 'NONE', 3, 1, ( 
 ( #5113, #6268 ),
 ( #5076, #5147 ),
 ( #3368, #557 ),
 ( #2327, #1773 ),
 ( #1, #6302 ),
 ( #3471, #2915 ),
 ( #2366, #4641 ),
 ( #1805, #4074 ),
 ( #5935, #6966 ),
 ( #3588, #845 ),
 ( #1333, #2592 ),
 ( #258, #2478 ),
 ( #1917, #7041 ),
 ( #2986, #771 ),
 ( #1993, #5303 ),
 ( #7003, #4192 ),
 ( #4829, #6412 ),
 ( #5415, #3664 ),
 ( #1845, #4268 ) ),
 .UNSPECIFIED., .F., .F., .F.,
 ( 4, 1, 1, 1, 1, 1, 1, 1, 1, 1, 1, 1, 1, 1, 1, 1, 4 ),
 ( 2, 2 ),
 ( 0.000000000000000000, 0.06955854372741354652, 0.1363352505575722295, 0.2010957661175477584, 0.2644499547795246541, 0.3270049911572457391, 0.3893913874403779340, 0.4519764903030329961, 0.5156699828847830513, 0.5789732464632431075, 0.6401670288004244203, 0.6997398434247558141, 0.7586849854260633297, 0.8178204012911092224, 0.8769839874813283309, 0.9376342848620924375, 0.9999999999999998890 ),
 ( 0.000000000000000000, 1.000000000000000000 ),
 .UNSPECIFIED. ) ;
#177 = PLANE ( 'NONE',  #1026 ) ;
#178 = CARTESIAN_POINT ( 'NONE',  ( 172.7955769004243223, 10.00000000000000000, 41.07102214826944930 ) ) ;
#179 = CARTESIAN_POINT ( 'NONE',  ( 274.9724625311535533, 13.00000000000000178, 26.89560228493913030 ) ) ;
#180 = CARTESIAN_POINT ( 'NONE',  ( 217.8570779157689401, 13.00000000000000178, 39.50678016955452421 ) ) ;
#181 = CARTESIAN_POINT ( 'NONE',  ( 259.7471019542304589, 13.00000000000000178, 35.91002536186220340 ) ) ;
#182 = CARTESIAN_POINT ( 'NONE',  ( 270.5741465119877489, 13.00000000000000178, 49.85736169130058926 ) ) ;
#183 = EDGE_CURVE ( 'NONE', #1705, #3488, #351, .T. ) ;
#184 = CARTESIAN_POINT ( 'NONE',  ( 207.9072970221909884, 10.00000000000000178, 15.83657083459854853 ) ) ;
#185 = CARTESIAN_POINT ( 'NONE',  ( 270.4021500311535533, 13.00000000000000178, 43.78863113109296989 ) ) ;
#186 = CARTESIAN_POINT ( 'NONE',  ( 244.1142419152643583, 13.00000000000000533, 49.98895949049025234 ) ) ;
#187 = ORIENTED_EDGE ( 'NONE', *, *, #4378, .T. ) ;
#188 = CARTESIAN_POINT ( 'NONE',  ( 132.0615520100021456, 13.00000000000000178, 50.05025982322614198 ) ) ;
#189 = VERTEX_POINT ( 'NONE', #2288 ) ;
#190 = CARTESIAN_POINT ( 'NONE',  ( 296.4644660940673475, 10.00000000000000000, 1.885533905932749610 ) ) ;
#191 = CARTESIAN_POINT ( 'NONE',  ( 146.9078643122339543, 13.00000000000000178, 38.90819761102306273 ) ) ;
#192 = VERTEX_POINT ( 'NONE', #4562 ) ;
#193 = EDGE_CURVE ( 'NONE', #4911, #2603, #142, .T. ) ;
#194 = CARTESIAN_POINT ( 'NONE',  ( 221.9070560226478790, 9.999999999999996447, 38.70672605090651786 ) ) ;
#195 = VECTOR ( 'NONE', #2300, 1000.000000000000000 ) ;
#196 = DIRECTION ( 'NONE',  ( 0.000000000000000000, -0.000000000000000000, 1.000000000000000000 ) ) ;
#197 = DIRECTION ( 'NONE',  ( 1.000000000000000000, 0.000000000000000000, -0.000000000000000000 ) ) ;
#198 = VECTOR ( 'NONE', #6920, 1000.000000000000000 ) ;
#199 = VERTEX_POINT ( 'NONE', #5704 ) ;
#200 = AXIS2_PLACEMENT_3D ( 'NONE', #6474, #5926, #4818 ) ;
#201 = CARTESIAN_POINT ( 'NONE',  ( 258.2559080887428422, 13.00000000000000178, 31.30858997844741864 ) ) ;
#202 = ORIENTED_EDGE ( 'NONE', *, *, #105, .T. ) ;
#203 = CARTESIAN_POINT ( 'NONE',  ( 296.5030604351463808, 0.000000000000000000, 91.13552925583975650 ) ) ;
#204 = CARTESIAN_POINT ( 'NONE',  ( 268.0944577234612325, 13.00000000000000178, 37.05485709263143690 ) ) ;
#205 = ADVANCED_FACE ( 'NONE', ( #6812 ), #6265, .T. ) ;
#206 = CARTESIAN_POINT ( 'NONE',  ( 262.2801548388458173, 10.00000000000000000, 30.68165997724681660 ) ) ;
#207 = DIRECTION ( 'NONE',  ( -0.000000000000000000, -1.000000000000000000, -0.000000000000000000 ) ) ;
#208 = CARTESIAN_POINT ( 'NONE',  ( 89.09424974275785303, 9.999999999999998224, 28.04896479453953617 ) ) ;
#209 = CARTESIAN_POINT ( 'NONE',  ( 105.3694165355568657, 10.00000000000000000, 39.62758989504941809 ) ) ;
#210 = CARTESIAN_POINT ( 'NONE',  ( 122.0539585869366590, 10.00000000000000000, 26.65908286571546171 ) ) ;
#211 = EDGE_LOOP ( 'NONE', ( #988, #4525, #2077, #4619 ) ) ;
#212 = CARTESIAN_POINT ( 'NONE',  ( 63.26235246141245483, 13.00000000000000178, 39.92891818358809530 ) ) ;
#213 = AXIS2_PLACEMENT_3D ( 'NONE', #936, #4354, #1452 ) ;
#214 = CARTESIAN_POINT ( 'NONE',  ( 272.2320779157689117, 9.999999999999998224, 29.71711670801605010 ) ) ;
#215 = CARTESIAN_POINT ( 'NONE',  ( 87.49350242807891220, 10.00000000000000178, 26.34854481581942665 ) ) ;
#216 = CARTESIAN_POINT ( 'NONE',  ( 237.8772139664640122, 12.99999999999999822, 22.25261611704796039 ) ) ;
#217 = CARTESIAN_POINT ( 'NONE',  ( 38.47193293297090122, 13.00000000000000533, 34.82033454937707972 ) ) ;
#218 = DIRECTION ( 'NONE',  ( -0.000000000000000000, -1.000000000000000000, -0.000000000000000000 ) ) ;
#219 = CARTESIAN_POINT ( 'NONE',  ( 146.8955394542304589, 9.999999999999996447, 39.35353497724682370 ) ) ;
#220 = CARTESIAN_POINT ( 'NONE',  ( 59.47662759776143560, 13.00000000000000178, 42.60355060907559732 ) ) ;
#221 = CARTESIAN_POINT ( 'NONE',  ( 59.80785609941276704, 13.00000000000000178, 34.52807230492580004 ) ) ;
#222 = CARTESIAN_POINT ( 'NONE',  ( 270.2990049599442273, 10.00000000000000000, 43.67246218914173284 ) ) ;
#223 = CARTESIAN_POINT ( 'NONE',  ( 266.5529913773073645, 13.00000000000000178, 22.21711670801605010 ) ) ;
#224 = EDGE_LOOP ( 'NONE', ( #4764, #3451, #1410, #3311 ) ) ;
#225 = CARTESIAN_POINT ( 'NONE',  ( 59.45610323032670408, 10.00000000000000000, 36.07989587861327863 ) ) ;
#226 = EDGE_CURVE ( 'NONE', #6558, #1451, #1186, .T. ) ;
#227 = EDGE_LOOP ( 'NONE', ( #5875, #2990 ) ) ;
#228 = CARTESIAN_POINT ( 'NONE',  ( 69.05486384797013955, 13.00000000000000178, 28.39901308298623661 ) ) ;
#229 = APPROVAL_DATE_TIME ( #3066, #6741 ) ;
#230 = VERTEX_POINT ( 'NONE', #1801 ) ;
#231 = CARTESIAN_POINT ( 'NONE',  ( 158.5785505994192022, 12.99999999999999822, 26.29246377247113742 ) ) ;
#232 = ORIENTED_EDGE ( 'NONE', *, *, #4541, .F. ) ;
#233 = CARTESIAN_POINT ( 'NONE',  ( 271.3438869411630208, 12.99999999999999822, 54.71743762255405130 ) ) ;
#234 = CARTESIAN_POINT ( 'NONE',  ( 35.74770291576894010, 10.00000000000000000, 34.90942440032374350 ) ) ;
#235 = ADVANCED_FACE ( 'NONE', ( #1770 ), #4112, .T. ) ;
#236 = DIRECTION ( 'NONE',  ( -0.000000000000000000, -1.000000000000000000, -0.000000000000000000 ) ) ;
#237 = ORIENTED_EDGE ( 'NONE', *, *, #2948, .T. ) ;
#238 = ORIENTED_EDGE ( 'NONE', *, *, #6988, .T. ) ;
#239 = CARTESIAN_POINT ( 'NONE',  ( 269.3887319911849545, 10.00000000000000178, 27.11446266558672846 ) ) ;
#240 = B_SPLINE_SURFACE_WITH_KNOTS ( 'NONE', 3, 1, ( 
 ( #4261, #6959 ),
 ( #3091, #5928 ),
 ( #216, #4746 ),
 ( #3053, #4220 ),
 ( #1400, #3129 ),
 ( #5369, #6405 ),
 ( #3657, #6995 ),
 ( #1910, #1834 ),
 ( #6475, #7073 ),
 ( #2471, #4149 ),
 ( #838, #5890 ),
 ( #4184, #291 ),
 ( #1361, #5293 ),
 ( #1875, #5334 ),
 ( #2549, #3581 ) ),
 .UNSPECIFIED., .F., .F., .F.,
 ( 4, 1, 1, 1, 1, 1, 1, 1, 1, 1, 1, 1, 4 ),
 ( 2, 2 ),
 ( 0.000000000000000000, 0.09126880443432745793, 0.1820814045527847369, 0.2719096545272049470, 0.3620494585053553038, 0.4500663484251181123, 0.5339764739707174579, 0.6136024537413251601, 0.6901976142648826862, 0.7654128769004133748, 0.8414365506928791483, 0.9197327486057736978, 1.000000000000000000 ),
 ( 0.000000000000000000, 1.000000000000000000 ),
 .UNSPECIFIED. ) ;
#241 = CARTESIAN_POINT ( 'NONE',  ( 268.0944577234612325, 9.999999999999998224, 37.05485709263143690 ) ) ;
#242 = CARTESIAN_POINT ( 'NONE',  ( 264.1604954170717292, 13.00000000000000178, 26.98473561368089335 ) ) ;
#243 = CARTESIAN_POINT ( 'NONE',  ( 35.90996253115355330, 13.00000000000000178, 15.29403978493913030 ) ) ;
#244 = CARTESIAN_POINT ( 'NONE',  ( 222.4270084482809580, 13.00000000000000533, 35.33738058389580772 ) ) ;
#245 = CARTESIAN_POINT ( 'NONE',  ( 118.1508276059868479, 10.00000000000000000, 52.20888579742073432 ) ) ;
#246 = ADVANCED_FACE ( 'NONE', ( #2872 ), #3544, .T. ) ;
#247 = CARTESIAN_POINT ( 'NONE',  ( 85.44131972110812967, 12.99999999999999822, 48.60309960312777378 ) ) ;
#248 = B_SPLINE_CURVE_WITH_KNOTS ( 'NONE', 3,
 ( #5102, #4026, #1145, #27, #5141, #61, #652, #4486, #215, #3541, #6994 ),
 .UNSPECIFIED., .F., .F.,
 ( 4, 1, 1, 1, 1, 1, 1, 1, 4 ),
 ( 0.000000000000000000, 0.1317514273024040505, 0.2583323505141578158, 0.3821339760925441809, 0.5038043916000845002, 0.6246929865409320826, 0.7468705897275771388, 0.8715135042348155503, 1.000000000000000000 ),
 .UNSPECIFIED. ) ;
#249 = EDGE_LOOP ( 'NONE', ( #87, #638, #5995, #4539 ) ) ;
#250 = CARTESIAN_POINT ( 'NONE',  ( 92.96829744590573341, 10.00000000000000000, 42.60355058100879688 ) ) ;
#251 = CARTESIAN_POINT ( 'NONE',  ( 248.5562345082606157, 10.00000000000000178, 51.87303906396052611 ) ) ;
#252 = CARTESIAN_POINT ( 'NONE',  ( 173.2602149682571735, 12.99999999999999822, 49.91281092058346047 ) ) ;
#253 = CARTESIAN_POINT ( 'NONE',  ( 272.8012650711526135, 13.00000000000000178, 53.50745574887021405 ) ) ;
#254 = CARTESIAN_POINT ( 'NONE',  ( 274.9724625311535533, 10.00000000000000000, 26.89560228493913030 ) ) ;
#255 = CARTESIAN_POINT ( 'NONE',  ( 219.1212241707876842, 12.99999999999999822, 45.97905164707838566 ) ) ;
#256 = CARTESIAN_POINT ( 'NONE',  ( 264.5903636429478638, 13.00000000000000178, 34.84129614355612858 ) ) ;
#257 = CARTESIAN_POINT ( 'NONE',  ( 38.69967438424742312, 9.999999999999994671, 10.82012270343996185 ) ) ;
#258 = CARTESIAN_POINT ( 'NONE',  ( 220.7403603467950859, 12.99999999999999822, 48.82627331130746029 ) ) ;
#259 = CARTESIAN_POINT ( 'NONE',  ( 108.1885279258014094, 9.999999999999998224, 25.87996802900597970 ) ) ;
#260 = DIRECTION ( 'NONE',  ( 0.000000000000000000, 1.000000000000000000, 0.000000000000000000 ) ) ;
#261 = CIRCLE ( 'NONE', #4412, 1.500000000000029088 ) ;
#262 = CARTESIAN_POINT ( 'NONE',  ( 148.6019753026347416, 10.00000000000000000, 26.36592293333921688 ) ) ;
#263 = ORIENTED_EDGE ( 'NONE', *, *, #5460, .T. ) ;
#264 = CARTESIAN_POINT ( 'NONE',  ( 161.1679350304296463, 13.00000000000000178, 26.29325073383914457 ) ) ;
#265 = PERSON_AND_ORGANIZATION_ROLE ( 'creator' ) ;
#266 = CARTESIAN_POINT ( 'NONE',  ( 151.6745786315708244, 9.999999999999996447, 29.17857966628769262 ) ) ;
#267 = ORIENTED_EDGE ( 'NONE', *, *, #5628, .F. ) ;
#268 = VECTOR ( 'NONE', #236, 1000.000000000000000 ) ;
#269 = ADVANCED_FACE ( 'NONE', ( #6409 ), #1329, .T. ) ;
#270 = CARTESIAN_POINT ( 'NONE',  ( 263.3979433003842701, 10.00000000000000000, 33.66543401570835670 ) ) ;
#271 = VERTEX_POINT ( 'NONE', #5409 ) ;
#272 = CARTESIAN_POINT ( 'NONE',  ( 142.8570779157689685, 9.999999999999996447, 39.32649170801605720 ) ) ;
#273 = CARTESIAN_POINT ( 'NONE',  ( 274.9724625311535533, 13.00000000000000178, 26.89560228493913030 ) ) ;
#274 = ORIENTED_EDGE ( 'NONE', *, *, #4923, .T. ) ;
#275 = DIRECTION ( 'NONE',  ( 0.000000000000000000, 1.000000000000000000, 0.000000000000000000 ) ) ;
#276 = VERTEX_POINT ( 'NONE', #6480 ) ;
#277 = CARTESIAN_POINT ( 'NONE',  ( 209.2032317619227513, 10.00000000000000000, 22.79403978493913030 ) ) ;
#278 = CARTESIAN_POINT ( 'NONE',  ( 222.3200211429666524, 13.00000000000000178, 42.55312121419687799 ) ) ;
#279 = CARTESIAN_POINT ( 'NONE',  ( 263.5156199598494595, 10.00000000000000000, 27.57576025939050268 ) ) ;
#280 = EDGE_CURVE ( 'NONE', #6025, #189, #774, .T. ) ;
#281 = CARTESIAN_POINT ( 'NONE',  ( 43.10385262534796880, 12.99999999999999822, 16.11889265805275784 ) ) ;
#282 = CARTESIAN_POINT ( 'NONE',  ( 222.1286363316138761, 13.00000000000000178, 36.56541587123061277 ) ) ;
#283 = CARTESIAN_POINT ( 'NONE',  ( 207.9073028617889065, 10.00000000000000000, 8.982274378719770525 ) ) ;
#284 = CARTESIAN_POINT ( 'NONE',  ( 76.22246253115355330, 13.00000000000000178, 52.21711670801605010 ) ) ;
#285 = ORIENTED_EDGE ( 'NONE', *, *, #5349, .F. ) ;
#286 = CARTESIAN_POINT ( 'NONE',  ( 63.24169330038431269, 10.00000000000000000, 39.35353497724682370 ) ) ;
#287 = CARTESIAN_POINT ( 'NONE',  ( 159.8943375311535249, 13.00000000000000178, 22.21711670801605010 ) ) ;
#288 = CARTESIAN_POINT ( 'NONE',  ( 166.4091065566516363, 12.99999999999999822, 50.60172692682643003 ) ) ;
#289 = EDGE_CURVE ( 'NONE', #2773, #1045, #7155, .T. ) ;
#290 = ADVANCED_FACE ( 'NONE', ( #1952 ), #3134, .T. ) ;
#291 = CARTESIAN_POINT ( 'NONE',  ( 249.7017568867721877, 10.00000000000000000, 27.64936132421310333 ) ) ;
#292 = CARTESIAN_POINT ( 'NONE',  ( 269.1686978408969821, 12.99999999999999822, 42.66002056024557021 ) ) ;
#293 = CARTESIAN_POINT ( 'NONE',  ( 168.0604835386433251, 13.00000000000000178, 29.17823151293044859 ) ) ;
#294 = DIRECTION ( 'NONE',  ( -0.000000000000000000, -1.000000000000000000, -0.000000000000000000 ) ) ;
#295 = CARTESIAN_POINT ( 'NONE',  ( 263.5003310774487204, 13.00000000000000178, 33.79123581427600698 ) ) ;
#296 = CARTESIAN_POINT ( 'NONE',  ( 42.63472214653817360, 10.00000000000000000, 11.29163593878528005 ) ) ;
#297 = EDGE_CURVE ( 'NONE', #3726, #2129, #3330, .T. ) ;
#298 = CARTESIAN_POINT ( 'NONE',  ( 258.3692842796002083, 13.00000000000000178, 29.07217355958765737 ) ) ;
#299 = CARTESIAN_POINT ( 'NONE',  ( 235.9670538773073645, 13.00000000000000178, 26.25557824647759020 ) ) ;
#300 = B_SPLINE_SURFACE_WITH_KNOTS ( 'NONE', 3, 1, ( 
 ( #3086, #2540 ),
 ( #7066, #1981 ),
 ( #4256, #6508 ),
 ( #1430, #318 ),
 ( #4850, #7104 ),
 ( #2013, #4291 ),
 ( #1284, #5809 ),
 ( #5251, #1869 ),
 ( #170, #5550 ),
 ( #5992, #6613 ),
 ( #907, #6031 ),
 ( #4920, #3724 ),
 ( #3234, #4956 ),
 ( #2684, #6067 ),
 ( #985, #5586 ),
 ( #3157, #6575 ),
 ( #3832, #1058 ),
 ( #1530, #5511 ),
 ( #428, #2612 ) ),
 .UNSPECIFIED., .F., .F., .F.,
 ( 4, 1, 1, 1, 1, 1, 1, 1, 1, 1, 1, 1, 1, 1, 1, 1, 4 ),
 ( 2, 2 ),
 ( 0.000000000000000000, 0.05963339613625135566, 0.1190688615049892429, 0.1781965462156700486, 0.2369566475521780180, 0.2959319880758021215, 0.3558557687429114158, 0.4164733051171455314, 0.4777415997317956964, 0.5399029904536086777, 0.6025375151243940186, 0.6654223850767744253, 0.7297652560446461489, 0.7948287708416039710, 0.8618265399701645624, 0.9300109324340660732, 1.000000000000000000 ),
 ( 0.000000000000000000, 1.000000000000000000 ),
 .UNSPECIFIED. ) ;
#301 = VERTEX_POINT ( 'NONE', #5932 ) ;
#302 = FACE_OUTER_BOUND ( 'NONE', #1753, .T. ) ;
#303 = CARTESIAN_POINT ( 'NONE',  ( 147.4161025605496604, 9.999999999999996447, 35.50224961940690349 ) ) ;
#304 = VERTEX_POINT ( 'NONE', #4265 ) ;
#305 = CARTESIAN_POINT ( 'NONE',  ( 263.7182505564711619, 10.00000000000000000, 34.05898908707817441 ) ) ;
#306 = ORIENTED_EDGE ( 'NONE', *, *, #825, .T. ) ;
#307 = DIRECTION ( 'NONE',  ( 0.000000000000000000, 0.000000000000000000, 1.000000000000000000 ) ) ;
#308 = ORIENTED_EDGE ( 'NONE', *, *, #730, .F. ) ;
#309 = CARTESIAN_POINT ( 'NONE',  ( 268.0944577234612325, 13.00000000000000178, 37.05485709263143690 ) ) ;
#310 = ORIENTED_EDGE ( 'NONE', *, *, #6698, .F. ) ;
#311 = CARTESIAN_POINT ( 'NONE',  ( 40.90879472430198405, 13.00000000000000533, 34.54521369233722794 ) ) ;
#312 = LINE ( 'NONE', #3080, #22 ) ;
#313 = CARTESIAN_POINT ( 'NONE',  ( 148.6017448499440263, 9.999999999999996447, 45.90535232193055037 ) ) ;
#314 = CARTESIAN_POINT ( 'NONE',  ( 101.3186163773073929, 13.00000000000000178, 55.67865516955451000 ) ) ;
#315 = CARTESIAN_POINT ( 'NONE',  ( 115.2143585774604446, 10.00000000000000355, 26.65968683837087383 ) ) ;
#316 = CARTESIAN_POINT ( 'NONE',  ( 72.62988083327223876, 10.00000000000000000, 22.53026633880273621 ) ) ;
#317 = AXIS2_PLACEMENT_3D ( 'NONE', #2997, #5275, #196 ) ;
#318 = CARTESIAN_POINT ( 'NONE',  ( 250.0491150187189078, 10.00000000000000355, 50.37595241841441407 ) ) ;
#319 = ORIENTED_EDGE ( 'NONE', *, *, #1908, .F. ) ;
#320 = ADVANCED_FACE ( 'NONE', ( #3661 ), #701, .T. ) ;
#321 = CARTESIAN_POINT ( 'NONE',  ( 172.8364732697704653, 13.00000000000000178, 39.92894361021894412 ) ) ;
#322 = VECTOR ( 'NONE', #3732, 1000.000000000000000 ) ;
#323 = CARTESIAN_POINT ( 'NONE',  ( 168.3240710434451159, 13.00000000000000178, 24.31464915552272998 ) ) ;
#324 = AXIS2_PLACEMENT_3D ( 'NONE', #6154, #6081, #3246 ) ;
#325 = CARTESIAN_POINT ( 'NONE',  ( 49.18580959111823603, 10.00000000000000355, 15.25257739233155441 ) ) ;
#326 = CARTESIAN_POINT ( 'NONE',  ( 23.43400099269201675, 13.00000000000000178, 55.67865516955451000 ) ) ;
#327 = B_SPLINE_CURVE_WITH_KNOTS ( 'NONE', 3,
 ( #4143, #5810, #4101, #6400, #4813, #5994, #987, #947, #3196, #872, #2650, #7182, #7105, #5436, #3159, #357, #7145, #4331, #3796 ),
 .UNSPECIFIED., .F., .F.,
 ( 4, 1, 1, 1, 1, 1, 1, 1, 1, 1, 1, 1, 1, 1, 1, 1, 4 ),
 ( 0.000000000000000000, 0.06454812556425044978, 0.1271991327555120344, 0.1885973380874242933, 0.2486395150940126642, 0.3095246994640579175, 0.3700369910533500839, 0.4318892436070740359, 0.4957042857252940138, 0.5595193278435126594, 0.6213715803972368334, 0.6823971072916417135, 0.7435684819321664030, 0.8054984835712127866, 0.8686397008205244408, 0.9330662250811625480, 0.9999999999999998890 ),
 .UNSPECIFIED. ) ;
#328 = CARTESIAN_POINT ( 'NONE',  ( 0.000000000000000000, 0.000000000000000000, 0.000000000000000000 ) ) ;
#329 = DIRECTION ( 'NONE',  ( 0.000000000000000000, 1.000000000000000000, 0.000000000000000000 ) ) ;
#330 = CARTESIAN_POINT ( 'NONE',  ( 234.0429430678853464, 13.00000000000000178, 56.22165860063041976 ) ) ;
#331 = CARTESIAN_POINT ( 'NONE',  ( 69.41116565231746449, 13.00000000000000533, 55.01209030561052771 ) ) ;
#332 = VECTOR ( 'NONE', #5688, 1000.000000000000000 ) ;
#333 = EDGE_CURVE ( 'NONE', #6971, #1170, #1559, .T. ) ;
#334 = CARTESIAN_POINT ( 'NONE',  ( 133.1217827999018652, 12.99999999999999822, 29.80199155387397170 ) ) ;
#335 = CARTESIAN_POINT ( 'NONE',  ( 265.7274799021346894, 10.00000000000000000, 40.56601720523219257 ) ) ;
#336 = CARTESIAN_POINT ( 'NONE',  ( 79.62910578213507051, 10.00000000000000355, 51.83634526286679289 ) ) ;
#337 = ORIENTED_EDGE ( 'NONE', *, *, #3043, .F. ) ;
#338 = EDGE_CURVE ( 'NONE', #5679, #3835, #5420, .T. ) ;
#339 = EDGE_LOOP ( 'NONE', ( #5513, #4937, #15, #2185 ) ) ;
#340 = CARTESIAN_POINT ( 'NONE',  ( 164.8252586888745554, 10.00000000000000355, 27.18829004263530180 ) ) ;
#341 = LINE ( 'NONE', #6300, #6239 ) ;
#342 = ORIENTED_EDGE ( 'NONE', *, *, #2053, .T. ) ;
#343 = CARTESIAN_POINT ( 'NONE',  ( 42.16352877540221300, 13.00000000000000178, 29.73152933194667824 ) ) ;
#344 = CARTESIAN_POINT ( 'NONE',  ( 84.40663738479717892, 12.99999999999999822, 29.17823151293043438 ) ) ;
#345 = EDGE_LOOP ( 'NONE', ( #1886, #1522, #14, #5945 ) ) ;
#346 = CARTESIAN_POINT ( 'NONE',  ( 144.0222825377189224, 13.00000000000000533, 45.68995332084485739 ) ) ;
#347 = ORIENTED_EDGE ( 'NONE', *, *, #5445, .T. ) ;
#348 = CARTESIAN_POINT ( 'NONE',  ( 273.5807488035495112, 13.00000000000000178, 41.08623184644910964 ) ) ;
#349 = ORIENTED_EDGE ( 'NONE', *, *, #7120, .T. ) ;
#350 = CARTESIAN_POINT ( 'NONE',  ( 51.64749098323243715, 12.99999999999999822, 24.48246776651973278 ) ) ;
#351 = B_SPLINE_CURVE_WITH_KNOTS ( 'NONE', 3,
 ( #2839, #2982, #2322, #4070, #103, #3433, #2360, #6963, #655, #5106, #4603, #1838, #586, #2436, #31, #1294, #1218, #5219, #4031 ),
 .UNSPECIFIED., .F., .F.,
 ( 4, 1, 1, 1, 1, 1, 1, 1, 1, 1, 1, 1, 1, 1, 1, 1, 4 ),
 ( 0.000000000000000000, 0.06384589973478668745, 0.1260436278408440802, 0.1871653577195675766, 0.2473992895212635545, 0.3083800306041629691, 0.3697796166640492377, 0.4325839246869346288, 0.4976407859952561852, 0.5624011369620618428, 0.6255571033330410424, 0.6873320046201727429, 0.7483127457030736007, 0.8097910391226145199, 0.8717675719729277573, 0.9348361909503146716, 1.000000000000000000 ),
 .UNSPECIFIED. ) ;
#352 = CARTESIAN_POINT ( 'NONE',  ( 209.2630921728809881, 10.00000000000000355, 9.507632182588430680 ) ) ;
#353 = CARTESIAN_POINT ( 'NONE',  ( 113.5421163577157415, 9.999999999999996447, 27.18744184376283712 ) ) ;
#354 = CARTESIAN_POINT ( 'NONE',  ( 3.535533905932737309, 10.00000000000000000, 3.535533905932737309 ) ) ;
#355 = CARTESIAN_POINT ( 'NONE',  ( 219.6881403375868729, 10.00000000000000178, 31.78024523094515175 ) ) ;
#356 = ORIENTED_EDGE ( 'NONE', *, *, #2121, .T. ) ;
#357 = CARTESIAN_POINT ( 'NONE',  ( 267.8835081147031474, 9.999999999999998224, 56.10048654366762833 ) ) ;
#358 = ORIENTED_EDGE ( 'NONE', *, *, #3495, .F. ) ;
#359 = CARTESIAN_POINT ( 'NONE',  ( 63.24169330038431269, 13.00000000000000178, 39.35353497724682370 ) ) ;
#360 = CARTESIAN_POINT ( 'NONE',  ( 250.7180416316992648, 10.00000000000000000, 49.54738520409396330 ) ) ;
#361 = DIRECTION ( 'NONE',  ( 0.000000000000000000, 1.000000000000000000, 0.000000000000000000 ) ) ;
#362 = CARTESIAN_POINT ( 'NONE',  ( 262.5447032128178080, 13.00000000000000178, 32.22615240481465548 ) ) ;
#363 = CARTESIAN_POINT ( 'NONE',  ( 204.0405630844793166, 9.999999999999998224, 10.47551374304695138 ) ) ;
#364 = EDGE_CURVE ( 'NONE', #1454, #1558, #5107, .T. ) ;
#365 = CARTESIAN_POINT ( 'NONE',  ( 158.5785505994192022, 12.99999999999999822, 26.29246377247113742 ) ) ;
#366 = CARTESIAN_POINT ( 'NONE',  ( 131.8955394542304589, 9.999999999999998224, 39.29944843878527649 ) ) ;
#367 = CARTESIAN_POINT ( 'NONE',  ( 105.8121361600183690, 10.00000000000000000, 28.23755730894266236 ) ) ;
#368 = ORGANIZATION ( 'UNSPECIFIED', 'UNSPECIFIED', '' ) ;
#369 = CARTESIAN_POINT ( 'NONE',  ( 171.9256277958131136, 13.00000000000000178, 34.30832736025863028 ) ) ;
#370 = DIRECTION ( 'NONE',  ( 0.000000000000000000, 1.000000000000000000, 0.000000000000000000 ) ) ;
#371 = PERSON ( 'UNSPECIFIED', 'UNSPECIFIED', 'UNSPECIFIED', ('UNSPECIFIED'), ('UNSPECIFIED'), ('UNSPECIFIED') ) ;
#372 = LINE ( 'NONE', #2624, #2798 ) ;
#373 = CARTESIAN_POINT ( 'NONE',  ( 73.65673835646992984, 9.999999999999996447, 26.47868540446016539 ) ) ;
#374 = EDGE_CURVE ( 'NONE', #3784, #2704, #4383, .T. ) ;
#375 = DIRECTION ( 'NONE',  ( 0.000000000000000000, 1.000000000000000000, 0.000000000000000000 ) ) ;
#376 = CARTESIAN_POINT ( 'NONE',  ( 266.8570450479048191, 12.99999999999999822, 52.16505573634634629 ) ) ;
#377 = VERTEX_POINT ( 'NONE', #6051 ) ;
#378 = CARTESIAN_POINT ( 'NONE',  ( 161.1679350304296463, 10.00000000000000355, 26.29325073383914457 ) ) ;
#379 = CARTESIAN_POINT ( 'NONE',  ( 39.85132539826116727, 9.999999999999996447, 30.15852942837732797 ) ) ;
#380 = CARTESIAN_POINT ( 'NONE',  ( 271.8348071414482661, 10.00000000000000000, 24.04894639473061702 ) ) ;
#381 = ADVANCED_FACE ( 'NONE', ( #302 ), #4273, .T. ) ;
#382 = CIRCLE ( 'NONE', #7006, 1.500000000000001332 ) ;
#383 = EDGE_CURVE ( 'NONE', #5541, #7125, #1099, .T. ) ;
#384 = CARTESIAN_POINT ( 'NONE',  ( 205.1647702234612041, 13.00000000000000178, 55.67865516955451000 ) ) ;
#385 = ORIENTED_EDGE ( 'NONE', *, *, #3766, .T. ) ;
#386 = LINE ( 'NONE', #896, #5302 ) ;
#387 = EDGE_LOOP ( 'NONE', ( #3072, #6866, #5827, #3067 ) ) ;
#388 = VERTEX_POINT ( 'NONE', #7126 ) ;
#389 = CARTESIAN_POINT ( 'NONE',  ( 266.7852382077121547, 10.00000000000000000, 26.26640227114605253 ) ) ;
#390 = CARTESIAN_POINT ( 'NONE',  ( 61.86306034142900501, 13.00000000000000178, 48.56086047141886297 ) ) ;
#391 = CARTESIAN_POINT ( 'NONE',  ( 76.24049137730740711, 10.00000000000000000, 22.21711670801605010 ) ) ;
#392 = CARTESIAN_POINT ( 'NONE',  ( 259.4424244617297859, 10.00000000000000000, 49.03013950469220816 ) ) ;
#393 = AXIS2_PLACEMENT_3D ( 'NONE', #2561, #2069, #4835 ) ;
#394 = DIRECTION ( 'NONE',  ( -0.000000000000000000, -1.000000000000000000, -0.000000000000000000 ) ) ;
#395 = ORIENTED_EDGE ( 'NONE', *, *, #3914, .F. ) ;
#396 = ORIENTED_EDGE ( 'NONE', *, *, #808, .T. ) ;
#397 = CARTESIAN_POINT ( 'NONE',  ( 76.24049137730740711, 10.00000000000000000, 56.25557824647759020 ) ) ;
#398 = CARTESIAN_POINT ( 'NONE',  ( 270.5737436589831759, 12.99999999999999822, 44.02037009113725219 ) ) ;
#399 = CARTESIAN_POINT ( 'NONE',  ( 47.61868654063859907, 13.00000000000000178, 21.62488796606365682 ) ) ;
#400 = LINE ( 'NONE', #6581, #4105 ) ;
#401 = CARTESIAN_POINT ( 'NONE',  ( 218.0033947441288547, 13.00000000000000178, 37.20145088796715527 ) ) ;
#402 = CARTESIAN_POINT ( 'NONE',  ( 176.2896941747619621, 10.00000000000000178, 34.51639376932214986 ) ) ;
#403 = CARTESIAN_POINT ( 'NONE',  ( 159.8943375311535249, 10.00000000000000000, 22.21711670801605010 ) ) ;
#404 = LINE ( 'NONE', #5783, #6593 ) ;
#405 = CARTESIAN_POINT ( 'NONE',  ( 34.19427172697214701, 10.00000000000000000, 10.68449653366641527 ) ) ;
#406 = CARTESIAN_POINT ( 'NONE',  ( 221.8955394542304589, 10.00000000000000000, 39.14620324647759020 ) ) ;
#407 = CARTESIAN_POINT ( 'NONE',  ( 66.16204764956705731, 10.00000000000000178, 31.04725823106805649 ) ) ;
#408 = CARTESIAN_POINT ( 'NONE',  ( 84.54931953609968787, 10.00000000000000178, 54.30118323873841746 ) ) ;
#409 = DIRECTION ( 'NONE',  ( 0.000000000000000000, -0.000000000000000000, 1.000000000000000000 ) ) ;
#410 = ORIENTED_EDGE ( 'NONE', *, *, #5311, .T. ) ;
#411 = ORIENTED_EDGE ( 'NONE', *, *, #6436, .T. ) ;
#412 = LINE ( 'NONE', #931, #5485 ) ;
#413 = EDGE_CURVE ( 'NONE', #4922, #5865, #412, .T. ) ;
#414 = CARTESIAN_POINT ( 'NONE',  ( 38.92508715617292836, 13.00000000000000178, 30.24787815670686442 ) ) ;
#415 = CARTESIAN_POINT ( 'NONE',  ( 79.99559380813288101, 12.99999999999999822, 26.77753852415916924 ) ) ;
#416 = B_SPLINE_CURVE_WITH_KNOTS ( 'NONE', 3,
 ( #6867, #1781, #4047, #4652, #2415, #3482, #4087 ),
 .UNSPECIFIED., .F., .F.,
 ( 4, 1, 1, 1, 4 ),
 ( 0.000000000000000000, 0.2534754346498641620, 0.5004533151029052496, 0.7455781350009833552, 0.9999999999999998890 ),
 .UNSPECIFIED. ) ;
#417 = ORIENTED_EDGE ( 'NONE', *, *, #89, .F. ) ;
#418 = LINE ( 'NONE', #2041, #4116 ) ;
#419 = ORIENTED_EDGE ( 'NONE', *, *, #856, .T. ) ;
#420 = EDGE_LOOP ( 'NONE', ( #4132, #7319, #5388, #2849 ) ) ;
#421 = ADVANCED_FACE ( 'NONE', ( #966 ), #3215, .T. ) ;
#422 = CARTESIAN_POINT ( 'NONE',  ( 152.9678428380428556, 12.99999999999999822, 23.55117533247614858 ) ) ;
#423 = CARTESIAN_POINT ( 'NONE',  ( 66.49347694497407701, 9.999999999999996447, 53.41901016282709946 ) ) ;
#424 = CARTESIAN_POINT ( 'NONE',  ( 207.4165747780999425, 13.00000000000000178, 8.959510755301851148 ) ) ;
#425 = CARTESIAN_POINT ( 'NONE',  ( 106.2773892984734090, 9.999999999999996447, 34.10784726102134101 ) ) ;
#426 = CARTESIAN_POINT ( 'NONE',  ( 105.3570779157689401, 13.00000000000000178, 49.59391959263143690 ) ) ;
#427 = CARTESIAN_POINT ( 'NONE',  ( 176.8811947222422987, 10.00000000000000000, 38.77298486588564685 ) ) ;
#428 = CARTESIAN_POINT ( 'NONE',  ( 235.9309961849996853, 13.00000000000000178, 56.25557824647759020 ) ) ;
#429 = VERTEX_POINT ( 'NONE', #7202 ) ;
#430 = ORIENTED_EDGE ( 'NONE', *, *, #3136, .T. ) ;
#431 = ADVANCED_FACE ( 'NONE', ( #2111 ), #5202, .T. ) ;
#432 = CARTESIAN_POINT ( 'NONE',  ( 89.60636881441105572, 9.999999999999992895, 49.91281092058346758 ) ) ;
#433 = B_SPLINE_CURVE_WITH_KNOTS ( 'NONE', 3,
 ( #5404, #1986, #6513, #1325, #2977, #802, #2395, #1435, #252, #2510, #5852, #3696, #4782, #7033, #5964, #5256, #4671, #878, #1948 ),
 .UNSPECIFIED., .F., .F.,
 ( 4, 1, 1, 1, 1, 1, 1, 1, 1, 1, 1, 1, 1, 1, 1, 1, 4 ),
 ( 0.000000000000000000, 0.06241602615881759047, 0.1233369785373298194, 0.1832651398530920350, 0.2431724430697090045, 0.3028983539197450114, 0.3637735975039101399, 0.4256053049523820797, 0.4896590425101838839, 0.5537845767921160123, 0.6162215328110728363, 0.6778544713083423101, 0.7395168974879384738, 0.8020965355763716165, 0.8658658412779707270, 0.9315077951965110570, 1.000000000000000000 ),
 .UNSPECIFIED. ) ;
#434 = CARTESIAN_POINT ( 'NONE',  ( 261.9141313078315534, 10.00000000000000355, 55.60930415564675400 ) ) ;
#435 = CARTESIAN_POINT ( 'NONE',  ( 47.66477022346124670, 10.00000000000000000, 22.70389555416990035 ) ) ;
#436 = VECTOR ( 'NONE', #4352, 1000.000000000000000 ) ;
#437 = CARTESIAN_POINT ( 'NONE',  ( 133.9762669757442097, 10.00000000000000000, 47.29729636901898715 ) ) ;
#438 = CARTESIAN_POINT ( 'NONE',  ( 206.9182352259628885, 10.00000000000000000, 8.959066850737237075 ) ) ;
#439 = CARTESIAN_POINT ( 'NONE',  ( 260.1640697930581041, 10.00000000000000178, 36.48562846470097298 ) ) ;
#440 = CARTESIAN_POINT ( 'NONE',  ( 193.0493856080766193, 10.00000000000000000, 26.83250132340066685 ) ) ;
#441 = AXIS2_PLACEMENT_3D ( 'NONE', #4522, #2215, #2358 ) ;
#442 = CARTESIAN_POINT ( 'NONE',  ( 130.9207007750429455, 9.999999999999998224, 44.25142267753992797 ) ) ;
#443 = AXIS2_PLACEMENT_3D ( 'NONE', #3174, #4303, #6554 ) ;
#444 = CARTESIAN_POINT ( 'NONE',  ( 70.13369902172451020, 9.999999999999998224, 27.73419130896915874 ) ) ;
#445 = FACE_OUTER_BOUND ( 'NONE', #5108, .T. ) ;
#446 = CARTESIAN_POINT ( 'NONE',  ( 88.80747607095476326, 10.00000000000000000, 42.75250554432709293 ) ) ;
#447 = B_SPLINE_CURVE_WITH_KNOTS ( 'NONE', 3,
 ( #7262, #6150, #262, #3284, #1069, #4483, #2208, #5561, #1654, #3915, #403 ),
 .UNSPECIFIED., .F., .F.,
 ( 4, 1, 1, 1, 1, 1, 1, 1, 4 ),
 ( 0.000000000000000000, 0.1284975211375124771, 0.2527129855154524041, 0.3748191325670450214, 0.4964364263727303883, 0.6179105567458506032, 0.7412876173092904919, 0.8687004007446070819, 1.000000000000000000 ),
 .UNSPECIFIED. ) ;
#448 = VECTOR ( 'NONE', #2117, 1000.000000000000000 ) ;
#449 = PLANE ( 'NONE',  #1219 ) ;
#450 = ORIENTED_EDGE ( 'NONE', *, *, #4410, .F. ) ;
#451 = CARTESIAN_POINT ( 'NONE',  ( 86.27504379768322451, 9.999999999999998224, 31.04365736471354609 ) ) ;
#452 = CARTESIAN_POINT ( 'NONE',  ( 43.87526538685452238, 9.999999999999996447, 29.06028819383645967 ) ) ;
#453 = VECTOR ( 'NONE', #218, 1000.000000000000000 ) ;
#454 = CARTESIAN_POINT ( 'NONE',  ( 258.2416933003842701, 13.00000000000000178, 30.84391959263143335 ) ) ;
#455 = EDGE_CURVE ( 'NONE', #156, #1629, #6423, .T. ) ;
#456 = VERTEX_POINT ( 'NONE', #3925 ) ;
#457 = CARTESIAN_POINT ( 'NONE',  ( 111.3946342529318372, 12.99999999999999822, 23.81461465359438279 ) ) ;
#458 = VERTEX_POINT ( 'NONE', #1078 ) ;
#459 = CARTESIAN_POINT ( 'NONE',  ( 151.4285223591319038, 13.00000000000000178, 24.31586953115352046 ) ) ;
#460 = PLANE ( 'NONE',  #4045 ) ;
#461 = CARTESIAN_POINT ( 'NONE',  ( 88.31665566138570966, 13.00000000000000178, 27.20171998063747409 ) ) ;
#462 = CARTESIAN_POINT ( 'NONE',  ( 118.7705394542304731, 13.00000000000000178, 22.21711670801605010 ) ) ;
#463 = EDGE_CURVE ( 'NONE', #3851, #3040, #2103, .T. ) ;
#464 = CARTESIAN_POINT ( 'NONE',  ( 69.31399668419669524, 12.99999999999999822, 23.55117533247613792 ) ) ;
#465 = CARTESIAN_POINT ( 'NONE',  ( 222.2964208474554653, 10.00000000000000533, 27.98455052648760599 ) ) ;
#466 = ORIENTED_EDGE ( 'NONE', *, *, #1228, .T. ) ;
#467 = ORIENTED_EDGE ( 'NONE', *, *, #1151, .T. ) ;
#468 = CARTESIAN_POINT ( 'NONE',  ( 90.58186103493318342, 13.00000000000000533, 48.56085492135777315 ) ) ;
#469 = CARTESIAN_POINT ( 'NONE',  ( 122.0743826183713168, 13.00000000000000178, 51.83099387978796813 ) ) ;
#470 = CARTESIAN_POINT ( 'NONE',  ( 199.9999999999999432, 20.00000000000000000, 96.43724644492834841 ) ) ;
#471 = CARTESIAN_POINT ( 'NONE',  ( 143.4617022532589203, 10.00000000000000000, 34.52807230492580004 ) ) ;
#472 = CARTESIAN_POINT ( 'NONE',  ( 172.3883279157689117, 13.00000000000000178, 27.63478497724682015 ) ) ;
#473 = DIRECTION ( 'NONE',  ( 0.000000000000000000, -0.000000000000000000, 1.000000000000000000 ) ) ;
#474 = DIRECTION ( 'NONE',  ( -1.000000000000000000, 0.000000000000000000, 0.000000000000000000 ) ) ;
#475 = CARTESIAN_POINT ( 'NONE',  ( 300.0000000000000000, 10.00000000000000000, 0.000000000000000000 ) ) ;
#476 = CARTESIAN_POINT ( 'NONE',  ( 120.3638195993663089, 13.00000000000000178, 52.15465474762196152 ) ) ;
#477 = CARTESIAN_POINT ( 'NONE',  ( 222.9030206655998541, 9.999999999999998224, 44.18499723307300542 ) ) ;
#478 = CARTESIAN_POINT ( 'NONE',  ( 135.9181039003970284, 10.00000000000000178, 39.87416295205541417 ) ) ;
#479 = CARTESIAN_POINT ( 'NONE',  ( 88.50060314180306875, 10.00000000000000533, 51.19854884097163250 ) ) ;
#480 = CARTESIAN_POINT ( 'NONE',  ( 62.83857044880185327, 10.00000000000000178, 49.91278953776419058 ) ) ;
#481 = CARTESIAN_POINT ( 'NONE',  ( 101.3186163773073929, 13.00000000000000178, 55.67865516955451000 ) ) ;
#482 = VERTEX_POINT ( 'NONE', #4972 ) ;
#483 = CARTESIAN_POINT ( 'NONE',  ( 166.6666666666666288, 20.00000000000000000, 97.93724644492834841 ) ) ;
#484 = CARTESIAN_POINT ( 'NONE',  ( 75.64094719776298348, 10.00000000000000000, 52.20036783345464215 ) ) ;
#485 = CARTESIAN_POINT ( 'NONE',  ( 40.69981422388075032, 10.00000000000000000, 30.04337993476043422 ) ) ;
#486 = LINE ( 'NONE', #6126, #2791 ) ;
#487 = EDGE_LOOP ( 'NONE', ( #4880, #2051, #5869, #5960, #3150, #3514 ) ) ;
#488 = CARTESIAN_POINT ( 'NONE',  ( 78.77664500437926165, 13.00000000000000533, 26.47698183340408207 ) ) ;
#489 = LINE ( 'NONE', #2779, #6473 ) ;
#490 = ORIENTED_EDGE ( 'NONE', *, *, #4677, .T. ) ;
#491 = CARTESIAN_POINT ( 'NONE',  ( 159.2773215999694969, 10.00000000000000000, 22.23054663170285394 ) ) ;
#492 = EDGE_CURVE ( 'NONE', #4349, #5318, #1630, .T. ) ;
#493 = FACE_OUTER_BOUND ( 'NONE', #3763, .T. ) ;
#494 = AXIS2_PLACEMENT_3D ( 'NONE', #5877, #1490, #5392 ) ;
#495 = CARTESIAN_POINT ( 'NONE',  ( 172.3883279157689117, 13.00000000000000178, 27.63478497724682015 ) ) ;
#496 = CARTESIAN_POINT ( 'NONE',  ( 135.6449239144246235, 13.00000000000000533, 35.88015058724720063 ) ) ;
#497 = CARTESIAN_POINT ( 'NONE',  ( 148.8204670421877438, 9.999999999999996447, 52.38323673833290428 ) ) ;
#498 = VECTOR ( 'NONE', #3519, 1000.000000000000000 ) ;
#499 = VERTEX_POINT ( 'NONE', #3402 ) ;
#500 = ORIENTED_EDGE ( 'NONE', *, *, #2766, .T. ) ;
#501 = CARTESIAN_POINT ( 'NONE',  ( 78.04729552649608593, 10.00000000000000000, 56.20928373187776828 ) ) ;
#502 = EDGE_CURVE ( 'NONE', #6604, #6234, #2841, .T. ) ;
#503 = CARTESIAN_POINT ( 'NONE',  ( 129.1595547980141419, 12.99999999999999822, 47.23022548091796580 ) ) ;
#504 = CARTESIAN_POINT ( 'NONE',  ( 43.10385262534796880, 12.99999999999999822, 16.11889265805275784 ) ) ;
#505 = CARTESIAN_POINT ( 'NONE',  ( 51.56603814805654906, 12.99999999999999822, 20.59677456878081259 ) ) ;
#506 = CARTESIAN_POINT ( 'NONE',  ( 176.8955394542304589, 13.00000000000000178, 39.32649170801605010 ) ) ;
#507 = DIRECTION ( 'NONE',  ( -0.000000000000000000, -1.000000000000000000, -0.000000000000000000 ) ) ;
#508 = CARTESIAN_POINT ( 'NONE',  ( 209.8365498197605348, 9.999999999999998224, 14.86810016838232329 ) ) ;
#509 = DIRECTION ( 'NONE',  ( -0.000000000000000000, -0.000000000000000000, -1.000000000000000000 ) ) ;
#510 = AXIS2_PLACEMENT_3D ( 'NONE', #6743, #2250, #1664 ) ;
#511 = LINE ( 'NONE', #3244, #4056 ) ;
#512 = EDGE_CURVE ( 'NONE', #6025, #2458, #33, .T. ) ;
#513 = CARTESIAN_POINT ( 'NONE',  ( 156.4672321705305080, 13.00000000000000178, 51.83466997521325936 ) ) ;
#514 = CARTESIAN_POINT ( 'NONE',  ( 120.3814724242578222, 10.00000000000000000, 56.20532294248486238 ) ) ;
#515 = CARTESIAN_POINT ( 'NONE',  ( 81.46732302044559049, 10.00000000000000178, 55.57591901493363196 ) ) ;
#516 = FACE_BOUND ( 'NONE', #5189, .T. ) ;
#517 = FACE_OUTER_BOUND ( 'NONE', #4347, .T. ) ;
#518 = B_SPLINE_CURVE_WITH_KNOTS ( 'NONE', 3,
 ( #2144, #3815, #1149, #6776, #6630, #3362, #4454, #4416, #1076, #2179, #5526, #6703, #1696, #2740, #7200, #6665, #3922, #4935, #4524 ),
 .UNSPECIFIED., .F., .F.,
 ( 4, 1, 1, 1, 1, 1, 1, 1, 1, 1, 1, 1, 1, 1, 1, 1, 4 ),
 ( 0.000000000000000000, 0.06421684263143051519, 0.1270637656931288828, 0.1887445383478295602, 0.2491321028350408917, 0.3094525327106273371, 0.3698266762476814518, 0.4306501418384681701, 0.4923519318794689070, 0.5540721062625165727, 0.6156897837449746280, 0.6767977025065380348, 0.7384390482469416206, 0.8013169100648929177, 0.8651845117115410932, 0.9316413244190752119, 1.000000000000000000 ),
 .UNSPECIFIED. ) ;
#519 = ORIENTED_EDGE ( 'NONE', *, *, #6343, .F. ) ;
#520 = CARTESIAN_POINT ( 'NONE',  ( 88.73448176192277970, 9.999999999999998224, 27.63478497724682015 ) ) ;
#521 = EDGE_CURVE ( 'NONE', #2419, #1456, #3253, .T. ) ;
#522 = CARTESIAN_POINT ( 'NONE',  ( 258.2485615259581664, 13.00000000000000178, 30.54016447615140706 ) ) ;
#523 = ORIENTED_EDGE ( 'NONE', *, *, #4029, .T. ) ;
#524 = CARTESIAN_POINT ( 'NONE',  ( 159.8943375311535249, 10.00000000000000000, 22.21711670801605010 ) ) ;
#525 = CARTESIAN_POINT ( 'NONE',  ( 118.0867985615403200, 12.99999999999999822, 26.27557749926464226 ) ) ;
#526 = CARTESIAN_POINT ( 'NONE',  ( 106.2773892984734090, 9.999999999999996447, 34.10784726102134101 ) ) ;
#527 = LINE ( 'NONE', #3753, #2087 ) ;
#528 = CARTESIAN_POINT ( 'NONE',  ( 183.2416933003842985, 13.00000000000000178, 22.79403978493913030 ) ) ;
#529 = CARTESIAN_POINT ( 'NONE',  ( 274.9724625311535533, 13.00000000000000178, 26.89560228493913030 ) ) ;
#530 = CARTESIAN_POINT ( 'NONE',  ( 189.0109240696151005, 13.00000000000000178, 9.524809015708360249 ) ) ;
#531 = CARTESIAN_POINT ( 'NONE',  ( 145.5169064952752080, 9.999999999999996447, 48.56086047141887008 ) ) ;
#532 = CARTESIAN_POINT ( 'NONE',  ( 176.8811947222422987, 13.00000000000000178, 38.77298486588564685 ) ) ;
#533 = CARTESIAN_POINT ( 'NONE',  ( 84.16397387552663645, 9.999999999999996447, 49.68871016550135522 ) ) ;
#534 = ORIENTED_EDGE ( 'NONE', *, *, #7162, .T. ) ;
#535 = ORIENTED_EDGE ( 'NONE', *, *, #1717, .T. ) ;
#536 = LINE ( 'NONE', #17, #7149 ) ;
#537 = CYLINDRICAL_SURFACE ( 'NONE', #3446, 1.500000000000001332 ) ;
#538 = CARTESIAN_POINT ( 'NONE',  ( 37.06408285531841074, 13.00000000000000533, 15.29675379394490520 ) ) ;
#539 = LINE ( 'NONE', #2387, #2079 ) ;
#540 = PLANE ( 'NONE',  #5764 ) ;
#541 = CARTESIAN_POINT ( 'NONE',  ( 269.3887319911849545, 13.00000000000000178, 27.11446266558672846 ) ) ;
#542 = ADVANCED_FACE ( 'NONE', ( #4420 ), #6667, .T. ) ;
#543 = CARTESIAN_POINT ( 'NONE',  ( 218.4537060156363850, 13.00000000000000178, 34.97052748497538488 ) ) ;
#544 = CARTESIAN_POINT ( 'NONE',  ( 271.2528258097289608, 13.00000000000000533, 45.25284202159038927 ) ) ;
#545 = DIRECTION ( 'NONE',  ( -1.224646799147353454E-16, 0.000000000000000000, -1.000000000000000000 ) ) ;
#546 = LINE ( 'NONE', #5631, #7309 ) ;
#547 = CARTESIAN_POINT ( 'NONE',  ( 35.90996253115355330, 10.00000000000000000, 15.29403978493913030 ) ) ;
#548 = CARTESIAN_POINT ( 'NONE',  ( 258.5646062806918621, 9.999999999999998224, 28.24226872439070490 ) ) ;
#549 = AXIS2_PLACEMENT_3D ( 'NONE', #2246, #5036, #63 ) ;
#550 = EDGE_CURVE ( 'NONE', #2569, #6648, #4766, .T. ) ;
#551 = CARTESIAN_POINT ( 'NONE',  ( 142.8570779157689685, 10.00000000000000000, 39.32649170801605720 ) ) ;
#552 = AXIS2_PLACEMENT_3D ( 'NONE', #2044, #6459, #4282 ) ;
#553 = ORIENTED_EDGE ( 'NONE', *, *, #7020, .T. ) ;
#554 = CARTESIAN_POINT ( 'NONE',  ( 88.31665566138570966, 13.00000000000000178, 27.20171998063747409 ) ) ;
#555 = AXIS2_PLACEMENT_3D ( 'NONE', #1982, #1431, #1646 ) ;
#556 = CARTESIAN_POINT ( 'NONE',  ( 130.8915474396006573, 13.00000000000000533, 34.33004707899400643 ) ) ;
#557 = CARTESIAN_POINT ( 'NONE',  ( 234.0429430678853464, 10.00000000000000000, 56.22165860063041976 ) ) ;
#558 = CARTESIAN_POINT ( 'NONE',  ( 266.2580605849502717, 10.00000000000000000, 22.22278583390078666 ) ) ;
#559 = EDGE_CURVE ( 'NONE', #6315, #4052, #4714, .T. ) ;
#560 = ORIENTED_EDGE ( 'NONE', *, *, #3296, .F. ) ;
#561 = CARTESIAN_POINT ( 'NONE',  ( 296.4644660940673475, 0.000000000000000000, 3.535533905932737309 ) ) ;
#562 = CARTESIAN_POINT ( 'NONE',  ( 111.9441338053309352, 13.00000000000000178, 27.94513061913676566 ) ) ;
#563 = VECTOR ( 'NONE', #2639, 1000.000000000000000 ) ;
#564 = CARTESIAN_POINT ( 'NONE',  ( 160.5050774056340970, 9.999999999999996447, 56.23992967380382879 ) ) ;
#565 = CARTESIAN_POINT ( 'NONE',  ( 270.4021500311535533, 10.00000000000000000, 43.78863113109296989 ) ) ;
#566 = VERTEX_POINT ( 'NONE', #2437 ) ;
#567 = DIRECTION ( 'NONE',  ( -0.000000000000000000, -1.000000000000000000, -0.000000000000000000 ) ) ;
#568 = DIRECTION ( 'NONE',  ( 0.000000000000000000, 1.000000000000000000, 0.000000000000000000 ) ) ;
#569 = CARTESIAN_POINT ( 'NONE',  ( 183.2416933003842985, 10.00000000000000000, 26.83250132340066685 ) ) ;
#570 = ORIENTED_EDGE ( 'NONE', *, *, #7180, .F. ) ;
#571 = ORIENTED_EDGE ( 'NONE', *, *, #2645, .F. ) ;
#572 = CARTESIAN_POINT ( 'NONE',  ( 206.4360534351737613, 13.00000000000000178, 15.83801621469398135 ) ) ;
#573 = CARTESIAN_POINT ( 'NONE',  ( 160.5113681819954081, 10.00000000000000000, 22.23025530837256269 ) ) ;
#574 = CARTESIAN_POINT ( 'NONE',  ( 105.5792361553261145, 10.00000000000000178, 41.83495175476048189 ) ) ;
#575 = CARTESIAN_POINT ( 'NONE',  ( 51.36770078471574408, 10.00000000000000355, 19.59534718228816530 ) ) ;
#576 = CARTESIAN_POINT ( 'NONE',  ( 76.22246253115355330, 13.00000000000000178, 52.21711670801605010 ) ) ;
#577 = CARTESIAN_POINT ( 'NONE',  ( 217.8570779157689401, 13.00000000000000178, 39.50678016955452421 ) ) ;
#578 = CARTESIAN_POINT ( 'NONE',  ( 222.2964208474554653, 10.00000000000000355, 27.98455052648760599 ) ) ;
#579 = CARTESIAN_POINT ( 'NONE',  ( 123.8113457521181857, 9.999999999999998224, 22.89269101052000721 ) ) ;
#580 = CARTESIAN_POINT ( 'NONE',  ( 234.0429430678853464, 10.00000000000000178, 56.22165860063041976 ) ) ;
#581 = CARTESIAN_POINT ( 'NONE',  ( 225.8887424913839084, 9.999999999999996447, 29.99652280208668742 ) ) ;
#582 = EDGE_CURVE ( 'NONE', #189, #3725, #1656, .T. ) ;
#583 = DIRECTION ( 'NONE',  ( 0.6227882322439379781, 0.000000000000000000, 0.7823904509760269965 ) ) ;
#584 = CARTESIAN_POINT ( 'NONE',  ( 33.33333333333334991, 20.00000000000000000, 96.43724644492834841 ) ) ;
#585 = LINE ( 'NONE', #2871, #1033 ) ;
#586 = CARTESIAN_POINT ( 'NONE',  ( 148.3771398795517200, 10.00000000000000000, 33.17324729743002365 ) ) ;
#587 = VERTEX_POINT ( 'NONE', #4000 ) ;
#588 = CARTESIAN_POINT ( 'NONE',  ( 78.06736833976000867, 9.999999999999998224, 22.25601689275960737 ) ) ;
#589 = EDGE_CURVE ( 'NONE', #817, #6796, #621, .T. ) ;
#590 = CARTESIAN_POINT ( 'NONE',  ( 118.6713808003843127, 13.00000000000000178, 26.25557824647759020 ) ) ;
#591 = CARTESIAN_POINT ( 'NONE',  ( 117.9762146592812257, 12.99999999999999822, 56.23705614050965806 ) ) ;
#592 = CARTESIAN_POINT ( 'NONE',  ( 261.9231862620947595, 13.00000000000000178, 38.15909079819892469 ) ) ;
#593 = ORIENTED_EDGE ( 'NONE', *, *, #5445, .F. ) ;
#594 = CARTESIAN_POINT ( 'NONE',  ( 88.68284529237611480, 10.00000000000000000, 35.50213883103625534 ) ) ;
#595 = CARTESIAN_POINT ( 'NONE',  ( 159.8763086849996853, 13.00000000000000178, 52.21711670801605010 ) ) ;
#596 = CARTESIAN_POINT ( 'NONE',  ( 265.4193679847429053, 9.999999999999998224, 52.20694585242283381 ) ) ;
#597 = DIRECTION ( 'NONE',  ( 0.000000000000000000, 1.000000000000000000, 0.000000000000000000 ) ) ;
#598 = EDGE_LOOP ( 'NONE', ( #6636, #4990, #5983, #4163 ) ) ;
#599 = EDGE_CURVE ( 'NONE', #2882, #1236, #1841, .T. ) ;
#600 = LINE ( 'NONE', #5687, #5050 ) ;
#601 = CARTESIAN_POINT ( 'NONE',  ( 256.5109240696150437, 13.00000000000000178, 51.80245324647758309 ) ) ;
#602 = FACE_OUTER_BOUND ( 'NONE', #6175, .T. ) ;
#603 = ORIENTED_EDGE ( 'NONE', *, *, #4277, .T. ) ;
#604 = ORIENTED_EDGE ( 'NONE', *, *, #5977, .F. ) ;
#605 = CARTESIAN_POINT ( 'NONE',  ( 203.6950581404549325, 13.00000000000000178, 13.74893021016607797 ) ) ;
#606 = CARTESIAN_POINT ( 'NONE',  ( 263.5003310774487204, 9.999999999999998224, 33.79123581427600698 ) ) ;
#607 = CARTESIAN_POINT ( 'NONE',  ( 115.9301609022864312, 10.00000000000000355, 52.00014504249646308 ) ) ;
#608 = CARTESIAN_POINT ( 'NONE',  ( 51.08641255434663009, 12.99999999999999822, 18.64055297262591182 ) ) ;
#609 = DIRECTION ( 'NONE',  ( 0.000000000000000000, 0.000000000000000000, 1.000000000000000000 ) ) ;
#610 = VECTOR ( 'NONE', #6383, 1000.000000000000000 ) ;
#611 = CARTESIAN_POINT ( 'NONE',  ( 270.8168059259391498, 13.00000000000000178, 28.20846663796509901 ) ) ;
#612 = CARTESIAN_POINT ( 'NONE',  ( 236.2645298388458457, 10.00000000000000000, 22.21711670801605365 ) ) ;
#613 = CARTESIAN_POINT ( 'NONE',  ( 193.0493856080766193, 13.00000000000000178, 55.67865516955451000 ) ) ;
#614 = CARTESIAN_POINT ( 'NONE',  ( 207.1659721465381665, 13.00000000000000178, 8.947885938785283599 ) ) ;
#615 = CARTESIAN_POINT ( 'NONE',  ( 267.9657652985300729, 13.00000000000000533, 26.45946826999359303 ) ) ;
#616 = CARTESIAN_POINT ( 'NONE',  ( 224.9523695431874728, 13.00000000000000533, 30.95307710042516902 ) ) ;
#617 = DIRECTION ( 'NONE',  ( -1.000000000000000000, 0.000000000000000000, -0.000000000000000000 ) ) ;
#618 = CARTESIAN_POINT ( 'NONE',  ( 47.64966138879052693, 10.00000000000000000, 23.07489736494541077 ) ) ;
#619 = DIRECTION ( 'NONE',  ( 0.000000000000000000, 0.000000000000000000, -1.000000000000000000 ) ) ;
#620 = AXIS2_PLACEMENT_3D ( 'NONE', #4308, #4903, #1477 ) ;
#621 = LINE ( 'NONE', #5299, #734 ) ;
#622 = CARTESIAN_POINT ( 'NONE',  ( 41.84563265428914036, 13.00000000000000178, 11.12903162200723095 ) ) ;
#623 = CARTESIAN_POINT ( 'NONE',  ( 131.8955394542304589, 9.999999999999998224, 39.29944843878527649 ) ) ;
#624 = CARTESIAN_POINT ( 'NONE',  ( 222.9030206655998541, 9.999999999999998224, 44.18499723307300542 ) ) ;
#625 = CARTESIAN_POINT ( 'NONE',  ( 125.3706040804814279, 12.99999999999999822, 23.43130474450449796 ) ) ;
#626 = EDGE_LOOP ( 'NONE', ( #819, #5759, #6704, #237 ) ) ;
#627 = CARTESIAN_POINT ( 'NONE',  ( 82.29485145495625886, 10.00000000000000000, 27.73711313570967718 ) ) ;
#628 = EDGE_CURVE ( 'NONE', #499, #4651, #3218, .T. ) ;
#629 = CARTESIAN_POINT ( 'NONE',  ( 105.4187456522481057, 13.00000000000000178, 37.41462103465290312 ) ) ;
#630 = CARTESIAN_POINT ( 'NONE',  ( 296.5030604351463808, 10.00000000000000000, 91.13552925583975650 ) ) ;
#631 = CARTESIAN_POINT ( 'NONE',  ( 258.2416933003842701, 10.00000000000000355, 30.84391959263143335 ) ) ;
#632 = ORIENTED_EDGE ( 'NONE', *, *, #7093, .T. ) ;
#633 = CARTESIAN_POINT ( 'NONE',  ( 176.8811947222422987, 13.00000000000000178, 38.77298486588564685 ) ) ;
#634 = CARTESIAN_POINT ( 'NONE',  ( 92.60146919891232642, 12.99999999999999467, 44.17462687267799737 ) ) ;
#635 = ADVANCED_FACE ( 'NONE', ( #1880 ), #6918, .T. ) ;
#636 = CARTESIAN_POINT ( 'NONE',  ( 81.23514256330312833, 9.999999999999996447, 51.32072676809576706 ) ) ;
#637 = VERTEX_POINT ( 'NONE', #6518 ) ;
#638 = ORIENTED_EDGE ( 'NONE', *, *, #1632, .F. ) ;
#639 = CARTESIAN_POINT ( 'NONE',  ( 260.6492000753209481, 9.999999999999996447, 55.09867071647092018 ) ) ;
#640 = B_SPLINE_SURFACE_WITH_KNOTS ( 'NONE', 3, 1, ( 
 ( #5115, #7318 ),
 ( #4005, #6199 ),
 ( #6746, #3371 ),
 ( #6272, #6714 ),
 ( #2846, #594 ),
 ( #38, #4 ),
 ( #4426, #6820 ),
 ( #5079, #2294 ),
 ( #2255, #4569 ),
 ( #4534, #3440 ),
 ( #3966, #5712 ),
 ( #1596, #1703 ),
 ( #6235, #627 ),
 ( #1046, #4460 ),
 ( #3858, #2881 ),
 ( #488, #2747 ),
 ( #7278, #4683 ),
 ( #3591, #3475 ),
 ( #1808, #6930 ) ),
 .UNSPECIFIED., .F., .F., .F.,
 ( 4, 1, 1, 1, 1, 1, 1, 1, 1, 1, 1, 1, 1, 1, 1, 1, 4 ),
 ( 2, 2 ),
 ( 0.000000000000000000, 0.06518479598607239411, 0.1282737271139273993, 0.1902702203927576219, 0.2517683137756831502, 0.3127686945781244510, 0.3747932794097871279, 0.4379695860627114690, 0.5030473998633714361, 0.5681252136640307926, 0.6309497487122625037, 0.6923691093867028190, 0.7529731677502620180, 0.8136410669177478461, 0.8743552086918150446, 0.9365729684654833243, 1.000000000000000000 ),
 ( 0.000000000000000000, 1.000000000000000000 ),
 .UNSPECIFIED. ) ;
#641 = CARTESIAN_POINT ( 'NONE',  ( 64.72329372570555961, 12.99999999999999822, 33.17324729743000944 ) ) ;
#642 = DIRECTION ( 'NONE',  ( 0.000000000000000000, 0.000000000000000000, -1.000000000000000000 ) ) ;
#643 = CARTESIAN_POINT ( 'NONE',  ( 45.44706790711226319, 13.00000000000000178, 12.26780878191730828 ) ) ;
#644 = CARTESIAN_POINT ( 'NONE',  ( 63.63681007277763513, 12.99999999999999822, 42.75280354557251883 ) ) ;
#645 = CARTESIAN_POINT ( 'NONE',  ( 176.8811947222422987, 10.00000000000000178, 38.77298486588564685 ) ) ;
#646 = EDGE_CURVE ( 'NONE', #4579, #5354, #4502, .T. ) ;
#647 = CARTESIAN_POINT ( 'NONE',  ( 220.8702349542796242, 10.00000000000000000, 29.78678034267614194 ) ) ;
#648 = CARTESIAN_POINT ( 'NONE',  ( 133.1217827999018652, 9.999999999999998224, 29.80199155387397170 ) ) ;
#649 = CARTESIAN_POINT ( 'NONE',  ( 218.1549872692018823, 10.00000000000000000, 42.86073662931383410 ) ) ;
#650 = CARTESIAN_POINT ( 'NONE',  ( 205.1647702234612041, 10.00000000000000000, 55.67865516955451000 ) ) ;
#651 = CARTESIAN_POINT ( 'NONE',  ( 229.1885687029671601, 10.00000000000000355, 27.70447554999465822 ) ) ;
#652 = CARTESIAN_POINT ( 'NONE',  ( 84.67022488959894133, 9.999999999999996447, 24.31464915552273354 ) ) ;
#653 = FACE_OUTER_BOUND ( 'NONE', #2337, .T. ) ;
#654 = CARTESIAN_POINT ( 'NONE',  ( 275.5293659199977583, 13.00000000000000178, 46.29326218296000661 ) ) ;
#655 = CARTESIAN_POINT ( 'NONE',  ( 151.6745786315708244, 10.00000000000000178, 29.17857966628769262 ) ) ;
#656 = DIRECTION ( 'NONE',  ( 1.000000000000000000, 0.000000000000000000, 0.000000000000000000 ) ) ;
#657 = CARTESIAN_POINT ( 'NONE',  ( 131.8712684615461797, 9.999999999999998224, 38.73610575693028579 ) ) ;
#658 = CARTESIAN_POINT ( 'NONE',  ( 118.6443375311535391, 9.999999999999998224, 56.25557824647759020 ) ) ;
#659 = CARTESIAN_POINT ( 'NONE',  ( 210.6723678436183889, 13.00000000000000533, 11.07993337386795396 ) ) ;
#660 = CARTESIAN_POINT ( 'NONE',  ( 123.8113457521181857, 12.99999999999999822, 22.89269101052000721 ) ) ;
#661 = EDGE_LOOP ( 'NONE', ( #1786, #86, #5252, #6576, #4491 ) ) ;
#662 = LINE ( 'NONE', #7007, #3997 ) ;
#663 = ORIENTED_EDGE ( 'NONE', *, *, #2141, .T. ) ;
#664 = VECTOR ( 'NONE', #6549, 1000.000000000000000 ) ;
#665 = CARTESIAN_POINT ( 'NONE',  ( 116.9265214362276595, 9.999999999999998224, 26.31527195795714391 ) ) ;
#666 = VERTEX_POINT ( 'NONE', #3701 ) ;
#667 = CARTESIAN_POINT ( 'NONE',  ( 264.8482262384876549, 9.999999999999998224, 52.18665365117152533 ) ) ;
#668 = CARTESIAN_POINT ( 'NONE',  ( 265.9129673388458173, 13.00000000000000178, 56.25557824647759020 ) ) ;
#669 = VECTOR ( 'NONE', #509, 1000.000000000000000 ) ;
#670 = ORIENTED_EDGE ( 'NONE', *, *, #3357, .T. ) ;
#671 = EDGE_CURVE ( 'NONE', #4474, #3928, #7014, .T. ) ;
#672 = CARTESIAN_POINT ( 'NONE',  ( 275.5401344590210897, 13.00000000000000178, 47.07926534654830419 ) ) ;
#673 = CARTESIAN_POINT ( 'NONE',  ( 156.3206746020041749, 12.99999999999999822, 55.97156070231797287 ) ) ;
#674 = VECTOR ( 'NONE', #3773, 1000.000000000000000 ) ;
#675 = CARTESIAN_POINT ( 'NONE',  ( 89.14173074657824714, 10.00000000000000000, 41.07102214826944930 ) ) ;
#676 = EDGE_LOOP ( 'NONE', ( #6142, #3714, #3556, #1983, #4840 ) ) ;
#677 = VERTEX_POINT ( 'NONE', #6553 ) ;
#678 = CARTESIAN_POINT ( 'NONE',  ( 105.3570779157689259, 13.00000000000000178, 55.67865516955451000 ) ) ;
#679 = CARTESIAN_POINT ( 'NONE',  ( 263.5003310774487204, 13.00000000000000178, 33.79123581427600698 ) ) ;
#680 = CARTESIAN_POINT ( 'NONE',  ( 262.3267540998185154, 10.00000000000000000, 29.82844274050918543 ) ) ;
#681 = EDGE_CURVE ( 'NONE', #1418, #6971, #4226, .T. ) ;
#682 = CARTESIAN_POINT ( 'NONE',  ( 262.5447032128178080, 13.00000000000000178, 32.22615240481465548 ) ) ;
#683 = CARTESIAN_POINT ( 'NONE',  ( 76.22246253115355330, 10.00000000000000355, 26.25557824647759020 ) ) ;
#684 = CARTESIAN_POINT ( 'NONE',  ( 267.9657652985300729, 13.00000000000000533, 26.45946826999359303 ) ) ;
#685 = CARTESIAN_POINT ( 'NONE',  ( 226.8589903364968450, 10.00000000000000000, 24.46670660611007264 ) ) ;
#686 = FACE_OUTER_BOUND ( 'NONE', #4958, .T. ) ;
#687 = CARTESIAN_POINT ( 'NONE',  ( 267.9657652985300729, 10.00000000000000178, 26.45946826999359303 ) ) ;
#688 = B_SPLINE_CURVE_WITH_KNOTS ( 'NONE', 3,
 ( #3167, #7112, #2021, #3241, #363, #6111, #2619, #5518, #4297, #438, #4895 ),
 .UNSPECIFIED., .F., .F.,
 ( 4, 1, 1, 1, 1, 1, 1, 1, 4 ),
 ( 0.000000000000000000, 0.1232898687277964311, 0.2421490813339711445, 0.3634374760537297244, 0.4897453933413752902, 0.6181148445930051416, 0.7448937812572494765, 0.8689322665891847652, 1.000000000000000000 ),
 .UNSPECIFIED. ) ;
#689 = CARTESIAN_POINT ( 'NONE',  ( 172.4613222248009663, 10.00000000000000000, 42.75250554432709293 ) ) ;
#690 = EDGE_CURVE ( 'NONE', #74, #5607, #5933, .T. ) ;
#691 = DIRECTION ( 'NONE',  ( 1.000000000000000000, 0.000000000000000000, 0.000000000000000000 ) ) ;
#692 = CARTESIAN_POINT ( 'NONE',  ( 167.8178200293728537, 10.00000000000000178, 49.68871016550137654 ) ) ;
#693 = CARTESIAN_POINT ( 'NONE',  ( 258.5646062806918621, 12.99999999999999822, 28.24226872439070490 ) ) ;
#694 = CARTESIAN_POINT ( 'NONE',  ( 47.61972294729790178, 10.00000000000000000, 23.81004446580633171 ) ) ;
#695 = CARTESIAN_POINT ( 'NONE',  ( 260.1640697930581041, 10.00000000000000000, 36.48562846470097298 ) ) ;
#696 = CARTESIAN_POINT ( 'NONE',  ( 47.36589154639974453, 12.99999999999999822, 24.87965072590409576 ) ) ;
#697 = CARTESIAN_POINT ( 'NONE',  ( 130.8915474396006573, 10.00000000000000178, 34.33004707899400643 ) ) ;
#698 = CARTESIAN_POINT ( 'NONE',  ( 230.4388068834161345, 9.999999999999998224, 51.30008438909489854 ) ) ;
#699 = CARTESIAN_POINT ( 'NONE',  ( 119.3512469401546241, 10.00000000000000178, 22.23306249895388831 ) ) ;
#700 = ORIENTED_EDGE ( 'NONE', *, *, #6221, .T. ) ;
#701 = B_SPLINE_SURFACE_WITH_KNOTS ( 'NONE', 3, 1, ( 
 ( #6585, #1473 ),
 ( #5298, #3736 ),
 ( #2515, #919 ),
 ( #7078, #3170 ),
 ( #5446, #6517 ),
 ( #369, #2622 ),
 ( #4225, #4898 ),
 ( #7000, #1914 ),
 ( #4786, #7037 ),
 ( #1962, #6491 ),
 ( #2034, #4311 ),
 ( #1412, #6016 ),
 ( #956, #5455 ),
 ( #2631, #340 ),
 ( #3669, #5975 ),
 ( #3743, #6041 ),
 ( #264, #378 ),
 ( #6598, #891 ),
 ( #3205, #6525 ) ),
 .UNSPECIFIED., .F., .F., .F.,
 ( 4, 1, 1, 1, 1, 1, 1, 1, 1, 1, 1, 1, 1, 1, 1, 1, 4 ),
 ( 2, 2 ),
 ( 0.000000000000000000, 0.06518479598607235248, 0.1282737271139272328, 0.1902702203927575664, 0.2517683137756830392, 0.3127686945781245620, 0.3747932794097872389, 0.4379695860627115245, 0.5030473998633705479, 0.5681252136640309036, 0.6309497487122626147, 0.6923691093867017088, 0.7529731677502620180, 0.8136410669177471799, 0.8743552086918136013, 0.9365729684654825471, 1.000000000000000000 ),
 ( 0.000000000000000000, 1.000000000000000000 ),
 .UNSPECIFIED. ) ;
#702 = CARTESIAN_POINT ( 'NONE',  ( 135.9340009926920061, 13.00000000000000178, 39.29944843878528360 ) ) ;
#703 = VERTEX_POINT ( 'NONE', #5969 ) ;
#704 = CARTESIAN_POINT ( 'NONE',  ( 161.7011416803422605, 13.00000000000000178, 56.20928373187776828 ) ) ;
#705 = CARTESIAN_POINT ( 'NONE',  ( 27.47246253115355330, 13.00000000000000178, 55.67865516955451000 ) ) ;
#706 = EDGE_LOOP ( 'NONE', ( #7317, #3225, #3401, #3899 ) ) ;
#707 = CARTESIAN_POINT ( 'NONE',  ( 275.5219040591982775, 10.00000000000000000, 47.71949465801036183 ) ) ;
#708 = CARTESIAN_POINT ( 'NONE',  ( 105.3570779157689259, 13.00000000000000178, 9.524809015708360249 ) ) ;
#709 = FACE_OUTER_BOUND ( 'NONE', #4357, .T. ) ;
#710 = ORIENTED_EDGE ( 'NONE', *, *, #5552, .T. ) ;
#711 = CARTESIAN_POINT ( 'NONE',  ( 259.1882077234611756, 9.999999999999998224, 48.75557824647759020 ) ) ;
#712 = VERTEX_POINT ( 'NONE', #5447 ) ;
#713 = LINE ( 'NONE', #2965, #3937 ) ;
#714 = CARTESIAN_POINT ( 'NONE',  ( 264.5903636429478638, 9.999999999999998224, 34.84129614355612858 ) ) ;
#715 = CARTESIAN_POINT ( 'NONE',  ( 264.1604954170717292, 10.00000000000000000, 26.98473561368089335 ) ) ;
#716 = CARTESIAN_POINT ( 'NONE',  ( 37.06408285531841074, 13.00000000000000533, 15.29675379394490520 ) ) ;
#717 = CARTESIAN_POINT ( 'NONE',  ( 88.73448176192277970, 13.00000000000000178, 27.63478497724682015 ) ) ;
#718 = CARTESIAN_POINT ( 'NONE',  ( 105.8743803775614651, 12.99999999999999822, 43.09152008410384838 ) ) ;
#719 = CARTESIAN_POINT ( 'NONE',  ( 130.8915474396006573, 10.00000000000000355, 34.33004707899400643 ) ) ;
#720 = VERTEX_POINT ( 'NONE', #4751 ) ;
#721 = EDGE_CURVE ( 'NONE', #2180, #5618, #5020, .T. ) ;
#722 = DIRECTION ( 'NONE',  ( 1.445602896647337931E-16, 0.000000000000000000, 1.000000000000000000 ) ) ;
#723 = CARTESIAN_POINT ( 'NONE',  ( 76.22246253115355330, 13.00000000000000178, 52.21711670801605010 ) ) ;
#724 = CARTESIAN_POINT ( 'NONE',  ( 170.1976480181062357, 9.999999999999996447, 47.32492151431057437 ) ) ;
#725 = CARTESIAN_POINT ( 'NONE',  ( 262.2944367108287338, 10.00000000000000000, 30.94152911633933201 ) ) ;
#726 = CARTESIAN_POINT ( 'NONE',  ( 296.5030604351463808, 10.00000000000000000, 91.13552925583975650 ) ) ;
#727 = CARTESIAN_POINT ( 'NONE',  ( 23.43400099269201675, 13.00000000000000178, 55.67865516955451000 ) ) ;
#728 = CARTESIAN_POINT ( 'NONE',  ( 232.2130822557030285, 12.99999999999999822, 55.97469248834503475 ) ) ;
#729 = DIRECTION ( 'NONE',  ( -0.000000000000000000, -1.000000000000000000, -0.000000000000000000 ) ) ;
#730 = EDGE_CURVE ( 'NONE', #3538, #2067, #66, .T. ) ;
#731 = DIRECTION ( 'NONE',  ( 0.000000000000000000, 0.000000000000000000, 1.000000000000000000 ) ) ;
#732 = CARTESIAN_POINT ( 'NONE',  ( 208.6169527888063158, 9.999999999999994671, 15.64165478275355703 ) ) ;
#733 = DIRECTION ( 'NONE',  ( -0.000000000000000000, 1.000000000000000000, -0.000000000000000000 ) ) ;
#734 = VECTOR ( 'NONE', #5262, 1000.000000000000000 ) ;
#735 = CARTESIAN_POINT ( 'NONE',  ( 126.6760274364471854, 13.00000000000000178, 28.88844264653696570 ) ) ;
#736 = EDGE_LOOP ( 'NONE', ( #632, #7028, #7207, #3645 ) ) ;
#737 = DIRECTION ( 'NONE',  ( 1.000000000000000000, 0.000000000000000000, 0.000000000000000000 ) ) ;
#738 = ADVANCED_FACE ( 'NONE', ( #3207 ), #5927, .T. ) ;
#739 = ORIENTED_EDGE ( 'NONE', *, *, #4595, .F. ) ;
#740 = DATE_AND_TIME ( #4796, #7115 ) ;
#741 = ORIENTED_EDGE ( 'NONE', *, *, #89, .T. ) ;
#742 = VECTOR ( 'NONE', #6107, 1000.000000000000000 ) ;
#743 = CARTESIAN_POINT ( 'NONE',  ( 158.5785505994192022, 9.999999999999992895, 26.29246377247113742 ) ) ;
#744 = VERTEX_POINT ( 'NONE', #6624 ) ;
#745 = CARTESIAN_POINT ( 'NONE',  ( 105.3570779157689259, 13.00000000000000178, 55.67865516955451000 ) ) ;
#746 = CARTESIAN_POINT ( 'NONE',  ( 50.74104153940528761, 9.999999999999998224, 27.76425600143821981 ) ) ;
#747 = VERTEX_POINT ( 'NONE', #3917 ) ;
#748 = ORIENTED_EDGE ( 'NONE', *, *, #2221, .T. ) ;
#749 = CARTESIAN_POINT ( 'NONE',  ( 111.2983725799905557, 12.99999999999999822, 23.90595197038395270 ) ) ;
#750 = DIRECTION ( 'NONE',  ( 0.000000000000000000, 0.000000000000000000, -1.000000000000000000 ) ) ;
#751 = CARTESIAN_POINT ( 'NONE',  ( 171.9256277958131136, 10.00000000000000178, 34.30832736025863028 ) ) ;
#752 = CARTESIAN_POINT ( 'NONE',  ( 23.43400099269201675, 10.00000000000000000, 10.67865516955451177 ) ) ;
#753 = CARTESIAN_POINT ( 'NONE',  ( 225.8887424913839084, 12.99999999999999822, 29.99652280208668742 ) ) ;
#754 = CARTESIAN_POINT ( 'NONE',  ( 107.4950874483106134, 10.00000000000000355, 46.51881670650020340 ) ) ;
#755 = LINE ( 'NONE', #1318, #6481 ) ;
#756 = ORIENTED_EDGE ( 'NONE', *, *, #6301, .T. ) ;
#757 = CARTESIAN_POINT ( 'NONE',  ( 76.22246253115355330, 10.00000000000000000, 52.21711670801605010 ) ) ;
#758 = B_SPLINE_CURVE_WITH_KNOTS ( 'NONE', 3,
 ( #3443, #2819, #3933, #4008, #2228, #4041, #6309, #1230, #2781, #6276, #5719 ),
 .UNSPECIFIED., .F., .F.,
 ( 4, 1, 1, 1, 1, 1, 1, 1, 4 ),
 ( 0.000000000000000000, 0.1289191318119614627, 0.2552377249249068170, 0.3786785959785507472, 0.5010878871851329741, 0.6227136794297775113, 0.7462407949383829120, 0.8715890472316700777, 1.000000000000000000 ),
 .UNSPECIFIED. ) ;
#759 = CARTESIAN_POINT ( 'NONE',  ( 237.7613811538903121, 10.00000000000000355, 52.16757358478884044 ) ) ;
#760 = CARTESIAN_POINT ( 'NONE',  ( 221.9298045334472249, 12.99999999999999822, 37.83863311149119824 ) ) ;
#761 = CARTESIAN_POINT ( 'NONE',  ( 171.1405086526396246, 10.00000000000000000, 45.90346757233245256 ) ) ;
#762 = B_SPLINE_SURFACE_WITH_KNOTS ( 'NONE', 3, 1, ( 
 ( #5521, #6695 ),
 ( #7265, #1543 ),
 ( #3355, #2659 ),
 ( #544, #3807 ),
 ( #1619, #1031 ),
 ( #3883, #6658 ),
 ( #6079, #2797 ) ),
 .UNSPECIFIED., .F., .F., .F.,
 ( 4, 1, 1, 1, 4 ),
 ( 2, 2 ),
 ( 0.000000000000000000, 0.2534754346498641620, 0.5004533151029052496, 0.7455781350009833552, 0.9999999999999998890 ),
 ( 0.000000000000000000, 1.000000000000000000 ),
 .UNSPECIFIED. ) ;
#763 = DIRECTION ( 'NONE',  ( 0.8493950987732619140, 0.000000000000000000, -0.5277574880377926547 ) ) ;
#764 = CARTESIAN_POINT ( 'NONE',  ( 268.5883243174824884, 13.00000000000000178, 42.24432870246182858 ) ) ;
#765 = ADVANCED_FACE ( 'NONE', ( #7229 ), #2733, .T. ) ;
#766 = CARTESIAN_POINT ( 'NONE',  ( 162.4304911582253794, 12.99999999999999822, 26.47698183340407141 ) ) ;
#767 = LINE ( 'NONE', #1403, #6241 ) ;
#768 = CARTESIAN_POINT ( 'NONE',  ( 59.84345593206846559, 13.00000000000000178, 44.17462676927348753 ) ) ;
#769 = CARTESIAN_POINT ( 'NONE',  ( 42.16352877540221300, 13.00000000000000178, 29.73152933194667824 ) ) ;
#770 = CARTESIAN_POINT ( 'NONE',  ( 207.4165728040570684, 9.999999999999998224, 15.85933683266941685 ) ) ;
#771 = CARTESIAN_POINT ( 'NONE',  ( 219.1212241707876842, 9.999999999999996447, 45.97905164707838566 ) ) ;
#772 = ADVANCED_FACE ( 'NONE', ( #996 ), #762, .T. ) ;
#773 = CARTESIAN_POINT ( 'NONE',  ( 265.6807603940166018, 12.99999999999999822, 22.23388263199883497 ) ) ;
#774 = B_SPLINE_CURVE_WITH_KNOTS ( 'NONE', 3,
 ( #5338, #3621, #883, #2590, #3018, #331, #1439, #4860, #2553, #1991, #1366, #842, #4188, #5968, #768, #220, #2475, #7116, #806 ),
 .UNSPECIFIED., .F., .F.,
 ( 4, 1, 1, 1, 1, 1, 1, 1, 1, 1, 1, 1, 1, 1, 1, 1, 4 ),
 ( 0.000000000000000000, 0.06874226160548913001, 0.1346351922242772781, 0.1983241870671474671, 0.2608250125604210656, 0.3227135881590247890, 0.3845545346076189586, 0.4469128577247561962, 0.5109576325148292852, 0.5749307010013356978, 0.6366845377960934638, 0.6974831152940621504, 0.7571338075238546184, 0.8169656636752642420, 0.8768183516571962377, 0.9376625803840034079, 1.000000000000000000 ),
 .UNSPECIFIED. ) ;
#775 = ORIENTED_EDGE ( 'NONE', *, *, #7224, .T. ) ;
#776 = CARTESIAN_POINT ( 'NONE',  ( 59.24626811365698842, 10.00000000000000000, 37.68610094412792932 ) ) ;
#777 = EDGE_LOOP ( 'NONE', ( #2002, #4080, #1813, #3327 ) ) ;
#778 = CARTESIAN_POINT ( 'NONE',  ( 63.46431754618246401, 13.00000000000000178, 36.74271487803988379 ) ) ;
#779 = CARTESIAN_POINT ( 'NONE',  ( 0.000000000000000000, 0.000000000000000000, 0.000000000000000000 ) ) ;
#780 = PLANE ( 'NONE',  #2442 ) ;
#781 = DIRECTION ( 'NONE',  ( 0.000000000000000000, 6.621060267856153563E-14, 1.000000000000000000 ) ) ;
#782 = VERTEX_POINT ( 'NONE', #2243 ) ;
#783 = VECTOR ( 'NONE', #3955, 1000.000000000000000 ) ;
#784 = EDGE_CURVE ( 'NONE', #977, #7052, #511, .T. ) ;
#785 = CARTESIAN_POINT ( 'NONE',  ( 273.4452970433682708, 10.00000000000000000, 52.80238340372587658 ) ) ;
#786 = PLANE ( 'NONE',  #799 ) ;
#787 = CYLINDRICAL_SURFACE ( 'NONE', #2269, 1.500000000000001332 ) ;
#788 = ORIENTED_EDGE ( 'NONE', *, *, #3854, .F. ) ;
#789 = ORIENTED_EDGE ( 'NONE', *, *, #6311, .F. ) ;
#790 = CARTESIAN_POINT ( 'NONE',  ( 51.70323176192279391, 13.00000000000000178, 22.71290997724682370 ) ) ;
#791 = DIRECTION ( 'NONE',  ( -0.000000000000000000, -1.000000000000000000, -0.000000000000000000 ) ) ;
#792 = CARTESIAN_POINT ( 'NONE',  ( 266.2683420793418918, 13.00000000000000178, 26.26939804190523375 ) ) ;
#793 = DIRECTION ( 'NONE',  ( 0.000000000000000000, 1.000000000000000000, 0.000000000000000000 ) ) ;
#794 = CARTESIAN_POINT ( 'NONE',  ( 224.9523695431874728, 13.00000000000000533, 30.95307710042516902 ) ) ;
#795 = CARTESIAN_POINT ( 'NONE',  ( 118.1508276059868479, 13.00000000000000178, 52.20888579742073432 ) ) ;
#796 = CARTESIAN_POINT ( 'NONE',  ( 3.505202749622875924, 0.000000000000000000, 85.13552925583975650 ) ) ;
#797 = ORIENTED_EDGE ( 'NONE', *, *, #7171, .T. ) ;
#798 = CARTESIAN_POINT ( 'NONE',  ( 93.20414394236230748, 13.00000000000000533, 40.98330159229981717 ) ) ;
#799 = AXIS2_PLACEMENT_3D ( 'NONE', #4202, #119, #1969 ) ;
#800 = CARTESIAN_POINT ( 'NONE',  ( 244.1142419152643583, 10.00000000000000533, 49.98895949049025234 ) ) ;
#801 = PLANE ( 'NONE',  #200 ) ;
#802 = CARTESIAN_POINT ( 'NONE',  ( 175.7303345761708329, 13.00000000000000178, 45.68995293521116707 ) ) ;
#803 = CARTESIAN_POINT ( 'NONE',  ( 266.5529913773073645, 10.00000000000000178, 26.25557824647759020 ) ) ;
#804 = DIRECTION ( 'NONE',  ( -0.000000000000000000, -1.000000000000000000, -0.000000000000000000 ) ) ;
#805 = CARTESIAN_POINT ( 'NONE',  ( 222.9814585303839465, 13.00000000000000178, 51.39886621148816914 ) ) ;
#806 = CARTESIAN_POINT ( 'NONE',  ( 59.20323176192279391, 13.00000000000000178, 39.32649170801605720 ) ) ;
#807 = CARTESIAN_POINT ( 'NONE',  ( 118.6082798388458457, 13.00000000000000178, 52.21711670801605010 ) ) ;
#808 = EDGE_CURVE ( 'NONE', #3754, #637, #4519, .T. ) ;
#809 = CARTESIAN_POINT ( 'NONE',  ( 267.9198883782851226, 12.99999999999999822, 41.81234663441988886 ) ) ;
#810 = CARTESIAN_POINT ( 'NONE',  ( 118.1173161214187104, 10.00000000000000000, 22.23512785698201455 ) ) ;
#811 = CARTESIAN_POINT ( 'NONE',  ( 271.4510595817270087, 13.00000000000000178, 47.95829000000606612 ) ) ;
#812 = DIRECTION ( 'NONE',  ( 0.000000000000000000, 1.000000000000000000, 0.000000000000000000 ) ) ;
#813 = ORIENTED_EDGE ( 'NONE', *, *, #193, .F. ) ;
#814 = APPROVAL_DATE_TIME ( #1810, #5620 ) ;
#815 = EDGE_CURVE ( 'NONE', #4911, #429, #4966, .T. ) ;
#816 = CARTESIAN_POINT ( 'NONE',  ( 159.8763086849996853, 9.999999999999996447, 26.25557824647759020 ) ) ;
#817 = VERTEX_POINT ( 'NONE', #2139 ) ;
#818 = CARTESIAN_POINT ( 'NONE',  ( 271.3438869411630208, 9.999999999999996447, 54.71743762255405130 ) ) ;
#819 = ORIENTED_EDGE ( 'NONE', *, *, #7313, .F. ) ;
#820 = CARTESIAN_POINT ( 'NONE',  ( 40.90879472430198405, 10.00000000000000355, 34.54521369233722794 ) ) ;
#821 = CARTESIAN_POINT ( 'NONE',  ( 118.6082798388458457, 10.00000000000000000, 52.21711670801605010 ) ) ;
#822 = VERTEX_POINT ( 'NONE', #6770 ) ;
#823 = CARTESIAN_POINT ( 'NONE',  ( 67.77467620528580028, 13.00000000000000178, 24.31586953115352401 ) ) ;
#824 = EDGE_LOOP ( 'NONE', ( #1077, #4216, #6978, #121 ) ) ;
#825 = EDGE_CURVE ( 'NONE', #2845, #2088, #3286, .T. ) ;
#826 = CARTESIAN_POINT ( 'NONE',  ( 51.30388250734647215, 10.00000000000000355, 26.18039338463257337 ) ) ;
#827 = B_SPLINE_SURFACE_WITH_KNOTS ( 'NONE', 3, 1, ( 
 ( #5174, #214 ),
 ( #2354, #98 ),
 ( #4632, #6993 ),
 ( #5212, #5290 ),
 ( #4596, #2470 ),
 ( #3992, #1287 ),
 ( #6403, #1796 ),
 ( #615, #687 ),
 ( #6957, #3427 ),
 ( #2940, #134 ),
 ( #2392, #6259 ) ),
 .UNSPECIFIED., .F., .F., .F.,
 ( 4, 1, 1, 1, 1, 1, 1, 1, 4 ),
 ( 2, 2 ),
 ( 0.000000000000000000, 0.1582230975563203301, 0.3050355053581685905, 0.4413089638879046928, 0.5659632271047256857, 0.6835251144150593650, 0.7933341296296032574, 0.8985175121609998428, 1.000000000000000000 ),
 ( 0.000000000000000000, 1.000000000000000000 ),
 .UNSPECIFIED. ) ;
#828 = CARTESIAN_POINT ( 'NONE',  ( 33.33333333333334991, 20.00000000000000000, 96.43724644492834841 ) ) ;
#829 = CARTESIAN_POINT ( 'NONE',  ( 172.6344055276090614, 10.00000000000000178, 36.74274507341615248 ) ) ;
#830 = CARTESIAN_POINT ( 'NONE',  ( 199.9999999999999432, 20.00000000000000000, 96.43724644492834841 ) ) ;
#831 = CARTESIAN_POINT ( 'NONE',  ( 92.98897840134107184, 12.99999999999999822, 36.07084819850648927 ) ) ;
#832 = CARTESIAN_POINT ( 'NONE',  ( 106.8366697457079226, 9.999999999999996447, 45.43243853591649639 ) ) ;
#833 = CARTESIAN_POINT ( 'NONE',  ( 89.18262711592434755, 13.00000000000000533, 39.92894361021895122 ) ) ;
#834 = EDGE_LOOP ( 'NONE', ( #5498, #6821, #2486, #535 ) ) ;
#835 = EDGE_CURVE ( 'NONE', #3223, #6935, #2937, .T. ) ;
#836 = CARTESIAN_POINT ( 'NONE',  ( 63.63681007277763513, 12.99999999999999822, 42.75280354557251883 ) ) ;
#837 = CARTESIAN_POINT ( 'NONE',  ( 249.3275743253719838, 9.999999999999996447, 51.15151690515788374 ) ) ;
#838 = CARTESIAN_POINT ( 'NONE',  ( 248.7599134108042733, 13.00000000000000178, 26.67470044327429690 ) ) ;
#839 = CARTESIAN_POINT ( 'NONE',  ( 172.8364732697704653, 10.00000000000000178, 39.92894361021894412 ) ) ;
#840 = CARTESIAN_POINT ( 'NONE',  ( 272.8893095844219943, 10.00000000000000000, 24.85803738660894524 ) ) ;
#841 = DIRECTION ( 'NONE',  ( -1.000000000000000000, 0.000000000000000000, 1.445602896647337931E-16 ) ) ;
#842 = CARTESIAN_POINT ( 'NONE',  ( 61.86306034142900501, 13.00000000000000178, 48.56086047141886297 ) ) ;
#843 = CARTESIAN_POINT ( 'NONE',  ( 130.9205577032446968, 12.99999999999999822, 27.18508806627034247 ) ) ;
#844 = CARTESIAN_POINT ( 'NONE',  ( 209.8365498197605348, 12.99999999999999822, 14.86810016838232329 ) ) ;
#845 = CARTESIAN_POINT ( 'NONE',  ( 222.9814585303839465, 10.00000000000000000, 51.39886621148816914 ) ) ;
#846 = CARTESIAN_POINT ( 'NONE',  ( 246.7837590849377420, 10.00000000000000178, 47.81229957596300295 ) ) ;
#847 = EDGE_LOOP ( 'NONE', ( #909, #6494, #2263, #5689 ) ) ;
#848 = VECTOR ( 'NONE', #4916, 1000.000000000000000 ) ;
#849 = ORIENTED_EDGE ( 'NONE', *, *, #1775, .F. ) ;
#850 = CARTESIAN_POINT ( 'NONE',  ( 274.2510690374403453, 10.00000000000000178, 42.05166284009401778 ) ) ;
#851 = PERSON_AND_ORGANIZATION ( #371, #368 ) ;
#852 = CARTESIAN_POINT ( 'NONE',  ( 271.2279744507642931, 13.00000000000000178, 23.66934785016327325 ) ) ;
#853 = ORIENTED_EDGE ( 'NONE', *, *, #2716, .F. ) ;
#854 = CARTESIAN_POINT ( 'NONE',  ( 266.4843525693346464, 9.999999999999996447, 36.12149079560631293 ) ) ;
#855 = B_SPLINE_CURVE_WITH_KNOTS ( 'NONE', 3,
 ( #6130, #4390, #6097, #2674, #5081, #5048, #3334, #2153, #6201, #7320, #1050 ),
 .UNSPECIFIED., .F., .F.,
 ( 4, 1, 1, 1, 1, 1, 1, 1, 4 ),
 ( 0.000000000000000000, 0.1762577548178000664, 0.3384344138804754043, 0.4848220507878356345, 0.6171575782663315524, 0.7346983606124759536, 0.8373851838323598251, 0.9263724209295839396, 1.000000000000000000 ),
 .UNSPECIFIED. ) ;
#856 = EDGE_CURVE ( 'NONE', #720, #782, #2806, .T. ) ;
#857 = VERTEX_POINT ( 'NONE', #6326 ) ;
#858 = CARTESIAN_POINT ( 'NONE',  ( 27.47246253115355330, 10.00000000000000000, 55.67865516955451000 ) ) ;
#859 = VECTOR ( 'NONE', #5033, 1000.000000000000000 ) ;
#860 = ORIENTED_EDGE ( 'NONE', *, *, #2406, .F. ) ;
#861 = CARTESIAN_POINT ( 'NONE',  ( 69.31399668419669524, 12.99999999999999822, 23.55117533247613792 ) ) ;
#862 = EDGE_LOOP ( 'NONE', ( #7242, #4842, #2090, #5873 ) ) ;
#863 = CARTESIAN_POINT ( 'NONE',  ( 43.97184990145562011, 10.00000000000000000, 33.79617640210817342 ) ) ;
#864 = CARTESIAN_POINT ( 'NONE',  ( 41.68103140706259779, 10.00000000000000355, 15.72197958160596443 ) ) ;
#865 = CARTESIAN_POINT ( 'NONE',  ( 267.2554533475340008, 13.00000000000000178, 36.59674768702765135 ) ) ;
#866 = CARTESIAN_POINT ( 'NONE',  ( 147.8484798251115251, 9.999999999999996447, 44.36742735852764952 ) ) ;
#867 = CARTESIAN_POINT ( 'NONE',  ( 105.3570779157689259, 10.00000000000000000, 55.67865516955451000 ) ) ;
#868 = CARTESIAN_POINT ( 'NONE',  ( 262.3333159619622847, 9.999999999999998224, 51.36201978883899244 ) ) ;
#869 = EDGE_CURVE ( 'NONE', #6094, #6981, #6258, .T. ) ;
#870 = CARTESIAN_POINT ( 'NONE',  ( 209.8362344528934216, 10.00000000000000000, 9.950942365596013417 ) ) ;
#871 = CARTESIAN_POINT ( 'NONE',  ( 84.16397387552663645, 12.99999999999999822, 49.68871016550135522 ) ) ;
#872 = CARTESIAN_POINT ( 'NONE',  ( 272.8012650711526135, 10.00000000000000000, 53.50745574887021405 ) ) ;
#873 = VERTEX_POINT ( 'NONE', #6846 ) ;
#874 = CARTESIAN_POINT ( 'NONE',  ( 171.9061096303393867, 13.00000000000000178, 44.36981161685031338 ) ) ;
#875 = B_SPLINE_CURVE_WITH_KNOTS ( 'NONE', 3,
 ( #3320, #6042, #1509, #1030, #5597, #1541, #1617, #4965, #957, #2138, #4793, #6734, #3882, #2765, #5032 ),
 .UNSPECIFIED., .F., .F.,
 ( 4, 1, 1, 1, 1, 1, 1, 1, 1, 1, 1, 1, 4 ),
 ( 0.000000000000000000, 0.08599252871053628122, 0.1697355739746239656, 0.2526871184561421679, 0.3365262885920238811, 0.4198561141919587292, 0.5024566706100790370, 0.5852647562462206521, 0.6697998313920894287, 0.7544074688475805868, 0.8369499629815877473, 0.9179410084068618803, 1.000000000000000000 ),
 .UNSPECIFIED. ) ;
#876 = CARTESIAN_POINT ( 'NONE',  ( 238.3946932500159051, 10.00000000000000178, 56.13681186778541843 ) ) ;
#877 = CARTESIAN_POINT ( 'NONE',  ( 205.0963148191009964, 9.999999999999996447, 9.507744589110700417 ) ) ;
#878 = CARTESIAN_POINT ( 'NONE',  ( 160.5050774056340970, 13.00000000000000178, 56.23992967380382879 ) ) ;
#879 = CARTESIAN_POINT ( 'NONE',  ( 229.0214509580465858, 13.00000000000000178, 23.47680081112143569 ) ) ;
#880 = ADVANCED_FACE ( 'NONE', ( #686 ), #1762, .T. ) ;
#881 = DIRECTION ( 'NONE',  ( -0.6227882322439380891, 0.000000000000000000, -0.7823904509760268855 ) ) ;
#882 = FACE_OUTER_BOUND ( 'NONE', #1192, .T. ) ;
#883 = CARTESIAN_POINT ( 'NONE',  ( 74.42473393002853754, 12.99999999999999822, 56.20912576598384192 ) ) ;
#884 = CARTESIAN_POINT ( 'NONE',  ( 271.5109240696151574, 9.999999999999998224, 46.92565036186221050 ) ) ;
#885 = CARTESIAN_POINT ( 'NONE',  ( 209.2630086068790547, 9.999999999999994671, 15.31116528254609577 ) ) ;
#886 = CARTESIAN_POINT ( 'NONE',  ( 265.4171740696150437, 10.00000000000000000, 40.39920805416989680 ) ) ;
#887 = CARTESIAN_POINT ( 'NONE',  ( 266.2580605849502717, 13.00000000000000178, 22.22278583390078666 ) ) ;
#888 = CARTESIAN_POINT ( 'NONE',  ( 236.5841083987627940, 13.00000000000000178, 26.27182945671576775 ) ) ;
#889 = B_SPLINE_SURFACE_WITH_KNOTS ( 'NONE', 3, 1, ( 
 ( #2176, #2662 ),
 ( #6011, #4968 ),
 ( #2738, #6556 ),
 ( #4414, #6662 ),
 ( #3848, #6117 ),
 ( #927, #1035 ),
 ( #5566, #6701 ),
 ( #4451, #5450 ),
 ( #7158, #1625 ),
 ( #3886, #6156 ),
 ( #1074, #4600 ) ),
 .UNSPECIFIED., .F., .F., .F.,
 ( 4, 1, 1, 1, 1, 1, 1, 1, 4 ),
 ( 2, 2 ),
 ( 0.000000000000000000, 0.1283242377690987646, 0.2525844750621367707, 0.3735064833109031923, 0.4933644513855727221, 0.6146085973434214367, 0.7384702442356674279, 0.8659947178700190262, 1.000000000000000000 ),
 ( 0.000000000000000000, 1.000000000000000000 ),
 .UNSPECIFIED. ) ;
#890 = EDGE_LOOP ( 'NONE', ( #7347, #1235, #2429, #6211 ) ) ;
#891 = CARTESIAN_POINT ( 'NONE',  ( 160.3096044755128844, 10.00000000000000355, 26.26821605790786762 ) ) ;
#892 = ORIENTED_EDGE ( 'NONE', *, *, #455, .F. ) ;
#893 = CARTESIAN_POINT ( 'NONE',  ( 36.84196288684886156, 12.99999999999999822, 30.35764080010515542 ) ) ;
#894 = CARTESIAN_POINT ( 'NONE',  ( 247.9382077234612325, 13.00000000000000178, 46.44788593878527649 ) ) ;
#895 = ORIENTED_EDGE ( 'NONE', *, *, #4139, .T. ) ;
#896 = CARTESIAN_POINT ( 'NONE',  ( 198.8186163773073929, 13.00000000000000178, 26.83250132340066685 ) ) ;
#897 = ORIENTED_EDGE ( 'NONE', *, *, #3366, .F. ) ;
#898 = CARTESIAN_POINT ( 'NONE',  ( 270.9520998640959419, 9.999999999999998224, 38.80129633106556497 ) ) ;
#899 = EDGE_LOOP ( 'NONE', ( #6088, #2746, #6058, #4200 ) ) ;
#900 = CARTESIAN_POINT ( 'NONE',  ( 272.2320779157688548, 10.00000000000000000, 29.71711670801606431 ) ) ;
#901 = EDGE_CURVE ( 'NONE', #4719, #6246, #1246, .T. ) ;
#902 = CARTESIAN_POINT ( 'NONE',  ( 221.9638595182215397, 13.00000000000000178, 40.86525990566887856 ) ) ;
#903 = CARTESIAN_POINT ( 'NONE',  ( 272.2320779157689117, 13.00000000000000178, 29.71711670801605010 ) ) ;
#904 = CARTESIAN_POINT ( 'NONE',  ( 64.12763947071891835, 9.999999999999998224, 27.22500759893230438 ) ) ;
#905 = CARTESIAN_POINT ( 'NONE',  ( 198.8186163773073929, 13.00000000000000178, 26.83250132340066685 ) ) ;
#906 = VECTOR ( 'NONE', #4884, 1000.000000000000000 ) ;
#907 = CARTESIAN_POINT ( 'NONE',  ( 243.9742009659532869, 13.00000000000000178, 54.74485690923872738 ) ) ;
#908 = VERTEX_POINT ( 'NONE', #133 ) ;
#909 = ORIENTED_EDGE ( 'NONE', *, *, #1353, .F. ) ;
#910 = CARTESIAN_POINT ( 'NONE',  ( 93.24169330038431269, 13.00000000000000178, 39.32649170801605010 ) ) ;
#911 = EDGE_CURVE ( 'NONE', #5435, #1263, #2391, .T. ) ;
#912 = CARTESIAN_POINT ( 'NONE',  ( 241.1035593871445997, 10.00000000000000355, 51.43764019556537193 ) ) ;
#913 = VECTOR ( 'NONE', #6203, 1000.000000000000000 ) ;
#914 = CARTESIAN_POINT ( 'NONE',  ( 204.5224560441957635, 10.00000000000000000, 9.948043036141879014 ) ) ;
#915 = CARTESIAN_POINT ( 'NONE',  ( 135.8867573379511100, 13.00000000000000178, 41.00740946308430779 ) ) ;
#916 = CARTESIAN_POINT ( 'NONE',  ( 223.1048280022138499, 12.99999999999999822, 27.17810217494732683 ) ) ;
#917 = DIRECTION ( 'NONE',  ( -0.000000000000000000, -1.000000000000000000, -0.000000000000000000 ) ) ;
#918 = FACE_OUTER_BOUND ( 'NONE', #7096, .T. ) ;
#919 = CARTESIAN_POINT ( 'NONE',  ( 172.8205122124952311, 10.00000000000000000, 38.03183376247474001 ) ) ;
#920 = AXIS2_PLACEMENT_3D ( 'NONE', #354, #2611, #7142 ) ;
#921 = CARTESIAN_POINT ( 'NONE',  ( 146.2953973539385970, 9.999999999999998224, 28.89569817435986465 ) ) ;
#922 = CARTESIAN_POINT ( 'NONE',  ( 296.5030604351463808, 0.000000000000000000, 91.13552925583975650 ) ) ;
#923 = EDGE_CURVE ( 'NONE', #1418, #3779, #3596, .T. ) ;
#924 = EDGE_CURVE ( 'NONE', #4693, #4013, #4043, .T. ) ;
#925 = CARTESIAN_POINT ( 'NONE',  ( 232.2052510873186293, 10.00000000000000000, 51.83375009761790153 ) ) ;
#926 = CARTESIAN_POINT ( 'NONE',  ( 122.0794282128132124, 9.999999999999996447, 55.97938366380669351 ) ) ;
#927 = CARTESIAN_POINT ( 'NONE',  ( 242.7644258233108019, 13.00000000000000533, 27.66326462829134059 ) ) ;
#928 = FACE_BOUND ( 'NONE', #6205, .T. ) ;
#929 = CARTESIAN_POINT ( 'NONE',  ( 266.0954375132514542, 12.99999999999999822, 52.19949181695633200 ) ) ;
#930 = EDGE_LOOP ( 'NONE', ( #892, #6758, #6719, #3941 ) ) ;
#931 = CARTESIAN_POINT ( 'NONE',  ( 205.1647702234612041, 13.00000000000000178, 55.67865516955451000 ) ) ;
#932 = CARTESIAN_POINT ( 'NONE',  ( 198.8186163773073929, 13.00000000000000178, 26.83250132340066685 ) ) ;
#933 = CARTESIAN_POINT ( 'NONE',  ( 269.7245174926487152, 10.00000000000000000, 22.86219213334891975 ) ) ;
#934 = FACE_OUTER_BOUND ( 'NONE', #626, .T. ) ;
#935 = ORIENTED_EDGE ( 'NONE', *, *, #4457, .F. ) ;
#936 = CARTESIAN_POINT ( 'NONE',  ( 66.66666666666668561, 20.00000000000000000, 96.43724644492834841 ) ) ;
#937 = ORIENTED_EDGE ( 'NONE', *, *, #141, .F. ) ;
#938 = FACE_OUTER_BOUND ( 'NONE', #847, .T. ) ;
#939 = VERTEX_POINT ( 'NONE', #2867 ) ;
#940 = CARTESIAN_POINT ( 'NONE',  ( 273.8758707181020782, 10.00000000000000000, 41.48137187947865101 ) ) ;
#941 = CARTESIAN_POINT ( 'NONE',  ( 67.90501762003756880, 12.99999999999999822, 54.30116045740353314 ) ) ;
#942 = CARTESIAN_POINT ( 'NONE',  ( 76.24049137730740711, 13.00000000000000178, 22.21711670801605010 ) ) ;
#943 = CARTESIAN_POINT ( 'NONE',  ( 90.72052530168139128, 13.00000000000000178, 30.19945250396720127 ) ) ;
#944 = CARTESIAN_POINT ( 'NONE',  ( 66.32832707672262984, 10.00000000000000355, 25.26621905222125619 ) ) ;
#945 = CARTESIAN_POINT ( 'NONE',  ( 225.8409190461949265, 10.00000000000000178, 25.06393394748854320 ) ) ;
#946 = ORIENTED_EDGE ( 'NONE', *, *, #2948, .F. ) ;
#947 = CARTESIAN_POINT ( 'NONE',  ( 274.0094030514002839, 10.00000000000000000, 52.05183572214823329 ) ) ;
#948 = ORIENTED_EDGE ( 'NONE', *, *, #289, .F. ) ;
#949 = CARTESIAN_POINT ( 'NONE',  ( 92.07648842232470088, 10.00000000000000355, 45.68995293521118839 ) ) ;
#950 = CARTESIAN_POINT ( 'NONE',  ( 271.2528258097289608, 13.00000000000000533, 45.25284202159038927 ) ) ;
#951 = CARTESIAN_POINT ( 'NONE',  ( 47.64931438089493554, 13.00000000000000178, 22.34201103478820372 ) ) ;
#952 = CARTESIAN_POINT ( 'NONE',  ( 147.0051367307828514, 13.00000000000000178, 28.07641428828479491 ) ) ;
#953 = CARTESIAN_POINT ( 'NONE',  ( 226.8589903364968450, 13.00000000000000178, 24.46670660611007264 ) ) ;
#954 = CARTESIAN_POINT ( 'NONE',  ( 296.5030604351463808, 0.000000000000000000, 85.13552925583971387 ) ) ;
#955 = EDGE_CURVE ( 'NONE', #747, #5502, #5138, .T. ) ;
#956 = CARTESIAN_POINT ( 'NONE',  ( 165.9486976088024051, 13.00000000000000178, 27.73711313570966297 ) ) ;
#957 = CARTESIAN_POINT ( 'NONE',  ( 129.1595547980141419, 9.999999999999998224, 47.23022548091796580 ) ) ;
#958 = CARTESIAN_POINT ( 'NONE',  ( 271.4907367073034834, 12.99999999999999822, 47.27387468061781561 ) ) ;
#959 = DIRECTION ( 'NONE',  ( -1.000000000000000000, 0.000000000000000000, 0.000000000000000000 ) ) ;
#960 = CARTESIAN_POINT ( 'NONE',  ( 64.72329372570555961, 9.999999999999996447, 33.17324729743000944 ) ) ;
#961 = CARTESIAN_POINT ( 'NONE',  ( 85.95272854146863040, 10.00000000000000000, 53.41633506828736699 ) ) ;
#962 = DIRECTION ( 'NONE',  ( 0.000000000000000000, 1.000000000000000000, 0.000000000000000000 ) ) ;
#963 = ADVANCED_FACE ( 'NONE', ( #1942 ), #4078, .T. ) ;
#964 = CARTESIAN_POINT ( 'NONE',  ( 268.9551042844478275, 13.00000000000000178, 51.36216517249793867 ) ) ;
#965 = VERTEX_POINT ( 'NONE', #7068 ) ;
#966 = FACE_OUTER_BOUND ( 'NONE', #6414, .T. ) ;
#967 = CARTESIAN_POINT ( 'NONE',  ( 206.4360534351737613, 10.00000000000000000, 15.83801621469398135 ) ) ;
#968 = B_SPLINE_CURVE_WITH_KNOTS ( 'NONE', 3,
 ( #5742, #4635, #6922, #6851, #3466, #5218, #140, #1185, #1217, #6883, #2247 ),
 .UNSPECIFIED., .F., .F.,
 ( 4, 1, 1, 1, 1, 1, 1, 1, 4 ),
 ( 0.000000000000000000, 0.1340420464623744423, 0.2618956736507359051, 0.3878360446911218173, 0.5176862058208254735, 0.6445086536782145270, 0.7647182630567269657, 0.8802907821585008730, 1.000000000000000000 ),
 .UNSPECIFIED. ) ;
#969 = AXIS2_PLACEMENT_3D ( 'NONE', #749, #5430, #3681 ) ;
#970 = CARTESIAN_POINT ( 'NONE',  ( 268.0944577234612325, 13.00000000000000178, 37.05485709263143690 ) ) ;
#971 = EDGE_CURVE ( 'NONE', #4349, #1011, #2361, .T. ) ;
#972 = ORIENTED_EDGE ( 'NONE', *, *, #3618, .F. ) ;
#973 = DIRECTION ( 'NONE',  ( 0.000000000000000000, 1.000000000000000000, 0.000000000000000000 ) ) ;
#974 = ORIENTED_EDGE ( 'NONE', *, *, #5686, .T. ) ;
#975 = CARTESIAN_POINT ( 'NONE',  ( 63.71044330038431980, 13.00000000000000178, 27.66182824647758665 ) ) ;
#976 = CARTESIAN_POINT ( 'NONE',  ( 64.19463367126532205, 10.00000000000000178, 44.36742735852764241 ) ) ;
#977 = VERTEX_POINT ( 'NONE', #4293 ) ;
#978 = AXIS2_PLACEMENT_3D ( 'NONE', #4763, #7015, #1859 ) ;
#979 = CARTESIAN_POINT ( 'NONE',  ( 154.5837652974741729, 10.00000000000000000, 22.94896581885098996 ) ) ;
#980 = CARTESIAN_POINT ( 'NONE',  ( 63.94426680299434906, 10.00000000000000000, 51.19863183340619628 ) ) ;
#981 = CARTESIAN_POINT ( 'NONE',  ( 207.1659721465381665, 13.00000000000000178, 8.947885938785283599 ) ) ;
#982 = CARTESIAN_POINT ( 'NONE',  ( 107.9738709085763873, 10.00000000000000000, 31.20610792422282387 ) ) ;
#983 = AXIS2_PLACEMENT_3D ( 'NONE', #1589, #3852, #731 ) ;
#984 = DIRECTION ( 'NONE',  ( -0.000000000000000000, -1.000000000000000000, -0.000000000000000000 ) ) ;
#985 = CARTESIAN_POINT ( 'NONE',  ( 239.5814028354742788, 13.00000000000000178, 55.99083570481851524 ) ) ;
#986 = EDGE_LOOP ( 'NONE', ( #570, #6105, #1415, #4125 ) ) ;
#987 = CARTESIAN_POINT ( 'NONE',  ( 274.4793033004889367, 10.00000000000000000, 51.25679823516406941 ) ) ;
#988 = ORIENTED_EDGE ( 'NONE', *, *, #3399, .F. ) ;
#989 = CARTESIAN_POINT ( 'NONE',  ( 84.54931953609968787, 13.00000000000000178, 54.30118323873841746 ) ) ;
#990 = CARTESIAN_POINT ( 'NONE',  ( 160.5113681819954081, 13.00000000000000178, 22.23025530837256269 ) ) ;
#991 = CARTESIAN_POINT ( 'NONE',  ( 47.83648981677112033, 9.999999999999998224, 13.86217964167699179 ) ) ;
#992 = CARTESIAN_POINT ( 'NONE',  ( 100.0000000000000142, 10.00000000000000000, 97.93724644492834841 ) ) ;
#993 = LINE ( 'NONE', #5442, #322 ) ;
#994 = CARTESIAN_POINT ( 'NONE',  ( 261.9231862620947595, 10.00000000000000000, 38.15909079819892469 ) ) ;
#995 = CARTESIAN_POINT ( 'NONE',  ( 217.8570779157689117, 13.00000000000000178, 39.50678016955451710 ) ) ;
#996 = FACE_OUTER_BOUND ( 'NONE', #3601, .T. ) ;
#997 = CARTESIAN_POINT ( 'NONE',  ( 221.8955394542304589, 13.00000000000000178, 39.14620324647759020 ) ) ;
#998 = EDGE_CURVE ( 'NONE', #6234, #5502, #6195, .T. ) ;
#999 = CARTESIAN_POINT ( 'NONE',  ( 69.05486384797013955, 10.00000000000000178, 28.39901308298623661 ) ) ;
#1000 = CARTESIAN_POINT ( 'NONE',  ( 76.24049137730740711, 10.00000000000000000, 56.25557824647759020 ) ) ;
#1001 = CARTESIAN_POINT ( 'NONE',  ( 144.6954594447745137, 9.999999999999994671, 47.15415927008314867 ) ) ;
#1002 = ORIENTED_EDGE ( 'NONE', *, *, #1726, .T. ) ;
#1003 = DIRECTION ( 'NONE',  ( -0.000000000000000000, -1.000000000000000000, -0.000000000000000000 ) ) ;
#1004 = CARTESIAN_POINT ( 'NONE',  ( 69.68124922928032561, 10.00000000000000178, 50.60091485706210790 ) ) ;
#1005 = ORIENTED_EDGE ( 'NONE', *, *, #7086, .T. ) ;
#1006 = CARTESIAN_POINT ( 'NONE',  ( 45.69241421349497756, 9.999999999999996447, 27.70855739275328133 ) ) ;
#1007 = ADVANCED_FACE ( 'NONE', ( #1465 ), #3128, .T. ) ;
#1008 = CARTESIAN_POINT ( 'NONE',  ( 263.5003310774487204, 10.00000000000000178, 33.79123581427600698 ) ) ;
#1009 = EDGE_LOOP ( 'NONE', ( #358, #3894, #5587, #3235 ) ) ;
#1010 = CARTESIAN_POINT ( 'NONE',  ( 100.0000000000000142, 20.00000000000000000, 96.43724644492834841 ) ) ;
#1011 = VERTEX_POINT ( 'NONE', #1610 ) ;
#1012 = CARTESIAN_POINT ( 'NONE',  ( 118.6713808003843127, 12.99999999999999822, 26.25557824647759020 ) ) ;
#1013 = ORIENTED_EDGE ( 'NONE', *, *, #5136, .F. ) ;
#1014 = CARTESIAN_POINT ( 'NONE',  ( 267.2582015176233199, 9.999999999999994671, 26.28844505435575485 ) ) ;
#1015 = CARTESIAN_POINT ( 'NONE',  ( 76.22246253115355330, 13.00000000000000178, 52.21711670801605010 ) ) ;
#1016 = FACE_OUTER_BOUND ( 'NONE', #4314, .T. ) ;
#1017 = CARTESIAN_POINT ( 'NONE',  ( 265.7056356080765909, 10.00000000000000000, 52.21711670801605010 ) ) ;
#1018 = CARTESIAN_POINT ( 'NONE',  ( 75.62347544612336492, 13.00000000000000178, 22.23054663170285750 ) ) ;
#1019 = CARTESIAN_POINT ( 'NONE',  ( 176.8955394542304589, 10.00000000000000000, 39.32649170801605010 ) ) ;
#1020 = ORIENTED_EDGE ( 'NONE', *, *, #2971, .T. ) ;
#1021 = CARTESIAN_POINT ( 'NONE',  ( 259.7471019542304589, 13.00000000000000178, 35.91002536186220340 ) ) ;
#1022 = VERTEX_POINT ( 'NONE', #6616 ) ;
#1023 = CARTESIAN_POINT ( 'NONE',  ( 250.5738780908943681, 9.999999999999998224, 28.72754176944540205 ) ) ;
#1024 = CARTESIAN_POINT ( 'NONE',  ( 163.4930301691976524, 13.00000000000000178, 22.53135216543616792 ) ) ;
#1025 = CARTESIAN_POINT ( 'NONE',  ( 51.36770078471574408, 10.00000000000000355, 19.59534718228816530 ) ) ;
#1026 = AXIS2_PLACEMENT_3D ( 'NONE', #3545, #4107, #763 ) ;
#1027 = CARTESIAN_POINT ( 'NONE',  ( 147.3642894542304589, 13.00000000000000178, 27.66182824647758665 ) ) ;
#1028 = LINE ( 'NONE', #7152, #6586 ) ;
#1029 = CARTESIAN_POINT ( 'NONE',  ( 118.1173161214187104, 10.00000000000000000, 22.23512785698201455 ) ) ;
#1030 = CARTESIAN_POINT ( 'NONE',  ( 122.0743826183713168, 10.00000000000000178, 51.83099387978796813 ) ) ;
#1031 = CARTESIAN_POINT ( 'NONE',  ( 270.9106605663886853, 9.999999999999998224, 44.47537984138838141 ) ) ;
#1032 = AXIS2_PLACEMENT_3D ( 'NONE', #1119, #2748, #5013 ) ;
#1033 = VECTOR ( 'NONE', #2803, 1000.000000000000000 ) ;
#1034 = CARTESIAN_POINT ( 'NONE',  ( 130.8744372433806120, 10.00000000000000000, 51.30542079965477598 ) ) ;
#1035 = CARTESIAN_POINT ( 'NONE',  ( 242.7644258233108019, 10.00000000000000355, 27.66326462829134059 ) ) ;
#1036 = DIRECTION ( 'NONE',  ( -0.000000000000000000, -1.000000000000000000, -0.000000000000000000 ) ) ;
#1037 = CIRCLE ( 'NONE', #4716, 1.649999999999987477 ) ;
#1038 = CARTESIAN_POINT ( 'NONE',  ( 266.3211023047935555, 10.00000000000000000, 40.88512705964600968 ) ) ;
#1039 = EDGE_CURVE ( 'NONE', #6648, #3562, #7221, .T. ) ;
#1040 = EDGE_LOOP ( 'NONE', ( #3707, #3345, #3121, #342 ) ) ;
#1041 = CARTESIAN_POINT ( 'NONE',  ( 86.12014088527280364, 13.00000000000000178, 25.24562575570681133 ) ) ;
#1042 = VERTEX_POINT ( 'NONE', #7256 ) ;
#1043 = CARTESIAN_POINT ( 'NONE',  ( 36.84196288684886156, 9.999999999999996447, 30.35764080010515542 ) ) ;
#1044 = CARTESIAN_POINT ( 'NONE',  ( 258.2620036164829003, 12.99999999999999822, 29.94567267777109620 ) ) ;
#1045 = VERTEX_POINT ( 'NONE', #2166 ) ;
#1046 = CARTESIAN_POINT ( 'NONE',  ( 81.17141253502838083, 13.00000000000000533, 27.18829004263529470 ) ) ;
#1047 = B_SPLINE_CURVE_WITH_KNOTS ( 'NONE', 3,
 ( #7218, #1569, #5434, #3309, #4888, #2050, #4436, #7143, #355, #2127, #6684, #5472, #465, #4398, #4328, #6646, #945, #5022, #3271, #6140, #1606, #3194, #6540, #2162, #6104, #7289, #2197 ),
 .UNSPECIFIED., .F., .F.,
 ( 4, 1, 1, 1, 1, 1, 1, 1, 1, 1, 1, 1, 1, 1, 1, 1, 1, 1, 1, 1, 1, 1, 1, 1, 4 ),
 ( 0.000000000000000000, 0.04129144695324718506, 0.08213550321446437541, 0.1226360352259628361, 0.1628308697551232309, 0.2030066005770552462, 0.2435260831621607891, 0.2841729362467873554, 0.3254098107964587538, 0.3668546660987572761, 0.4075505951658514592, 0.4481873740566100217, 0.4886828510840635076, 0.5290149651896812744, 0.5698427286954856896, 0.6113702381646682893, 0.6532377352823792727, 0.6954461190732809106, 0.7377513945470109968, 0.7800433605771135426, 0.8228070703900529637, 0.8659781422330313783, 0.9095950301662465431, 0.9542314047047882886, 1.000000000000000000 ),
 .UNSPECIFIED. ) ;
#1048 = EDGE_CURVE ( 'NONE', #3971, #2000, #2688, .T. ) ;
#1049 = ORIENTED_EDGE ( 'NONE', *, *, #7086, .F. ) ;
#1050 = CARTESIAN_POINT ( 'NONE',  ( 42.63472214653817360, 13.00000000000000178, 11.29163593878528005 ) ) ;
#1051 = EDGE_LOOP ( 'NONE', ( #935, #4832, #2032, #6056 ) ) ;
#1052 = DIRECTION ( 'NONE',  ( -0.000000000000000000, -1.000000000000000000, -0.000000000000000000 ) ) ;
#1053 = CARTESIAN_POINT ( 'NONE',  ( 23.43400099269201675, 13.00000000000000178, 10.67865516955451177 ) ) ;
#1054 = CARTESIAN_POINT ( 'NONE',  ( 175.7923152988092852, 13.00000000000000178, 33.02014799734767792 ) ) ;
#1055 = CARTESIAN_POINT ( 'NONE',  ( 120.4994046074226475, 10.00000000000000178, 22.26459004521377238 ) ) ;
#1056 = CARTESIAN_POINT ( 'NONE',  ( 76.24049137730740711, 13.00000000000000178, 56.25557824647759020 ) ) ;
#1057 = EDGE_CURVE ( 'NONE', #6558, #6315, #4439, .T. ) ;
#1058 = CARTESIAN_POINT ( 'NONE',  ( 237.1739900579885614, 9.999999999999996447, 56.24577976789078804 ) ) ;
#1059 = EDGE_LOOP ( 'NONE', ( #7279, #3965, #2235, #2879 ) ) ;
#1060 = EDGE_CURVE ( 'NONE', #4945, #6315, #4934, .T. ) ;
#1061 = ORIENTED_EDGE ( 'NONE', *, *, #374, .T. ) ;
#1062 = CARTESIAN_POINT ( 'NONE',  ( 244.0094220608220326, 10.00000000000000000, 23.73442181293232522 ) ) ;
#1063 = CARTESIAN_POINT ( 'NONE',  ( 161.7212144936061975, 13.00000000000000178, 22.25601689275960737 ) ) ;
#1064 = CARTESIAN_POINT ( 'NONE',  ( 109.1646933383982656, 10.00000000000000000, 48.50034154866630587 ) ) ;
#1065 = CARTESIAN_POINT ( 'NONE',  ( 133.0876934317742268, 13.00000000000000178, 48.69975870756731950 ) ) ;
#1066 = DIRECTION ( 'NONE',  ( -0.000000000000000000, -1.000000000000000000, -0.000000000000000000 ) ) ;
#1067 = CARTESIAN_POINT ( 'NONE',  ( 175.7923152988092852, 10.00000000000000178, 33.02014799734767792 ) ) ;
#1068 = EDGE_CURVE ( 'NONE', #873, #7089, #5589, .T. ) ;
#1069 = CARTESIAN_POINT ( 'NONE',  ( 151.4285223591319038, 10.00000000000000000, 24.31586953115352046 ) ) ;
#1070 = CARTESIAN_POINT ( 'NONE',  ( 126.7149960962572521, 12.99999999999999822, 49.62998143236193727 ) ) ;
#1071 = DIRECTION ( 'NONE',  ( -1.000000000000000000, 0.000000000000000000, 1.420944294689305296E-16 ) ) ;
#1072 = CARTESIAN_POINT ( 'NONE',  ( 235.9670538773073645, 10.00000000000000000, 26.25557824647759020 ) ) ;
#1073 = CARTESIAN_POINT ( 'NONE',  ( 203.4340009926919777, 13.00000000000000178, 12.42745324647759375 ) ) ;
#1074 = CARTESIAN_POINT ( 'NONE',  ( 235.9670538773073645, 13.00000000000000178, 26.25557824647759020 ) ) ;
#1075 = FACE_BOUND ( 'NONE', #4427, .T. ) ;
#1076 = CARTESIAN_POINT ( 'NONE',  ( 48.54576006022790580, 13.00000000000000178, 14.51927228729733699 ) ) ;
#1077 = ORIENTED_EDGE ( 'NONE', *, *, #924, .F. ) ;
#1078 = CARTESIAN_POINT ( 'NONE',  ( 198.8186163773073929, 13.00000000000000178, 22.79403978493913030 ) ) ;
#1079 = AXIS2_PLACEMENT_3D ( 'NONE', #779, #4685, #6418 ) ;
#1080 = CARTESIAN_POINT ( 'NONE',  ( 260.0350938721289253, 9.999999999999996447, 25.29769570337787954 ) ) ;
#1081 = EDGE_LOOP ( 'NONE', ( #2408, #5713, #5761, #2741, #6668, #1570 ) ) ;
#1082 = DIRECTION ( 'NONE',  ( -0.000000000000000000, 1.000000000000000000, -0.000000000000000000 ) ) ;
#1083 = CARTESIAN_POINT ( 'NONE',  ( 150.6575156616756033, 13.00000000000000533, 48.59691498126267106 ) ) ;
#1084 = ORIENTED_EDGE ( 'NONE', *, *, #901, .T. ) ;
#1085 = CARTESIAN_POINT ( 'NONE',  ( 100.0000000000000142, 20.00000000000000000, 96.43724644492834841 ) ) ;
#1086 = CARTESIAN_POINT ( 'NONE',  ( 72.66682844815805709, 12.99999999999999822, 55.97156070231797997 ) ) ;
#1087 = AXIS2_PLACEMENT_3D ( 'NONE', #5962, #3124, #3613 ) ;
#1088 = EDGE_CURVE ( 'NONE', #3376, #2704, #5025, .T. ) ;
#1089 = DIRECTION ( 'NONE',  ( 0.000000000000000000, 1.000000000000000000, 0.000000000000000000 ) ) ;
#1090 = CARTESIAN_POINT ( 'NONE',  ( 159.8943375311535249, 13.00000000000000178, 56.25557824647759020 ) ) ;
#1091 = CARTESIAN_POINT ( 'NONE',  ( 176.8528708615640426, 10.00000000000000355, 37.68007837632379875 ) ) ;
#1092 = AXIS2_PLACEMENT_3D ( 'NONE', #273, #5240, #5797 ) ;
#1093 = VERTEX_POINT ( 'NONE', #4475 ) ;
#1094 = VERTEX_POINT ( 'NONE', #5621 ) ;
#1095 = CARTESIAN_POINT ( 'NONE',  ( 84.54931953609968787, 10.00000000000000000, 54.30118323873841746 ) ) ;
#1096 = CARTESIAN_POINT ( 'NONE',  ( 131.8404107432124874, 13.00000000000000178, 40.98379151400499154 ) ) ;
#1097 = DIRECTION ( 'NONE',  ( 0.6600766059279519204, 0.000000000000000000, -0.7511982922681834651 ) ) ;
#1098 = EDGE_CURVE ( 'NONE', #3779, #1170, #536, .T. ) ;
#1099 = CIRCLE ( 'NONE', #1566, 1.500000000000029088 ) ;
#1100 = CARTESIAN_POINT ( 'NONE',  ( 48.54576006022790580, 10.00000000000000000, 14.51927228729733699 ) ) ;
#1101 = CARTESIAN_POINT ( 'NONE',  ( 63.24169330038431269, 13.00000000000000178, 39.35353497724682370 ) ) ;
#1102 = DIRECTION ( 'NONE',  ( -0.000000000000000000, -1.000000000000000000, -0.000000000000000000 ) ) ;
#1103 = CARTESIAN_POINT ( 'NONE',  ( 208.6169527888063158, 9.999999999999998224, 15.64165478275355703 ) ) ;
#1104 = VECTOR ( 'NONE', #5727, 1000.000000000000000 ) ;
#1105 = CARTESIAN_POINT ( 'NONE',  ( 130.1193633460603394, 9.999999999999998224, 45.78722085366260330 ) ) ;
#1106 = CARTESIAN_POINT ( 'NONE',  ( 296.5030604351463808, 10.00000000000000000, 85.13552925583971387 ) ) ;
#1107 = FACE_OUTER_BOUND ( 'NONE', #2452, .T. ) ;
#1108 = EDGE_CURVE ( 'NONE', #5922, #6455, #123, .T. ) ;
#1109 = CARTESIAN_POINT ( 'NONE',  ( 33.33333333333334991, 20.00000000000000000, 96.43724644492834841 ) ) ;
#1110 = CARTESIAN_POINT ( 'NONE',  ( 43.97184990145562011, 13.00000000000000178, 33.79617640210817342 ) ) ;
#1111 = CARTESIAN_POINT ( 'NONE',  ( 37.92068572013813821, 10.00000000000000355, 30.30629224840227209 ) ) ;
#1112 = FACE_OUTER_BOUND ( 'NONE', #3297, .T. ) ;
#1113 = ORIENTED_EDGE ( 'NONE', *, *, #2812, .T. ) ;
#1114 = CARTESIAN_POINT ( 'NONE',  ( 86.12014088527280364, 9.999999999999998224, 25.24562575570681133 ) ) ;
#1115 = CARTESIAN_POINT ( 'NONE',  ( 105.7871960476222313, 13.00000000000000178, 50.14172697441270543 ) ) ;
#1116 = CARTESIAN_POINT ( 'NONE',  ( 265.6807603940166018, 12.99999999999999822, 22.23388263199883497 ) ) ;
#1117 = EDGE_LOOP ( 'NONE', ( #7174, #5569, #1958, #1851 ) ) ;
#1118 = DIRECTION ( 'NONE',  ( 0.000000000000000000, -0.000000000000000000, 1.000000000000000000 ) ) ;
#1119 = CARTESIAN_POINT ( 'NONE',  ( 199.9999999999999432, 20.00000000000000000, 96.43724644492834841 ) ) ;
#1120 = CARTESIAN_POINT ( 'NONE',  ( 105.3570779157689259, 10.00000000000000000, 39.17324651570835670 ) ) ;
#1121 = B_SPLINE_CURVE_WITH_KNOTS ( 'NONE', 3,
 ( #2344, #4580, #2859, #6871, #5092, #1238, #2272, #5130, #163, #3529, #49, #2305, #3489, #6836, #4547, #5801, #1754, #3980, #2420 ),
 .UNSPECIFIED., .F., .F.,
 ( 4, 1, 1, 1, 1, 1, 1, 1, 1, 1, 1, 1, 1, 1, 1, 1, 4 ),
 ( 0.000000000000000000, 0.05963339613625135566, 0.1190688615049892429, 0.1781965462156700486, 0.2369566475521780180, 0.2959319880758021215, 0.3558557687429114158, 0.4164733051171455314, 0.4777415997317956964, 0.5399029904536086777, 0.6025375151243940186, 0.6654223850767744253, 0.7297652560446461489, 0.7948287708416039710, 0.8618265399701645624, 0.9300109324340660732, 1.000000000000000000 ),
 .UNSPECIFIED. ) ;
#1122 = CARTESIAN_POINT ( 'NONE',  ( 263.9978750719834579, 9.999999999999998224, 52.01379975113110277 ) ) ;
#1123 = CARTESIAN_POINT ( 'NONE',  ( 147.0051367307828514, 13.00000000000000178, 28.07641428828479491 ) ) ;
#1124 = EDGE_LOOP ( 'NONE', ( #2075, #5725, #2530, #2542 ) ) ;
#1125 = CARTESIAN_POINT ( 'NONE',  ( 27.47246253115355330, 13.00000000000000178, 34.90942440032374350 ) ) ;
#1126 = CARTESIAN_POINT ( 'NONE',  ( 89.60636881441105572, 12.99999999999999467, 49.91281092058346758 ) ) ;
#1127 = CARTESIAN_POINT ( 'NONE',  ( 89.20323176192279391, 10.00000000000000000, 39.35353497724683081 ) ) ;
#1128 = ORIENTED_EDGE ( 'NONE', *, *, #7314, .F. ) ;
#1129 = CARTESIAN_POINT ( 'NONE',  ( 27.47246253115355330, 10.00000000000000000, 34.90942440032374350 ) ) ;
#1130 = ORIENTED_EDGE ( 'NONE', *, *, #5823, .T. ) ;
#1131 = ADVANCED_FACE ( 'NONE', ( #1787 ), #6983, .T. ) ;
#1132 = CARTESIAN_POINT ( 'NONE',  ( 264.5551231654322919, 13.00000000000000178, 56.21746572162071232 ) ) ;
#1133 = DIRECTION ( 'NONE',  ( 1.000000000000000000, 0.000000000000000000, 0.000000000000000000 ) ) ;
#1134 = CARTESIAN_POINT ( 'NONE',  ( 43.10385262534796880, 9.999999999999996447, 16.11889265805275784 ) ) ;
#1135 = CARTESIAN_POINT ( 'NONE',  ( 49.18580959111823603, 10.00000000000000355, 15.25257739233155441 ) ) ;
#1136 = CARTESIAN_POINT ( 'NONE',  ( 75.64094719776298348, 13.00000000000000178, 52.20036783345464215 ) ) ;
#1137 = CARTESIAN_POINT ( 'NONE',  ( 247.7290339019961891, 12.99999999999999822, 25.80863165541087056 ) ) ;
#1138 = CARTESIAN_POINT ( 'NONE',  ( 229.0214509580465858, 10.00000000000000000, 23.47680081112143569 ) ) ;
#1139 = DIRECTION ( 'NONE',  ( -1.000000000000000000, 0.000000000000000000, 0.000000000000000000 ) ) ;
#1140 = EDGE_CURVE ( 'NONE', #5465, #4693, #5813, .T. ) ;
#1141 = CARTESIAN_POINT ( 'NONE',  ( 131.8770831515002442, 9.999999999999998224, 39.86334237215995557 ) ) ;
#1142 = CARTESIAN_POINT ( 'NONE',  ( 231.7183546270957208, 13.00000000000000178, 26.76717380757540354 ) ) ;
#1143 = B_SPLINE_CURVE_WITH_KNOTS ( 'NONE', 3,
 ( #6927, #1408, #6485, #4717, #4790, #6446, #5340 ),
 .UNSPECIFIED., .F., .F.,
 ( 4, 1, 1, 1, 4 ),
 ( 0.000000000000000000, 0.2462523706929845291, 0.4925907964763759916, 0.7405699911180901873, 1.000000000000000000 ),
 .UNSPECIFIED. ) ;
#1144 = AXIS2_PLACEMENT_3D ( 'NONE', #6562, #3820, #4243 ) ;
#1145 = CARTESIAN_POINT ( 'NONE',  ( 78.06736833976000867, 10.00000000000000178, 22.25601689275960737 ) ) ;
#1146 = CARTESIAN_POINT ( 'NONE',  ( 118.7705394542304731, 13.00000000000000178, 22.21711670801605010 ) ) ;
#1147 = CARTESIAN_POINT ( 'NONE',  ( 247.9382077234612325, 13.00000000000000178, 32.02480901570835670 ) ) ;
#1148 = CARTESIAN_POINT ( 'NONE',  ( 47.36589154639974453, 9.999999999999998224, 24.87965072590409576 ) ) ;
#1149 = CARTESIAN_POINT ( 'NONE',  ( 43.61538289293413584, 13.00000000000000178, 11.53393302615286231 ) ) ;
#1150 = AXIS2_PLACEMENT_3D ( 'NONE', #6771, #1691, #2938 ) ;
#1151 = EDGE_CURVE ( 'NONE', #4006, #2887, #1121, .T. ) ;
#1152 = EDGE_LOOP ( 'NONE', ( #6050, #1013, #2919, #5045 ) ) ;
#1153 = CARTESIAN_POINT ( 'NONE',  ( 159.8763086849996853, 13.00000000000000178, 52.21711670801605010 ) ) ;
#1154 = AXIS2_PLACEMENT_3D ( 'NONE', #3813, #375, #409 ) ;
#1155 = AXIS2_PLACEMENT_3D ( 'NONE', #2780, #4007, #6274 ) ;
#1156 = CARTESIAN_POINT ( 'NONE',  ( 123.6802667336064019, 9.999999999999998224, 27.18423319316368136 ) ) ;
#1157 = LINE ( 'NONE', #6338, #5362 ) ;
#1158 = CARTESIAN_POINT ( 'NONE',  ( 263.5129453464281823, 12.99999999999999822, 39.28512083444119440 ) ) ;
#1159 = ORIENTED_EDGE ( 'NONE', *, *, #7171, .F. ) ;
#1160 = CARTESIAN_POINT ( 'NONE',  ( 23.43400099269201675, 13.00000000000000178, 55.67865516955451000 ) ) ;
#1161 = ORIENTED_EDGE ( 'NONE', *, *, #589, .F. ) ;
#1162 = DIRECTION ( 'NONE',  ( 0.000000000000000000, 0.000000000000000000, -1.000000000000000000 ) ) ;
#1163 = CIRCLE ( 'NONE', #84, 1.500000000000001332 ) ;
#1164 = CARTESIAN_POINT ( 'NONE',  ( 176.8579900962084537, 13.00000000000000178, 40.98330159229981717 ) ) ;
#1165 = CARTESIAN_POINT ( 'NONE',  ( 256.7945415436331587, 13.00000000000000178, 52.13746481522456833 ) ) ;
#1166 = CARTESIAN_POINT ( 'NONE',  ( 172.7480958966039850, 13.00000000000000178, 28.04896479453953617 ) ) ;
#1167 = CARTESIAN_POINT ( 'NONE',  ( 84.54931953609968787, 13.00000000000000178, 54.30118323873841746 ) ) ;
#1168 = CARTESIAN_POINT ( 'NONE',  ( 37.34941930731281445, 13.00000000000000533, 10.76729805873414492 ) ) ;
#1169 = ORIENTED_EDGE ( 'NONE', *, *, #7230, .T. ) ;
#1170 = VERTEX_POINT ( 'NONE', #4014 ) ;
#1171 = CARTESIAN_POINT ( 'NONE',  ( 206.9182371801087470, 13.00000000000000178, 15.85978074472628130 ) ) ;
#1172 = FACE_OUTER_BOUND ( 'NONE', #1338, .T. ) ;
#1173 = CARTESIAN_POINT ( 'NONE',  ( 256.5109240696150437, 10.00000000000000000, 51.80245324647758309 ) ) ;
#1174 = CARTESIAN_POINT ( 'NONE',  ( 48.54576006022790580, 13.00000000000000178, 14.51927228729733699 ) ) ;
#1175 = CARTESIAN_POINT ( 'NONE',  ( 265.7056356080765909, 13.00000000000000178, 52.21711670801605010 ) ) ;
#1176 = CARTESIAN_POINT ( 'NONE',  ( 106.8366697457079226, 12.99999999999999822, 45.43243853591649639 ) ) ;
#1177 = CARTESIAN_POINT ( 'NONE',  ( 236.2645298388458457, 13.00000000000000178, 22.21711670801605365 ) ) ;
#1178 = CARTESIAN_POINT ( 'NONE',  ( 126.8578172136396489, 10.00000000000000000, 24.14594302449774332 ) ) ;
#1179 = CARTESIAN_POINT ( 'NONE',  ( 222.9814585303839465, 10.00000000000000178, 51.39886621148816914 ) ) ;
#1180 = CARTESIAN_POINT ( 'NONE',  ( 209.2032317619227513, 13.00000000000000178, 55.67865516955451000 ) ) ;
#1181 = CARTESIAN_POINT ( 'NONE',  ( 233.0766134530840361, 13.00000000000000178, 26.46320512934820712 ) ) ;
#1182 = CARTESIAN_POINT ( 'NONE',  ( 52.28015483884585279, 10.00000000000000000, 55.67865516955451000 ) ) ;
#1183 = LINE ( 'NONE', #5104, #2081 ) ;
#1184 = EDGE_CURVE ( 'NONE', #5679, #744, #6283, .T. ) ;
#1185 = CARTESIAN_POINT ( 'NONE',  ( 271.1132230400869503, 10.00000000000000000, 48.94560872886750502 ) ) ;
#1186 = LINE ( 'NONE', #3998, #4661 ) ;
#1187 = CARTESIAN_POINT ( 'NONE',  ( 63.71044330038431980, 13.00000000000000178, 27.66182824647758665 ) ) ;
#1188 = CARTESIAN_POINT ( 'NONE',  ( 131.8955394542304589, 13.00000000000000178, 39.29944843878527649 ) ) ;
#1189 = CARTESIAN_POINT ( 'NONE',  ( 112.9358451560206760, 9.999999999999998224, 55.38712994231157438 ) ) ;
#1190 = EDGE_CURVE ( 'NONE', #5654, #5305, #713, .T. ) ;
#1191 = CARTESIAN_POINT ( 'NONE',  ( 118.6713808003843127, 12.99999999999999822, 26.25557824647759020 ) ) ;
#1192 = EDGE_LOOP ( 'NONE', ( #6931, #395, #789, #5905, #3236, #3179, #2368, #1225, #1973, #1556, #3712, #2480 ) ) ;
#1193 = CARTESIAN_POINT ( 'NONE',  ( 166.8015758161954238, 9.999999999999996447, 23.53445264849421648 ) ) ;
#1194 =( NAMED_UNIT ( * ) PLANE_ANGLE_UNIT ( ) SI_UNIT ( $, .RADIAN. ) );
#1195 = ORIENTED_EDGE ( 'NONE', *, *, #582, .T. ) ;
#1196 = FACE_OUTER_BOUND ( 'NONE', #1702, .T. ) ;
#1197 = EDGE_LOOP ( 'NONE', ( #2601, #519, #5682, #2227 ) ) ;
#1198 = ADVANCED_FACE ( 'NONE', ( #7057 ), #5914, .F. ) ;
#1199 = DIRECTION ( 'NONE',  ( 0.000000000000000000, 0.000000000000000000, 1.000000000000000000 ) ) ;
#1200 = CARTESIAN_POINT ( 'NONE',  ( 87.27850759128519087, 12.99999999999999822, 52.38354303117320399 ) ) ;
#1201 = ORIENTED_EDGE ( 'NONE', *, *, #3043, .T. ) ;
#1202 = B_SPLINE_CURVE_WITH_KNOTS ( 'NONE', 3,
 ( #6696, #6659, #3356, #1581, #4449, #3844, #2799, #6115, #3287, #5563, #7340 ),
 .UNSPECIFIED., .F., .F.,
 ( 4, 1, 1, 1, 1, 1, 1, 1, 4 ),
 ( 0.000000000000000000, 0.1249584925460641704, 0.2459006286062657143, 0.3691660295860723640, 0.4985108411773572779, 0.6285038663666056014, 0.7510283288509922439, 0.8737241742784331855, 1.000000000000000000 ),
 .UNSPECIFIED. ) ;
#1203 = VERTEX_POINT ( 'NONE', #4805 ) ;
#1204 = CARTESIAN_POINT ( 'NONE',  ( 265.4582465117862284, 13.00000000000000178, 56.24281495657763230 ) ) ;
#1205 = CARTESIAN_POINT ( 'NONE',  ( 73.65673835646992984, 9.999999999999996447, 26.47868540446016539 ) ) ;
#1206 = CARTESIAN_POINT ( 'NONE',  ( 189.0109240696151005, 13.00000000000000178, 9.524809015708360249 ) ) ;
#1207 = CARTESIAN_POINT ( 'NONE',  ( 119.2279438588026039, 10.00000000000000000, 56.23869451826254107 ) ) ;
#1208 = CARTESIAN_POINT ( 'NONE',  ( 63.26235246141245483, 13.00000000000000178, 39.92891818358809530 ) ) ;
#1209 = VECTOR ( 'NONE', #791, 1000.000000000000000 ) ;
#1210 = CARTESIAN_POINT ( 'NONE',  ( 114.6586108007461746, 13.00000000000000178, 51.72071116967914861 ) ) ;
#1211 = CARTESIAN_POINT ( 'NONE',  ( 222.2964208474554653, 13.00000000000000533, 27.98455052648760599 ) ) ;
#1212 = CARTESIAN_POINT ( 'NONE',  ( 204.0405630844793166, 12.99999999999999822, 10.47551374304695138 ) ) ;
#1213 = CARTESIAN_POINT ( 'NONE',  ( 203.4340009926919777, 10.00000000000000000, 12.42745324647759375 ) ) ;
#1214 = CARTESIAN_POINT ( 'NONE',  ( 263.5156199598494595, 13.00000000000000178, 27.57576025939050268 ) ) ;
#1215 = CARTESIAN_POINT ( 'NONE',  ( 183.2416933003842985, 13.00000000000000178, 26.83250132340066685 ) ) ;
#1216 = FACE_OUTER_BOUND ( 'NONE', #6278, .T. ) ;
#1217 = CARTESIAN_POINT ( 'NONE',  ( 271.4510595817270087, 10.00000000000000178, 47.95829000000606612 ) ) ;
#1218 = CARTESIAN_POINT ( 'NONE',  ( 146.9321177512198915, 9.999999999999998224, 38.03184166138065336 ) ) ;
#1219 = AXIS2_PLACEMENT_3D ( 'NONE', #5040, #6740, #2108 ) ;
#1220 = CARTESIAN_POINT ( 'NONE',  ( 199.9999999999999432, 20.00000000000000000, 96.43724644492834841 ) ) ;
#1221 = ADVANCED_FACE ( 'NONE', ( #6461, #4250 ), #6427, .T. ) ;
#1222 = CARTESIAN_POINT ( 'NONE',  ( 131.8712684615461797, 13.00000000000000178, 38.73610575693028579 ) ) ;
#1223 = CARTESIAN_POINT ( 'NONE',  ( 116.6661422007914410, 12.99999999999999822, 56.20073752020287827 ) ) ;
#1224 = CARTESIAN_POINT ( 'NONE',  ( 130.9205577032446968, 9.999999999999998224, 27.18508806627034247 ) ) ;
#1225 = ORIENTED_EDGE ( 'NONE', *, *, #4214, .F. ) ;
#1226 = DIRECTION ( 'NONE',  ( 0.8361437835000347096, 0.000000000000000000, 0.5485103219760291138 ) ) ;
#1227 = APPLICATION_PROTOCOL_DEFINITION ( 'international standard', 'config_control_design', 1994, #4527 ) ;
#1228 = EDGE_CURVE ( 'NONE', #271, #2468, #5876, .T. ) ;
#1229 = CARTESIAN_POINT ( 'NONE',  ( 170.9323537451313655, 9.999999999999996447, 52.38354303117320399 ) ) ;
#1230 = CARTESIAN_POINT ( 'NONE',  ( 61.71852878171456780, 9.999999999999998224, 30.21982703765837996 ) ) ;
#1231 = ORIENTED_EDGE ( 'NONE', *, *, #3691, .T. ) ;
#1232 = CARTESIAN_POINT ( 'NONE',  ( 274.4793033004889367, 10.00000000000000000, 51.25679823516406941 ) ) ;
#1233 = DIRECTION ( 'NONE',  ( 0.000000000000000000, -0.000000000000000000, 1.000000000000000000 ) ) ;
#1234 = CARTESIAN_POINT ( 'NONE',  ( 82.75526040280549012, 10.00000000000000000, 50.60172692682643003 ) ) ;
#1235 = ORIENTED_EDGE ( 'NONE', *, *, #5716, .F. ) ;
#1236 = VERTEX_POINT ( 'NONE', #277 ) ;
#1237 = ADVANCED_FACE ( 'NONE', ( #2497 ), #7110, .T. ) ;
#1238 = CARTESIAN_POINT ( 'NONE',  ( 248.5562345082606157, 13.00000000000000178, 51.87303906396052611 ) ) ;
#1239 = B_SPLINE_SURFACE_WITH_KNOTS ( 'NONE', 3, 1, ( 
 ( #1021, #5128 ),
 ( #47, #3834 ),
 ( #2723, #7253 ),
 ( #2164, #1608 ),
 ( #3000, #6389 ),
 ( #201, #4091 ),
 ( #6316, #4167 ) ),
 .UNSPECIFIED., .F., .F., .F.,
 ( 4, 1, 1, 1, 4 ),
 ( 2, 2 ),
 ( 0.000000000000000000, 0.2462523706929845291, 0.4925907964763759916, 0.7405699911180901873, 1.000000000000000000 ),
 ( 0.000000000000000000, 1.000000000000000000 ),
 .UNSPECIFIED. ) ;
#1240 = CARTESIAN_POINT ( 'NONE',  ( 27.47246253115355330, 13.00000000000000178, 55.67865516955451000 ) ) ;
#1241 = CARTESIAN_POINT ( 'NONE',  ( 146.9161986152586223, 13.00000000000000178, 39.92891818358810241 ) ) ;
#1242 = CARTESIAN_POINT ( 'NONE',  ( 50.73707733577331425, 10.00000000000000355, 17.72374331576975237 ) ) ;
#1243 = CARTESIAN_POINT ( 'NONE',  ( 92.98897840134107184, 9.999999999999994671, 36.07084819850648927 ) ) ;
#1244 = CARTESIAN_POINT ( 'NONE',  ( 248.7599134108042733, 13.00000000000000178, 26.67470044327429690 ) ) ;
#1245 = CARTESIAN_POINT ( 'NONE',  ( 218.0033947441288547, 13.00000000000000178, 37.20145088796715527 ) ) ;
#1246 = LINE ( 'NONE', #1320, #5239 ) ;
#1247 = CARTESIAN_POINT ( 'NONE',  ( 27.47246253115355330, 13.00000000000000178, 15.29403978493913030 ) ) ;
#1248 = CARTESIAN_POINT ( 'NONE',  ( 222.1286363316138761, 10.00000000000000000, 36.56541587123061277 ) ) ;
#1249 = CARTESIAN_POINT ( 'NONE',  ( 76.22246253115355330, 13.00000000000000178, 52.21711670801605010 ) ) ;
#1250 = DIRECTION ( 'NONE',  ( -1.000000000000000000, 0.000000000000000000, 0.000000000000000000 ) ) ;
#1251 = CARTESIAN_POINT ( 'NONE',  ( 266.5529913773073645, 10.00000000000000000, 22.21711670801605010 ) ) ;
#1252 = CARTESIAN_POINT ( 'NONE',  ( 258.2416933003842701, 10.00000000000000355, 30.84391959263143335 ) ) ;
#1253 = CARTESIAN_POINT ( 'NONE',  ( 261.9231862620947595, 10.00000000000000000, 38.15909079819892469 ) ) ;
#1254 = CARTESIAN_POINT ( 'NONE',  ( 59.45610323032670408, 13.00000000000000178, 36.07989587861327863 ) ) ;
#1255 = FACE_OUTER_BOUND ( 'NONE', #5350, .T. ) ;
#1256 = CARTESIAN_POINT ( 'NONE',  ( 223.7009073169143676, 10.00000000000000178, 45.74930185323014342 ) ) ;
#1257 = CARTESIAN_POINT ( 'NONE',  ( 260.1640697930581041, 13.00000000000000178, 36.48562846470097298 ) ) ;
#1258 = VECTOR ( 'NONE', #2115, 1000.000000000000000 ) ;
#1259 = CARTESIAN_POINT ( 'NONE',  ( 119.2439835301205164, 13.00000000000000178, 26.27558880658551743 ) ) ;
#1260 = EDGE_CURVE ( 'NONE', #1597, #2630, #4129, .T. ) ;
#1261 = VERTEX_POINT ( 'NONE', #6678 ) ;
#1262 = LINE ( 'NONE', #3515, #6830 ) ;
#1263 = VERTEX_POINT ( 'NONE', #1599 ) ;
#1264 = APPROVAL_ROLE ( '' ) ;
#1265 = CARTESIAN_POINT ( 'NONE',  ( 169.6065746953147197, 9.999999999999992895, 53.41633506828735278 ) ) ;
#1266 = CARTESIAN_POINT ( 'NONE',  ( 274.0169336849996853, 10.00000000000000000, 41.67024170801604299 ) ) ;
#1267 = VECTOR ( 'NONE', #642, 1000.000000000000000 ) ;
#1268 = ORIENTED_EDGE ( 'NONE', *, *, #5947, .T. ) ;
#1269 = CARTESIAN_POINT ( 'NONE',  ( 88.73448176192277970, 13.00000000000000178, 27.63478497724682015 ) ) ;
#1270 = ADVANCED_FACE ( 'NONE', ( #5503 ), #4208, .T. ) ;
#1271 = CARTESIAN_POINT ( 'NONE',  ( 39.72897629654634954, 9.999999999999996447, 34.70402119191394519 ) ) ;
#1272 = CIRCLE ( 'NONE', #7322, 1.500000000000001332 ) ;
#1273 = CARTESIAN_POINT ( 'NONE',  ( 33.33333333333334991, 10.00000000000000000, 97.93724644492834841 ) ) ;
#1274 = EDGE_LOOP ( 'NONE', ( #450, #1413, #2187, #4437 ) ) ;
#1275 = EDGE_LOOP ( 'NONE', ( #1819, #4647 ) ) ;
#1276 = CARTESIAN_POINT ( 'NONE',  ( 203.4755229162111902, 13.00000000000000178, 13.10338393650626010 ) ) ;
#1277 = CARTESIAN_POINT ( 'NONE',  ( 40.93388383638481542, 9.999999999999994671, 15.59026498107813019 ) ) ;
#1278 = CARTESIAN_POINT ( 'NONE',  ( 63.24169330038431269, 13.00000000000000178, 39.35353497724682370 ) ) ;
#1279 = CARTESIAN_POINT ( 'NONE',  ( 105.3570779157689259, 13.00000000000000178, 28.76158786186220340 ) ) ;
#1280 = CARTESIAN_POINT ( 'NONE',  ( 38.16127003010635121, 13.00000000000000178, 15.33293204673645249 ) ) ;
#1281 = DIRECTION ( 'NONE',  ( -0.000000000000000000, -1.000000000000000000, -0.000000000000000000 ) ) ;
#1282 = EDGE_CURVE ( 'NONE', #5150, #2110, #382, .T. ) ;
#1283 = CARTESIAN_POINT ( 'NONE',  ( 113.4486084953413325, 10.00000000000000355, 51.29737018905132118 ) ) ;
#1284 = CARTESIAN_POINT ( 'NONE',  ( 247.7451672390477313, 13.00000000000000178, 52.55778502527891050 ) ) ;
#1285 = ORIENTED_EDGE ( 'NONE', *, *, #4954, .T. ) ;
#1286 = CARTESIAN_POINT ( 'NONE',  ( 109.5782630967875662, 12.99999999999999822, 53.76596753035745735 ) ) ;
#1287 = CARTESIAN_POINT ( 'NONE',  ( 269.3887319911849545, 9.999999999999998224, 27.11446266558672846 ) ) ;
#1288 = LINE ( 'NONE', #5255, #4942 ) ;
#1289 = CARTESIAN_POINT ( 'NONE',  ( 262.2944367108287338, 13.00000000000000178, 30.94152911633933201 ) ) ;
#1290 = CARTESIAN_POINT ( 'NONE',  ( 189.0109240696151005, 13.00000000000000178, 26.83250132340066685 ) ) ;
#1291 = ADVANCED_FACE ( 'NONE', ( #2078 ), #3826, .T. ) ;
#1292 = CARTESIAN_POINT ( 'NONE',  ( 264.0286748640971268, 12.99999999999999822, 22.54390161889068622 ) ) ;
#1293 = CARTESIAN_POINT ( 'NONE',  ( 218.5471922594500427, 13.00000000000000178, 44.45592542854242879 ) ) ;
#1294 = CARTESIAN_POINT ( 'NONE',  ( 147.1181637000286457, 10.00000000000000000, 36.74271487803989089 ) ) ;
#1295 = CARTESIAN_POINT ( 'NONE',  ( 269.8296901554047054, 9.999999999999998224, 50.66679048186778545 ) ) ;
#1296 = CYLINDRICAL_SURFACE ( 'NONE', #4228, 1.650000000000000355 ) ;
#1297 = CARTESIAN_POINT ( 'NONE',  ( 189.0109240696151005, 13.00000000000000178, 22.79403978493913030 ) ) ;
#1298 = VERTEX_POINT ( 'NONE', #4320 ) ;
#1299 = B_SPLINE_SURFACE_WITH_KNOTS ( 'NONE', 3, 1, ( 
 ( #3200, #2617 ),
 ( #4295, #2095 ),
 ( #6547, #5998 ),
 ( #3280, #3239 ),
 ( #4893, #4405 ),
 ( #7150, #914 ),
 ( #4335, #877 ),
 ( #2727, #6580 ),
 ( #1503, #6072 ),
 ( #2654, #4926 ),
 ( #3125, #3768 ) ),
 .UNSPECIFIED., .F., .F., .F.,
 ( 4, 1, 1, 1, 1, 1, 1, 1, 4 ),
 ( 2, 2 ),
 ( 0.000000000000000000, 0.1232898687277964311, 0.2421490813339711445, 0.3634374760537297244, 0.4897453933413752902, 0.6181148445930051416, 0.7448937812572494765, 0.8689322665891847652, 1.000000000000000000 ),
 ( 0.000000000000000000, 1.000000000000000000 ),
 .UNSPECIFIED. ) ;
#1300 = CARTESIAN_POINT ( 'NONE',  ( 119.2279438588026039, 13.00000000000000178, 56.23869451826254107 ) ) ;
#1301 = ORIENTED_EDGE ( 'NONE', *, *, #3979, .F. ) ;
#1302 = COORDINATED_UNIVERSAL_TIME_OFFSET ( 5, 0, .BEHIND. ) ;
#1303 = DIRECTION ( 'NONE',  ( -0.000000000000000000, -1.000000000000000000, -0.000000000000000000 ) ) ;
#1304 = CC_DESIGN_DATE_AND_TIME_ASSIGNMENT ( #740, #4239, ( #3551 ) ) ;
#1305 = VERTEX_POINT ( 'NONE', #5542 ) ;
#1306 = CARTESIAN_POINT ( 'NONE',  ( 272.0961087199938220, 10.00000000000000000, 54.15141535856031396 ) ) ;
#1307 = DIRECTION ( 'NONE',  ( -0.000000000000000000, -1.000000000000000000, -0.000000000000000000 ) ) ;
#1308 = FACE_OUTER_BOUND ( 'NONE', #6060, .T. ) ;
#1309 = ORIENTED_EDGE ( 'NONE', *, *, #4866, .T. ) ;
#1310 = ORIENTED_EDGE ( 'NONE', *, *, #6617, .F. ) ;
#1311 = DIRECTION ( 'NONE',  ( -0.000000000000000000, -1.000000000000000000, -0.000000000000000000 ) ) ;
#1312 = EDGE_CURVE ( 'NONE', #1780, #6935, #2156, .T. ) ;
#1313 = FACE_OUTER_BOUND ( 'NONE', #2857, .T. ) ;
#1314 = CARTESIAN_POINT ( 'NONE',  ( 172.8205122124952311, 9.999999999999998224, 38.03183376247474001 ) ) ;
#1315 = LINE ( 'NONE', #6396, #2316 ) ;
#1316 = DIRECTION ( 'NONE',  ( 0.000000000000000000, 1.000000000000000000, 0.000000000000000000 ) ) ;
#1317 = CARTESIAN_POINT ( 'NONE',  ( 247.5487202124219550, 13.00000000000000178, 46.90821137366308591 ) ) ;
#1318 = CARTESIAN_POINT ( 'NONE',  ( 66.66666666666668561, 20.00000000000000000, 94.93724644492834841 ) ) ;
#1319 = ORIENTED_EDGE ( 'NONE', *, *, #5200, .F. ) ;
#1320 = CARTESIAN_POINT ( 'NONE',  ( 300.0000000000000000, 0.000000000000000000, 0.000000000000000000 ) ) ;
#1321 = EDGE_CURVE ( 'NONE', #4038, #6469, #1489, .T. ) ;
#1322 = DIRECTION ( 'NONE',  ( 0.000000000000000000, 0.000000000000000000, 1.000000000000000000 ) ) ;
#1323 = CARTESIAN_POINT ( 'NONE',  ( 170.1976480181062357, 12.99999999999999822, 47.32492151431057437 ) ) ;
#1324 = VECTOR ( 'NONE', #2975, 1000.000000000000000 ) ;
#1325 = CARTESIAN_POINT ( 'NONE',  ( 176.6221435997519222, 13.00000000000000178, 42.60355058100880399 ) ) ;
#1326 = DIRECTION ( 'NONE',  ( -1.000000000000000000, 0.000000000000000000, 1.420944294689305296E-16 ) ) ;
#1327 = CARTESIAN_POINT ( 'NONE',  ( 172.8205122124952311, 12.99999999999999822, 38.03183376247474001 ) ) ;
#1328 = CARTESIAN_POINT ( 'NONE',  ( 193.0493856080766193, 13.00000000000000178, 22.79403978493913030 ) ) ;
#1329 = PLANE ( 'NONE',  #4301 ) ;
#1330 = CARTESIAN_POINT ( 'NONE',  ( 271.1132230400869503, 9.999999999999998224, 48.94560872886750502 ) ) ;
#1331 = EDGE_CURVE ( 'NONE', #3928, #4474, #5951, .T. ) ;
#1332 = CARTESIAN_POINT ( 'NONE',  ( 175.7303345761708329, 10.00000000000000178, 45.68995293521116707 ) ) ;
#1333 = CARTESIAN_POINT ( 'NONE',  ( 221.7756970798867258, 13.00000000000000533, 50.16148654186650191 ) ) ;
#1334 = VECTOR ( 'NONE', #2400, 1000.000000000000000 ) ;
#1335 = CARTESIAN_POINT ( 'NONE',  ( 261.1915930504508765, 13.00000000000000178, 24.09539266686805092 ) ) ;
#1336 = VERTEX_POINT ( 'NONE', #3302 ) ;
#1337 = CARTESIAN_POINT ( 'NONE',  ( 129.5898344202340127, 12.99999999999999822, 52.46556451436724444 ) ) ;
#1338 = EDGE_LOOP ( 'NONE', ( #6530, #1319, #5055, #4731 ) ) ;
#1339 = APPROVAL_ROLE ( '' ) ;
#1340 = CARTESIAN_POINT ( 'NONE',  ( 210.3251100063822321, 13.00000000000000178, 14.34776246565331270 ) ) ;
#1341 = VERTEX_POINT ( 'NONE', #5580 ) ;
#1342 = CARTESIAN_POINT ( 'NONE',  ( 266.2498980228124310, 13.00000000000000178, 56.24650816582295931 ) ) ;
#1343 = CARTESIAN_POINT ( 'NONE',  ( 51.64749098323243715, 9.999999999999996447, 24.48246776651973278 ) ) ;
#1344 = CARTESIAN_POINT ( 'NONE',  ( 222.3200211429666524, 13.00000000000000178, 42.55312121419687799 ) ) ;
#1345 = ORIENTED_EDGE ( 'NONE', *, *, #6655, .F. ) ;
#1346 = CARTESIAN_POINT ( 'NONE',  ( 260.7234205489679653, 13.00000000000000178, 50.27115954124471386 ) ) ;
#1347 = ORIENTED_EDGE ( 'NONE', *, *, #6767, .F. ) ;
#1348 = CARTESIAN_POINT ( 'NONE',  ( 189.0109240696151005, 13.00000000000000178, 26.83250132340066685 ) ) ;
#1349 = CARTESIAN_POINT ( 'NONE',  ( 266.5529913773073645, 10.00000000000000000, 26.25557824647759020 ) ) ;
#1350 = CARTESIAN_POINT ( 'NONE',  ( 209.2032317619227513, 13.00000000000000178, 55.67865516955451000 ) ) ;
#1351 = CARTESIAN_POINT ( 'NONE',  ( 93.24169330038432690, 13.00000000000000178, 39.32649170801605720 ) ) ;
#1352 = CARTESIAN_POINT ( 'NONE',  ( 111.1895069002915335, 13.00000000000000178, 50.12789691214565835 ) ) ;
#1353 = EDGE_CURVE ( 'NONE', #4009, #1454, #3411, .T. ) ;
#1354 = CARTESIAN_POINT ( 'NONE',  ( 125.2254406138439720, 10.00000000000000000, 27.94999887357986168 ) ) ;
#1355 = CARTESIAN_POINT ( 'NONE',  ( 134.7074669418493045, 10.00000000000000178, 32.70610066273417971 ) ) ;
#1356 = EDGE_LOOP ( 'NONE', ( #849, #2824, #5419, #6420 ) ) ;
#1357 = CARTESIAN_POINT ( 'NONE',  ( 68.27189422678127073, 13.00000000000000178, 49.69216112844426192 ) ) ;
#1358 = CARTESIAN_POINT ( 'NONE',  ( 246.7837590849377420, 10.00000000000000178, 47.81229957596300295 ) ) ;
#1359 = CARTESIAN_POINT ( 'NONE',  ( 164.8889887171492887, 10.00000000000000000, 51.32072676809576706 ) ) ;
#1360 = B_SPLINE_SURFACE_WITH_KNOTS ( 'NONE', 3, 1, ( 
 ( #2524, #816 ),
 ( #4758, #4199 ),
 ( #231, #743 ),
 ( #155, #2412 ),
 ( #4797, #2995 ),
 ( #7010, #4124 ),
 ( #6454, #1375 ),
 ( #6934, #5868 ),
 ( #7049, #266 ),
 ( #1449, #3068 ),
 ( #1964, #5942 ),
 ( #4240, #6493 ),
 ( #2450, #5272 ),
 ( #4686, #1414 ),
 ( #3671, #303 ),
 ( #2562, #4836 ),
 ( #1852, #4162 ),
 ( #191, #4725 ),
 ( #1888, #6419 ) ),
 .UNSPECIFIED., .F., .F., .F.,
 ( 4, 1, 1, 1, 1, 1, 1, 1, 1, 1, 1, 1, 1, 1, 1, 1, 4 ),
 ( 2, 2 ),
 ( 0.000000000000000000, 0.06384589973478668745, 0.1260436278408440802, 0.1871653577195675766, 0.2473992895212635545, 0.3083800306041629691, 0.3697796166640492377, 0.4325839246869346288, 0.4976407859952561852, 0.5624011369620618428, 0.6255571033330410424, 0.6873320046201727429, 0.7483127457030736007, 0.8097910391226145199, 0.8717675719729277573, 0.9348361909503146716, 1.000000000000000000 ),
 ( 0.000000000000000000, 1.000000000000000000 ),
 .UNSPECIFIED. ) ;
#1361 = CARTESIAN_POINT ( 'NONE',  ( 250.5738780908943681, 12.99999999999999822, 28.72754176944540205 ) ) ;
#1362 = CARTESIAN_POINT ( 'NONE',  ( 270.2990049599442273, 13.00000000000000178, 43.67246218914173284 ) ) ;
#1363 = CARTESIAN_POINT ( 'NONE',  ( 164.8252586888745554, 13.00000000000000178, 27.18829004263530180 ) ) ;
#1364 = CARTESIAN_POINT ( 'NONE',  ( 227.2117146345161416, 13.00000000000000178, 54.38007087542255391 ) ) ;
#1365 = ADVANCED_FACE ( 'NONE', ( #3228 ), #1640, .T. ) ;
#1366 = CARTESIAN_POINT ( 'NONE',  ( 62.83857044880185327, 13.00000000000000178, 49.91278953776419058 ) ) ;
#1367 = CARTESIAN_POINT ( 'NONE',  ( 118.7705394542304731, 13.00000000000000178, 22.21711670801605010 ) ) ;
#1368 = CARTESIAN_POINT ( 'NONE',  ( 270.2990049599442273, 13.00000000000000178, 43.67246218914173284 ) ) ;
#1369 = CARTESIAN_POINT ( 'NONE',  ( 87.48666249879340739, 9.999999999999998224, 45.90346757233242414 ) ) ;
#1370 = ADVANCED_FACE ( 'NONE', ( #3480 ), #5684, .T. ) ;
#1371 = CARTESIAN_POINT ( 'NONE',  ( 247.5675380257444260, 12.99999999999999822, 31.56415823778486995 ) ) ;
#1372 = CARTESIAN_POINT ( 'NONE',  ( 61.71852878171456780, 9.999999999999996447, 30.21982703765837996 ) ) ;
#1373 = ORIENTED_EDGE ( 'NONE', *, *, #4093, .F. ) ;
#1374 = COORDINATED_UNIVERSAL_TIME_OFFSET ( 5, 0, .BEHIND. ) ;
#1375 = CARTESIAN_POINT ( 'NONE',  ( 153.7875451755707559, 10.00000000000000000, 27.73419130896918006 ) ) ;
#1376 = ORIENTED_EDGE ( 'NONE', *, *, #7306, .F. ) ;
#1377 = CARTESIAN_POINT ( 'NONE',  ( 272.8012650711526135, 13.00000000000000178, 53.50745574887021405 ) ) ;
#1378 = PLANE ( 'NONE',  #2691 ) ;
#1379 = VECTOR ( 'NONE', #5661, 1000.000000000000000 ) ;
#1380 = CARTESIAN_POINT ( 'NONE',  ( 221.8955394542304589, 10.00000000000000178, 39.14620324647759020 ) ) ;
#1381 = ORIENTED_EDGE ( 'NONE', *, *, #4740, .F. ) ;
#1382 = VECTOR ( 'NONE', #7303, 1000.000000000000000 ) ;
#1383 = CARTESIAN_POINT ( 'NONE',  ( 233.3333333333332860, 10.00000000000000000, 96.43724644492834841 ) ) ;
#1384 = ORIENTED_EDGE ( 'NONE', *, *, #1960, .F. ) ;
#1385 = CARTESIAN_POINT ( 'NONE',  ( 51.68434464338495360, 10.00000000000000000, 23.31250417938752406 ) ) ;
#1386 = PLANE ( 'NONE',  #5828 ) ;
#1387 = VECTOR ( 'NONE', #5710, 1000.000000000000000 ) ;
#1388 = CARTESIAN_POINT ( 'NONE',  ( 264.9055748815880520, 10.00000000000000000, 26.56805183348176413 ) ) ;
#1389 = B_SPLINE_CURVE_WITH_KNOTS ( 'NONE', 3,
 ( #287, #6579, #2616, #1398, #3089, #7108, #323, #5368, #3199, #2018, #2583 ),
 .UNSPECIFIED., .F., .F.,
 ( 4, 1, 1, 1, 1, 1, 1, 1, 4 ),
 ( 0.000000000000000000, 0.1317514273024049942, 0.2583323505141597032, 0.3821339760925450690, 0.5038043916000862765, 0.6246929865409329707, 0.7468705897275771388, 0.8715135042348171046, 1.000000000000000000 ),
 .UNSPECIFIED. ) ;
#1390 = LINE ( 'NONE', #4809, #2677 ) ;
#1391 = AXIS2_PLACEMENT_3D ( 'NONE', #6468, #4215, #4141 ) ;
#1392 = CARTESIAN_POINT ( 'NONE',  ( 89.80682320296098453, 13.00000000000000178, 28.86930890873650313 ) ) ;
#1393 = FACE_OUTER_BOUND ( 'NONE', #3873, .T. ) ;
#1394 = DIRECTION ( 'NONE',  ( -0.000000000000000000, 1.000000000000000000, -0.000000000000000000 ) ) ;
#1395 = ORIENTED_EDGE ( 'NONE', *, *, #2858, .F. ) ;
#1396 = CARTESIAN_POINT ( 'NONE',  ( 75.64094719776298348, 10.00000000000000000, 52.20036783345464215 ) ) ;
#1397 = VECTOR ( 'NONE', #1701, 1000.000000000000000 ) ;
#1398 = CARTESIAN_POINT ( 'NONE',  ( 163.4930301691976524, 13.00000000000000178, 22.53135216543616792 ) ) ;
#1399 = CARTESIAN_POINT ( 'NONE',  ( 172.8570779157689401, 13.00000000000000178, 39.35353497724682370 ) ) ;
#1400 = CARTESIAN_POINT ( 'NONE',  ( 241.0407898302752585, 13.00000000000000178, 22.75166699945532045 ) ) ;
#1401 = CARTESIAN_POINT ( 'NONE',  ( 269.7011859578911981, 13.00000000000000178, 55.57680496823707017 ) ) ;
#1402 = CYLINDRICAL_SURFACE ( 'NONE', #4586, 1.500000000000029088 ) ;
#1403 = CARTESIAN_POINT ( 'NONE',  ( 262.2801548388458173, 13.00000000000000178, 30.68165997724681660 ) ) ;
#1404 = CARTESIAN_POINT ( 'NONE',  ( 267.2554533475340008, 13.00000000000000178, 36.59674768702765135 ) ) ;
#1405 = CARTESIAN_POINT ( 'NONE',  ( 147.0051367307828514, 10.00000000000000000, 28.07641428828479491 ) ) ;
#1406 = EDGE_CURVE ( 'NONE', #1883, #2110, #2262, .T. ) ;
#1407 = CARTESIAN_POINT ( 'NONE',  ( 210.6725387786432009, 13.00000000000000178, 13.74856453515289090 ) ) ;
#1408 = CARTESIAN_POINT ( 'NONE',  ( 259.5139942443636301, 13.00000000000000178, 35.53529602568909951 ) ) ;
#1409 = CARTESIAN_POINT ( 'NONE',  ( 236.5900923742565851, 10.00000000000000178, 52.20040888692626879 ) ) ;
#1410 = ORIENTED_EDGE ( 'NONE', *, *, #3366, .T. ) ;
#1411 = EDGE_LOOP ( 'NONE', ( #2234, #593, #6426, #1130 ) ) ;
#1412 = CARTESIAN_POINT ( 'NONE',  ( 167.0259330477284152, 13.00000000000000178, 28.39871079207991755 ) ) ;
#1413 = ORIENTED_EDGE ( 'NONE', *, *, #1088, .F. ) ;
#1414 = CARTESIAN_POINT ( 'NONE',  ( 147.8263378360640274, 9.999999999999996447, 34.30791858351526713 ) ) ;
#1415 = ORIENTED_EDGE ( 'NONE', *, *, #5221, .T. ) ;
#1416 = EDGE_CURVE ( 'NONE', #637, #6991, #6167, .T. ) ;
#1417 = DIRECTION ( 'NONE',  ( -1.000000000000000000, 0.000000000000000000, 0.000000000000000000 ) ) ;
#1418 = VERTEX_POINT ( 'NONE', #41 ) ;
#1419 = CARTESIAN_POINT ( 'NONE',  ( 146.4924166026479782, 13.00000000000000178, 49.91278953776419058 ) ) ;
#1420 = EDGE_LOOP ( 'NONE', ( #4086, #267, #741, #3038 ) ) ;
#1421 = CARTESIAN_POINT ( 'NONE',  ( 64.94812914878859544, 12.99999999999999822, 26.36592293333920978 ) ) ;
#1422 = ORIENTED_EDGE ( 'NONE', *, *, #6748, .T. ) ;
#1423 = CARTESIAN_POINT ( 'NONE',  ( 45.11246104041235583, 12.99999999999999822, 33.36426757693273260 ) ) ;
#1424 = CARTESIAN_POINT ( 'NONE',  ( 234.0682482644790809, 13.00000000000000178, 52.15585203046427409 ) ) ;
#1425 = ADVANCED_FACE ( 'NONE', ( #1196 ), #6753, .T. ) ;
#1426 = CARTESIAN_POINT ( 'NONE',  ( 149.5455390901228725, 13.00000000000000178, 47.32828161099949682 ) ) ;
#1427 = CARTESIAN_POINT ( 'NONE',  ( 266.5529913773073645, 10.00000000000000000, 22.21711670801605010 ) ) ;
#1428 = CARTESIAN_POINT ( 'NONE',  ( 92.98897840134107184, 12.99999999999999822, 36.07084819850648927 ) ) ;
#1429 = CARTESIAN_POINT ( 'NONE',  ( 210.9340009926920345, 10.00000000000000000, 12.42745324647759553 ) ) ;
#1430 = CARTESIAN_POINT ( 'NONE',  ( 250.0491150187189078, 13.00000000000000533, 50.37595241841441407 ) ) ;
#1431 = DIRECTION ( 'NONE',  ( 1.000000000000000000, 0.000000000000000000, 0.000000000000000000 ) ) ;
#1432 = ORIENTED_EDGE ( 'NONE', *, *, #5906, .F. ) ;
#1433 = CARTESIAN_POINT ( 'NONE',  ( 63.30335703289843963, 9.999999999999996447, 41.07094625453101600 ) ) ;
#1434 = CARTESIAN_POINT ( 'NONE',  ( 251.3186163773073361, 10.00000000000000000, 48.66543401570835670 ) ) ;
#1435 = CARTESIAN_POINT ( 'NONE',  ( 174.2357071887793154, 13.00000000000000533, 48.56085492135775183 ) ) ;
#1436 = DIRECTION ( 'NONE',  ( 1.000000000000000000, -0.000000000000000000, -0.000000000000000000 ) ) ;
#1437 = CARTESIAN_POINT ( 'NONE',  ( 273.9591271167238915, 12.99999999999999822, 25.80146514458407481 ) ) ;
#1438 = CARTESIAN_POINT ( 'NONE',  ( 93.24169330038432690, 10.00000000000000000, 39.32649170801605720 ) ) ;
#1439 = CARTESIAN_POINT ( 'NONE',  ( 67.90501762003756880, 12.99999999999999822, 54.30116045740353314 ) ) ;
#1440 = CARTESIAN_POINT ( 'NONE',  ( 271.4907367073034834, 9.999999999999994671, 47.27387468061781561 ) ) ;
#1441 = AXIS2_PLACEMENT_3D ( 'NONE', #528, #6098, #2046 ) ;
#1442 = CARTESIAN_POINT ( 'NONE',  ( 210.6725387786432009, 9.999999999999998224, 13.74856453515289090 ) ) ;
#1443 = CARTESIAN_POINT ( 'NONE',  ( 266.3211023047935555, 13.00000000000000178, 40.88512705964600968 ) ) ;
#1444 = CARTESIAN_POINT ( 'NONE',  ( 261.8459543756197263, 13.00000000000000178, 23.59655316437897454 ) ) ;
#1445 = ORIENTED_EDGE ( 'NONE', *, *, #1068, .F. ) ;
#1446 = EDGE_CURVE ( 'NONE', #6015, #1663, #7139, .T. ) ;
#1447 = ORIENTED_EDGE ( 'NONE', *, *, #5258, .F. ) ;
#1448 = CARTESIAN_POINT ( 'NONE',  ( 114.7497507927851501, 10.00000000000000355, 55.89963635860861046 ) ) ;
#1449 = CARTESIAN_POINT ( 'NONE',  ( 150.7053806740715913, 12.99999999999999822, 30.07167115841680527 ) ) ;
#1450 = CARTESIAN_POINT ( 'NONE',  ( 269.1202166154707811, 13.00000000000000178, 37.62948183099720723 ) ) ;
#1451 = VERTEX_POINT ( 'NONE', #5084 ) ;
#1452 = DIRECTION ( 'NONE',  ( 0.000000000000000000, -0.000000000000000000, 1.000000000000000000 ) ) ;
#1453 = EDGE_CURVE ( 'NONE', #429, #703, #1779, .T. ) ;
#1454 = VERTEX_POINT ( 'NONE', #1266 ) ;
#1455 = CARTESIAN_POINT ( 'NONE',  ( 207.1659721465381381, 10.00000000000000355, 15.87096286186220873 ) ) ;
#1456 = VERTEX_POINT ( 'NONE', #565 ) ;
#1457 = CARTESIAN_POINT ( 'NONE',  ( 43.03285016560958098, 10.00000000000000000, 34.10007244458153508 ) ) ;
#1458 = CARTESIAN_POINT ( 'NONE',  ( 262.8978384265567456, 13.00000000000000533, 32.97260003872167289 ) ) ;
#1459 = CARTESIAN_POINT ( 'NONE',  ( 118.0867985615403200, 12.99999999999999822, 26.27557749926464226 ) ) ;
#1460 = CARTESIAN_POINT ( 'NONE',  ( 265.4193679847429053, 13.00000000000000178, 52.20694585242283381 ) ) ;
#1461 = EDGE_CURVE ( 'NONE', #3139, #4204, #758, .T. ) ;
#1462 = EDGE_LOOP ( 'NONE', ( #1310, #4206, #2581, #6129 ) ) ;
#1463 = EDGE_CURVE ( 'NONE', #2785, #3978, #3861, .T. ) ;
#1464 = VERTEX_POINT ( 'NONE', #1812 ) ;
#1465 = FACE_OUTER_BOUND ( 'NONE', #1871, .T. ) ;
#1466 = CARTESIAN_POINT ( 'NONE',  ( 247.9382077234612325, 10.00000000000000355, 46.44788593878527649 ) ) ;
#1467 = CARTESIAN_POINT ( 'NONE',  ( 49.78931168433383903, 9.999999999999998224, 16.02190394536005158 ) ) ;
#1468 = CARTESIAN_POINT ( 'NONE',  ( 146.2953973539385970, 12.99999999999999822, 28.89569817435986465 ) ) ;
#1469 = DIRECTION ( 'NONE',  ( -0.000000000000000000, -1.000000000000000000, -0.000000000000000000 ) ) ;
#1470 = CARTESIAN_POINT ( 'NONE',  ( 172.6344055276090614, 13.00000000000000178, 36.74274507341615248 ) ) ;
#1471 = B_SPLINE_CURVE_WITH_KNOTS ( 'NONE', 3,
 ( #2171, #4445, #4339, #3735, #3204, #1067, #402, #5596, #4516, #645, #6733 ),
 .UNSPECIFIED., .F., .F.,
 ( 4, 1, 1, 1, 1, 1, 1, 1, 4 ),
 ( 0.000000000000000000, 0.1281572795931868181, 0.2538343627967356575, 0.3765056225222094821, 0.4985336856679098982, 0.6213677287324640419, 0.7445647449043583110, 0.8706337982552829757, 1.000000000000000000 ),
 .UNSPECIFIED. ) ;
#1472 = CARTESIAN_POINT ( 'NONE',  ( 47.66477022346124670, 10.00000000000000000, 22.70389555416990035 ) ) ;
#1473 = CARTESIAN_POINT ( 'NONE',  ( 172.8570779157689401, 10.00000000000000355, 39.35353497724682370 ) ) ;
#1474 = CARTESIAN_POINT ( 'NONE',  ( 142.8570779157689685, 10.00000000000000000, 39.32649170801605720 ) ) ;
#1475 = CARTESIAN_POINT ( 'NONE',  ( 275.4899945171229092, 13.00000000000000178, 45.38641935288826090 ) ) ;
#1476 = CARTESIAN_POINT ( 'NONE',  ( 258.8095981426772596, 13.00000000000000178, 27.44349477142490201 ) ) ;
#1477 = DIRECTION ( 'NONE',  ( 0.000000000000000000, 0.000000000000000000, -1.000000000000000000 ) ) ;
#1478 = B_SPLINE_SURFACE_WITH_KNOTS ( 'NONE', 3, 1, ( 
 ( #981, #7101 ),
 ( #424, #3231 ),
 ( #3191, #5394 ),
 ( #1564, #2679 ),
 ( #7215, #352 ),
 ( #6537, #1493 ),
 ( #5955, #2010 ),
 ( #4395, #4984 ),
 ( #5507, #5989 ),
 ( #2123, #4323 ),
 ( #2047, #6028 ) ),
 .UNSPECIFIED., .F., .F., .F.,
 ( 4, 1, 1, 1, 1, 1, 1, 1, 4 ),
 ( 2, 2 ),
 ( 0.000000000000000000, 0.1318992643310805124, 0.2582840923169730796, 0.3843411247791055363, 0.5119796151257172134, 0.6386320084211479786, 0.7592297631645872347, 0.8774121680352046093, 1.000000000000000000 ),
 ( 0.000000000000000000, 1.000000000000000000 ),
 .UNSPECIFIED. ) ;
#1479 = ORIENTED_EDGE ( 'NONE', *, *, #5747, .T. ) ;
#1480 = CARTESIAN_POINT ( 'NONE',  ( 117.9762146592812257, 9.999999999999998224, 56.23705614050965806 ) ) ;
#1481 = FACE_OUTER_BOUND ( 'NONE', #1462, .T. ) ;
#1482 = LINE ( 'NONE', #3747, #2204 ) ;
#1483 = ORIENTED_EDGE ( 'NONE', *, *, #5916, .F. ) ;
#1484 = CARTESIAN_POINT ( 'NONE',  ( 142.8570779157689685, 13.00000000000000178, 39.32649170801605720 ) ) ;
#1485 = B_SPLINE_CURVE_WITH_KNOTS ( 'NONE', 3,
 ( #284, #3575, #4741, #3536, #5921, #5848, #871, #247, #4177, #2504, #7026, #2427, #3120, #833, #6434 ),
 .UNSPECIFIED., .F., .F.,
 ( 4, 1, 1, 1, 1, 1, 1, 1, 1, 1, 1, 1, 4 ),
 ( 0.000000000000000000, 0.08560569497352640833, 0.1689832639222343114, 0.2509075823297901020, 0.3337080961143222835, 0.4160049842563384170, 0.4976595675743796798, 0.5798932856419651838, 0.6639023210428561805, 0.7484662538082592631, 0.8317908864798562174, 0.9152519088316870555, 1.000000000000000000 ),
 .UNSPECIFIED. ) ;
#1486 = ORIENTED_EDGE ( 'NONE', *, *, #2131, .F. ) ;
#1487 = CARTESIAN_POINT ( 'NONE',  ( 273.8758707181020782, 13.00000000000000178, 41.48137187947865101 ) ) ;
#1488 = ORIENTED_EDGE ( 'NONE', *, *, #3890, .F. ) ;
#1489 = LINE ( 'NONE', #5614, #5595 ) ;
#1490 = DIRECTION ( 'NONE',  ( 0.000000000000000000, 1.000000000000000000, 0.000000000000000000 ) ) ;
#1491 = ADVANCED_FACE ( 'NONE', ( #4085 ), #6204, .T. ) ;
#1492 = VECTOR ( 'NONE', #5405, 1000.000000000000000 ) ;
#1493 = CARTESIAN_POINT ( 'NONE',  ( 209.8362344528934216, 10.00000000000000000, 9.950942365596013417 ) ) ;
#1494 = CARTESIAN_POINT ( 'NONE',  ( 105.7401696811096912, 10.00000000000000000, 35.71514701681962123 ) ) ;
#1495 = CARTESIAN_POINT ( 'NONE',  ( 76.24049137730740711, 10.00000000000000000, 22.21711670801605010 ) ) ;
#1496 = VECTOR ( 'NONE', #1724, 1000.000000000000000 ) ;
#1497 = EDGE_LOOP ( 'NONE', ( #6595, #6460, #7277, #5677 ) ) ;
#1498 = VERTEX_POINT ( 'NONE', #2487 ) ;
#1499 = DIRECTION ( 'NONE',  ( 0.000000000000000000, 0.000000000000000000, 1.000000000000000000 ) ) ;
#1500 = AXIS2_PLACEMENT_3D ( 'NONE', #6378, #5787, #5227 ) ;
#1501 = CARTESIAN_POINT ( 'NONE',  ( 271.5109240696151574, 13.00000000000000178, 46.92565036186221050 ) ) ;
#1502 = VECTOR ( 'NONE', #3410, 1000.000000000000000 ) ;
#1503 = CARTESIAN_POINT ( 'NONE',  ( 206.4360476775383972, 13.00000000000000178, 8.980829035036393293 ) ) ;
#1504 = EDGE_CURVE ( 'NONE', #2257, #4281, #7090, .T. ) ;
#1505 = CARTESIAN_POINT ( 'NONE',  ( 143.4617022532589203, 13.00000000000000178, 34.52807230492580004 ) ) ;
#1506 = DIRECTION ( 'NONE',  ( 1.000000000000000000, 0.000000000000000000, 0.000000000000000000 ) ) ;
#1507 = CARTESIAN_POINT ( 'NONE',  ( 265.4171740696150437, 10.00000000000000355, 40.39920805416989680 ) ) ;
#1508 = CARTESIAN_POINT ( 'NONE',  ( 193.0493856080766193, 13.00000000000000178, 55.67865516955451000 ) ) ;
#1509 = CARTESIAN_POINT ( 'NONE',  ( 120.3638195993663089, 10.00000000000000000, 52.15465474762196152 ) ) ;
#1510 = AXIS2_PLACEMENT_3D ( 'NONE', #6656, #3842, #6489 ) ;
#1511 = CARTESIAN_POINT ( 'NONE',  ( 135.9184430496081006, 13.00000000000000178, 38.71567544425733587 ) ) ;
#1512 = EDGE_CURVE ( 'NONE', #7240, #5465, #2083, .T. ) ;
#1513 = CARTESIAN_POINT ( 'NONE',  ( 118.6443375311535391, 10.00000000000000000, 56.25557824647759020 ) ) ;
#1514 = FACE_OUTER_BOUND ( 'NONE', #3672, .T. ) ;
#1515 = ORIENTED_EDGE ( 'NONE', *, *, #3357, .F. ) ;
#1516 = VERTEX_POINT ( 'NONE', #6972 ) ;
#1517 = DIRECTION ( 'NONE',  ( -1.000000000000000000, 0.000000000000000000, 0.000000000000000000 ) ) ;
#1518 = CARTESIAN_POINT ( 'NONE',  ( 203.4755229162111902, 13.00000000000000178, 13.10338393650626010 ) ) ;
#1519 = CARTESIAN_POINT ( 'NONE',  ( 83.37208689388229743, 13.00000000000000178, 28.39871079207990334 ) ) ;
#1520 = ORIENTED_EDGE ( 'NONE', *, *, #3946, .T. ) ;
#1521 = FACE_OUTER_BOUND ( 'NONE', #4257, .T. ) ;
#1522 = ORIENTED_EDGE ( 'NONE', *, *, #3670, .F. ) ;
#1523 = FACE_BOUND ( 'NONE', #661, .T. ) ;
#1524 = EDGE_LOOP ( 'NONE', ( #6783, #4236, #162, #739 ) ) ;
#1525 = CARTESIAN_POINT ( 'NONE',  ( 272.4357817046884520, 10.00000000000000178, 39.95612672170806690 ) ) ;
#1526 = CARTESIAN_POINT ( 'NONE',  ( 67.90501762003756880, 9.999999999999996447, 54.30116045740353314 ) ) ;
#1527 = DIRECTION ( 'NONE',  ( 1.000000000000000000, 0.000000000000000000, 0.000000000000000000 ) ) ;
#1528 = CARTESIAN_POINT ( 'NONE',  ( 93.22734856839613826, 13.00000000000000533, 38.77298486588564685 ) ) ;
#1529 = CARTESIAN_POINT ( 'NONE',  ( 193.0493856080766193, 10.00000000000000000, 9.524809015708360249 ) ) ;
#1530 = CARTESIAN_POINT ( 'NONE',  ( 236.3489195411649177, 12.99999999999999822, 56.25228377082063957 ) ) ;
#1531 = ORIENTED_EDGE ( 'NONE', *, *, #6900, .T. ) ;
#1532 = ORIENTED_EDGE ( 'NONE', *, *, #3711, .T. ) ;
#1533 = EDGE_CURVE ( 'NONE', #6981, #1597, #5381, .T. ) ;
#1534 = CARTESIAN_POINT ( 'NONE',  ( 83.04961927971092450, 13.00000000000000178, 55.01393715378530658 ) ) ;
#1535 = CARTESIAN_POINT ( 'NONE',  ( 168.3240710434451159, 13.00000000000000178, 24.31464915552272998 ) ) ;
#1536 = CARTESIAN_POINT ( 'NONE',  ( 45.44706790711226319, 10.00000000000000178, 12.26780878191730828 ) ) ;
#1537 = CARTESIAN_POINT ( 'NONE',  ( 135.9181039003970284, 10.00000000000000000, 39.87416295205541417 ) ) ;
#1538 = CARTESIAN_POINT ( 'NONE',  ( 231.3171346164980946, 13.00000000000000533, 22.77529587378441178 ) ) ;
#1539 = CARTESIAN_POINT ( 'NONE',  ( 207.4165747780999425, 13.00000000000000178, 8.959510755301851148 ) ) ;
#1540 = PLANE ( 'NONE',  #2447 ) ;
#1541 = CARTESIAN_POINT ( 'NONE',  ( 125.2662620838816991, 10.00000000000000000, 50.55597902127106380 ) ) ;
#1542 = EDGE_CURVE ( 'NONE', #2000, #3526, #6527, .T. ) ;
#1543 = CARTESIAN_POINT ( 'NONE',  ( 271.4969574281161613, 9.999999999999998224, 46.63881240763541314 ) ) ;
#1544 = CARTESIAN_POINT ( 'NONE',  ( 223.7009073169143676, 10.00000000000000178, 45.74930185323014342 ) ) ;
#1545 = LINE ( 'NONE', #1073, #2914 ) ;
#1546 = CARTESIAN_POINT ( 'NONE',  ( 92.07648842232470088, 10.00000000000000355, 45.68995293521118839 ) ) ;
#1547 = FACE_BOUND ( 'NONE', #7106, .T. ) ;
#1548 = CARTESIAN_POINT ( 'NONE',  ( 158.0785800838746979, 10.00000000000000178, 56.20912576598387034 ) ) ;
#1549 = ADVANCED_FACE ( 'NONE', ( #5313 ), #1360, .T. ) ;
#1550 = ORIENTED_EDGE ( 'NONE', *, *, #183, .T. ) ;
#1551 = CARTESIAN_POINT ( 'NONE',  ( 81.17141253502838083, 10.00000000000000533, 27.18829004263529470 ) ) ;
#1552 = ORIENTED_EDGE ( 'NONE', *, *, #3064, .T. ) ;
#1553 = CARTESIAN_POINT ( 'NONE',  ( 43.87526538685452238, 12.99999999999999822, 29.06028819383645967 ) ) ;
#1554 = VECTOR ( 'NONE', #2431, 1000.000000000000000 ) ;
#1555 = CARTESIAN_POINT ( 'NONE',  ( 78.77664500437926165, 13.00000000000000533, 26.47698183340408207 ) ) ;
#1556 = ORIENTED_EDGE ( 'NONE', *, *, #5847, .F. ) ;
#1557 = CARTESIAN_POINT ( 'NONE',  ( 105.8121361600183690, 13.00000000000000178, 28.23755730894266236 ) ) ;
#1558 = VERTEX_POINT ( 'NONE', #6090 ) ;
#1559 = B_SPLINE_CURVE_WITH_KNOTS ( 'NONE', 3,
 ( #3141, #1480, #5483, #1448, #6632, #5940, #2522, #3708, #4795, #4905, #3180 ),
 .UNSPECIFIED., .F., .F.,
 ( 4, 1, 1, 1, 1, 1, 1, 1, 4 ),
 ( 0.000000000000000000, 0.1294759494946663425, 0.2538797616588631678, 0.3748625495355497050, 0.4942828559514265696, 0.6142927138995238900, 0.7369702805339392038, 0.8650762150057418332, 1.000000000000000000 ),
 .UNSPECIFIED. ) ;
#1560 = ORIENTED_EDGE ( 'NONE', *, *, #5592, .F. ) ;
#1561 = DIRECTION ( 'NONE',  ( 0.000000000000000000, 1.000000000000000000, 0.000000000000000000 ) ) ;
#1562 = CARTESIAN_POINT ( 'NONE',  ( 70.99553334756693346, 10.00000000000000000, 55.57610092642477895 ) ) ;
#1563 = B_SPLINE_CURVE_WITH_KNOTS ( 'NONE', 3,
 ( #970, #3783, #1450, #2526, #4839, #2599, #3710, #7051, #5944, #3107, #5497 ),
 .UNSPECIFIED., .F., .F.,
 ( 4, 1, 1, 1, 1, 1, 1, 1, 4 ),
 ( 0.000000000000000000, 0.1589891012267924397, 0.3071145916055709746, 0.4462131585962135216, 0.5748760724117247811, 0.6941521095829547017, 0.8045811801532375407, 0.9065933190457617918, 0.9999999999999998890 ),
 .UNSPECIFIED. ) ;
#1564 = CARTESIAN_POINT ( 'NONE',  ( 208.6169305890552437, 13.00000000000000178, 9.177207655444895806 ) ) ;
#1565 = CARTESIAN_POINT ( 'NONE',  ( 106.2773892984734090, 12.99999999999999822, 34.10784726102134101 ) ) ;
#1566 = AXIS2_PLACEMENT_3D ( 'NONE', #4872, #7088, #4348 ) ;
#1567 = CARTESIAN_POINT ( 'NONE',  ( 74.40770888918015658, 13.00000000000000178, 22.25700891777282564 ) ) ;
#1568 = CARTESIAN_POINT ( 'NONE',  ( 175.1615058004088326, 10.00000000000000000, 31.57696808300281077 ) ) ;
#1569 = CARTESIAN_POINT ( 'NONE',  ( 217.8627481232386742, 10.00000000000000000, 39.11877172528046742 ) ) ;
#1570 = ORIENTED_EDGE ( 'NONE', *, *, #721, .T. ) ;
#1571 = VERTEX_POINT ( 'NONE', #932 ) ;
#1572 = CARTESIAN_POINT ( 'NONE',  ( 251.0683215237443733, 10.00000000000000355, 29.52218688597317353 ) ) ;
#1573 = CARTESIAN_POINT ( 'NONE',  ( 256.5109240696150437, 10.00000000000000000, 51.80245324647758309 ) ) ;
#1574 = FACE_OUTER_BOUND ( 'NONE', #986, .T. ) ;
#1575 = PLANE ( 'NONE',  #1613 ) ;
#1576 = CARTESIAN_POINT ( 'NONE',  ( 222.2964208474554653, 13.00000000000000533, 27.98455052648760599 ) ) ;
#1577 = ADVANCED_FACE ( 'NONE', ( #1590 ), #2421, .T. ) ;
#1578 = CARTESIAN_POINT ( 'NONE',  ( 113.1264005353043558, 13.00000000000000533, 23.10395399350282375 ) ) ;
#1579 = CARTESIAN_POINT ( 'NONE',  ( 66.66666666666668561, 10.00000000000000000, 94.93724644492834841 ) ) ;
#1580 = CARTESIAN_POINT ( 'NONE',  ( 125.2662620838816991, 13.00000000000000178, 50.55597902127106380 ) ) ;
#1581 = CARTESIAN_POINT ( 'NONE',  ( 264.9055748815880520, 10.00000000000000000, 26.56805183348176413 ) ) ;
#1582 = CARTESIAN_POINT ( 'NONE',  ( 228.7833501820015840, 10.00000000000000178, 50.55100966265519702 ) ) ;
#1583 = CARTESIAN_POINT ( 'NONE',  ( 123.7145403307708875, 10.00000000000000000, 55.59215621054971734 ) ) ;
#1584 = CARTESIAN_POINT ( 'NONE',  ( 233.3333333333332860, 10.00000000000000000, 97.93724644492834841 ) ) ;
#1585 = EDGE_CURVE ( 'NONE', #2773, #1697, #5573, .T. ) ;
#1586 = FACE_BOUND ( 'NONE', #4160, .T. ) ;
#1587 = CARTESIAN_POINT ( 'NONE',  ( 159.2806054231813846, 10.00000000000000178, 56.23987715225013062 ) ) ;
#1588 = ORIENTED_EDGE ( 'NONE', *, *, #1461, .F. ) ;
#1589 = CARTESIAN_POINT ( 'NONE',  ( 101.3186163773073929, 13.00000000000000178, 55.67865516955451000 ) ) ;
#1590 = FACE_OUTER_BOUND ( 'NONE', #899, .T. ) ;
#1591 = CARTESIAN_POINT ( 'NONE',  ( 43.10385262534796880, 9.999999999999998224, 16.11889265805275784 ) ) ;
#1592 = ADVANCED_FACE ( 'NONE', ( #1481 ), #6449, .T. ) ;
#1593 = EDGE_CURVE ( 'NONE', #566, #1093, #6528, .T. ) ;
#1594 = CARTESIAN_POINT ( 'NONE',  ( 264.8362884027120003, 10.00000000000000000, 22.35802095372460130 ) ) ;
#1595 = EDGE_LOOP ( 'NONE', ( #4122, #2382, #4949, #2304 ) ) ;
#1596 = CARTESIAN_POINT ( 'NONE',  ( 83.37208689388229743, 13.00000000000000178, 28.39871079207990334 ) ) ;
#1597 = VERTEX_POINT ( 'NONE', #5139 ) ;
#1598 = EDGE_LOOP ( 'NONE', ( #3160, #6870, #46, #5672, #2428, #5454, #1376, #109, #3076, #310, #7254 ) ) ;
#1599 = CARTESIAN_POINT ( 'NONE',  ( 209.2032317619227513, 13.00000000000000178, 55.67865516955451000 ) ) ;
#1600 = CARTESIAN_POINT ( 'NONE',  ( 59.21584895763181322, 10.00000000000000000, 39.88320673285893747 ) ) ;
#1601 = EDGE_CURVE ( 'NONE', #6597, #3112, #4065, .T. ) ;
#1602 = DIRECTION ( 'NONE',  ( 0.000000000000000000, 0.000000000000000000, 1.000000000000000000 ) ) ;
#1603 = CARTESIAN_POINT ( 'NONE',  ( 122.1873179283333428, 13.00000000000000178, 22.50417641442074768 ) ) ;
#1604 = DIRECTION ( 'NONE',  ( -0.000000000000000000, -1.000000000000000000, -0.000000000000000000 ) ) ;
#1605 = CARTESIAN_POINT ( 'NONE',  ( 176.6428245551872465, 13.00000000000000178, 36.07084819850649637 ) ) ;
#1606 = CARTESIAN_POINT ( 'NONE',  ( 230.1527899054623845, 9.999999999999998224, 23.08526769261056799 ) ) ;
#1607 = ORIENTED_EDGE ( 'NONE', *, *, #5031, .F. ) ;
#1608 = CARTESIAN_POINT ( 'NONE',  ( 258.5949306193400048, 9.999999999999996447, 33.53457169998817733 ) ) ;
#1609 = EDGE_LOOP ( 'NONE', ( #4425, #4283 ) ) ;
#1610 = CARTESIAN_POINT ( 'NONE',  ( 172.8570779157689401, 13.00000000000000178, 39.35353497724682370 ) ) ;
#1611 = PLANE ( 'NONE',  #4169 ) ;
#1612 = CARTESIAN_POINT ( 'NONE',  ( 43.95591088987214334, 13.00000000000000178, 16.49887755034813352 ) ) ;
#1613 = AXIS2_PLACEMENT_3D ( 'NONE', #1614, #7111, #2655 ) ;
#1614 = CARTESIAN_POINT ( 'NONE',  ( 105.3570779157689259, 13.00000000000000178, 9.524809015708360249 ) ) ;
#1615 = CARTESIAN_POINT ( 'NONE',  ( 225.8409190461949265, 13.00000000000000178, 25.06393394748854320 ) ) ;
#1616 = CARTESIAN_POINT ( 'NONE',  ( 259.7471019542304589, 10.00000000000000000, 35.91002536186220340 ) ) ;
#1617 = CARTESIAN_POINT ( 'NONE',  ( 126.7149960962572521, 9.999999999999998224, 49.62998143236193727 ) ) ;
#1618 = LINE ( 'NONE', #613, #4471 ) ;
#1619 = CARTESIAN_POINT ( 'NONE',  ( 270.9106605663886853, 13.00000000000000178, 44.47537984138838141 ) ) ;
#1620 = AXIS2_PLACEMENT_3D ( 'NONE', #3131, #329, #4708 ) ;
#1621 = CARTESIAN_POINT ( 'NONE',  ( 266.6666666666666856, 20.00000000000000000, 94.93724644492831999 ) ) ;
#1622 = CARTESIAN_POINT ( 'NONE',  ( 235.4738672884443815, 13.00000000000000178, 26.26916621774520877 ) ) ;
#1623 = CARTESIAN_POINT ( 'NONE',  ( 234.0682482644790809, 10.00000000000000000, 52.15585203046427409 ) ) ;
#1624 = DIRECTION ( 'NONE',  ( 0.000000000000000000, -0.000000000000000000, -1.000000000000000000 ) ) ;
#1625 = CARTESIAN_POINT ( 'NONE',  ( 237.7883752435052713, 9.999999999999996447, 26.30354593070030234 ) ) ;
#1626 = CARTESIAN_POINT ( 'NONE',  ( 59.47662759776143560, 10.00000000000000000, 42.60355060907559732 ) ) ;
#1627 = VECTOR ( 'NONE', #6951, 1000.000000000000000 ) ;
#1628 = CARTESIAN_POINT ( 'NONE',  ( 144.0222825377189224, 10.00000000000000533, 45.68995332084485739 ) ) ;
#1629 = VERTEX_POINT ( 'NONE', #5775 ) ;
#1630 = LINE ( 'NONE', #1153, #7141 ) ;
#1631 = CARTESIAN_POINT ( 'NONE',  ( 72.81338601668439026, 9.999999999999998224, 51.83466997521324515 ) ) ;
#1632 = EDGE_CURVE ( 'NONE', #1263, #5794, #4146, .T. ) ;
#1633 = DIRECTION ( 'NONE',  ( -0.000000000000000000, -1.000000000000000000, -0.000000000000000000 ) ) ;
#1634 = EDGE_LOOP ( 'NONE', ( #122, #2373, #3706, #6524 ) ) ;
#1635 = FACE_OUTER_BOUND ( 'NONE', #1931, .T. ) ;
#1636 = DIRECTION ( 'NONE',  ( -0.000000000000000000, -1.000000000000000000, -0.000000000000000000 ) ) ;
#1637 = CARTESIAN_POINT ( 'NONE',  ( 105.3778839498104531, 9.999999999999998224, 38.57990510715021770 ) ) ;
#1638 = ORIENTED_EDGE ( 'NONE', *, *, #582, .F. ) ;
#1639 = EDGE_CURVE ( 'NONE', #6532, #152, #2028, .T. ) ;
#1640 = CYLINDRICAL_SURFACE ( 'NONE', #2625, 1.500000000000001332 ) ;
#1641 = DIRECTION ( 'NONE',  ( -1.000000000000000000, 0.000000000000000000, -0.000000000000000000 ) ) ;
#1642 = DIRECTION ( 'NONE',  ( 0.000000000000000000, 1.000000000000000000, 0.000000000000000000 ) ) ;
#1643 = CARTESIAN_POINT ( 'NONE',  ( 144.0222825377189224, 10.00000000000000000, 45.68995332084485739 ) ) ;
#1644 = CARTESIAN_POINT ( 'NONE',  ( 76.80394441743798950, 9.999999999999996447, 52.20027024743833266 ) ) ;
#1645 = VERTEX_POINT ( 'NONE', #650 ) ;
#1646 = DIRECTION ( 'NONE',  ( 0.000000000000000000, 0.000000000000000000, -1.000000000000000000 ) ) ;
#1647 = ORIENTED_EDGE ( 'NONE', *, *, #338, .T. ) ;
#1648 = CARTESIAN_POINT ( 'NONE',  ( 81.46732302044559049, 10.00000000000000000, 55.57591901493363196 ) ) ;
#1649 = CARTESIAN_POINT ( 'NONE',  ( 126.7149960962572521, 12.99999999999999822, 49.62998143236193727 ) ) ;
#1650 = CARTESIAN_POINT ( 'NONE',  ( 118.1508276059868479, 10.00000000000000178, 52.20888579742073432 ) ) ;
#1651 = CARTESIAN_POINT ( 'NONE',  ( 51.69709156042643627, 13.00000000000000178, 22.35201736146614593 ) ) ;
#1652 = LINE ( 'NONE', #93, #4468 ) ;
#1653 = CARTESIAN_POINT ( 'NONE',  ( 100.0000000000000142, 20.00000000000000000, 97.93724644492834841 ) ) ;
#1654 = CARTESIAN_POINT ( 'NONE',  ( 158.0615550430262601, 10.00000000000000000, 22.25700891777281498 ) ) ;
#1655 = DIRECTION ( 'NONE',  ( 0.000000000000000000, 0.000000000000000000, -1.000000000000000000 ) ) ;
#1656 = B_SPLINE_CURVE_WITH_KNOTS ( 'NONE', 3,
 ( #4032, #3468, #6924, #1254, #221, #6887, #3550, #2984, #1736, #6814, #1187 ),
 .UNSPECIFIED., .F., .F.,
 ( 4, 1, 1, 1, 1, 1, 1, 1, 4 ),
 ( 0.000000000000000000, 0.1289191318119614627, 0.2552377249249068170, 0.3786785959785507472, 0.5010878871851329741, 0.6227136794297775113, 0.7462407949383829120, 0.8715890472316700777, 1.000000000000000000 ),
 .UNSPECIFIED. ) ;
#1657 = CARTESIAN_POINT ( 'NONE',  ( 222.8805463544048848, 9.999999999999992895, 34.17025989916627537 ) ) ;
#1658 = CARTESIAN_POINT ( 'NONE',  ( 222.1286363316138761, 10.00000000000000000, 36.56541587123061277 ) ) ;
#1659 = B_SPLINE_CURVE_WITH_KNOTS ( 'NONE', 3,
 ( #2801, #1798, #5103, #2318, #3464, #4559, #2870, #4633, #6737, #4599, #2907, #6261, #5178, #2357, #5069, #1658, #3919, #2835, #100 ),
 .UNSPECIFIED., .F., .F.,
 ( 4, 1, 1, 1, 1, 1, 1, 1, 1, 1, 1, 1, 1, 1, 1, 1, 4 ),
 ( 0.000000000000000000, 0.06952164132604521374, 0.1369209822612549032, 0.2019692428653316607, 0.2654615503849171443, 0.3282478845128380396, 0.3908167166700973194, 0.4535501756793823835, 0.5175419816323165723, 0.5807383719174793457, 0.6419215091741667933, 0.7015967244089308386, 0.7603128802455011437, 0.8187565130146952086, 0.8777180795361955168, 0.9380940530276961065, 1.000000000000000000 ),
 .UNSPECIFIED. ) ;
#1660 = CARTESIAN_POINT ( 'NONE',  ( 93.24169330038432690, 10.00000000000000000, 39.32649170801605720 ) ) ;
#1661 = FACE_BOUND ( 'NONE', #227, .T. ) ;
#1662 = DIRECTION ( 'NONE',  ( 0.000000000000000000, 0.000000000000000000, -1.000000000000000000 ) ) ;
#1663 = VERTEX_POINT ( 'NONE', #6879 ) ;
#1664 = DIRECTION ( 'NONE',  ( 0.000000000000000000, 0.000000000000000000, 1.000000000000000000 ) ) ;
#1665 = CARTESIAN_POINT ( 'NONE',  ( 109.5782630967875662, 9.999999999999994671, 53.76596753035745735 ) ) ;
#1666 = CARTESIAN_POINT ( 'NONE',  ( 260.5859361830338798, 13.00000000000000178, 24.66765543367463920 ) ) ;
#1667 = EDGE_CURVE ( 'NONE', #1042, #271, #2905, .T. ) ;
#1668 = EDGE_LOOP ( 'NONE', ( #117, #5314, #5655, #37 ) ) ;
#1669 = CARTESIAN_POINT ( 'NONE',  ( 161.7212144936061975, 10.00000000000000178, 22.25601689275960737 ) ) ;
#1670 = CARTESIAN_POINT ( 'NONE',  ( 109.1224195061270592, 13.00000000000000178, 29.96179481901007335 ) ) ;
#1671 =( NAMED_UNIT ( * ) SI_UNIT ( $, .STERADIAN. ) SOLID_ANGLE_UNIT ( ) );
#1672 = CARTESIAN_POINT ( 'NONE',  ( 175.0571588856395238, 9.999999999999992895, 47.15416071621454819 ) ) ;
#1673 = CARTESIAN_POINT ( 'NONE',  ( 145.3723749355607140, 12.99999999999999822, 30.21982703765839418 ) ) ;
#1674 = CARTESIAN_POINT ( 'NONE',  ( 72.66682844815805709, 9.999999999999996447, 55.97156070231797997 ) ) ;
#1675 = VECTOR ( 'NONE', #4846, 1000.000000000000000 ) ;
#1676 = LINE ( 'NONE', #1125, #195 ) ;
#1677 = ADVANCED_FACE ( 'NONE', ( #4024 ), #827, .T. ) ;
#1678 = CARTESIAN_POINT ( 'NONE',  ( 92.07648842232470088, 13.00000000000000533, 45.68995293521118839 ) ) ;
#1679 = FACE_OUTER_BOUND ( 'NONE', #2380, .T. ) ;
#1680 = CARTESIAN_POINT ( 'NONE',  ( 88.80747607095476326, 10.00000000000000000, 42.75250554432709293 ) ) ;
#1681 = VERTEX_POINT ( 'NONE', #2868 ) ;
#1682 = ORIENTED_EDGE ( 'NONE', *, *, #6835, .F. ) ;
#1683 = CARTESIAN_POINT ( 'NONE',  ( 261.9141313078315534, 13.00000000000000533, 55.60930415564675400 ) ) ;
#1684 = CARTESIAN_POINT ( 'NONE',  ( 264.5551231654322919, 10.00000000000000000, 56.21746572162071232 ) ) ;
#1685 = PLANE ( 'NONE',  #1734 ) ;
#1686 = CARTESIAN_POINT ( 'NONE',  ( 122.0794282128132124, 12.99999999999999822, 55.97938366380669351 ) ) ;
#1687 = CARTESIAN_POINT ( 'NONE',  ( 89.09424974275785303, 13.00000000000000178, 28.04896479453953617 ) ) ;
#1688 = CARTESIAN_POINT ( 'NONE',  ( 105.3937028439459027, 13.00000000000000178, 40.52188144587405105 ) ) ;
#1689 = CARTESIAN_POINT ( 'NONE',  ( 233.7310311876372850, 13.00000000000000178, 22.35184240674104217 ) ) ;
#1690 = CARTESIAN_POINT ( 'NONE',  ( 123.7112795986707852, 13.00000000000000178, 51.29248384434450259 ) ) ;
#1691 = DIRECTION ( 'NONE',  ( 0.000000000000000000, -0.000000000000000000, 1.000000000000000000 ) ) ;
#1692 = CARTESIAN_POINT ( 'NONE',  ( 159.2947933516091155, 13.00000000000000178, 52.20036783345464215 ) ) ;
#1693 = DIRECTION ( 'NONE',  ( 0.000000000000000000, 0.000000000000000000, -1.000000000000000000 ) ) ;
#1694 = CARTESIAN_POINT ( 'NONE',  ( 274.6271368565988382, 13.00000000000000178, 26.52274089998386586 ) ) ;
#1695 = CARTESIAN_POINT ( 'NONE',  ( 259.5569698373928418, 10.00000000000000178, 25.97572893483764034 ) ) ;
#1696 = CARTESIAN_POINT ( 'NONE',  ( 50.73707733577331425, 13.00000000000000533, 17.72374331576975237 ) ) ;
#1697 = VERTEX_POINT ( 'NONE', #4668 ) ;
#1698 = CARTESIAN_POINT ( 'NONE',  ( 82.29485145495625886, 9.999999999999998224, 27.73711313570967718 ) ) ;
#1699 = CARTESIAN_POINT ( 'NONE',  ( 149.8158938034131609, 13.00000000000000178, 31.04725823106805649 ) ) ;
#1700 = CARTESIAN_POINT ( 'NONE',  ( 224.7098990450724045, 10.00000000000000178, 47.19694099238370910 ) ) ;
#1701 = DIRECTION ( 'NONE',  ( 0.000000000000000000, 0.000000000000000000, 1.000000000000000000 ) ) ;
#1702 = EDGE_LOOP ( 'NONE', ( #5091, #3477, #2112, #4120 ) ) ;
#1703 = CARTESIAN_POINT ( 'NONE',  ( 83.37208689388229743, 10.00000000000000355, 28.39871079207990334 ) ) ;
#1704 = CARTESIAN_POINT ( 'NONE',  ( 106.2773892984734090, 12.99999999999999822, 34.10784726102134101 ) ) ;
#1705 = VERTEX_POINT ( 'NONE', #1833 ) ;
#1706 = FACE_OUTER_BOUND ( 'NONE', #4366, .T. ) ;
#1707 = CARTESIAN_POINT ( 'NONE',  ( 296.5030604351463808, 0.000000000000000000, 85.13552925583971387 ) ) ;
#1708 = ORIENTED_EDGE ( 'NONE', *, *, #5582, .F. ) ;
#1709 = CARTESIAN_POINT ( 'NONE',  ( 207.1659721465381381, 13.00000000000000178, 15.87096286186220873 ) ) ;
#1710 = CARTESIAN_POINT ( 'NONE',  ( 91.40331273179337757, 12.99999999999999822, 47.15416071621452687 ) ) ;
#1711 = CARTESIAN_POINT ( 'NONE',  ( 210.9340009926920345, 10.00000000000000000, 12.42745324647759553 ) ) ;
#1712 = LINE ( 'NONE', #2456, #5479 ) ;
#1713 = ORIENTED_EDGE ( 'NONE', *, *, #3221, .T. ) ;
#1714 = CARTESIAN_POINT ( 'NONE',  ( 3.505202749622876368, 10.00000000000000000, 91.13552925583975650 ) ) ;
#1715 = ORIENTED_EDGE ( 'NONE', *, *, #6890, .T. ) ;
#1716 = CARTESIAN_POINT ( 'NONE',  ( 258.3583524375931688, 10.00000000000000000, 53.68164506219692811 ) ) ;
#1717 = EDGE_CURVE ( 'NONE', #4890, #4610, #5699, .T. ) ;
#1718 = CARTESIAN_POINT ( 'NONE',  ( 63.24169330038431269, 10.00000000000000000, 39.35353497724682370 ) ) ;
#1719 = CARTESIAN_POINT ( 'NONE',  ( 114.6586108007461746, 10.00000000000000178, 51.72071116967914861 ) ) ;
#1720 = CARTESIAN_POINT ( 'NONE',  ( 3.505202749622875924, 0.000000000000000000, 85.13552925583975650 ) ) ;
#1721 = CARTESIAN_POINT ( 'NONE',  ( 235.9309961849996853, 13.00000000000000178, 56.25557824647759020 ) ) ;
#1722 = CARTESIAN_POINT ( 'NONE',  ( 105.8743803775614651, 12.99999999999999822, 43.09152008410384838 ) ) ;
#1723 = CARTESIAN_POINT ( 'NONE',  ( 230.1527899054623845, 9.999999999999996447, 23.08526769261056799 ) ) ;
#1724 = DIRECTION ( 'NONE',  ( -0.000000000000000000, -1.000000000000000000, -0.000000000000000000 ) ) ;
#1725 = CARTESIAN_POINT ( 'NONE',  ( 105.3570779157689401, 13.00000000000000178, 49.59391959263143690 ) ) ;
#1726 = EDGE_CURVE ( 'NONE', #1870, #908, #59, .T. ) ;
#1727 = CARTESIAN_POINT ( 'NONE',  ( 46.96587941924143195, 10.00000000000000000, 25.90071833011228009 ) ) ;
#1728 = CARTESIAN_POINT ( 'NONE',  ( 156.4672321705305080, 9.999999999999996447, 51.83466997521325936 ) ) ;
#1729 = VECTOR ( 'NONE', #691, 1000.000000000000000 ) ;
#1730 = LINE ( 'NONE', #1182, #6817 ) ;
#1731 = DIRECTION ( 'NONE',  ( 0.000000000000000000, 1.000000000000000000, 0.000000000000000000 ) ) ;
#1732 = CARTESIAN_POINT ( 'NONE',  ( 258.2485615259581664, 10.00000000000000000, 30.54016447615140706 ) ) ;
#1733 = CARTESIAN_POINT ( 'NONE',  ( 296.5030604351463808, 0.000000000000000000, 91.13552925583975650 ) ) ;
#1734 = AXIS2_PLACEMENT_3D ( 'NONE', #3945, #6215, #3384 ) ;
#1735 = ORIENTED_EDGE ( 'NONE', *, *, #6800, .F. ) ;
#1736 = CARTESIAN_POINT ( 'NONE',  ( 62.64155120009247213, 12.99999999999999822, 28.89569817435987886 ) ) ;
#1737 = EDGE_CURVE ( 'NONE', #2569, #3299, #6847, .T. ) ;
#1738 = AXIS2_PLACEMENT_3D ( 'NONE', #954, #3319, #2099 ) ;
#1739 = CARTESIAN_POINT ( 'NONE',  ( 114.7497507927851501, 13.00000000000000533, 55.89963635860861046 ) ) ;
#1740 = CARTESIAN_POINT ( 'NONE',  ( 209.2630921728809881, 13.00000000000000533, 9.507632182588430680 ) ) ;
#1741 = CARTESIAN_POINT ( 'NONE',  ( 129.1302987590250666, 12.99999999999999822, 31.31908693517946318 ) ) ;
#1742 = EDGE_LOOP ( 'NONE', ( #6198, #4913, #3145, #4948 ) ) ;
#1743 = DIRECTION ( 'NONE',  ( 0.000000000000000000, 0.000000000000000000, 1.000000000000000000 ) ) ;
#1744 = ORIENTED_EDGE ( 'NONE', *, *, #5552, .F. ) ;
#1745 = CARTESIAN_POINT ( 'NONE',  ( 156.4672321705305080, 13.00000000000000178, 51.83466997521325936 ) ) ;
#1746 = AXIS2_PLACEMENT_3D ( 'NONE', #561, #3298, #1743 ) ;
#1747 = CARTESIAN_POINT ( 'NONE',  ( 143.9596773505319618, 13.00000000000000178, 33.03760189942124015 ) ) ;
#1748 = EDGE_LOOP ( 'NONE', ( #937, #2035, #2614, #5384 ) ) ;
#1749 = CARTESIAN_POINT ( 'NONE',  ( 173.4606693568071591, 13.00000000000000178, 28.86930890873650668 ) ) ;
#1750 = CARTESIAN_POINT ( 'NONE',  ( 83.04961927971092450, 13.00000000000000178, 55.01393715378530658 ) ) ;
#1751 = ORIENTED_EDGE ( 'NONE', *, *, #6000, .T. ) ;
#1752 = CARTESIAN_POINT ( 'NONE',  ( 259.9352620472884041, 9.999999999999994671, 49.56241801832604921 ) ) ;
#1753 = EDGE_LOOP ( 'NONE', ( #2417, #3049, #490, #5981 ) ) ;
#1754 = CARTESIAN_POINT ( 'NONE',  ( 237.1739900579885614, 12.99999999999999822, 56.24577976789078804 ) ) ;
#1755 = CARTESIAN_POINT ( 'NONE',  ( 263.3979433003843269, 9.999999999999998224, 33.66543401570836380 ) ) ;
#1756 = CARTESIAN_POINT ( 'NONE',  ( 105.3570779157689259, 10.00000000000000000, 39.17324651570835670 ) ) ;
#1757 = CARTESIAN_POINT ( 'NONE',  ( 130.8744372433806120, 10.00000000000000000, 51.30542079965477598 ) ) ;
#1758 = PLANE ( 'NONE',  #6006 ) ;
#1759 = FACE_OUTER_BOUND ( 'NONE', #2200, .T. ) ;
#1760 = EDGE_CURVE ( 'NONE', #1236, #5794, #4704, .T. ) ;
#1761 = CARTESIAN_POINT ( 'NONE',  ( 233.7310311876372850, 10.00000000000000000, 22.35184240674104217 ) ) ;
#1762 = PLANE ( 'NONE',  #2393 ) ;
#1763 = CARTESIAN_POINT ( 'NONE',  ( 35.71164522346123960, 13.00000000000000178, 30.35714074647759020 ) ) ;
#1764 = CARTESIAN_POINT ( 'NONE',  ( 229.1885687029671601, 13.00000000000000533, 27.70447554999465822 ) ) ;
#1765 = B_SPLINE_SURFACE_WITH_KNOTS ( 'NONE', 3, 1, ( 
 ( #454, #5043 ),
 ( #522, #4531 ),
 ( #1044, #5574 ),
 ( #2707, #2813 ),
 ( #693, #2183 ),
 ( #4424, #7315 ),
 ( #4068, #2745 ),
 ( #3893, #2149 ),
 ( #3369, #1080 ),
 ( #1666, #3927 ),
 ( #5010, #4109 ),
 ( #6372, #4458 ),
 ( #5610, #5217 ),
 ( #2222, #6671 ),
 ( #1292, #4494 ),
 ( #6197, #1594 ),
 ( #1116, #139 ),
 ( #5640, #558 ),
 ( #5077, #1251 ) ),
 .UNSPECIFIED., .F., .F., .F.,
 ( 4, 1, 1, 1, 1, 1, 1, 1, 1, 1, 1, 1, 1, 1, 1, 1, 4 ),
 ( 2, 2 ),
 ( 0.000000000000000000, 0.06797848961925517797, 0.1330435352439082730, 0.1965074380533953502, 0.2586134167685747443, 0.3197283376065477301, 0.3808728540495684434, 0.4426356023162049125, 0.5050793035048795065, 0.5678805200585778090, 0.6288138541554865180, 0.6889100905404388353, 0.7487650058898495109, 0.8093857829631169176, 0.8708843357532255469, 0.9340374630737058315, 1.000000000000000000 ),
 ( 0.000000000000000000, 1.000000000000000000 ),
 .UNSPECIFIED. ) ;
#1766 = CARTESIAN_POINT ( 'NONE',  ( 35.74770291576894010, 10.00000000000000000, 34.90942440032374350 ) ) ;
#1767 = CARTESIAN_POINT ( 'NONE',  ( 92.63584802091580173, 10.00000000000000355, 34.51639376932215697 ) ) ;
#1768 = CARTESIAN_POINT ( 'NONE',  ( 148.6017448499440263, 10.00000000000000000, 45.90535232193055037 ) ) ;
#1769 = EDGE_CURVE ( 'NONE', #5197, #5788, #3959, .T. ) ;
#1770 = FACE_OUTER_BOUND ( 'NONE', #3637, .T. ) ;
#1771 = DIRECTION ( 'NONE',  ( -0.8493950987732619140, 0.000000000000000000, 0.5277574880377926547 ) ) ;
#1772 = CARTESIAN_POINT ( 'NONE',  ( 123.6802667336064019, 13.00000000000000178, 27.18423319316368136 ) ) ;
#1773 = CARTESIAN_POINT ( 'NONE',  ( 232.2130822557030285, 9.999999999999996447, 55.97469248834503475 ) ) ;
#1774 = CARTESIAN_POINT ( 'NONE',  ( 125.2254406138439720, 13.00000000000000178, 27.94999887357986168 ) ) ;
#1775 = EDGE_CURVE ( 'NONE', #6666, #4684, #1792, .T. ) ;
#1776 = EDGE_LOOP ( 'NONE', ( #2145, #6973, #2632, #4367 ) ) ;
#1777 = CARTESIAN_POINT ( 'NONE',  ( 210.9340009926920345, 10.00000000000000000, 12.42745324647759553 ) ) ;
#1778 = CARTESIAN_POINT ( 'NONE',  ( 173.2602149682571735, 12.99999999999999822, 49.91281092058346047 ) ) ;
#1779 = LINE ( 'NONE', #1707, #498 ) ;
#1780 = VERTEX_POINT ( 'NONE', #4925 ) ;
#1781 = CARTESIAN_POINT ( 'NONE',  ( 271.4969574281161613, 10.00000000000000000, 46.63881240763541314 ) ) ;
#1782 = CARTESIAN_POINT ( 'NONE',  ( 150.1473230988202374, 9.999999999999996447, 53.41901016282711367 ) ) ;
#1783 = CARTESIAN_POINT ( 'NONE',  ( 88.25226347649326897, 10.00000000000000000, 44.36981161685033470 ) ) ;
#1784 = ORIENTED_EDGE ( 'NONE', *, *, #7306, .T. ) ;
#1785 = LINE ( 'NONE', #1894, #7312 ) ;
#1786 = ORIENTED_EDGE ( 'NONE', *, *, #1601, .F. ) ;
#1787 = FACE_OUTER_BOUND ( 'NONE', #5908, .T. ) ;
#1788 = PLANE ( 'NONE',  #5109 ) ;
#1789 = CARTESIAN_POINT ( 'NONE',  ( 105.3570779157689259, 10.00000000000000000, 28.76158786186220340 ) ) ;
#1790 = CARTESIAN_POINT ( 'NONE',  ( 51.36770078471574408, 13.00000000000000533, 19.59534718228816530 ) ) ;
#1791 = CARTESIAN_POINT ( 'NONE',  ( 154.5837652974741729, 13.00000000000000178, 22.94896581885098996 ) ) ;
#1792 = CIRCLE ( 'NONE', #136, 1.500000000000001332 ) ;
#1793 = CARTESIAN_POINT ( 'NONE',  ( 267.2582015176233199, 12.99999999999999467, 26.28844505435575485 ) ) ;
#1794 = CARTESIAN_POINT ( 'NONE',  ( 217.8740271017735779, 13.00000000000000178, 38.34695888815721077 ) ) ;
#1795 = CARTESIAN_POINT ( 'NONE',  ( 221.7756970798867258, 10.00000000000000355, 50.16148654186650191 ) ) ;
#1796 = CARTESIAN_POINT ( 'NONE',  ( 268.6756971030876002, 9.999999999999994671, 26.73583078065466978 ) ) ;
#1797 = EDGE_CURVE ( 'NONE', #5085, #1298, #6511, .T. ) ;
#1798 = CARTESIAN_POINT ( 'NONE',  ( 235.4738672884443815, 10.00000000000000000, 26.26916621774520877 ) ) ;
#1799 = CARTESIAN_POINT ( 'NONE',  ( 51.68434464338495360, 13.00000000000000178, 23.31250417938752406 ) ) ;
#1800 = CARTESIAN_POINT ( 'NONE',  ( 146.9572031867446071, 10.00000000000000355, 41.07094625453103021 ) ) ;
#1801 = CARTESIAN_POINT ( 'NONE',  ( 235.9940971465381949, 13.00000000000000178, 52.21711670801605720 ) ) ;
#1802 = CIRCLE ( 'NONE', #5837, 1.500000000000029088 ) ;
#1803 = CARTESIAN_POINT ( 'NONE',  ( 267.9478933729419055, 13.00000000000000178, 51.85240741024863098 ) ) ;
#1804 = EDGE_CURVE ( 'NONE', #1498, #720, #6085, .T. ) ;
#1805 = CARTESIAN_POINT ( 'NONE',  ( 225.7090602570890780, 12.99999999999999822, 53.53976768786175455 ) ) ;
#1806 = CARTESIAN_POINT ( 'NONE',  ( 133.9896360360827146, 9.999999999999998224, 31.22238557397200154 ) ) ;
#1807 = ORIENTED_EDGE ( 'NONE', *, *, #6975, .F. ) ;
#1808 = CARTESIAN_POINT ( 'NONE',  ( 76.22246253115355330, 13.00000000000000178, 26.25557824647759020 ) ) ;
#1809 = ORIENTED_EDGE ( 'NONE', *, *, #1453, .F. ) ;
#1810 = DATE_AND_TIME ( #113, #6052 ) ;
#1811 = CARTESIAN_POINT ( 'NONE',  ( 174.2357071887793154, 10.00000000000000000, 48.56085492135775183 ) ) ;
#1812 = CARTESIAN_POINT ( 'NONE',  ( 172.8570779157689401, 10.00000000000000355, 39.35353497724682370 ) ) ;
#1813 = ORIENTED_EDGE ( 'NONE', *, *, #1960, .T. ) ;
#1814 = EDGE_CURVE ( 'NONE', #1883, #3653, #4290, .T. ) ;
#1815 = EDGE_CURVE ( 'NONE', #3726, #4077, #2507, .T. ) ;
#1816 = CARTESIAN_POINT ( 'NONE',  ( 275.3951574842833452, 13.00000000000000178, 48.66237103988067503 ) ) ;
#1817 = CARTESIAN_POINT ( 'NONE',  ( 142.8696951114779665, 13.00000000000000178, 39.88320673285893747 ) ) ;
#1818 = CARTESIAN_POINT ( 'NONE',  ( 35.84735663159604968, 10.00000000000000000, 10.70591348534256149 ) ) ;
#1819 = ORIENTED_EDGE ( 'NONE', *, *, #1639, .T. ) ;
#1820 = CARTESIAN_POINT ( 'NONE',  ( 259.1882077234611756, 13.00000000000000178, 48.75557824647759020 ) ) ;
#1821 = ORIENTED_EDGE ( 'NONE', *, *, #856, .F. ) ;
#1822 = CARTESIAN_POINT ( 'NONE',  ( 263.2193982049485612, 10.00000000000000000, 55.97953064951546764 ) ) ;
#1823 = B_SPLINE_CURVE_WITH_KNOTS ( 'NONE', 3,
 ( #3209, #5487, #7195, #2105, #477, #1544, #6627, #2735, #2699, #1582, #3845, #925, #1623, #5564, #3323 ),
 .UNSPECIFIED., .F., .F.,
 ( 4, 1, 1, 1, 1, 1, 1, 1, 1, 1, 1, 1, 4 ),
 ( 0.000000000000000000, 0.08052524235254079898, 0.1599654769449858072, 0.2403213612945771793, 0.3225285276294004855, 0.4050235832074836062, 0.4865966363996184763, 0.5678654736293196059, 0.6513327733845224454, 0.7362375672940281168, 0.8215290690095373716, 0.9090049060738446540, 1.000000000000000000 ),
 .UNSPECIFIED. ) ;
#1824 = CARTESIAN_POINT ( 'NONE',  ( 64.72329372570555961, 9.999999999999996447, 33.17324729743000944 ) ) ;
#1825 = EDGE_CURVE ( 'NONE', #5352, #3748, #4218, .T. ) ;
#1826 = CARTESIAN_POINT ( 'NONE',  ( 146.9572031867446071, 13.00000000000000533, 41.07094625453103021 ) ) ;
#1827 = B_SPLINE_CURVE_WITH_KNOTS ( 'NONE', 3,
 ( #3238, #2788, #5515, #469, #2167, #2760, #1649, #5058, #503, #4476, #6729, #4512, #1096, #7185, #7333 ),
 .UNSPECIFIED., .F., .F.,
 ( 4, 1, 1, 1, 1, 1, 1, 1, 1, 1, 1, 1, 4 ),
 ( 0.000000000000000000, 0.08599252871053628122, 0.1697355739746239656, 0.2526871184561421679, 0.3365262885920238811, 0.4198561141919587292, 0.5024566706100790370, 0.5852647562462206521, 0.6697998313920894287, 0.7544074688475805868, 0.8369499629815877473, 0.9179410084068618803, 1.000000000000000000 ),
 .UNSPECIFIED. ) ;
#1828 = CARTESIAN_POINT ( 'NONE',  ( 241.2037512512108037, 9.999999999999996447, 27.03041740925283776 ) ) ;
#1829 = CARTESIAN_POINT ( 'NONE',  ( 90.72052530168139128, 13.00000000000000178, 30.19945250396720127 ) ) ;
#1830 = CARTESIAN_POINT ( 'NONE',  ( 263.3979433003842701, 13.00000000000000178, 33.66543401570835670 ) ) ;
#1831 = CARTESIAN_POINT ( 'NONE',  ( 227.9213080536100335, 9.999999999999996447, 23.93494244072856247 ) ) ;
#1832 = CARTESIAN_POINT ( 'NONE',  ( 114.7497507927851501, 13.00000000000000533, 55.89963635860861046 ) ) ;
#1833 = CARTESIAN_POINT ( 'NONE',  ( 159.8763086849996853, 10.00000000000000355, 26.25557824647759020 ) ) ;
#1834 = CARTESIAN_POINT ( 'NONE',  ( 245.3663064204505986, 10.00000000000000000, 24.33887099780256236 ) ) ;
#1835 = CARTESIAN_POINT ( 'NONE',  ( 274.4793033004889367, 13.00000000000000178, 51.25679823516406941 ) ) ;
#1836 = CARTESIAN_POINT ( 'NONE',  ( 267.6083864737630051, 9.999999999999996447, 22.25997905858050174 ) ) ;
#1837 = CARTESIAN_POINT ( 'NONE',  ( 154.8567937562772272, 10.00000000000000355, 51.32296885885604354 ) ) ;
#1838 = CARTESIAN_POINT ( 'NONE',  ( 149.0383198186070501, 9.999999999999998224, 32.08673713101787683 ) ) ;
#1839 = B_SPLINE_CURVE_WITH_KNOTS ( 'NONE', 3,
 ( #5180, #2838, #5071, #3996, #5633, #654, #2909 ),
 .UNSPECIFIED., .F., .F.,
 ( 4, 1, 1, 1, 4 ),
 ( 0.000000000000000000, 0.2488386141270695351, 0.4952350254576698418, 0.7433356038750061900, 1.000000000000000000 ),
 .UNSPECIFIED. ) ;
#1840 = CC_DESIGN_PERSON_AND_ORGANIZATION_ASSIGNMENT ( #2448, #5831, ( #4511 ) ) ;
#1841 = LINE ( 'NONE', #6266, #2862 ) ;
#1842 = B_SPLINE_CURVE_WITH_KNOTS ( 'NONE', 3,
 ( #4150, #1362, #6406, #5370, #292, #764, #3015, #2550, #5294, #4820, #7074 ),
 .UNSPECIFIED., .F., .F.,
 ( 4, 1, 1, 1, 1, 1, 1, 1, 4 ),
 ( 0.000000000000000000, 0.07687507403504986736, 0.1674616757257262611, 0.2722700232466409576, 0.3895508405125231999, 0.5208013683480535727, 0.6662632933752226094, 0.8255449152058663698, 0.9999999999999998890 ),
 .UNSPECIFIED. ) ;
#1843 = VECTOR ( 'NONE', #2586, 1000.000000000000000 ) ;
#1844 = CARTESIAN_POINT ( 'NONE',  ( 125.2254406138439720, 9.999999999999998224, 27.94999887357986168 ) ) ;
#1845 = CARTESIAN_POINT ( 'NONE',  ( 217.8570779157689401, 13.00000000000000178, 39.50678016955452421 ) ) ;
#1846 = AXIS2_PLACEMENT_3D ( 'NONE', #1109, #6773, #1693 ) ;
#1847 = CARTESIAN_POINT ( 'NONE',  ( 132.0943362413483442, 10.00000000000000178, 28.44967321517309600 ) ) ;
#1848 = ORIENTED_EDGE ( 'NONE', *, *, #2672, .T. ) ;
#1849 = CARTESIAN_POINT ( 'NONE',  ( 135.8867573379511100, 13.00000000000000178, 41.00740946308430779 ) ) ;
#1850 = EDGE_CURVE ( 'NONE', #6132, #3452, #1389, .T. ) ;
#1851 = ORIENTED_EDGE ( 'NONE', *, *, #690, .T. ) ;
#1852 = CARTESIAN_POINT ( 'NONE',  ( 146.9321177512198915, 12.99999999999999822, 38.03184166138065336 ) ) ;
#1853 = VECTOR ( 'NONE', #4724, 1000.000000000000000 ) ;
#1854 = ORIENTED_EDGE ( 'NONE', *, *, #4721, .T. ) ;
#1855 = CARTESIAN_POINT ( 'NONE',  ( 262.3229601943868374, 10.00000000000000000, 31.46053482686506797 ) ) ;
#1856 = CARTESIAN_POINT ( 'NONE',  ( 42.00856045494897728, 9.999999999999996447, 34.33486914100114262 ) ) ;
#1857 = VECTOR ( 'NONE', #2454, 1000.000000000000000 ) ;
#1858 = EDGE_CURVE ( 'NONE', #3725, #4204, #2653, .T. ) ;
#1859 = DIRECTION ( 'NONE',  ( -0.8361437835000345986, 0.000000000000000000, -0.5485103219760291138 ) ) ;
#1860 = VERTEX_POINT ( 'NONE', #2545 ) ;
#1861 = VERTEX_POINT ( 'NONE', #4892 ) ;
#1862 = CARTESIAN_POINT ( 'NONE',  ( 35.74770291576894010, 10.00000000000000000, 34.90942440032374350 ) ) ;
#1863 = CARTESIAN_POINT ( 'NONE',  ( 70.13369902172451020, 12.99999999999999822, 27.73419130896915874 ) ) ;
#1864 = CARTESIAN_POINT ( 'NONE',  ( 265.7081925458780916, 10.00000000000000000, 26.29659344346320538 ) ) ;
#1865 = CARTESIAN_POINT ( 'NONE',  ( 242.7644258233108019, 10.00000000000000533, 27.66326462829134059 ) ) ;
#1866 = CARTESIAN_POINT ( 'NONE',  ( 91.50765964656274321, 9.999999999999998224, 31.57696808300281077 ) ) ;
#1867 = CARTESIAN_POINT ( 'NONE',  ( 108.2787514734246059, 13.00000000000000178, 47.54228742990625989 ) ) ;
#1868 = EDGE_CURVE ( 'NONE', #6127, #2419, #2276, .T. ) ;
#1869 = CARTESIAN_POINT ( 'NONE',  ( 246.8666655442456488, 10.00000000000000000, 53.17301955471550912 ) ) ;
#1870 = VERTEX_POINT ( 'NONE', #3799 ) ;
#1871 = EDGE_LOOP ( 'NONE', ( #3078, #560, #5129, #4878 ) ) ;
#1872 = CARTESIAN_POINT ( 'NONE',  ( 206.4360476775383972, 13.00000000000000178, 8.980829035036393293 ) ) ;
#1873 = CARTESIAN_POINT ( 'NONE',  ( 209.2032317619227513, 10.00000000000000000, 22.79403978493913030 ) ) ;
#1874 = CARTESIAN_POINT ( 'NONE',  ( 161.6056196624022903, 12.99999999999999822, 52.16701580221901224 ) ) ;
#1875 = CARTESIAN_POINT ( 'NONE',  ( 251.0683215237443733, 13.00000000000000533, 29.52218688597317353 ) ) ;
#1876 = CARTESIAN_POINT ( 'NONE',  ( 172.8570779157689401, 10.00000000000000355, 39.35353497724682370 ) ) ;
#1877 = CARTESIAN_POINT ( 'NONE',  ( 169.0286698256967952, 13.00000000000000178, 30.07482484030007086 ) ) ;
#1878 = CARTESIAN_POINT ( 'NONE',  ( 218.1549872692018823, 13.00000000000000178, 42.86073662931383410 ) ) ;
#1879 = CARTESIAN_POINT ( 'NONE',  ( 262.6830507921871458, 10.00000000000000000, 38.71082730283889362 ) ) ;
#1880 = FACE_OUTER_BOUND ( 'NONE', #1420, .T. ) ;
#1881 = DIRECTION ( 'NONE',  ( 0.6600766059279519204, 0.000000000000000000, -0.7511982922681834651 ) ) ;
#1882 = CARTESIAN_POINT ( 'NONE',  ( 113.1264005353043558, 10.00000000000000355, 23.10395399350282375 ) ) ;
#1883 = VERTEX_POINT ( 'NONE', #2237 ) ;
#1884 = B_SPLINE_SURFACE_WITH_KNOTS ( 'NONE', 3, 1, ( 
 ( #1820, #711 ),
 ( #4732, #6979 ),
 ( #161, #1752 ),
 ( #1346, #2418 ),
 ( #5874, #3039 ),
 ( #5319, #4500 ),
 ( #3969, #4649 ),
 ( #3442, #1122 ),
 ( #6237, #667 ),
 ( #2885, #596 ),
 ( #3374, #6752 ) ),
 .UNSPECIFIED., .F., .F., .F.,
 ( 4, 1, 1, 1, 1, 1, 1, 1, 4 ),
 ( 2, 2 ),
 ( 0.000000000000000000, 0.1474758177483605492, 0.2859041715443760845, 0.4171716482444371987, 0.5405007435864958021, 0.6592377183802409224, 0.7750060983159576811, 0.8872285734286385894, 1.000000000000000000 ),
 ( 0.000000000000000000, 1.000000000000000000 ),
 .UNSPECIFIED. ) ;
#1885 = CARTESIAN_POINT ( 'NONE',  ( 130.8744372433806120, 13.00000000000000178, 51.30542079965477598 ) ) ;
#1886 = ORIENTED_EDGE ( 'NONE', *, *, #4721, .F. ) ;
#1887 = DIRECTION ( 'NONE',  ( 0.000000000000000000, 0.000000000000000000, -1.000000000000000000 ) ) ;
#1888 = CARTESIAN_POINT ( 'NONE',  ( 146.8955394542304589, 13.00000000000000178, 39.35353497724682370 ) ) ;
#1889 = ORIENTED_EDGE ( 'NONE', *, *, #3711, .F. ) ;
#1890 = PRODUCT_DEFINITION ( 'UNKNOWN', '', #4511, #6707 ) ;
#1891 = CARTESIAN_POINT ( 'NONE',  ( 266.2498980228124310, 10.00000000000000000, 56.24650816582295931 ) ) ;
#1892 = LINE ( 'NONE', #5351, #7204 ) ;
#1893 = ORIENTED_EDGE ( 'NONE', *, *, #7325, .T. ) ;
#1894 = CARTESIAN_POINT ( 'NONE',  ( 199.9999999999999432, 20.00000000000000000, 97.93724644492834841 ) ) ;
#1895 = ORIENTED_EDGE ( 'NONE', *, *, #1815, .F. ) ;
#1896 = CARTESIAN_POINT ( 'NONE',  ( 36.21955152032931835, 12.99999999999999822, 34.90385523835566062 ) ) ;
#1897 = DIRECTION ( 'NONE',  ( 0.000000000000000000, 0.000000000000000000, -1.000000000000000000 ) ) ;
#1898 = CARTESIAN_POINT ( 'NONE',  ( 161.1679350304296463, 10.00000000000000178, 26.29325073383914457 ) ) ;
#1899 = ADVANCED_FACE ( 'NONE', ( #6689 ), #537, .T. ) ;
#1900 = CARTESIAN_POINT ( 'NONE',  ( 262.2944367108287338, 13.00000000000000178, 30.94152911633933201 ) ) ;
#1901 = CARTESIAN_POINT ( 'NONE',  ( 3.535533905932737309, 10.00000000000000000, 1.885533905932736509 ) ) ;
#1902 = CARTESIAN_POINT ( 'NONE',  ( 114.6586108007461746, 13.00000000000000178, 51.72071116967914861 ) ) ;
#1903 = CARTESIAN_POINT ( 'NONE',  ( 209.2032317619227513, 13.00000000000000178, 55.67865516955451000 ) ) ;
#1904 = ORIENTED_EDGE ( 'NONE', *, *, #599, .T. ) ;
#1905 = CARTESIAN_POINT ( 'NONE',  ( 166.6666666666666288, 10.00000000000000000, 96.43724644492834841 ) ) ;
#1906 = CARTESIAN_POINT ( 'NONE',  ( 239.5814028354742788, 10.00000000000000000, 55.99083570481851524 ) ) ;
#1907 = CARTESIAN_POINT ( 'NONE',  ( 172.4613222248009663, 13.00000000000000178, 42.75250554432709293 ) ) ;
#1908 = EDGE_CURVE ( 'NONE', #6687, #5474, #2546, .T. ) ;
#1909 = VECTOR ( 'NONE', #6669, 1000.000000000000000 ) ;
#1910 = CARTESIAN_POINT ( 'NONE',  ( 245.3663064204505986, 13.00000000000000178, 24.33887099780256236 ) ) ;
#1911 = CARTESIAN_POINT ( 'NONE',  ( 275.5401344590210897, 13.00000000000000178, 47.07926534654830419 ) ) ;
#1912 = LINE ( 'NONE', #6478, #6588 ) ;
#1913 = FACE_OUTER_BOUND ( 'NONE', #1274, .T. ) ;
#1914 = CARTESIAN_POINT ( 'NONE',  ( 170.7032888496189571, 10.00000000000000711, 32.08992724252957629 ) ) ;
#1915 = CARTESIAN_POINT ( 'NONE',  ( 271.5109240696151574, 13.00000000000000178, 46.92565036186221050 ) ) ;
#1916 = LINE ( 'NONE', #3625, #5173 ) ;
#1917 = CARTESIAN_POINT ( 'NONE',  ( 219.8423497245663327, 13.00000000000000178, 47.44231698191050128 ) ) ;
#1918 = CIRCLE ( 'NONE', #5718, 1.500000000000001332 ) ;
#1919 = CARTESIAN_POINT ( 'NONE',  ( 84.16397387552663645, 9.999999999999998224, 49.68871016550135522 ) ) ;
#1920 = EDGE_LOOP ( 'NONE', ( #2330, #285, #3960, #6863 ) ) ;
#1921 = DIRECTION ( 'NONE',  ( -0.000000000000000000, -1.000000000000000000, -0.000000000000000000 ) ) ;
#1922 = ORIENTED_EDGE ( 'NONE', *, *, #3476, .F. ) ;
#1923 = CARTESIAN_POINT ( 'NONE',  ( 65.38447366476093237, 13.00000000000000533, 32.08673713101789815 ) ) ;
#1924 = CARTESIAN_POINT ( 'NONE',  ( 207.9072970221909884, 13.00000000000000533, 15.83657083459854853 ) ) ;
#1925 = ORIENTED_EDGE ( 'NONE', *, *, #6853, .T. ) ;
#1926 = CARTESIAN_POINT ( 'NONE',  ( 265.9129673388458173, 10.00000000000000000, 56.25557824647759020 ) ) ;
#1927 = CARTESIAN_POINT ( 'NONE',  ( 43.97184990145562011, 10.00000000000000000, 33.79617640210817342 ) ) ;
#1928 = B_SPLINE_CURVE_WITH_KNOTS ( 'NONE', 3,
 ( #3986, #2865, #1688, #3424, #1722, #2794, #1176, #6324, #23, #4482, #3494, #4021, #55, #2207, #1210, #3913, #2901, #2311, #4589 ),
 .UNSPECIFIED., .F., .F.,
 ( 4, 1, 1, 1, 1, 1, 1, 1, 1, 1, 1, 1, 1, 1, 1, 1, 4 ),
 ( 0.000000000000000000, 0.06564569989351910773, 0.1292115114517270458, 0.1912533534191533102, 0.2519584927837460464, 0.3125641358481264231, 0.3735621529251152428, 0.4352304980090151987, 0.4985361736141470934, 0.5619014030194714460, 0.6240980803890657791, 0.6850233969672184786, 0.7460507790253081417, 0.8075767540633218555, 0.8699430039935970305, 0.9339390434195647961, 0.9999999999999998890 ),
 .UNSPECIFIED. ) ;
#1929 = ORIENTED_EDGE ( 'NONE', *, *, #4688, .F. ) ;
#1930 = CARTESIAN_POINT ( 'NONE',  ( 203.4340009926919777, 10.00000000000000000, 12.42745324647759375 ) ) ;
#1931 = EDGE_LOOP ( 'NONE', ( #4274, #5162, #6497, #6749 ) ) ;
#1932 = CARTESIAN_POINT ( 'NONE',  ( 36.21955152032931835, 9.999999999999996447, 34.90385523835566062 ) ) ;
#1933 = CARTESIAN_POINT ( 'NONE',  ( 266.4843525693346464, 12.99999999999999822, 36.12149079560631293 ) ) ;
#1934 = CARTESIAN_POINT ( 'NONE',  ( 35.74770291576894010, 13.00000000000000178, 34.90942440032374350 ) ) ;
#1935 = FACE_OUTER_BOUND ( 'NONE', #339, .T. ) ;
#1936 = CARTESIAN_POINT ( 'NONE',  ( 222.8805463544048848, 12.99999999999999467, 34.17025989916627537 ) ) ;
#1937 = CARTESIAN_POINT ( 'NONE',  ( 105.8743803775614651, 9.999999999999996447, 43.09152008410384838 ) ) ;
#1938 = DIRECTION ( 'NONE',  ( -0.000000000000000000, -1.000000000000000000, -0.000000000000000000 ) ) ;
#1939 = CARTESIAN_POINT ( 'NONE',  ( 27.47246253115355330, 10.00000000000000000, 30.29403978493913030 ) ) ;
#1940 = ORIENTED_EDGE ( 'NONE', *, *, #2362, .T. ) ;
#1941 = ADVANCED_FACE ( 'NONE', ( #6214 ), #1611, .T. ) ;
#1942 = FACE_OUTER_BOUND ( 'NONE', #834, .T. ) ;
#1943 = CARTESIAN_POINT ( 'NONE',  ( 76.22246253115355330, 13.00000000000000178, 26.25557824647759020 ) ) ;
#1944 = CARTESIAN_POINT ( 'NONE',  ( 242.6514054945408816, 9.999999999999994671, 50.80574183780144892 ) ) ;
#1945 = B_SPLINE_CURVE_WITH_KNOTS ( 'NONE', 3,
 ( #4446, #3373, #665, #3478, #2920, #7321, #6202, #5751, #6166, #2848, #526, #6823, #2259, #1637, #1120 ),
 .UNSPECIFIED., .F., .F.,
 ( 4, 1, 1, 1, 1, 1, 1, 1, 1, 1, 1, 1, 4 ),
 ( 0.000000000000000000, 0.08473500127964631035, 0.1681817837855204001, 0.2524185281181411389, 0.3386177966878027856, 0.4240141020386694048, 0.5064019712145100272, 0.5875451741389956517, 0.6688007216827558388, 0.7500995272674227943, 0.8310222701893099639, 0.9139596201585747925, 1.000000000000000000 ),
 .UNSPECIFIED. ) ;
#1946 = CARTESIAN_POINT ( 'NONE',  ( 171.9061096303393867, 13.00000000000000178, 44.36981161685031338 ) ) ;
#1947 = B_SPLINE_SURFACE_WITH_KNOTS ( 'NONE', 3, 1, ( 
 ( #1188, #623 ),
 ( #1222, #657 ),
 ( #6888, #3962 ),
 ( #6815, #6231 ),
 ( #556, #697 ),
 ( #3470, #34 ),
 ( #144, #4565 ),
 ( #3436, #5708 ),
 ( #68, #2404 ),
 ( #2325, #1844 ),
 ( #1772, #1156 ),
 ( #4033, #4115 ),
 ( #5674, #6376 ),
 ( #3367, #2810 ),
 ( #590, #5176 ) ),
 .UNSPECIFIED., .F., .F., .F.,
 ( 4, 1, 1, 1, 1, 1, 1, 1, 1, 1, 1, 1, 4 ),
 ( 2, 2 ),
 ( 0.000000000000000000, 0.08206627227095460164, 0.1638049146802433575, 0.2466175023921720333, 0.3319829739590866025, 0.4174662413505369485, 0.5009071450388554725, 0.5841030515758436348, 0.6682541715553398376, 0.7520560821096481385, 0.8345695599471747439, 0.9166521793834925269, 1.000000000000000000 ),
 ( 0.000000000000000000, 1.000000000000000000 ),
 .UNSPECIFIED. ) ;
#1948 = CARTESIAN_POINT ( 'NONE',  ( 159.8943375311535249, 13.00000000000000178, 56.25557824647759020 ) ) ;
#1949 = CARTESIAN_POINT ( 'NONE',  ( 268.8145104055299726, 13.00000000000000178, 55.88625399897613732 ) ) ;
#1950 = CARTESIAN_POINT ( 'NONE',  ( 159.8763086849996853, 13.00000000000000178, 26.25557824647759020 ) ) ;
#1951 = CARTESIAN_POINT ( 'NONE',  ( 27.47246253115355330, 13.00000000000000178, 30.29403978493913030 ) ) ;
#1952 = FACE_OUTER_BOUND ( 'NONE', #4733, .T. ) ;
#1953 = ADVANCED_FACE ( 'NONE', ( #6071 ), #4745, .T. ) ;
#1954 = DIRECTION ( 'NONE',  ( -0.000000000000000000, -1.000000000000000000, -0.000000000000000000 ) ) ;
#1955 = CARTESIAN_POINT ( 'NONE',  ( 210.9200875092296883, 9.999999999999998224, 12.65454450143313636 ) ) ;
#1956 = CARTESIAN_POINT ( 'NONE',  ( 267.1606808375588571, 13.00000000000000178, 41.36634067692594385 ) ) ;
#1957 = CARTESIAN_POINT ( 'NONE',  ( 236.5900923742565851, 13.00000000000000178, 52.20040888692626879 ) ) ;
#1958 = ORIENTED_EDGE ( 'NONE', *, *, #6788, .T. ) ;
#1959 = CARTESIAN_POINT ( 'NONE',  ( 166.6666666666666288, 20.00000000000000000, 96.43724644492834841 ) ) ;
#1960 = EDGE_CURVE ( 'NONE', #192, #3560, #1827, .T. ) ;
#1961 = VERTEX_POINT ( 'NONE', #6761 ) ;
#1962 = CARTESIAN_POINT ( 'NONE',  ( 169.0286698256967952, 13.00000000000000178, 30.07482484030007086 ) ) ;
#1963 = PERSON_AND_ORGANIZATION ( #371, #368 ) ;
#1964 = CARTESIAN_POINT ( 'NONE',  ( 149.8158938034131609, 13.00000000000000178, 31.04725823106805649 ) ) ;
#1965 = ORIENTED_EDGE ( 'NONE', *, *, #183, .F. ) ;
#1966 = AXIS2_PLACEMENT_3D ( 'NONE', #3395, #2245, #3994 ) ;
#1967 = CARTESIAN_POINT ( 'NONE',  ( 77.51408887658348590, 12.99999999999999822, 26.29325073383914457 ) ) ;
#1968 = ORIENTED_EDGE ( 'NONE', *, *, #4244, .F. ) ;
#1969 = DIRECTION ( 'NONE',  ( 0.000000000000000000, -0.000000000000000000, 1.000000000000000000 ) ) ;
#1970 = VERTEX_POINT ( 'NONE', #3383 ) ;
#1971 = AXIS2_PLACEMENT_3D ( 'NONE', #7280, #2188, #4462 ) ;
#1972 = CARTESIAN_POINT ( 'NONE',  ( 204.5221390929668246, 10.00000000000000178, 14.87100123842479782 ) ) ;
#1973 = ORIENTED_EDGE ( 'NONE', *, *, #2268, .F. ) ;
#1974 = DIRECTION ( 'NONE',  ( 1.000000000000000000, 0.000000000000000000, -0.000000000000000000 ) ) ;
#1975 = CARTESIAN_POINT ( 'NONE',  ( 193.0493856080766193, 13.00000000000000178, 55.67865516955451000 ) ) ;
#1976 = CARTESIAN_POINT ( 'NONE',  ( 151.9257403806274169, 9.999999999999996447, 49.69216112844424771 ) ) ;
#1977 = CARTESIAN_POINT ( 'NONE',  ( 33.33333333333334991, 10.00000000000000000, 96.43724644492834841 ) ) ;
#1978 = AXIS2_PLACEMENT_3D ( 'NONE', #3210, #5489, #1624 ) ;
#1979 = CARTESIAN_POINT ( 'NONE',  ( 92.63584802091580173, 13.00000000000000533, 34.51639376932215697 ) ) ;
#1980 = CARTESIAN_POINT ( 'NONE',  ( 112.2877374402553983, 12.99999999999999822, 50.77865078533805843 ) ) ;
#1981 = CARTESIAN_POINT ( 'NONE',  ( 251.1182030630773170, 10.00000000000000000, 48.95974336179072850 ) ) ;
#1982 = CARTESIAN_POINT ( 'NONE',  ( 27.47246253115355330, 13.00000000000000178, 34.90942440032374350 ) ) ;
#1983 = ORIENTED_EDGE ( 'NONE', *, *, #3339, .T. ) ;
#1984 = CARTESIAN_POINT ( 'NONE',  ( 161.6056196624022903, 12.99999999999999822, 52.16701580221901224 ) ) ;
#1985 = CARTESIAN_POINT ( 'NONE',  ( 66.66666666666668561, 20.00000000000000000, 96.43724644492834841 ) ) ;
#1986 = CARTESIAN_POINT ( 'NONE',  ( 176.8829222601431184, 12.99999999999999822, 39.88320673530080995 ) ) ;
#1987 = LINE ( 'NONE', #4262, #4111 ) ;
#1988 = ADVANCED_FACE ( 'NONE', ( #3490 ), #6329, .T. ) ;
#1989 = DIRECTION ( 'NONE',  ( -1.000000000000000000, 0.000000000000000000, 0.000000000000000000 ) ) ;
#1990 = CARTESIAN_POINT ( 'NONE',  ( 172.3883279157689117, 13.00000000000000178, 27.63478497724682015 ) ) ;
#1991 = CARTESIAN_POINT ( 'NONE',  ( 63.94426680299434906, 13.00000000000000178, 51.19863183340619628 ) ) ;
#1992 = CARTESIAN_POINT ( 'NONE',  ( 35.84735663159604968, 10.00000000000000000, 10.70591348534256149 ) ) ;
#1993 = CARTESIAN_POINT ( 'NONE',  ( 218.5471922594500427, 13.00000000000000178, 44.45592542854242879 ) ) ;
#1994 = ADVANCED_FACE ( 'NONE', ( #1172 ), #1788, .T. ) ;
#1995 = CARTESIAN_POINT ( 'NONE',  ( 258.2416933003842701, 13.00000000000000178, 30.84391959263143335 ) ) ;
#1996 = DIRECTION ( 'NONE',  ( 0.000000000000000000, 0.000000000000000000, 1.000000000000000000 ) ) ;
#1997 = VERTEX_POINT ( 'NONE', #2422 ) ;
#1998 = CARTESIAN_POINT ( 'NONE',  ( 274.0169336849996853, 10.00000000000000000, 41.67024170801604299 ) ) ;
#1999 = CARTESIAN_POINT ( 'NONE',  ( 210.9200875092296883, 13.00000000000000178, 12.65454450143313636 ) ) ;
#2000 = VERTEX_POINT ( 'NONE', #1240 ) ;
#2001 = CARTESIAN_POINT ( 'NONE',  ( 86.27504379768322451, 12.99999999999999822, 31.04365736471354609 ) ) ;
#2002 = ORIENTED_EDGE ( 'NONE', *, *, #4532, .F. ) ;
#2003 = CARTESIAN_POINT ( 'NONE',  ( 100.0000000000000142, 10.00000000000000000, 96.43724644492834841 ) ) ;
#2004 = ORIENTED_EDGE ( 'NONE', *, *, #998, .T. ) ;
#2005 = CARTESIAN_POINT ( 'NONE',  ( 64.12763947071891835, 12.99999999999999822, 27.22500759893230438 ) ) ;
#2006 = ORIENTED_EDGE ( 'NONE', *, *, #3429, .T. ) ;
#2007 = CARTESIAN_POINT ( 'NONE',  ( 38.47193293297090122, 13.00000000000000533, 34.82033454937707972 ) ) ;
#2008 = B_SPLINE_SURFACE_WITH_KNOTS ( 'NONE', 3, 1, ( 
 ( #5149, #71 ),
 ( #1957, #1409 ),
 ( #2593, #6487 ),
 ( #3024, #4867 ),
 ( #7123, #3060 ),
 ( #3740, #7042 ),
 ( #186, #3665 ),
 ( #2031, #2443 ),
 ( #5936, #846 ),
 ( #4831, #4307 ),
 ( #5377, #4718 ) ),
 .UNSPECIFIED., .F., .F., .F.,
 ( 4, 1, 1, 1, 1, 1, 1, 1, 4 ),
 ( 2, 2 ),
 ( 0.000000000000000000, 0.1299810785766150056, 0.2554473120268483943, 0.3772983447181144090, 0.4984417785420209301, 0.6193721253366241131, 0.7418565019578124975, 0.8685636891457529929, 1.000000000000000000 ),
 ( 0.000000000000000000, 1.000000000000000000 ),
 .UNSPECIFIED. ) ;
#2009 = CARTESIAN_POINT ( 'NONE',  ( 100.0000000000000142, 10.00000000000000000, 94.93724644492834841 ) ) ;
#2010 = CARTESIAN_POINT ( 'NONE',  ( 210.3280444245058334, 9.999999999999992895, 10.47229235292908456 ) ) ;
#2011 = CARTESIAN_POINT ( 'NONE',  ( 113.5421163577157415, 12.99999999999999822, 27.18744184376283712 ) ) ;
#2012 = CARTESIAN_POINT ( 'NONE',  ( 66.32832707672262984, 13.00000000000000533, 25.26621905222125619 ) ) ;
#2013 = CARTESIAN_POINT ( 'NONE',  ( 248.5562345082606157, 13.00000000000000178, 51.87303906396052611 ) ) ;
#2014 = ORIENTED_EDGE ( 'NONE', *, *, #2645, .T. ) ;
#2015 = ORIENTED_EDGE ( 'NONE', *, *, #5136, .T. ) ;
#2016 = LOCAL_TIME ( 17, 47, 23.00000000000000000, #4081 ) ;
#2017 = CARTESIAN_POINT ( 'NONE',  ( 172.8570779157689401, 13.00000000000000178, 39.35353497724682370 ) ) ;
#2018 = CARTESIAN_POINT ( 'NONE',  ( 171.9705018152318416, 13.00000000000000178, 27.20171998063747054 ) ) ;
#2019 = CARTESIAN_POINT ( 'NONE',  ( 50.73707733577331425, 10.00000000000000355, 17.72374331576975237 ) ) ;
#2020 = CARTESIAN_POINT ( 'NONE',  ( 147.0051367307828514, 10.00000000000000000, 28.07641428828479491 ) ) ;
#2021 = CARTESIAN_POINT ( 'NONE',  ( 203.4744383486179231, 10.00000000000000178, 11.73649776086060470 ) ) ;
#2022 = CARTESIAN_POINT ( 'NONE',  ( 163.6494399619790272, 12.99999999999999822, 26.77753852415916569 ) ) ;
#2023 = CARTESIAN_POINT ( 'NONE',  ( 113.1264005353043558, 10.00000000000000355, 23.10395399350282375 ) ) ;
#2024 = DIRECTION ( 'NONE',  ( 1.000000000000000000, 0.000000000000000000, 0.000000000000000000 ) ) ;
#2025 = CARTESIAN_POINT ( 'NONE',  ( 41.84563265428914036, 10.00000000000000000, 11.12903162200723095 ) ) ;
#2026 = DIRECTION ( 'NONE',  ( 0.000000000000000000, 0.000000000000000000, 1.000000000000000000 ) ) ;
#2027 = ADVANCED_FACE ( 'NONE', ( #4016 ), #2860, .T. ) ;
#2028 = CIRCLE ( 'NONE', #3687, 1.500000000000001332 ) ;
#2029 = CARTESIAN_POINT ( 'NONE',  ( 210.8925821990177099, 9.999999999999998224, 13.10347703733617841 ) ) ;
#2030 = CARTESIAN_POINT ( 'NONE',  ( 87.27850759128519087, 9.999999999999996447, 52.38354303117320399 ) ) ;
#2031 = CARTESIAN_POINT ( 'NONE',  ( 245.4826170213578393, 12.99999999999999822, 48.98148443719539813 ) ) ;
#2032 = ORIENTED_EDGE ( 'NONE', *, *, #1512, .T. ) ;
#2033 = ORIENTED_EDGE ( 'NONE', *, *, #3476, .T. ) ;
#2034 = CARTESIAN_POINT ( 'NONE',  ( 168.0604835386433251, 13.00000000000000178, 29.17823151293044859 ) ) ;
#2035 = ORIENTED_EDGE ( 'NONE', *, *, #1825, .F. ) ;
#2036 = ADVANCED_FACE ( 'NONE', ( #1313 ), #5333, .T. ) ;
#2037 = CARTESIAN_POINT ( 'NONE',  ( 204.5221390929668246, 10.00000000000000000, 14.87100123842479782 ) ) ;
#2038 = VECTOR ( 'NONE', #5253, 1000.000000000000000 ) ;
#2039 = CARTESIAN_POINT ( 'NONE',  ( 76.22246253115355330, 13.00000000000000178, 26.25557824647759020 ) ) ;
#2040 = VERTEX_POINT ( 'NONE', #6570 ) ;
#2041 = CARTESIAN_POINT ( 'NONE',  ( 101.3186163773073929, 10.00000000000000000, 9.524809015708360249 ) ) ;
#2042 = VECTOR ( 'NONE', #7147, 1000.000000000000000 ) ;
#2043 = ORIENTED_EDGE ( 'NONE', *, *, #2362, .F. ) ;
#2044 = CARTESIAN_POINT ( 'NONE',  ( 37.55248385832293678, 13.00000000000000178, 10.77499800884727321 ) ) ;
#2045 = EDGE_CURVE ( 'NONE', #2928, #7052, #4887, .T. ) ;
#2046 = DIRECTION ( 'NONE',  ( -1.000000000000000000, 0.000000000000000000, -0.000000000000000000 ) ) ;
#2047 = CARTESIAN_POINT ( 'NONE',  ( 210.9340009926920345, 13.00000000000000178, 12.42745324647759553 ) ) ;
#2048 = FACE_OUTER_BOUND ( 'NONE', #3874, .T. ) ;
#2049 = CARTESIAN_POINT ( 'NONE',  ( 32.43940964653816650, 13.00000000000000178, 10.67865516955451177 ) ) ;
#2050 = CARTESIAN_POINT ( 'NONE',  ( 218.4537060156363850, 10.00000000000000000, 34.97052748497538488 ) ) ;
#2051 = ORIENTED_EDGE ( 'NONE', *, *, #6162, .T. ) ;
#2052 = EDGE_LOOP ( 'NONE', ( #5950, #5160 ) ) ;
#2053 = EDGE_CURVE ( 'NONE', #2845, #4461, #3605, .T. ) ;
#2054 = CARTESIAN_POINT ( 'NONE',  ( 159.8763086849996853, 13.00000000000000178, 52.21711670801605010 ) ) ;
#2055 = CARTESIAN_POINT ( 'NONE',  ( 263.3979433003842701, 13.00000000000000178, 33.66543401570835670 ) ) ;
#2056 = CARTESIAN_POINT ( 'NONE',  ( 300.0000000000000000, 0.000000000000000000, 0.000000000000000000 ) ) ;
#2057 = CARTESIAN_POINT ( 'NONE',  ( 262.8978384265567456, 10.00000000000000355, 32.97260003872167289 ) ) ;
#2058 = DIRECTION ( 'NONE',  ( -0.000000000000000000, -1.000000000000000000, -0.000000000000000000 ) ) ;
#2059 = CARTESIAN_POINT ( 'NONE',  ( 152.7087100018162289, 12.99999999999999822, 28.39901308298622240 ) ) ;
#2060 = CARTESIAN_POINT ( 'NONE',  ( 105.3570779157689259, 10.00000000000000000, 28.76158786186220340 ) ) ;
#2061 = CARTESIAN_POINT ( 'NONE',  ( 265.1473342709342660, 13.00000000000000533, 35.25191261899429662 ) ) ;
#2062 = CARTESIAN_POINT ( 'NONE',  ( 143.4617022532589203, 10.00000000000000000, 34.52807230492580004 ) ) ;
#2063 = DIRECTION ( 'NONE',  ( -0.000000000000000000, -1.000000000000000000, -0.000000000000000000 ) ) ;
#2064 = CARTESIAN_POINT ( 'NONE',  ( 71.26041123850679071, 10.00000000000000000, 27.19291975153882035 ) ) ;
#2065 = CARTESIAN_POINT ( 'NONE',  ( 76.85123125178793657, 10.00000000000000178, 56.23992967380382879 ) ) ;
#2066 = FACE_BOUND ( 'NONE', #2642, .T. ) ;
#2067 = VERTEX_POINT ( 'NONE', #4770 ) ;
#2068 = ORIENTED_EDGE ( 'NONE', *, *, #6143, .F. ) ;
#2069 = DIRECTION ( 'NONE',  ( -0.000000000000000000, -1.000000000000000000, -0.000000000000000000 ) ) ;
#2070 = CARTESIAN_POINT ( 'NONE',  ( 205.7370511764878245, 13.00000000000000178, 15.63783027236972245 ) ) ;
#2071 = LINE ( 'NONE', #2565, #1258 ) ;
#2072 = ADVANCED_FACE ( 'NONE', ( #6027 ), #1386, .T. ) ;
#2073 = ORIENTED_EDGE ( 'NONE', *, *, #815, .T. ) ;
#2074 = CARTESIAN_POINT ( 'NONE',  ( 150.1473230988202374, 13.00000000000000178, 53.41901016282711367 ) ) ;
#2075 = ORIENTED_EDGE ( 'NONE', *, *, #3766, .F. ) ;
#2076 = CARTESIAN_POINT ( 'NONE',  ( 70.92991914362805517, 13.00000000000000178, 22.94896581885100062 ) ) ;
#2077 = ORIENTED_EDGE ( 'NONE', *, *, #3220, .T. ) ;
#2078 = FACE_OUTER_BOUND ( 'NONE', #1197, .T. ) ;
#2079 = VECTOR ( 'NONE', #207, 1000.000000000000000 ) ;
#2080 = DIRECTION ( 'NONE',  ( -0.6967183025428542731, 0.000000000000000000, 0.7173448312365564572 ) ) ;
#2081 = VECTOR ( 'NONE', #2836, 1000.000000000000000 ) ;
#2082 = CARTESIAN_POINT ( 'NONE',  ( 263.3979433003842701, 13.00000000000000178, 33.66543401570835670 ) ) ;
#2083 = B_SPLINE_CURVE_WITH_KNOTS ( 'NONE', 3,
 ( #3561, #1999, #5346, #3104, #1340, #3635, #5904, #3595, #1924, #4275, #5832 ),
 .UNSPECIFIED., .F., .F.,
 ( 4, 1, 1, 1, 1, 1, 1, 1, 4 ),
 ( 0.000000000000000000, 0.1201621349925903887, 0.2375463202768770266, 0.3574970509273563413, 0.4849171224652675249, 0.6133292680851244461, 0.7401503701286907821, 0.8673012545632607928, 1.000000000000000000 ),
 .UNSPECIFIED. ) ;
#2084 = CARTESIAN_POINT ( 'NONE',  ( 111.9441338053309352, 10.00000000000000000, 27.94513061913676566 ) ) ;
#2085 = EDGE_CURVE ( 'NONE', #6163, #977, #4645, .T. ) ;
#2086 = CARTESIAN_POINT ( 'NONE',  ( 70.92991914362805517, 10.00000000000000000, 22.94896581885100062 ) ) ;
#2087 = VECTOR ( 'NONE', #3788, 1000.000000000000000 ) ;
#2088 = VERTEX_POINT ( 'NONE', #1975 ) ;
#2089 = B_SPLINE_CURVE_WITH_KNOTS ( 'NONE', 3,
 ( #4908, #1008, #305, #6529, #6093, #6496, #3182, #854, #7168, #7206, #5533 ),
 .UNSPECIFIED., .F., .F.,
 ( 4, 1, 1, 1, 1, 1, 1, 1, 4 ),
 ( 0.000000000000000000, 0.08342510498563594779, 0.1775598214659742380, 0.2839823599504442964, 0.4022167468072165852, 0.5335684803800554432, 0.6761209941988138850, 0.8316493725539840787, 1.000000000000000000 ),
 .UNSPECIFIED. ) ;
#2090 = ORIENTED_EDGE ( 'NONE', *, *, #4418, .T. ) ;
#2091 = CARTESIAN_POINT ( 'NONE',  ( 237.8772139664640122, 9.999999999999996447, 22.25261611704796039 ) ) ;
#2092 = VECTOR ( 'NONE', #294, 1000.000000000000000 ) ;
#2093 = CARTESIAN_POINT ( 'NONE',  ( 161.7212144936061975, 10.00000000000000000, 22.25601689275960737 ) ) ;
#2094 = AXIS2_PLACEMENT_3D ( 'NONE', #5190, #5714, #1162 ) ;
#2095 = CARTESIAN_POINT ( 'NONE',  ( 203.4476435349086216, 10.00000000000000355, 12.19434232301398779 ) ) ;
#2096 = CARTESIAN_POINT ( 'NONE',  ( 143.9596773505319618, 13.00000000000000178, 33.03760189942124015 ) ) ;
#2097 = CARTESIAN_POINT ( 'NONE',  ( 221.5629936674940836, 12.99999999999999822, 28.86423322548643000 ) ) ;
#2098 = EDGE_CURVE ( 'NONE', #1861, #3258, #3208, .T. ) ;
#2099 = DIRECTION ( 'NONE',  ( -1.000000000000000000, 0.000000000000000000, 1.420944294689305296E-16 ) ) ;
#2100 = CARTESIAN_POINT ( 'NONE',  ( 210.6725387786432009, 10.00000000000000178, 13.74856453515289090 ) ) ;
#2101 = AXIS2_PLACEMENT_3D ( 'NONE', #1010, #973, #7170 ) ;
#2102 = CARTESIAN_POINT ( 'NONE',  ( 120.3638195993663089, 9.999999999999998224, 52.15465474762196152 ) ) ;
#2103 = B_SPLINE_CURVE_WITH_KNOTS ( 'NONE', 3,
 ( #5608, #4564, #6194, #2808, #6705, #5673, #3365, #6160, #451, #4526, #6779, #5074, #1698, #1551, #3961, #3292, #3817, #6229, #5570 ),
 .UNSPECIFIED., .F., .F.,
 ( 4, 1, 1, 1, 1, 1, 1, 1, 1, 1, 1, 1, 1, 1, 1, 1, 4 ),
 ( 0.000000000000000000, 0.06518479598607239411, 0.1282737271139273993, 0.1902702203927576219, 0.2517683137756831502, 0.3127686945781244510, 0.3747932794097871279, 0.4379695860627114690, 0.5030473998633714361, 0.5681252136640307926, 0.6309497487122625037, 0.6923691093867028190, 0.7529731677502620180, 0.8136410669177478461, 0.8743552086918150446, 0.9365729684654833243, 1.000000000000000000 ),
 .UNSPECIFIED. ) ;
#2104 = PLANE ( 'NONE',  #5054 ) ;
#2105 = CARTESIAN_POINT ( 'NONE',  ( 222.3200211429666524, 10.00000000000000178, 42.55312121419687799 ) ) ;
#2106 = CARTESIAN_POINT ( 'NONE',  ( 76.24049137730740711, 10.00000000000000000, 56.25557824647759020 ) ) ;
#2107 = DIRECTION ( 'NONE',  ( -0.000000000000000000, -1.000000000000000000, -0.000000000000000000 ) ) ;
#2108 = DIRECTION ( 'NONE',  ( -0.9999706738812844664, 0.000000000000000000, -0.007658418727755816717 ) ) ;
#2109 = B_SPLINE_CURVE_WITH_KNOTS ( 'NONE', 3,
 ( #2136, #6002, #2730, #401, #4996, #6039, #7260, #6692, #4928, #4407, #2170, #2097, #1576, #916, #4443, #7189, #1615, #953, #5965, #879, #6621, #1538, #3802, #3202, #6582, #6075, #3770 ),
 .UNSPECIFIED., .F., .F.,
 ( 4, 1, 1, 1, 1, 1, 1, 1, 1, 1, 1, 1, 1, 1, 1, 1, 1, 1, 1, 1, 1, 1, 1, 1, 4 ),
 ( 0.000000000000000000, 0.04129144695324718506, 0.08213550321446437541, 0.1226360352259628361, 0.1628308697551232309, 0.2030066005770552462, 0.2435260831621607891, 0.2841729362467873554, 0.3254098107964587538, 0.3668546660987572761, 0.4075505951658514592, 0.4481873740566100217, 0.4886828510840635076, 0.5290149651896812744, 0.5698427286954856896, 0.6113702381646682893, 0.6532377352823792727, 0.6954461190732809106, 0.7377513945470109968, 0.7800433605771135426, 0.8228070703900529637, 0.8659781422330313783, 0.9095950301662465431, 0.9542314047047882886, 1.000000000000000000 ),
 .UNSPECIFIED. ) ;
#2110 = VERTEX_POINT ( 'NONE', #2009 ) ;
#2111 = FACE_OUTER_BOUND ( 'NONE', #3069, .T. ) ;
#2112 = ORIENTED_EDGE ( 'NONE', *, *, #5988, .T. ) ;
#2113 = CARTESIAN_POINT ( 'NONE',  ( 37.92068572013813821, 13.00000000000000533, 30.30629224840227209 ) ) ;
#2114 = UNCERTAINTY_MEASURE_WITH_UNIT (LENGTH_MEASURE( 1.000000000000000082E-05 ), #3930, 'distance_accuracy_value', 'NONE');
#2115 = DIRECTION ( 'NONE',  ( -0.000000000000000000, -1.000000000000000000, -0.000000000000000000 ) ) ;
#2116 = EDGE_LOOP ( 'NONE', ( #6673, #3611, #1647, #6490 ) ) ;
#2117 = DIRECTION ( 'NONE',  ( -0.000000000000000000, -1.000000000000000000, -0.000000000000000000 ) ) ;
#2118 = VERTEX_POINT ( 'NONE', #5280 ) ;
#2119 = EDGE_LOOP ( 'NONE', ( #3862, #1904, #7046, #3444 ) ) ;
#2120 = CARTESIAN_POINT ( 'NONE',  ( 147.7814856245650788, 13.00000000000000178, 27.22500759893230793 ) ) ;
#2121 = EDGE_CURVE ( 'NONE', #1681, #5354, #312, .T. ) ;
#2122 = CARTESIAN_POINT ( 'NONE',  ( 62.83857044880185327, 10.00000000000000000, 49.91278953776419058 ) ) ;
#2123 = CARTESIAN_POINT ( 'NONE',  ( 210.9203943615260926, 13.00000000000000178, 12.19430987633862884 ) ) ;
#2124 = CARTESIAN_POINT ( 'NONE',  ( 105.3570779157689259, 13.00000000000000178, 39.17324651570835670 ) ) ;
#2125 = CARTESIAN_POINT ( 'NONE',  ( 64.94812914878859544, 9.999999999999996447, 26.36592293333920978 ) ) ;
#2126 = LINE ( 'NONE', #7192, #1496 ) ;
#2127 = CARTESIAN_POINT ( 'NONE',  ( 220.2442368028739281, 10.00000000000000000, 30.76327442176457794 ) ) ;
#2128 = ORIENTED_EDGE ( 'NONE', *, *, #1151, .F. ) ;
#2129 = VERTEX_POINT ( 'NONE', #204 ) ;
#2130 = CARTESIAN_POINT ( 'NONE',  ( 245.3663064204505986, 10.00000000000000178, 24.33887099780256236 ) ) ;
#2131 = EDGE_CURVE ( 'NONE', #6577, #712, #261, .T. ) ;
#2132 = CARTESIAN_POINT ( 'NONE',  ( 172.3883279157689117, 10.00000000000000000, 27.63478497724682015 ) ) ;
#2133 = CARTESIAN_POINT ( 'NONE',  ( 221.9298045334472249, 9.999999999999996447, 37.83863311149119824 ) ) ;
#2134 = CARTESIAN_POINT ( 'NONE',  ( 47.66477022346124670, 13.00000000000000178, 22.70389555416990035 ) ) ;
#2135 = CARTESIAN_POINT ( 'NONE',  ( 263.3979433003842701, 13.00000000000000178, 33.66543401570835670 ) ) ;
#2136 = CARTESIAN_POINT ( 'NONE',  ( 217.8570779157689401, 13.00000000000000178, 39.50678016955452421 ) ) ;
#2137 = CARTESIAN_POINT ( 'NONE',  ( 264.4328390870320504, 10.00000000000000178, 39.84975615204832167 ) ) ;
#2138 = CARTESIAN_POINT ( 'NONE',  ( 130.1193633460603394, 10.00000000000000000, 45.78722085366260330 ) ) ;
#2139 = CARTESIAN_POINT ( 'NONE',  ( 265.4171740696150437, 13.00000000000000178, 40.39920805416989680 ) ) ;
#2140 = EDGE_CURVE ( 'NONE', #4051, #4082, #5987, .T. ) ;
#2141 = EDGE_CURVE ( 'NONE', #666, #230, #2353, .T. ) ;
#2142 = CARTESIAN_POINT ( 'NONE',  ( 274.0169336849996853, 10.00000000000000000, 41.67024170801604299 ) ) ;
#2143 = CARTESIAN_POINT ( 'NONE',  ( 63.94426680299434906, 10.00000000000000000, 51.19863183340619628 ) ) ;
#2144 = CARTESIAN_POINT ( 'NONE',  ( 42.63472214653817360, 13.00000000000000178, 11.29163593878528005 ) ) ;
#2145 = ORIENTED_EDGE ( 'NONE', *, *, #4788, .F. ) ;
#2146 = DIRECTION ( 'NONE',  ( -0.000000000000000000, -1.000000000000000000, -0.000000000000000000 ) ) ;
#2147 = CARTESIAN_POINT ( 'NONE',  ( 205.7370511764878245, 10.00000000000000000, 15.63783027236972245 ) ) ;
#2148 = AXIS2_PLACEMENT_3D ( 'NONE', #4983, #6135, #5504 ) ;
#2149 = CARTESIAN_POINT ( 'NONE',  ( 259.5569698373928418, 10.00000000000000000, 25.97572893483764034 ) ) ;
#2150 = ORIENTED_EDGE ( 'NONE', *, *, #5906, .T. ) ;
#2151 = CARTESIAN_POINT ( 'NONE',  ( 171.9705018152318416, 10.00000000000000178, 27.20171998063747054 ) ) ;
#2152 = EDGE_LOOP ( 'NONE', ( #5199, #1447, #1532, #4545 ) ) ;
#2153 = CARTESIAN_POINT ( 'NONE',  ( 40.94836225784499817, 12.99999999999999822, 11.00851312627788303 ) ) ;
#2154 = EDGE_LOOP ( 'NONE', ( #3602, #2973, #775, #1713 ) ) ;
#2155 = VECTOR ( 'NONE', #1881, 1000.000000000000227 ) ;
#2156 = LINE ( 'NONE', #6134, #3568 ) ;
#2157 = CARTESIAN_POINT ( 'NONE',  ( 65.16662088834154076, 10.00000000000000000, 52.38323673833289718 ) ) ;
#2158 = CARTESIAN_POINT ( 'NONE',  ( 83.14772966234936291, 13.00000000000000533, 23.53445264849423069 ) ) ;
#2159 = CARTESIAN_POINT ( 'NONE',  ( 126.8578172136396489, 13.00000000000000178, 24.14594302449774332 ) ) ;
#2160 = VECTOR ( 'NONE', #1771, 999.9999999999998863 ) ;
#2161 = CARTESIAN_POINT ( 'NONE',  ( 271.5109240696151574, 13.00000000000000178, 46.92565036186221050 ) ) ;
#2162 = CARTESIAN_POINT ( 'NONE',  ( 233.7310311876372850, 10.00000000000000178, 22.35184240674104217 ) ) ;
#2163 = ORIENTED_EDGE ( 'NONE', *, *, #193, .T. ) ;
#2164 = CARTESIAN_POINT ( 'NONE',  ( 258.5949306193400048, 12.99999999999999822, 33.53457169998817733 ) ) ;
#2165 = ORIENTED_EDGE ( 'NONE', *, *, #463, .F. ) ;
#2166 = CARTESIAN_POINT ( 'NONE',  ( 0.000000000000000000, 0.000000000000000000, 0.000000000000000000 ) ) ;
#2167 = CARTESIAN_POINT ( 'NONE',  ( 123.7112795986707852, 13.00000000000000178, 51.29248384434450259 ) ) ;
#2168 = CARTESIAN_POINT ( 'NONE',  ( 44.86754911323026107, 13.00000000000000178, 17.09351352478084962 ) ) ;
#2169 = FACE_OUTER_BOUND ( 'NONE', #862, .T. ) ;
#2170 = CARTESIAN_POINT ( 'NONE',  ( 220.8702349542796242, 13.00000000000000178, 29.78678034267614194 ) ) ;
#2171 = CARTESIAN_POINT ( 'NONE',  ( 172.3883279157689117, 10.00000000000000000, 27.63478497724682015 ) ) ;
#2172 = EDGE_CURVE ( 'NONE', #152, #1093, #5543, .T. ) ;
#2173 = CARTESIAN_POINT ( 'NONE',  ( 271.5109240696151574, 9.999999999999998224, 46.92565036186221050 ) ) ;
#2174 = CARTESIAN_POINT ( 'NONE',  ( 131.8404107432124874, 9.999999999999998224, 40.98379151400499154 ) ) ;
#2175 = CARTESIAN_POINT ( 'NONE',  ( 65.38447366476093237, 10.00000000000000355, 32.08673713101789815 ) ) ;
#2176 = CARTESIAN_POINT ( 'NONE',  ( 247.9382077234612325, 13.00000000000000178, 32.02480901570835670 ) ) ;
#2177 = LINE ( 'NONE', #7233, #2796 ) ;
#2178 = ADVANCED_FACE ( 'NONE', ( #3265 ), #3934, .T. ) ;
#2179 = CARTESIAN_POINT ( 'NONE',  ( 49.18580959111823603, 13.00000000000000533, 15.25257739233155441 ) ) ;
#2180 = VERTEX_POINT ( 'NONE', #3827 ) ;
#2181 = CARTESIAN_POINT ( 'NONE',  ( 84.67022488959894133, 12.99999999999999822, 24.31464915552273354 ) ) ;
#2182 = CARTESIAN_POINT ( 'NONE',  ( 273.9591271167238915, 9.999999999999998224, 25.80146514458407481 ) ) ;
#2183 = CARTESIAN_POINT ( 'NONE',  ( 258.5646062806918621, 9.999999999999996447, 28.24226872439070490 ) ) ;
#2184 = EDGE_CURVE ( 'NONE', #6094, #1203, #3865, .T. ) ;
#2185 = ORIENTED_EDGE ( 'NONE', *, *, #4605, .F. ) ;
#2186 = CARTESIAN_POINT ( 'NONE',  ( 171.1473485819250868, 10.00000000000000000, 26.34854481581940888 ) ) ;
#2187 = ORIENTED_EDGE ( 'NONE', *, *, #5847, .T. ) ;
#2188 = DIRECTION ( 'NONE',  ( 0.000000000000000000, 1.000000000000000000, 0.000000000000000000 ) ) ;
#2189 = CARTESIAN_POINT ( 'NONE',  ( 35.74770291576894010, 13.00000000000000178, 34.90942440032374350 ) ) ;
#2190 = CARTESIAN_POINT ( 'NONE',  ( 270.9520998640959419, 10.00000000000000178, 38.80129633106556497 ) ) ;
#2191 = CARTESIAN_POINT ( 'NONE',  ( 59.84345593206846559, 10.00000000000000000, 44.17462676927348753 ) ) ;
#2192 = CYLINDRICAL_SURFACE ( 'NONE', #3499, 1.500000000000001332 ) ;
#2193 = CARTESIAN_POINT ( 'NONE',  ( 131.8228233722805385, 13.00000000000000178, 37.61166940343871090 ) ) ;
#2194 = CARTESIAN_POINT ( 'NONE',  ( 27.47246253115355330, 13.00000000000000178, 34.90942440032374350 ) ) ;
#2195 = B_SPLINE_CURVE_WITH_KNOTS ( 'NONE', 3,
 ( #6013, #3138, #5417, #336, #2987, #2479, #1919, #4193, #6447, #1369, #5900, #446, #4969, #2663, #7307 ),
 .UNSPECIFIED., .F., .F.,
 ( 4, 1, 1, 1, 1, 1, 1, 1, 1, 1, 1, 1, 4 ),
 ( 0.000000000000000000, 0.08560569497352640833, 0.1689832639222343114, 0.2509075823297901020, 0.3337080961143222835, 0.4160049842563384170, 0.4976595675743796798, 0.5798932856419651838, 0.6639023210428561805, 0.7484662538082592631, 0.8317908864798562174, 0.9152519088316870555, 1.000000000000000000 ),
 .UNSPECIFIED. ) ;
#2196 = CARTESIAN_POINT ( 'NONE',  ( 174.3743714555274948, 12.99999999999999822, 30.19945250396719416 ) ) ;
#2197 = CARTESIAN_POINT ( 'NONE',  ( 236.2645298388458457, 10.00000000000000533, 22.21711670801605365 ) ) ;
#2198 = ORIENTED_EDGE ( 'NONE', *, *, #4627, .T. ) ;
#2199 = B_SPLINE_CURVE_WITH_KNOTS ( 'NONE', 3,
 ( #5929, #3582, #6371, #5257, #3092, #6960, #692, #4185, #4221, #6440, #6476, #6514, #178, #839, #1876 ),
 .UNSPECIFIED., .F., .F.,
 ( 4, 1, 1, 1, 1, 1, 1, 1, 1, 1, 1, 1, 4 ),
 ( 0.000000000000000000, 0.08560569497352769897, 0.1689832639222348942, 0.2509075823297912677, 0.3337080961143233937, 0.4160049842563394717, 0.4976595675743796798, 0.5798932856419650728, 0.6639023210428567356, 0.7484662538082591521, 0.8317908864798561064, 0.9152519088316869444, 1.000000000000000000 ),
 .UNSPECIFIED. ) ;
#2200 = EDGE_LOOP ( 'NONE', ( #6940, #5047, #2820, #5461 ) ) ;
#2201 = CARTESIAN_POINT ( 'NONE',  ( 76.24049137730740711, 13.00000000000000178, 56.25557824647759020 ) ) ;
#2202 = CARTESIAN_POINT ( 'NONE',  ( 171.1473485819250868, 13.00000000000000178, 26.34854481581940888 ) ) ;
#2203 = CARTESIAN_POINT ( 'NONE',  ( 193.0493856080766193, 10.00000000000000000, 55.67865516955451000 ) ) ;
#2204 = VECTOR ( 'NONE', #5458, 1000.000000000000000 ) ;
#2205 = CARTESIAN_POINT ( 'NONE',  ( 51.68498198902405960, 13.00000000000000178, 21.64027281985967477 ) ) ;
#2206 = CARTESIAN_POINT ( 'NONE',  ( 1.224646799147353533E-14, 10.00000000000000000, 100.0000000000000000 ) ) ;
#2207 = CARTESIAN_POINT ( 'NONE',  ( 113.4486084953413325, 13.00000000000000533, 51.29737018905132118 ) ) ;
#2208 = CARTESIAN_POINT ( 'NONE',  ( 154.5837652974741729, 10.00000000000000000, 22.94896581885098996 ) ) ;
#2209 = LINE ( 'NONE', #3916, #6361 ) ;
#2210 = CARTESIAN_POINT ( 'NONE',  ( 122.0743826183713168, 13.00000000000000178, 51.83099387978796813 ) ) ;
#2211 = VECTOR ( 'NONE', #5501, 1000.000000000000000 ) ;
#2212 = CARTESIAN_POINT ( 'NONE',  ( 223.4347657930520370, 10.00000000000000000, 33.04202321345710658 ) ) ;
#2213 = ADVANCED_FACE ( 'NONE', ( #493 ), #460, .T. ) ;
#2214 = CARTESIAN_POINT ( 'NONE',  ( 135.6473405187121273, 10.00000000000000000, 42.67506518748617594 ) ) ;
#2215 = DIRECTION ( 'NONE',  ( -0.000000000000000000, 1.000000000000000000, -0.000000000000000000 ) ) ;
#2216 = CARTESIAN_POINT ( 'NONE',  ( 61.86306034142900501, 10.00000000000000000, 48.56086047141886297 ) ) ;
#2217 = VECTOR ( 'NONE', #984, 1000.000000000000000 ) ;
#2218 = CARTESIAN_POINT ( 'NONE',  ( 33.33333333333334991, 20.00000000000000000, 96.43724644492834841 ) ) ;
#2219 = VERTEX_POINT ( 'NONE', #2751 ) ;
#2220 = CARTESIAN_POINT ( 'NONE',  ( 79.83918401535144937, 9.999999999999994671, 22.53135216543616437 ) ) ;
#2221 = EDGE_CURVE ( 'NONE', #1170, #744, #2678, .T. ) ;
#2222 = CARTESIAN_POINT ( 'NONE',  ( 263.2595544974179234, 13.00000000000000178, 22.81391939510950095 ) ) ;
#2223 = ORIENTED_EDGE ( 'NONE', *, *, #5391, .T. ) ;
#2224 = CYLINDRICAL_SURFACE ( 'NONE', #4241, 1.649999999999987477 ) ;
#2225 = LINE ( 'NONE', #4535, #2911 ) ;
#2226 = CARTESIAN_POINT ( 'NONE',  ( 146.9572031867446071, 13.00000000000000533, 41.07094625453103021 ) ) ;
#2227 = ORIENTED_EDGE ( 'NONE', *, *, #3171, .T. ) ;
#2228 = CARTESIAN_POINT ( 'NONE',  ( 59.80785609941276704, 10.00000000000000178, 34.52807230492580004 ) ) ;
#2229 = CARTESIAN_POINT ( 'NONE',  ( 69.41116565231746449, 13.00000000000000533, 55.01209030561052771 ) ) ;
#2230 = ADVANCED_FACE ( 'NONE', ( #7176 ), #4806, .T. ) ;
#2231 = ADVANCED_FACE ( 'NONE', ( #7324 ), #2880, .T. ) ;
#2232 = DIRECTION ( 'NONE',  ( -1.000000000000000000, 0.000000000000000000, 0.000000000000000000 ) ) ;
#2233 = CARTESIAN_POINT ( 'NONE',  ( 159.2806054231813846, 9.999999999999996447, 56.23987715225013062 ) ) ;
#2234 = ORIENTED_EDGE ( 'NONE', *, *, #3254, .T. ) ;
#2235 = ORIENTED_EDGE ( 'NONE', *, *, #280, .T. ) ;
#2236 = CARTESIAN_POINT ( 'NONE',  ( 88.50060314180306875, 13.00000000000000533, 51.19854884097163250 ) ) ;
#2237 = CARTESIAN_POINT ( 'NONE',  ( 100.0000000000000142, 20.00000000000000000, 94.93724644492834841 ) ) ;
#2238 = CARTESIAN_POINT ( 'NONE',  ( 41.68103140706259779, 10.00000000000000355, 15.72197958160596443 ) ) ;
#2239 = CARTESIAN_POINT ( 'NONE',  ( 118.6443375311535391, 13.00000000000000178, 56.25557824647759020 ) ) ;
#2240 = CARTESIAN_POINT ( 'NONE',  ( 72.81338601668439026, 12.99999999999999822, 51.83466997521324515 ) ) ;
#2241 = CARTESIAN_POINT ( 'NONE',  ( 237.7613811538903121, 13.00000000000000533, 52.16757358478884044 ) ) ;
#2242 = CARTESIAN_POINT ( 'NONE',  ( 221.5629936674940836, 9.999999999999996447, 28.86423322548643000 ) ) ;
#2243 = CARTESIAN_POINT ( 'NONE',  ( 217.8570779157689401, 10.00000000000000000, 39.50678016955452421 ) ) ;
#2244 = CARTESIAN_POINT ( 'NONE',  ( 234.5025497116842246, 10.00000000000000000, 26.29592735769260869 ) ) ;
#2245 = DIRECTION ( 'NONE',  ( 9.683144444918915148E-15, 1.000000000000000000, -1.471814478723297936E-13 ) ) ;
#2246 = CARTESIAN_POINT ( 'NONE',  ( 33.33333333333334991, 20.00000000000000000, 96.43724644492834841 ) ) ;
#2247 = CARTESIAN_POINT ( 'NONE',  ( 271.5109240696151574, 9.999999999999998224, 46.92565036186221050 ) ) ;
#2248 = CARTESIAN_POINT ( 'NONE',  ( 133.3333333333333428, 20.00000000000000000, 97.93724644492834841 ) ) ;
#2249 = EDGE_LOOP ( 'NONE', ( #3891, #1560, #3473, #4612 ) ) ;
#2250 = DIRECTION ( 'NONE',  ( 0.000000000000000000, 1.000000000000000000, 0.000000000000000000 ) ) ;
#2251 = FACE_OUTER_BOUND ( 'NONE', #4382, .T. ) ;
#2252 = CARTESIAN_POINT ( 'NONE',  ( 265.0822886976798145, 13.00000000000000178, 40.21227636134346284 ) ) ;
#2253 = DIRECTION ( 'NONE',  ( 0.000000000000000000, 1.000000000000000000, 0.000000000000000000 ) ) ;
#2254 = ORIENTED_EDGE ( 'NONE', *, *, #1533, .T. ) ;
#2255 = CARTESIAN_POINT ( 'NONE',  ( 86.27504379768322451, 12.99999999999999822, 31.04365736471354609 ) ) ;
#2256 = EDGE_CURVE ( 'NONE', #2293, #6384, #5653, .T. ) ;
#2257 = VERTEX_POINT ( 'NONE', #6792 ) ;
#2258 = CARTESIAN_POINT ( 'NONE',  ( 59.20323176192279391, 13.00000000000000178, 39.32649170801605720 ) ) ;
#2259 = CARTESIAN_POINT ( 'NONE',  ( 105.4187456522481057, 10.00000000000000178, 37.41462103465290312 ) ) ;
#2260 = ORIENTED_EDGE ( 'NONE', *, *, #3999, .F. ) ;
#2261 = CARTESIAN_POINT ( 'NONE',  ( 159.8943375311535249, 9.999999999999996447, 56.25557824647759020 ) ) ;
#2262 = LINE ( 'NONE', #2297, #5229 ) ;
#2263 = ORIENTED_EDGE ( 'NONE', *, *, #5778, .T. ) ;
#2264 = VECTOR ( 'NONE', #4817, 1000.000000000000000 ) ;
#2265 = CARTESIAN_POINT ( 'NONE',  ( 258.2416933003842701, 13.00000000000000178, 30.84391959263143335 ) ) ;
#2266 = CARTESIAN_POINT ( 'NONE',  ( 158.0785800838746979, 13.00000000000000178, 56.20912576598387034 ) ) ;
#2267 = CARTESIAN_POINT ( 'NONE',  ( 33.04036701314132785, 13.00000000000000178, 10.68065556082924417 ) ) ;
#2268 = EDGE_CURVE ( 'NONE', #458, #1571, #1712, .T. ) ;
#2269 = AXIS2_PLACEMENT_3D ( 'NONE', #6353, #3075, #2962 ) ;
#2270 = VERTEX_POINT ( 'NONE', #821 ) ;
#2271 = VERTEX_POINT ( 'NONE', #1273 ) ;
#2272 = CARTESIAN_POINT ( 'NONE',  ( 247.7451672390477313, 13.00000000000000178, 52.55778502527891050 ) ) ;
#2273 = CARTESIAN_POINT ( 'NONE',  ( 75.78612181415969928, 10.00000000000000000, 26.26798013943248833 ) ) ;
#2274 = CARTESIAN_POINT ( 'NONE',  ( 106.2902252998268295, 10.00000000000000355, 44.29295573976197176 ) ) ;
#2275 = AXIS2_PLACEMENT_3D ( 'NONE', #5493, #2667, #4938 ) ;
#2276 = B_SPLINE_CURVE_WITH_KNOTS ( 'NONE', 3,
 ( #1501, #3767, #6036, #950, #5477, #398, #4440 ),
 .UNSPECIFIED., .F., .F.,
 ( 4, 1, 1, 1, 4 ),
 ( 0.000000000000000000, 0.2534754346498641620, 0.5004533151029052496, 0.7455781350009833552, 0.9999999999999998890 ),
 .UNSPECIFIED. ) ;
#2277 = CARTESIAN_POINT ( 'NONE',  ( 50.73707733577331425, 13.00000000000000533, 17.72374331576975237 ) ) ;
#2278 = CARTESIAN_POINT ( 'NONE',  ( 76.22246253115355330, 13.00000000000000178, 26.25557824647759020 ) ) ;
#2279 = DIRECTION ( 'NONE',  ( -0.7511982922681834651, 0.000000000000000000, -0.6600766059279520315 ) ) ;
#2280 = ADVANCED_FACE ( 'NONE', ( #4730 ), #6977, .T. ) ;
#2281 = CARTESIAN_POINT ( 'NONE',  ( 218.7807998514012979, 13.00000000000000533, 33.88274518408433522 ) ) ;
#2282 = CARTESIAN_POINT ( 'NONE',  ( 118.6443375311535391, 13.00000000000000178, 56.25557824647759020 ) ) ;
#2283 = CARTESIAN_POINT ( 'NONE',  ( 205.0963991700023143, 13.00000000000000178, 15.31105218964902903 ) ) ;
#2284 = CARTESIAN_POINT ( 'NONE',  ( 234.5025497116842246, 13.00000000000000178, 26.29592735769260869 ) ) ;
#2285 = CARTESIAN_POINT ( 'NONE',  ( 205.1647702234612041, 13.00000000000000178, 22.79403978493913030 ) ) ;
#2286 = CARTESIAN_POINT ( 'NONE',  ( 51.30388250734647215, 13.00000000000000533, 26.18039338463257337 ) ) ;
#2287 = CARTESIAN_POINT ( 'NONE',  ( 159.8763086849996853, 10.00000000000000000, 52.21711670801605010 ) ) ;
#2288 = CARTESIAN_POINT ( 'NONE',  ( 59.20323176192279391, 13.00000000000000178, 39.32649170801605720 ) ) ;
#2289 = ORIENTED_EDGE ( 'NONE', *, *, #54, .T. ) ;
#2290 = CARTESIAN_POINT ( 'NONE',  ( 76.24049137730740711, 13.00000000000000178, 56.25557824647759020 ) ) ;
#2291 = CARTESIAN_POINT ( 'NONE',  ( 296.4644660940673475, 0.000000000000000000, 3.535533905932737309 ) ) ;
#2292 = CARTESIAN_POINT ( 'NONE',  ( 235.9940971465381949, 10.00000000000000178, 52.21711670801605720 ) ) ;
#2293 = VERTEX_POINT ( 'NONE', #4654 ) ;
#2294 = CARTESIAN_POINT ( 'NONE',  ( 87.04944269577279670, 10.00000000000000711, 32.08992724252956918 ) ) ;
#2295 = ORIENTED_EDGE ( 'NONE', *, *, #4595, .T. ) ;
#2296 = DIRECTION ( 'NONE',  ( 0.000000000000000000, 0.000000000000000000, -1.000000000000000000 ) ) ;
#2297 = CARTESIAN_POINT ( 'NONE',  ( 100.0000000000000142, 20.00000000000000000, 94.93724644492834841 ) ) ;
#2298 = ORIENTED_EDGE ( 'NONE', *, *, #815, .F. ) ;
#2299 = ADVANCED_FACE ( 'NONE', ( #709 ), #787, .T. ) ;
#2300 = DIRECTION ( 'NONE',  ( -0.000000000000000000, -1.000000000000000000, -0.000000000000000000 ) ) ;
#2301 = CARTESIAN_POINT ( 'NONE',  ( 35.74770291576894010, 13.00000000000000178, 34.90942440032374350 ) ) ;
#2302 = CARTESIAN_POINT ( 'NONE',  ( 79.62910578213507051, 13.00000000000000533, 51.83634526286679289 ) ) ;
#2303 = ORIENTED_EDGE ( 'NONE', *, *, #3171, .F. ) ;
#2304 = ORIENTED_EDGE ( 'NONE', *, *, #1406, .F. ) ;
#2305 = CARTESIAN_POINT ( 'NONE',  ( 242.9283753851917140, 13.00000000000000178, 55.14845767563077317 ) ) ;
#2306 = CARTESIAN_POINT ( 'NONE',  ( 265.1473342709342660, 13.00000000000000533, 35.25191261899429662 ) ) ;
#2307 = FACE_OUTER_BOUND ( 'NONE', #1634, .T. ) ;
#2308 = ADVANCED_FACE ( 'NONE', ( #2493 ), #6903, .T. ) ;
#2309 = CARTESIAN_POINT ( 'NONE',  ( 45.44706790711226319, 10.00000000000000000, 12.26780878191730828 ) ) ;
#2310 = CARTESIAN_POINT ( 'NONE',  ( 296.4644660940673475, 10.00000000000000000, 5.185533905932724785 ) ) ;
#2311 = CARTESIAN_POINT ( 'NONE',  ( 118.1508276059868479, 13.00000000000000178, 52.20888579742073432 ) ) ;
#2312 = CARTESIAN_POINT ( 'NONE',  ( 219.6881403375868729, 10.00000000000000000, 31.78024523094515175 ) ) ;
#2313 = CARTESIAN_POINT ( 'NONE',  ( 224.2943114517068466, 9.999999999999998224, 52.54010181768143184 ) ) ;
#2314 = DIRECTION ( 'NONE',  ( 0.000000000000000000, 1.000000000000000000, 0.000000000000000000 ) ) ;
#2315 = CARTESIAN_POINT ( 'NONE',  ( 262.3267540998185154, 13.00000000000000178, 29.82844274050918543 ) ) ;
#2316 = VECTOR ( 'NONE', #3533, 1000.000000000000000 ) ;
#2317 = ADVANCED_FACE ( 'NONE', ( #4130 ), #4203, .T. ) ;
#2318 = CARTESIAN_POINT ( 'NONE',  ( 233.0766134530840361, 10.00000000000000178, 26.46320512934820712 ) ) ;
#2319 = CARTESIAN_POINT ( 'NONE',  ( 90.72052530168139128, 10.00000000000000178, 30.19945250396720127 ) ) ;
#2320 = CARTESIAN_POINT ( 'NONE',  ( 46.39850101455870401, 10.00000000000000178, 26.84747010088233665 ) ) ;
#2321 = VECTOR ( 'NONE', #5179, 1000.000000000000000 ) ;
#2322 = CARTESIAN_POINT ( 'NONE',  ( 158.5785505994192022, 9.999999999999998224, 26.29246377247113742 ) ) ;
#2323 = AXIS2_PLACEMENT_3D ( 'NONE', #1934, #3044, #2462 ) ;
#2324 = CARTESIAN_POINT ( 'NONE',  ( 40.69981422388075032, 13.00000000000000178, 30.04337993476043422 ) ) ;
#2325 = CARTESIAN_POINT ( 'NONE',  ( 125.2254406138439720, 13.00000000000000178, 27.94999887357986168 ) ) ;
#2326 = VECTOR ( 'NONE', #1226, 1000.000000000000000 ) ;
#2327 = CARTESIAN_POINT ( 'NONE',  ( 232.2130822557030285, 12.99999999999999822, 55.97469248834503475 ) ) ;
#2328 = CARTESIAN_POINT ( 'NONE',  ( 210.9340009926920345, 13.00000000000000178, 12.42745324647759553 ) ) ;
#2329 = CARTESIAN_POINT ( 'NONE',  ( 131.8712684615461797, 13.00000000000000178, 38.73610575693028579 ) ) ;
#2330 = ORIENTED_EDGE ( 'NONE', *, *, #1260, .F. ) ;
#2331 = CARTESIAN_POINT ( 'NONE',  ( 63.35129057693675492, 10.00000000000000000, 28.07641428828480556 ) ) ;
#2332 = ORIENTED_EDGE ( 'NONE', *, *, #1868, .F. ) ;
#2333 = CARTESIAN_POINT ( 'NONE',  ( 74.92470444557307019, 12.99999999999999822, 26.29246377247113031 ) ) ;
#2334 = VECTOR ( 'NONE', #6571, 1000.000000000000000 ) ;
#2335 = CARTESIAN_POINT ( 'NONE',  ( 133.3333333333333428, 20.00000000000000000, 94.93724644492834841 ) ) ;
#2336 = CARTESIAN_POINT ( 'NONE',  ( 142.8715204774586027, 13.00000000000000178, 38.77599326082142284 ) ) ;
#2337 = EDGE_LOOP ( 'NONE', ( #411, #1550, #2596, #4759 ) ) ;
#2338 = FACE_OUTER_BOUND ( 'NONE', #6021, .T. ) ;
#2339 = CARTESIAN_POINT ( 'NONE',  ( 150.1473230988202374, 13.00000000000000178, 53.41901016282711367 ) ) ;
#2340 = CARTESIAN_POINT ( 'NONE',  ( 87.48666249879340739, 9.999999999999996447, 45.90346757233242414 ) ) ;
#2341 = EDGE_LOOP ( 'NONE', ( #5798, #5492, #5023, #1682 ) ) ;
#2342 = ORIENTED_EDGE ( 'NONE', *, *, #901, .F. ) ;
#2343 = EDGE_CURVE ( 'NONE', #2067, #2713, #5872, .T. ) ;
#2344 = CARTESIAN_POINT ( 'NONE',  ( 251.3186163773073361, 13.00000000000000178, 48.66543401570835670 ) ) ;
#2345 = CARTESIAN_POINT ( 'NONE',  ( 66.16204764956705731, 13.00000000000000178, 31.04725823106805649 ) ) ;
#2346 = CARTESIAN_POINT ( 'NONE',  ( 113.4486084953413325, 10.00000000000000355, 51.29737018905132118 ) ) ;
#2347 = CARTESIAN_POINT ( 'NONE',  ( 120.3814724242578222, 10.00000000000000000, 56.20532294248486238 ) ) ;
#2348 = CARTESIAN_POINT ( 'NONE',  ( 69.68124922928032561, 13.00000000000000178, 50.60091485706210790 ) ) ;
#2349 = CARTESIAN_POINT ( 'NONE',  ( 242.5598240180543712, 13.00000000000000178, 23.19617481080147670 ) ) ;
#2350 = CARTESIAN_POINT ( 'NONE',  ( 199.9999999999999432, 20.00000000000000000, 94.93724644492834841 ) ) ;
#2351 = ADVANCED_FACE ( 'NONE', ( #1308 ), #6569, .T. ) ;
#2352 = CARTESIAN_POINT ( 'NONE',  ( 47.28616445423048020, 13.00000000000000178, 55.67865516955451000 ) ) ;
#2353 = B_SPLINE_CURVE_WITH_KNOTS ( 'NONE', 3,
 ( #5357, #5915, #902, #278, #4807, #7058, #3152, #2461, #4735, #3042, #4251, #6503, #1424, #5953, #6609 ),
 .UNSPECIFIED., .F., .F.,
 ( 4, 1, 1, 1, 1, 1, 1, 1, 1, 1, 1, 1, 4 ),
 ( 0.000000000000000000, 0.08052524235254079898, 0.1599654769449858072, 0.2403213612945771793, 0.3225285276294004855, 0.4050235832074836062, 0.4865966363996184763, 0.5678654736293196059, 0.6513327733845224454, 0.7362375672940281168, 0.8215290690095373716, 0.9090049060738446540, 1.000000000000000000 ),
 .UNSPECIFIED. ) ;
#2354 = CARTESIAN_POINT ( 'NONE',  ( 271.9956285846947139, 13.00000000000000178, 29.44309054085457333 ) ) ;
#2355 = CARTESIAN_POINT ( 'NONE',  ( 231.7183546270957208, 10.00000000000000000, 26.76717380757540354 ) ) ;
#2356 = B_SPLINE_SURFACE_WITH_KNOTS ( 'NONE', 3, 1, ( 
 ( #1090, #7327 ),
 ( #3449, #2233 ),
 ( #2266, #4011 ),
 ( #5124, #6868 ),
 ( #2890, #3343 ),
 ( #4617, #4505 ),
 ( #5159, #5617 ),
 ( #2339, #1782 ),
 ( #5585, #497 ),
 ( #2755, #7287 ),
 ( #3938, #6756 ),
 ( #6207, #531 ),
 ( #5088, #3378 ),
 ( #5651, #1643 ),
 ( #6724, #4542 ),
 ( #5276, #5238 ),
 ( #6387, #6976 ),
 ( #1817, #6313 ),
 ( #4128, #272 ) ),
 .UNSPECIFIED., .F., .F., .F.,
 ( 4, 1, 1, 1, 1, 1, 1, 1, 1, 1, 1, 1, 1, 1, 1, 1, 4 ),
 ( 2, 2 ),
 ( 0.000000000000000000, 0.06874226160548864428, 0.1346351922242763066, 0.1983241870671470231, 0.2608250125604206771, 0.3227135881590239563, 0.3845545346076190696, 0.4469128577247555856, 0.5109576325148286191, 0.5749307010013358088, 0.6366845377960934638, 0.6974831152940621504, 0.7571338075238547294, 0.8169656636752641310, 0.8768183516571963487, 0.9376625803840034079, 1.000000000000000000 ),
 ( 0.000000000000000000, 1.000000000000000000 ),
 .UNSPECIFIED. ) ;
#2357 = CARTESIAN_POINT ( 'NONE',  ( 222.8805463544048848, 9.999999999999994671, 34.17025989916627537 ) ) ;
#2358 = DIRECTION ( 'NONE',  ( 0.000000000000000000, 0.000000000000000000, 1.000000000000000000 ) ) ;
#2359 = CARTESIAN_POINT ( 'NONE',  ( 46.96587941924143195, 10.00000000000000178, 25.90071833011228009 ) ) ;
#2360 = CARTESIAN_POINT ( 'NONE',  ( 153.7875451755707559, 10.00000000000000355, 27.73419130896918006 ) ) ;
#2361 = B_SPLINE_CURVE_WITH_KNOTS ( 'NONE', 3,
 ( #2054, #4743, #1984, #4217, #4333, #5289, #4258, #6510, #3692, #6992, #874, #3612, #3123, #321, #2017 ),
 .UNSPECIFIED., .F., .F.,
 ( 4, 1, 1, 1, 1, 1, 1, 1, 1, 1, 1, 1, 4 ),
 ( 0.000000000000000000, 0.08560569497352769897, 0.1689832639222348942, 0.2509075823297912677, 0.3337080961143233937, 0.4160049842563394717, 0.4976595675743796798, 0.5798932856419650728, 0.6639023210428567356, 0.7484662538082591521, 0.8317908864798561064, 0.9152519088316869444, 1.000000000000000000 ),
 .UNSPECIFIED. ) ;
#2362 = EDGE_CURVE ( 'NONE', #3907, #4579, #1157, .T. ) ;
#2363 = CARTESIAN_POINT ( 'NONE',  ( 44.85666987098823455, 13.00000000000000533, 28.46158892490672443 ) ) ;
#2364 = B_SPLINE_CURVE_WITH_KNOTS ( 'NONE', 3,
 ( #1019, #2721, #4988, #7251, #2556, #1332, #5301, #2477, #3702, #7002, #4304, #4789, #4828, #7040, #3097, #7121, #4715, #4229, #6411 ),
 .UNSPECIFIED., .F., .F.,
 ( 4, 1, 1, 1, 1, 1, 1, 1, 1, 1, 1, 1, 1, 1, 1, 1, 4 ),
 ( 0.000000000000000000, 0.06241602615881759047, 0.1233369785373298194, 0.1832651398530920350, 0.2431724430697090045, 0.3028983539197450114, 0.3637735975039101399, 0.4256053049523820797, 0.4896590425101838839, 0.5537845767921160123, 0.6162215328110728363, 0.6778544713083423101, 0.7395168974879384738, 0.8020965355763716165, 0.8658658412779707270, 0.9315077951965110570, 1.000000000000000000 ),
 .UNSPECIFIED. ) ;
#2365 = CARTESIAN_POINT ( 'NONE',  ( 148.3771398795517200, 13.00000000000000178, 33.17324729743002365 ) ) ;
#2366 = CARTESIAN_POINT ( 'NONE',  ( 227.2117146345161416, 13.00000000000000178, 54.38007087542255391 ) ) ;
#2367 = CARTESIAN_POINT ( 'NONE',  ( 135.6449239144246235, 10.00000000000000533, 35.88015058724720063 ) ) ;
#2368 = ORIENTED_EDGE ( 'NONE', *, *, #825, .F. ) ;
#2369 = CARTESIAN_POINT ( 'NONE',  ( 59.21767432361244232, 10.00000000000000000, 38.77599326082142284 ) ) ;
#2370 = ADVANCED_FACE ( 'NONE', ( #2251 ), #110, .T. ) ;
#2371 = ORIENTED_EDGE ( 'NONE', *, *, #1737, .T. ) ;
#2372 = PERSON_AND_ORGANIZATION ( #371, #368 ) ;
#2373 = ORIENTED_EDGE ( 'NONE', *, *, #2812, .F. ) ;
#2374 = CARTESIAN_POINT ( 'NONE',  ( 165.1211691742917367, 13.00000000000000178, 55.57591901493361775 ) ) ;
#2375 = CARTESIAN_POINT ( 'NONE',  ( 256.5109240696150437, 13.00000000000000178, 51.80245324647758309 ) ) ;
#2376 = ORIENTED_EDGE ( 'NONE', *, *, #2850, .F. ) ;
#2377 = CARTESIAN_POINT ( 'NONE',  ( 262.2801548388458173, 10.00000000000000000, 30.68165997724681660 ) ) ;
#2378 = CARTESIAN_POINT ( 'NONE',  ( 51.68434464338495360, 10.00000000000000000, 23.31250417938752406 ) ) ;
#2379 = CARTESIAN_POINT ( 'NONE',  ( 33.04036701314132785, 10.00000000000000000, 10.68065556082924417 ) ) ;
#2380 = EDGE_LOOP ( 'NONE', ( #5241, #853, #112, #4838 ) ) ;
#2381 = CARTESIAN_POINT ( 'NONE',  ( 209.2032317619227513, 13.00000000000000178, 22.79403978493913030 ) ) ;
#2382 = ORIENTED_EDGE ( 'NONE', *, *, #5862, .T. ) ;
#2383 = AXIS2_PLACEMENT_3D ( 'NONE', #852, #2957, #781 ) ;
#2384 = CARTESIAN_POINT ( 'NONE',  ( 256.5109240696150437, 13.00000000000000178, 51.80245324647758309 ) ) ;
#2385 = CARTESIAN_POINT ( 'NONE',  ( 65.38447366476093237, 13.00000000000000533, 32.08673713101789815 ) ) ;
#2386 = CARTESIAN_POINT ( 'NONE',  ( 146.9572031867446071, 10.00000000000000000, 41.07094625453103021 ) ) ;
#2387 = CARTESIAN_POINT ( 'NONE',  ( 101.3186163773073929, 13.00000000000000178, 9.524809015708360249 ) ) ;
#2388 = CARTESIAN_POINT ( 'NONE',  ( 159.2773215999694969, 13.00000000000000178, 22.23054663170285394 ) ) ;
#2389 = CARTESIAN_POINT ( 'NONE',  ( 246.7837590849377420, 13.00000000000000178, 47.81229957596300295 ) ) ;
#2390 = CARTESIAN_POINT ( 'NONE',  ( 234.9852740452518560, 13.00000000000000178, 22.23630461204677644 ) ) ;
#2391 = LINE ( 'NONE', #25, #2038 ) ;
#2392 = CARTESIAN_POINT ( 'NONE',  ( 266.5529913773073645, 13.00000000000000178, 26.25557824647759020 ) ) ;
#2393 = AXIS2_PLACEMENT_3D ( 'NONE', #2352, #4556, #5172 ) ;
#2394 = CARTESIAN_POINT ( 'NONE',  ( 167.8178200293728537, 13.00000000000000178, 49.68871016550137654 ) ) ;
#2395 = CARTESIAN_POINT ( 'NONE',  ( 175.0571588856395238, 12.99999999999999822, 47.15416071621454819 ) ) ;
#2396 = CARTESIAN_POINT ( 'NONE',  ( 274.8802452378235444, 13.00000000000000178, 50.43446901151133233 ) ) ;
#2397 = ADVANCED_FACE ( 'NONE', ( #6232 ), #176, .T. ) ;
#2398 = LINE ( 'NONE', #5779, #1397 ) ;
#2399 = CARTESIAN_POINT ( 'NONE',  ( 193.0493856080766193, 13.00000000000000178, 22.79403978493913030 ) ) ;
#2400 = DIRECTION ( 'NONE',  ( -0.000000000000000000, 1.000000000000000000, -0.000000000000000000 ) ) ;
#2401 = VECTOR ( 'NONE', #722, 1000.000000000000000 ) ;
#2402 = CARTESIAN_POINT ( 'NONE',  ( 45.69241421349497756, 12.99999999999999822, 27.70855739275328133 ) ) ;
#2403 = CARTESIAN_POINT ( 'NONE',  ( 40.94836225784499817, 9.999999999999996447, 11.00851312627788303 ) ) ;
#2404 = CARTESIAN_POINT ( 'NONE',  ( 126.6760274364471854, 9.999999999999998224, 28.88844264653696570 ) ) ;
#2405 = CARTESIAN_POINT ( 'NONE',  ( 227.2567916436580049, 10.00000000000000178, 49.61922005449439155 ) ) ;
#2406 = EDGE_CURVE ( 'NONE', #3754, #1305, #1143, .T. ) ;
#2407 = CARTESIAN_POINT ( 'NONE',  ( 128.2857193752618628, 13.00000000000000178, 25.00147412358686694 ) ) ;
#2408 = ORIENTED_EDGE ( 'NONE', *, *, #4541, .T. ) ;
#2409 = CARTESIAN_POINT ( 'NONE',  ( 59.45610323032670408, 13.00000000000000178, 36.07989587861327863 ) ) ;
#2410 = ORIENTED_EDGE ( 'NONE', *, *, #2141, .F. ) ;
#2411 = APPLICATION_PROTOCOL_DEFINITION ( 'international standard', 'config_control_design', 1994, #4630 ) ;
#2412 = CARTESIAN_POINT ( 'NONE',  ( 157.3105845103161187, 9.999999999999996447, 26.47868540446017604 ) ) ;
#2413 = ORIENTED_EDGE ( 'NONE', *, *, #2085, .F. ) ;
#2414 = EDGE_CURVE ( 'NONE', #3978, #5437, #5860, .T. ) ;
#2415 = CARTESIAN_POINT ( 'NONE',  ( 270.9106605663886853, 10.00000000000000178, 44.47537984138838141 ) ) ;
#2416 = CARTESIAN_POINT ( 'NONE',  ( 207.1659721465381665, 13.00000000000000178, 8.947885938785283599 ) ) ;
#2417 = ORIENTED_EDGE ( 'NONE', *, *, #5274, .F. ) ;
#2418 = CARTESIAN_POINT ( 'NONE',  ( 260.7234205489679653, 9.999999999999998224, 50.27115954124471386 ) ) ;
#2419 = VERTEX_POINT ( 'NONE', #185 ) ;
#2420 = CARTESIAN_POINT ( 'NONE',  ( 235.9309961849996853, 13.00000000000000178, 56.25557824647759020 ) ) ;
#2421 = B_SPLINE_SURFACE_WITH_KNOTS ( 'NONE', 3, 1, ( 
 ( #4422, #5457 ),
 ( #4557, #2706 ),
 ( #893, #1043 ),
 ( #2113, #5494 ),
 ( #414, #5008 ),
 ( #3142, #379 ),
 ( #5976, #485 ),
 ( #5422, #3853 ),
 ( #343, #3181 ),
 ( #2668, #4907 ),
 ( #1553, #452 ),
 ( #4384, #6633 ),
 ( #2598, #1006 ),
 ( #3294, #4940 ),
 ( #6806, #1727 ),
 ( #2633, #7203 ),
 ( #3819, #3255 ),
 ( #6561, #6124 ),
 ( #6053, #4975 ) ),
 .UNSPECIFIED., .F., .F., .F.,
 ( 4, 1, 1, 1, 1, 1, 1, 1, 1, 1, 1, 1, 1, 1, 1, 1, 4 ),
 ( 2, 2 ),
 ( 0.000000000000000000, 0.07166814967960498384, 0.1389132862742047114, 0.2011845700265588455, 0.2591244282905453833, 0.3122550414262356688, 0.3606815096231100748, 0.4050861433286445101, 0.4451016585907115464, 0.5187777804882600652, 0.5894615790331972915, 0.6584622419857166786, 0.7272832183683668461, 0.7963224869047191845, 0.8631748932078809888, 0.9309493809878558457, 1.000000000000000000 ),
 ( 0.000000000000000000, 1.000000000000000000 ),
 .UNSPECIFIED. ) ;
#2422 = CARTESIAN_POINT ( 'NONE',  ( 47.28616445423048020, 10.00000000000000000, 55.67865516955451000 ) ) ;
#2423 = CARTESIAN_POINT ( 'NONE',  ( 147.2906562266237813, 9.999999999999996447, 42.75280354557251883 ) ) ;
#2424 = CARTESIAN_POINT ( 'NONE',  ( 246.8379376583712599, 10.00000000000000000, 30.65744539108066391 ) ) ;
#2425 = CARTESIAN_POINT ( 'NONE',  ( 228.0230568943584046, 12.99999999999999822, 28.35774384297299378 ) ) ;
#2426 = CARTESIAN_POINT ( 'NONE',  ( 245.4826170213578393, 12.99999999999999822, 48.98148443719539813 ) ) ;
#2427 = CARTESIAN_POINT ( 'NONE',  ( 88.80747607095476326, 13.00000000000000178, 42.75250554432709293 ) ) ;
#2428 = ORIENTED_EDGE ( 'NONE', *, *, #5999, .F. ) ;
#2429 = ORIENTED_EDGE ( 'NONE', *, *, #1446, .T. ) ;
#2430 = CARTESIAN_POINT ( 'NONE',  ( 203.4744383486179231, 13.00000000000000178, 11.73649776086060470 ) ) ;
#2431 = DIRECTION ( 'NONE',  ( 0.000000000000000000, 0.000000000000000000, -1.000000000000000000 ) ) ;
#2432 = CARTESIAN_POINT ( 'NONE',  ( 262.3229601943868374, 13.00000000000000178, 31.46053482686506797 ) ) ;
#2433 = CARTESIAN_POINT ( 'NONE',  ( 40.90879472430198405, 13.00000000000000533, 34.54521369233722794 ) ) ;
#2434 = CARTESIAN_POINT ( 'NONE',  ( 172.8447573011493716, 12.99999999999999822, 38.90819494952972235 ) ) ;
#2435 = CARTESIAN_POINT ( 'NONE',  ( 27.47246253115355330, 10.00000000000000000, 55.67865516955451000 ) ) ;
#2436 = CARTESIAN_POINT ( 'NONE',  ( 147.8263378360640274, 10.00000000000000000, 34.30791858351526713 ) ) ;
#2437 = CARTESIAN_POINT ( 'NONE',  ( 133.3333333333333428, 10.00000000000000000, 94.93724644492834841 ) ) ;
#2438 = ADVANCED_FACE ( 'NONE', ( #4117 ), #3003, .T. ) ;
#2439 = CARTESIAN_POINT ( 'NONE',  ( 39.89809709108565272, 13.00000000000000533, 10.91644766330897198 ) ) ;
#2440 = VECTOR ( 'NONE', #1506, 1000.000000000000000 ) ;
#2441 = CARTESIAN_POINT ( 'NONE',  ( 270.4021500311535533, 10.00000000000000000, 43.78863113109296989 ) ) ;
#2442 = AXIS2_PLACEMENT_3D ( 'NONE', #3030, #3173, #2026 ) ;
#2443 = CARTESIAN_POINT ( 'NONE',  ( 245.4826170213578393, 9.999999999999998224, 48.98148443719539813 ) ) ;
#2444 = ORIENTED_EDGE ( 'NONE', *, *, #3670, .T. ) ;
#2445 = CARTESIAN_POINT ( 'NONE',  ( 118.6443375311535391, 13.00000000000000178, 56.25557824647759020 ) ) ;
#2446 = ORIENTED_EDGE ( 'NONE', *, *, #2600, .T. ) ;
#2447 = AXIS2_PLACEMENT_3D ( 'NONE', #5444, #473, #6004 ) ;
#2448 = PERSON_AND_ORGANIZATION ( #371, #368 ) ;
#2449 = ADVANCED_FACE ( 'NONE', ( #3137 ), #1296, .F. ) ;
#2450 = CARTESIAN_POINT ( 'NONE',  ( 148.3771398795517200, 13.00000000000000178, 33.17324729743002365 ) ) ;
#2451 = VECTOR ( 'NONE', #2296, 1000.000000000000000 ) ;
#2452 = EDGE_LOOP ( 'NONE', ( #2847, #5117, #6210, #2666 ) ) ;
#2453 = CARTESIAN_POINT ( 'NONE',  ( 270.5436734047505638, 10.00000000000000000, 55.18767910082815575 ) ) ;
#2454 = DIRECTION ( 'NONE',  ( -0.000000000000000000, -1.000000000000000000, -0.000000000000000000 ) ) ;
#2455 = VECTOR ( 'NONE', #6365, 1000.000000000000114 ) ;
#2456 = CARTESIAN_POINT ( 'NONE',  ( 198.8186163773073929, 13.00000000000000178, 22.79403978493913030 ) ) ;
#2457 = EDGE_LOOP ( 'NONE', ( #3273, #1488, #467, #3227 ) ) ;
#2458 = VERTEX_POINT ( 'NONE', #2106 ) ;
#2459 = EDGE_CURVE ( 'NONE', #3486, #2458, #4326, .T. ) ;
#2460 = CARTESIAN_POINT ( 'NONE',  ( 49.96545639499984759, 13.00000000000000178, 29.23206134606567375 ) ) ;
#2461 = CARTESIAN_POINT ( 'NONE',  ( 225.8949748589135709, 12.99999999999999822, 48.49529969162086473 ) ) ;
#2462 = DIRECTION ( 'NONE',  ( -0.6227882322439378671, 0.000000000000000000, -0.7823904509760269965 ) ) ;
#2463 = CARTESIAN_POINT ( 'NONE',  ( 159.8763086849996853, 10.00000000000000000, 52.21711670801605010 ) ) ;
#2464 = CARTESIAN_POINT ( 'NONE',  ( 92.63584802091580173, 10.00000000000000178, 34.51639376932215697 ) ) ;
#2465 = CARTESIAN_POINT ( 'NONE',  ( 112.2877374402553983, 9.999999999999996447, 50.77865078533805843 ) ) ;
#2466 = B_SPLINE_CURVE_WITH_KNOTS ( 'NONE', 3,
 ( #6738, #6850, #5632, #2319, #3360, #5702, #1767, #3465, #4028, #5070, #1660 ),
 .UNSPECIFIED., .F., .F.,
 ( 4, 1, 1, 1, 1, 1, 1, 1, 4 ),
 ( 0.000000000000000000, 0.1281572795931862352, 0.2538343627967346028, 0.3765056225222090380, 0.4985336856679095652, 0.6213677287324633758, 0.7445647449043578670, 0.8706337982552828647, 1.000000000000000000 ),
 .UNSPECIFIED. ) ;
#2467 = CARTESIAN_POINT ( 'NONE',  ( 118.6713808003843127, 10.00000000000000000, 26.25557824647759020 ) ) ;
#2468 = VERTEX_POINT ( 'NONE', #5524 ) ;
#2469 = CARTESIAN_POINT ( 'NONE',  ( 67.00366950782941444, 13.00000000000000178, 48.59691498126267106 ) ) ;
#2470 = CARTESIAN_POINT ( 'NONE',  ( 270.0965024514122206, 9.999999999999994671, 27.61527742299202970 ) ) ;
#2471 = CARTESIAN_POINT ( 'NONE',  ( 247.7290339019961891, 12.99999999999999822, 25.80863165541087056 ) ) ;
#2472 = LINE ( 'NONE', #3054, #3745 ) ;
#2473 = CARTESIAN_POINT ( 'NONE',  ( 172.3366914462222610, 12.99999999999999822, 35.50213883103626245 ) ) ;
#2474 = CARTESIAN_POINT ( 'NONE',  ( 266.5529913773073645, 10.00000000000000000, 22.21711670801605010 ) ) ;
#2475 = CARTESIAN_POINT ( 'NONE',  ( 59.24078112477113223, 12.99999999999999822, 40.98330158503264187 ) ) ;
#2476 = CARTESIAN_POINT ( 'NONE',  ( 37.92068572013813821, 13.00000000000000533, 30.30629224840227209 ) ) ;
#2477 = CARTESIAN_POINT ( 'NONE',  ( 174.2357071887793154, 10.00000000000000533, 48.56085492135775183 ) ) ;
#2478 = CARTESIAN_POINT ( 'NONE',  ( 220.7403603467950859, 9.999999999999996447, 48.82627331130746029 ) ) ;
#2479 = CARTESIAN_POINT ( 'NONE',  ( 82.75526040280549012, 10.00000000000000000, 50.60172692682643003 ) ) ;
#2480 = ORIENTED_EDGE ( 'NONE', *, *, #5536, .F. ) ;
#2481 = B_SPLINE_SURFACE_WITH_KNOTS ( 'NONE', 3, 1, ( 
 ( #995, #5520 ),
 ( #3243, #5627 ),
 ( #1794, #5137 ),
 ( #1245, #4517 ),
 ( #2795, #2832 ),
 ( #543, #6804 ),
 ( #2281, #56 ),
 ( #5099, #6844 ),
 ( #6219, #2312 ),
 ( #3425, #5064 ),
 ( #3354, #647 ),
 ( #7338, #2242 ),
 ( #1211, #578 ),
 ( #6877, #3390 ),
 ( #5209, #5663 ),
 ( #4061, #95 ),
 ( #24, #6768 ),
 ( #4555, #685 ),
 ( #5171, #1831 ),
 ( #6289, #1138 ),
 ( #4100, #1723 ),
 ( #6257, #5697 ),
 ( #2936, #4590 ),
 ( #1689, #1761 ),
 ( #2390, #3987 ),
 ( #4022, #3460 ),
 ( #1177, #612 ) ),
 .UNSPECIFIED., .F., .F., .F.,
 ( 4, 1, 1, 1, 1, 1, 1, 1, 1, 1, 1, 1, 1, 1, 1, 1, 1, 1, 1, 1, 1, 1, 1, 1, 4 ),
 ( 2, 2 ),
 ( 0.000000000000000000, 0.04129144695324718506, 0.08213550321446437541, 0.1226360352259628361, 0.1628308697551232309, 0.2030066005770552462, 0.2435260831621607891, 0.2841729362467873554, 0.3254098107964587538, 0.3668546660987572761, 0.4075505951658514592, 0.4481873740566100217, 0.4886828510840635076, 0.5290149651896812744, 0.5698427286954856896, 0.6113702381646682893, 0.6532377352823792727, 0.6954461190732809106, 0.7377513945470109968, 0.7800433605771135426, 0.8228070703900529637, 0.8659781422330313783, 0.9095950301662465431, 0.9542314047047882886, 1.000000000000000000 ),
 ( 0.000000000000000000, 1.000000000000000000 ),
 .UNSPECIFIED. ) ;
#2482 = CARTESIAN_POINT ( 'NONE',  ( 123.7145403307708875, 13.00000000000000178, 55.59215621054971734 ) ) ;
#2483 = ORIENTED_EDGE ( 'NONE', *, *, #364, .T. ) ;
#2484 = CARTESIAN_POINT ( 'NONE',  ( 68.02073247772466402, 13.00000000000000178, 29.17857966628769262 ) ) ;
#2485 = SECURITY_CLASSIFICATION_LEVEL ( 'unclassified' ) ;
#2486 = ORIENTED_EDGE ( 'NONE', *, *, #2900, .T. ) ;
#2487 = CARTESIAN_POINT ( 'NONE',  ( 251.3186163773073361, 10.00000000000000000, 48.66543401570835670 ) ) ;
#2488 = VERTEX_POINT ( 'NONE', #1584 ) ;
#2489 = CARTESIAN_POINT ( 'NONE',  ( 265.9129673388458173, 13.00000000000000178, 56.25557824647759020 ) ) ;
#2490 = CC_DESIGN_APPROVAL ( #6741, ( #4511 ) ) ;
#2491 = ADVANCED_FACE ( 'NONE', ( #445 ), #889, .T. ) ;
#2492 = CARTESIAN_POINT ( 'NONE',  ( 207.1659721465381665, 13.00000000000000178, 8.947885938785283599 ) ) ;
#2493 = FACE_OUTER_BOUND ( 'NONE', #4178, .T. ) ;
#2494 = ORIENTED_EDGE ( 'NONE', *, *, #4815, .F. ) ;
#2495 = CARTESIAN_POINT ( 'NONE',  ( 206.9182371801087470, 10.00000000000000000, 15.85978074472628130 ) ) ;
#2496 = ORIENTED_EDGE ( 'NONE', *, *, #4914, .T. ) ;
#2497 = FACE_OUTER_BOUND ( 'NONE', #2927, .T. ) ;
#2498 = CARTESIAN_POINT ( 'NONE',  ( 267.8075044326048442, 9.999999999999998224, 36.89817614401901125 ) ) ;
#2499 = CARTESIAN_POINT ( 'NONE',  ( 262.3267540998185154, 13.00000000000000178, 29.82844274050918543 ) ) ;
#2500 = CARTESIAN_POINT ( 'NONE',  ( 44.86754911323026107, 13.00000000000000178, 17.09351352478084962 ) ) ;
#2501 = CARTESIAN_POINT ( 'NONE',  ( 221.9298045334472249, 12.99999999999999822, 37.83863311149119824 ) ) ;
#2502 = ADVANCED_FACE ( 'NONE', ( #1216 ), #5740, .T. ) ;
#2503 = CARTESIAN_POINT ( 'NONE',  ( 241.1035593871445997, 13.00000000000000533, 51.43764019556537193 ) ) ;
#2504 = CARTESIAN_POINT ( 'NONE',  ( 87.48666249879340739, 12.99999999999999822, 45.90346757233242414 ) ) ;
#2505 = ORIENTED_EDGE ( 'NONE', *, *, #3203, .F. ) ;
#2506 = CARTESIAN_POINT ( 'NONE',  ( 74.49305208298639513, 13.00000000000000178, 52.16730602032075836 ) ) ;
#2507 = LINE ( 'NONE', #2055, #5705 ) ;
#2508 = FACE_OUTER_BOUND ( 'NONE', #5232, .T. ) ;
#2509 = VECTOR ( 'NONE', #5402, 1000.000000000000000 ) ;
#2510 = CARTESIAN_POINT ( 'NONE',  ( 172.1544492956492149, 13.00000000000000533, 51.19854884097163250 ) ) ;
#2511 = CARTESIAN_POINT ( 'NONE',  ( 274.0094030514002839, 13.00000000000000178, 52.05183572214823329 ) ) ;
#2512 = EDGE_CURVE ( 'NONE', #1451, #4052, #4067, .T. ) ;
#2513 = CARTESIAN_POINT ( 'NONE',  ( 47.28616445423048020, 13.00000000000000178, 55.67865516955451000 ) ) ;
#2514 = CARTESIAN_POINT ( 'NONE',  ( 265.6807603940166018, 9.999999999999998224, 22.23388263199883497 ) ) ;
#2515 = CARTESIAN_POINT ( 'NONE',  ( 172.8205122124952311, 12.99999999999999822, 38.03183376247474001 ) ) ;
#2516 = CARTESIAN_POINT ( 'NONE',  ( 39.89809709108565272, 10.00000000000000355, 10.91644766330897198 ) ) ;
#2517 = CARTESIAN_POINT ( 'NONE',  ( 269.6621789263352298, 10.00000000000000000, 43.05393897793086921 ) ) ;
#2518 = CARTESIAN_POINT ( 'NONE',  ( 105.8121361600183690, 10.00000000000000178, 28.23755730894266236 ) ) ;
#2519 = ORIENTED_EDGE ( 'NONE', *, *, #2626, .T. ) ;
#2520 = PLANE ( 'NONE',  #4837 ) ;
#2521 = ORIENTED_EDGE ( 'NONE', *, *, #2889, .F. ) ;
#2522 = CARTESIAN_POINT ( 'NONE',  ( 109.5782630967875662, 9.999999999999998224, 53.76596753035745735 ) ) ;
#2523 = PERSON_AND_ORGANIZATION_ROLE ( 'creator' ) ;
#2524 = CARTESIAN_POINT ( 'NONE',  ( 159.8763086849996853, 13.00000000000000178, 26.25557824647759020 ) ) ;
#2525 = ORIENTED_EDGE ( 'NONE', *, *, #3106, .T. ) ;
#2526 = CARTESIAN_POINT ( 'NONE',  ( 270.0805521944698739, 12.99999999999999822, 38.21717801897731448 ) ) ;
#2527 = ORIENTED_EDGE ( 'NONE', *, *, #4824, .T. ) ;
#2528 = CARTESIAN_POINT ( 'NONE',  ( 166.6666666666666288, 20.00000000000000000, 96.43724644492834841 ) ) ;
#2529 = DIRECTION ( 'NONE',  ( 0.000000000000000000, 0.000000000000000000, -1.000000000000000000 ) ) ;
#2530 = ORIENTED_EDGE ( 'NONE', *, *, #7093, .F. ) ;
#2531 = CARTESIAN_POINT ( 'NONE',  ( 206.4360534351737613, 10.00000000000000178, 15.83801621469398135 ) ) ;
#2532 = ORIENTED_EDGE ( 'NONE', *, *, #7230, .F. ) ;
#2533 = CARTESIAN_POINT ( 'NONE',  ( 47.79074439306906186, 13.00000000000000178, 31.71736121174581413 ) ) ;
#2534 = EDGE_CURVE ( 'NONE', #5720, #3597, #4560, .T. ) ;
#2535 = DIRECTION ( 'NONE',  ( 0.000000000000000000, 0.000000000000000000, 1.000000000000000000 ) ) ;
#2536 = CARTESIAN_POINT ( 'NONE',  ( 167.0259330477284152, 10.00000000000000178, 28.39871079207991755 ) ) ;
#2537 = CARTESIAN_POINT ( 'NONE',  ( 236.2645298388458457, 13.00000000000000178, 22.21711670801605365 ) ) ;
#2538 = CARTESIAN_POINT ( 'NONE',  ( 92.13846914496305374, 12.99999999999999822, 33.02014799734765660 ) ) ;
#2539 = CARTESIAN_POINT ( 'NONE',  ( 208.6169305890552437, 10.00000000000000000, 9.177207655444895806 ) ) ;
#2540 = CARTESIAN_POINT ( 'NONE',  ( 251.3186163773073361, 10.00000000000000000, 48.66543401570835670 ) ) ;
#2541 = PLANE ( 'NONE',  #555 ) ;
#2542 = ORIENTED_EDGE ( 'NONE', *, *, #7325, .F. ) ;
#2543 = CARTESIAN_POINT ( 'NONE',  ( 71.20294760243108101, 10.00000000000000000, 51.32296885885602933 ) ) ;
#2544 = EDGE_CURVE ( 'NONE', #2000, #5090, #1183, .T. ) ;
#2545 = CARTESIAN_POINT ( 'NONE',  ( 247.9382077234612325, 13.00000000000000178, 46.44788593878527649 ) ) ;
#2546 = B_SPLINE_CURVE_WITH_KNOTS ( 'NONE', 3,
 ( #6145, #2726, #1684, #4404, #434, #4960, #5026, #3837, #6178, #7293, #1573 ),
 .UNSPECIFIED., .F., .F.,
 ( 4, 1, 1, 1, 1, 1, 1, 1, 4 ),
 ( 0.000000000000000000, 0.1267425189618498760, 0.2517239612496096623, 0.3772186880262466402, 0.5046935492516293476, 0.6314582385934848219, 0.7554010672029484175, 0.8777005336014761516, 1.000000000000000000 ),
 .UNSPECIFIED. ) ;
#2547 = CARTESIAN_POINT ( 'NONE',  ( 159.8763086849996853, 10.00000000000000000, 52.21711670801605010 ) ) ;
#2548 = B_SPLINE_SURFACE_WITH_KNOTS ( 'NONE', 3, 1, ( 
 ( #151, #6416 ),
 ( #4720, #2369 ),
 ( #6970, #776 ),
 ( #2409, #225 ),
 ( #3557, #3026 ),
 ( #4755, #73 ),
 ( #4195, #6450 ),
 ( #4121, #1372 ),
 ( #4646, #5829 ),
 ( #3631, #2331 ),
 ( #4611, #6861 ) ),
 .UNSPECIFIED., .F., .F., .F.,
 ( 4, 1, 1, 1, 1, 1, 1, 1, 4 ),
 ( 2, 2 ),
 ( 0.000000000000000000, 0.1289191318119614627, 0.2552377249249068170, 0.3786785959785507472, 0.5010878871851329741, 0.6227136794297775113, 0.7462407949383829120, 0.8715890472316700777, 1.000000000000000000 ),
 ( 0.000000000000000000, 1.000000000000000000 ),
 .UNSPECIFIED. ) ;
#2549 = CARTESIAN_POINT ( 'NONE',  ( 251.3186163773073929, 13.00000000000000178, 29.92444843878528360 ) ) ;
#2550 = CARTESIAN_POINT ( 'NONE',  ( 267.1606808375588571, 13.00000000000000178, 41.36634067692594385 ) ) ;
#2551 = CARTESIAN_POINT ( 'NONE',  ( 76.24049137730740711, 13.00000000000000178, 56.25557824647759020 ) ) ;
#2552 = DIRECTION ( 'NONE',  ( 1.445602896647337931E-16, 0.000000000000000000, 1.000000000000000000 ) ) ;
#2553 = CARTESIAN_POINT ( 'NONE',  ( 65.16662088834154076, 13.00000000000000178, 52.38323673833289718 ) ) ;
#2554 = CARTESIAN_POINT ( 'NONE',  ( 66.66666666666668561, 10.00000000000000000, 96.43724644492834841 ) ) ;
#2555 = EDGE_CURVE ( 'NONE', #3258, #1861, #3867, .T. ) ;
#2556 = CARTESIAN_POINT ( 'NONE',  ( 176.2553153527584868, 10.00000000000000000, 44.17462687267801869 ) ) ;
#2557 = B_SPLINE_CURVE_WITH_KNOTS ( 'NONE', 3,
 ( #1777, #6694, #5484, #2100, #4375, #508, #7191, #1103, #4409, #4447, #7228 ),
 .UNSPECIFIED., .F., .F.,
 ( 4, 1, 1, 1, 1, 1, 1, 1, 4 ),
 ( 0.000000000000000000, 0.1201621349925903887, 0.2375463202768770266, 0.3574970509273563413, 0.4849171224652675249, 0.6133292680851244461, 0.7401503701286907821, 0.8673012545632607928, 1.000000000000000000 ),
 .UNSPECIFIED. ) ;
#2558 = CARTESIAN_POINT ( 'NONE',  ( 260.0350938721289253, 12.99999999999999822, 25.29769570337787954 ) ) ;
#2559 = CARTESIAN_POINT ( 'NONE',  ( 105.3570779157689259, 13.00000000000000178, 39.17324651570835670 ) ) ;
#2560 = ORIENTED_EDGE ( 'NONE', *, *, #589, .T. ) ;
#2561 = CARTESIAN_POINT ( 'NONE',  ( 66.66666666666668561, 20.00000000000000000, 96.43724644492834841 ) ) ;
#2562 = CARTESIAN_POINT ( 'NONE',  ( 147.1181637000286457, 13.00000000000000178, 36.74271487803989089 ) ) ;
#2563 = ORIENTED_EDGE ( 'NONE', *, *, #3775, .T. ) ;
#2564 = AXIS2_PLACEMENT_3D ( 'NONE', #5123, #4540, #6789 ) ;
#2565 = CARTESIAN_POINT ( 'NONE',  ( 142.8570779157689685, 13.00000000000000178, 39.32649170801605720 ) ) ;
#2566 = ORIENTED_EDGE ( 'NONE', *, *, #5726, .F. ) ;
#2567 = LINE ( 'NONE', #4841, #3636 ) ;
#2568 = VECTOR ( 'NONE', #5029, 1000.000000000000000 ) ;
#2569 = VERTEX_POINT ( 'NONE', #6262 ) ;
#2570 = CARTESIAN_POINT ( 'NONE',  ( 268.0944577234612325, 9.999999999999998224, 37.05485709263143690 ) ) ;
#2571 = ORIENTED_EDGE ( 'NONE', *, *, #6343, .T. ) ;
#2572 = CARTESIAN_POINT ( 'NONE',  ( 39.72897629654634954, 9.999999999999996447, 34.70402119191394519 ) ) ;
#2573 = DIRECTION ( 'NONE',  ( 0.000000000000000000, 0.000000000000000000, 1.000000000000000000 ) ) ;
#2574 = CARTESIAN_POINT ( 'NONE',  ( 150.6575156616756033, 10.00000000000000000, 48.59691498126267106 ) ) ;
#2575 = LINE ( 'NONE', #7177, #7064 ) ;
#2576 = CIRCLE ( 'NONE', #920, 1.650000000000000355 ) ;
#2577 = CARTESIAN_POINT ( 'NONE',  ( 93.24169330038432690, 13.00000000000000178, 39.32649170801605720 ) ) ;
#2578 = CARTESIAN_POINT ( 'NONE',  ( 76.24049137730740711, 13.00000000000000178, 22.21711670801605010 ) ) ;
#2579 = EDGE_CURVE ( 'NONE', #5305, #3486, #2466, .T. ) ;
#2580 = CARTESIAN_POINT ( 'NONE',  ( 130.1057442839220073, 10.00000000000000178, 32.77204436954694700 ) ) ;
#2581 = ORIENTED_EDGE ( 'NONE', *, *, #1140, .T. ) ;
#2582 = CARTESIAN_POINT ( 'NONE',  ( 63.30335703289843963, 12.99999999999999822, 41.07094625453101600 ) ) ;
#2583 = CARTESIAN_POINT ( 'NONE',  ( 172.3883279157689117, 13.00000000000000178, 27.63478497724682015 ) ) ;
#2584 = CARTESIAN_POINT ( 'NONE',  ( 46.29293707696287896, 9.999999999999996447, 12.73019947172116062 ) ) ;
#2585 = CARTESIAN_POINT ( 'NONE',  ( 143.1099493841728076, 10.00000000000000000, 36.07989587861327863 ) ) ;
#2586 = DIRECTION ( 'NONE',  ( 0.000000000000000000, 0.000000000000000000, 1.000000000000000000 ) ) ;
#2587 = CARTESIAN_POINT ( 'NONE',  ( 171.3772190463320442, 12.99999999999999822, 33.17030944754938560 ) ) ;
#2588 = CARTESIAN_POINT ( 'NONE',  ( 230.4643351058429346, 13.00000000000000178, 55.60238027904905067 ) ) ;
#2589 = ADVANCED_FACE ( 'NONE', ( #6295 ), #101, .F. ) ;
#2590 = CARTESIAN_POINT ( 'NONE',  ( 72.66682844815805709, 12.99999999999999822, 55.97156070231797997 ) ) ;
#2591 = CARTESIAN_POINT ( 'NONE',  ( 134.7074669418493045, 13.00000000000000178, 32.70610066273417971 ) ) ;
#2592 = CARTESIAN_POINT ( 'NONE',  ( 221.7756970798867258, 10.00000000000000355, 50.16148654186650191 ) ) ;
#2593 = CARTESIAN_POINT ( 'NONE',  ( 237.7613811538903121, 13.00000000000000533, 52.16757358478884044 ) ) ;
#2594 = EDGE_CURVE ( 'NONE', #6952, #6094, #4417, .T. ) ;
#2595 = ORIENTED_EDGE ( 'NONE', *, *, #6543, .T. ) ;
#2596 = ORIENTED_EDGE ( 'NONE', *, *, #3389, .T. ) ;
#2597 = CARTESIAN_POINT ( 'NONE',  ( 275.5493856080766477, 10.00000000000000000, 46.75437632340067040 ) ) ;
#2598 = CARTESIAN_POINT ( 'NONE',  ( 45.69241421349497756, 12.99999999999999822, 27.70855739275328133 ) ) ;
#2599 = CARTESIAN_POINT ( 'NONE',  ( 271.7422441624358953, 12.99999999999999822, 39.37558985234923625 ) ) ;
#2600 = EDGE_CURVE ( 'NONE', #2685, #7163, #5737, .T. ) ;
#2601 = ORIENTED_EDGE ( 'NONE', *, *, #3946, .F. ) ;
#2602 = DIRECTION ( 'NONE',  ( -0.000000000000000000, -1.000000000000000000, -0.000000000000000000 ) ) ;
#2603 = VERTEX_POINT ( 'NONE', #726 ) ;
#2604 = CARTESIAN_POINT ( 'NONE',  ( 273.5807488035495112, 9.999999999999998224, 41.08623184644910964 ) ) ;
#2605 = ORIENTED_EDGE ( 'NONE', *, *, #5265, .F. ) ;
#2606 = CARTESIAN_POINT ( 'NONE',  ( 51.70323176192279391, 10.00000000000000000, 22.71290997724682370 ) ) ;
#2607 = B_SPLINE_SURFACE_WITH_KNOTS ( 'NONE', 3, 1, ( 
 ( #7295, #4479 ),
 ( #3422, #7335 ),
 ( #3457, #5730 ),
 ( #5028, #3947 ),
 ( #643, #2309 ),
 ( #2898, #6216 ),
 ( #3984, #4587 ),
 ( #6841, #4057 ),
 ( #1174, #1100 ),
 ( #6322, #1135 ),
 ( #5593, #5168 ),
 ( #6874, #5660 ),
 ( #2277, #1242 ),
 ( #608, #6253 ),
 ( #1790, #575 ),
 ( #505, #3351 ),
 ( #2205, #2829 ),
 ( #1651, #5133 ),
 ( #3911, #6180 ) ),
 .UNSPECIFIED., .F., .F., .F.,
 ( 4, 1, 1, 1, 1, 1, 1, 1, 1, 1, 1, 1, 1, 1, 1, 1, 4 ),
 ( 2, 2 ),
 ( 0.000000000000000000, 0.06421684263143051519, 0.1270637656931288828, 0.1887445383478295602, 0.2491321028350408917, 0.3094525327106273371, 0.3698266762476814518, 0.4306501418384681701, 0.4923519318794689070, 0.5540721062625165727, 0.6156897837449746280, 0.6767977025065380348, 0.7384390482469416206, 0.8013169100648929177, 0.8651845117115410932, 0.9316413244190752119, 1.000000000000000000 ),
 ( 0.000000000000000000, 1.000000000000000000 ),
 .UNSPECIFIED. ) ;
#2608 = CARTESIAN_POINT ( 'NONE',  ( 209.2032317619227513, 13.00000000000000178, 22.79403978493913030 ) ) ;
#2609 = CARTESIAN_POINT ( 'NONE',  ( 209.2032317619227513, 13.00000000000000178, 22.79403978493913030 ) ) ;
#2610 = CARTESIAN_POINT ( 'NONE',  ( 111.9441338053309352, 13.00000000000000178, 27.94513061913676566 ) ) ;
#2611 = DIRECTION ( 'NONE',  ( 0.000000000000000000, 1.000000000000000000, 0.000000000000000000 ) ) ;
#2612 = CARTESIAN_POINT ( 'NONE',  ( 235.9309961849996853, 10.00000000000000000, 56.25557824647759020 ) ) ;
#2613 = ORIENTED_EDGE ( 'NONE', *, *, #6882, .T. ) ;
#2614 = ORIENTED_EDGE ( 'NONE', *, *, #4127, .T. ) ;
#2615 = CARTESIAN_POINT ( 'NONE',  ( 65.89169293627674051, 13.00000000000000178, 47.32828161099948971 ) ) ;
#2616 = CARTESIAN_POINT ( 'NONE',  ( 161.7212144936061975, 13.00000000000000178, 22.25601689275960737 ) ) ;
#2617 = CARTESIAN_POINT ( 'NONE',  ( 203.4340009926919777, 10.00000000000000000, 12.42745324647759375 ) ) ;
#2618 = CARTESIAN_POINT ( 'NONE',  ( 135.2520314021266472, 12.99999999999999822, 44.28013417523501971 ) ) ;
#2619 = CARTESIAN_POINT ( 'NONE',  ( 205.0963148191009964, 9.999999999999998224, 9.507744589110700417 ) ) ;
#2620 = CARTESIAN_POINT ( 'NONE',  ( 154.9142573923529369, 13.00000000000000178, 27.19291975153880969 ) ) ;
#2621 = CARTESIAN_POINT ( 'NONE',  ( 116.8274981711539624, 10.00000000000000355, 22.27069165587633748 ) ) ;
#2622 = CARTESIAN_POINT ( 'NONE',  ( 171.9256277958131136, 10.00000000000000355, 34.30832736025863028 ) ) ;
#2623 = CARTESIAN_POINT ( 'NONE',  ( 147.3642894542304589, 10.00000000000000000, 27.66182824647758665 ) ) ;
#2624 = CARTESIAN_POINT ( 'NONE',  ( 235.9940971465381949, 13.00000000000000178, 52.21711670801605720 ) ) ;
#2625 = AXIS2_PLACEMENT_3D ( 'NONE', #1085, #3338, #5121 ) ;
#2626 = EDGE_CURVE ( 'NONE', #429, #822, #2472, .T. ) ;
#2627 = CARTESIAN_POINT ( 'NONE',  ( 135.2520314021266472, 9.999999999999998224, 44.28013417523501971 ) ) ;
#2628 = CARTESIAN_POINT ( 'NONE',  ( 70.99553334756693346, 10.00000000000000000, 55.57610092642477895 ) ) ;
#2629 = CARTESIAN_POINT ( 'NONE',  ( 267.9478933729419055, 13.00000000000000178, 51.85240741024863098 ) ) ;
#2630 = VERTEX_POINT ( 'NONE', #803 ) ;
#2631 = CARTESIAN_POINT ( 'NONE',  ( 164.8252586888745554, 13.00000000000000178, 27.18829004263530180 ) ) ;
#2632 = ORIENTED_EDGE ( 'NONE', *, *, #6800, .T. ) ;
#2633 = CARTESIAN_POINT ( 'NONE',  ( 47.36589154639974453, 12.99999999999999822, 24.87965072590409576 ) ) ;
#2634 = EDGE_CURVE ( 'NONE', #271, #4754, #7034, .T. ) ;
#2635 = VECTOR ( 'NONE', #4270, 1000.000000000000000 ) ;
#2636 = CARTESIAN_POINT ( 'NONE',  ( 272.8893095844219943, 10.00000000000000000, 24.85803738660894524 ) ) ;
#2637 = CARTESIAN_POINT ( 'NONE',  ( 209.2032317619227513, 10.00000000000000000, 55.67865516955451000 ) ) ;
#2638 = ORIENTED_EDGE ( 'NONE', *, *, #835, .T. ) ;
#2639 = DIRECTION ( 'NONE',  ( -0.000000000000000000, -1.000000000000000000, -0.000000000000000000 ) ) ;
#2640 = ORIENTED_EDGE ( 'NONE', *, *, #3074, .T. ) ;
#2641 = CARTESIAN_POINT ( 'NONE',  ( 274.0169336849996853, 9.999999999999998224, 41.67024170801604299 ) ) ;
#2642 = EDGE_LOOP ( 'NONE', ( #5463, #5382 ) ) ;
#2643 = DIRECTION ( 'NONE',  ( 0.000000000000000000, 0.000000000000000000, 1.000000000000000000 ) ) ;
#2644 = CARTESIAN_POINT ( 'NONE',  ( 76.22246253115355330, 10.00000000000000000, 52.21711670801605010 ) ) ;
#2645 = EDGE_CURVE ( 'NONE', #6068, #2785, #6794, .T. ) ;
#2646 = CARTESIAN_POINT ( 'NONE',  ( 263.2278837816181181, 13.00000000000000178, 33.42983740612231003 ) ) ;
#2647 = CARTESIAN_POINT ( 'NONE',  ( 110.4545816644673124, 13.00000000000000178, 28.87227797022667630 ) ) ;
#2648 = LINE ( 'NONE', #2161, #3510 ) ;
#2649 = ORIENTED_EDGE ( 'NONE', *, *, #971, .T. ) ;
#2650 = CARTESIAN_POINT ( 'NONE',  ( 272.0961087199938220, 10.00000000000000178, 54.15141535856031396 ) ) ;
#2651 = ORIENTED_EDGE ( 'NONE', *, *, #3532, .T. ) ;
#2652 = DIRECTION ( 'NONE',  ( 0.000000000000000000, 0.000000000000000000, 1.000000000000000000 ) ) ;
#2653 = LINE ( 'NONE', #4294, #7129 ) ;
#2654 = CARTESIAN_POINT ( 'NONE',  ( 206.9182352259628885, 13.00000000000000178, 8.959066850737237075 ) ) ;
#2655 = DIRECTION ( 'NONE',  ( 0.000000000000000000, 0.000000000000000000, -1.000000000000000000 ) ) ;
#2656 = CARTESIAN_POINT ( 'NONE',  ( 135.9340009926920061, 10.00000000000000178, 39.29944843878528360 ) ) ;
#2657 = CARTESIAN_POINT ( 'NONE',  ( 114.9358133619977735, 9.999999999999996447, 22.58423755186657900 ) ) ;
#2658 = DIRECTION ( 'NONE',  ( 0.000000000000000000, -0.000000000000000000, 1.000000000000000000 ) ) ;
#2659 = CARTESIAN_POINT ( 'NONE',  ( 271.4693821640726128, 9.999999999999994671, 46.07248926358627017 ) ) ;
#2660 = LINE ( 'NONE', #6660, #5416 ) ;
#2661 = CARTESIAN_POINT ( 'NONE',  ( 72.43607923448288943, 10.00000000000000178, 26.77372474248330647 ) ) ;
#2662 = CARTESIAN_POINT ( 'NONE',  ( 247.9382077234612325, 10.00000000000000000, 32.02480901570835670 ) ) ;
#2663 = CARTESIAN_POINT ( 'NONE',  ( 89.18262711592434755, 10.00000000000000355, 39.92894361021895122 ) ) ;
#2664 = DIRECTION ( 'NONE',  ( -0.000000000000000000, -1.000000000000000000, -0.000000000000000000 ) ) ;
#2665 = EDGE_CURVE ( 'NONE', #5318, #1464, #2199, .T. ) ;
#2666 = ORIENTED_EDGE ( 'NONE', *, *, #289, .T. ) ;
#2667 = DIRECTION ( 'NONE',  ( 0.000000000000000000, 1.000000000000000000, 0.000000000000000000 ) ) ;
#2668 = CARTESIAN_POINT ( 'NONE',  ( 42.97222426940838602, 12.99999999999999822, 29.47179414296125444 ) ) ;
#2669 = DIRECTION ( 'NONE',  ( -1.000000000000000000, -0.000000000000000000, -0.000000000000000000 ) ) ;
#2670 = ORIENTED_EDGE ( 'NONE', *, *, #7263, .T. ) ;
#2671 = CARTESIAN_POINT ( 'NONE',  ( 63.71044330038431980, 10.00000000000000355, 27.66182824647758665 ) ) ;
#2672 = EDGE_CURVE ( 'NONE', #2419, #817, #1842, .T. ) ;
#2673 = ORIENTED_EDGE ( 'NONE', *, *, #6672, .F. ) ;
#2674 = CARTESIAN_POINT ( 'NONE',  ( 35.84735663159604968, 13.00000000000000178, 10.70591348534256149 ) ) ;
#2675 = EDGE_LOOP ( 'NONE', ( #1588, #3786, #1195, #4168 ) ) ;
#2676 = CARTESIAN_POINT ( 'NONE',  ( 154.5837652974741729, 13.00000000000000178, 22.94896581885098996 ) ) ;
#2677 = VECTOR ( 'NONE', #7061, 1000.000000000000000 ) ;
#2678 = LINE ( 'NONE', #2715, #848 ) ;
#2679 = CARTESIAN_POINT ( 'NONE',  ( 208.6169305890552437, 10.00000000000000000, 9.177207655444895806 ) ) ;
#2680 = CARTESIAN_POINT ( 'NONE',  ( 118.6713808003843127, 10.00000000000000000, 26.25557824647759020 ) ) ;
#2681 = CARTESIAN_POINT ( 'NONE',  ( 67.77467620528580028, 10.00000000000000000, 24.31586953115352401 ) ) ;
#2682 = CIRCLE ( 'NONE', #7194, 1.500000000000001332 ) ;
#2683 = EDGE_CURVE ( 'NONE', #1780, #4911, #1987, .T. ) ;
#2684 = CARTESIAN_POINT ( 'NONE',  ( 240.7337100994547257, 13.00000000000000178, 55.77083921006921230 ) ) ;
#2685 = VERTEX_POINT ( 'NONE', #6653 ) ;
#2686 = EDGE_CURVE ( 'NONE', #276, #3376, #5481, .T. ) ;
#2687 = ORIENTED_EDGE ( 'NONE', *, *, #6625, .T. ) ;
#2688 = LINE ( 'NONE', #4403, #3342 ) ;
#2689 = VECTOR ( 'NONE', #5967, 1000.000000000000000 ) ;
#2690 = CARTESIAN_POINT ( 'NONE',  ( 165.1843247740931133, 13.00000000000000533, 22.95238970753695895 ) ) ;
#2691 = AXIS2_PLACEMENT_3D ( 'NONE', #4690, #1233, #197 ) ;
#2692 = CARTESIAN_POINT ( 'NONE',  ( 47.61868654063859907, 10.00000000000000000, 21.62488796606365682 ) ) ;
#2693 = CARTESIAN_POINT ( 'NONE',  ( 132.0615520100021456, 10.00000000000000000, 50.05025982322614198 ) ) ;
#2694 = CARTESIAN_POINT ( 'NONE',  ( 0.000000000000000000, 10.00000000000000000, 0.000000000000000000 ) ) ;
#2695 = CARTESIAN_POINT ( 'NONE',  ( 105.3570779157689259, 13.00000000000000178, 28.76158786186220340 ) ) ;
#2696 = FACE_OUTER_BOUND ( 'NONE', #4245, .T. ) ;
#2697 = VECTOR ( 'NONE', #6186, 1000.000000000000000 ) ;
#2698 = CARTESIAN_POINT ( 'NONE',  ( 119.1986072282641800, 9.999999999999994671, 52.19611290801866943 ) ) ;
#2699 = CARTESIAN_POINT ( 'NONE',  ( 227.2567916436580049, 10.00000000000000178, 49.61922005449439155 ) ) ;
#2700 = CARTESIAN_POINT ( 'NONE',  ( 274.0169336849996853, 13.00000000000000178, 41.67024170801604299 ) ) ;
#2701 = CARTESIAN_POINT ( 'NONE',  ( 78.04729552649608593, 10.00000000000000000, 56.20928373187776828 ) ) ;
#2702 = CARTESIAN_POINT ( 'NONE',  ( 3.505202749622875924, 10.00000000000000000, 85.13552925583975650 ) ) ;
#2703 = CARTESIAN_POINT ( 'NONE',  ( 147.5981129568405379, 10.00000000000000178, 51.19863183340621049 ) ) ;
#2704 = VERTEX_POINT ( 'NONE', #4373 ) ;
#2705 = CARTESIAN_POINT ( 'NONE',  ( 81.53047862024688186, 12.99999999999999822, 22.95238970753694119 ) ) ;
#2706 = CARTESIAN_POINT ( 'NONE',  ( 36.09633143817075762, 10.00000000000000000, 30.35731093203106212 ) ) ;
#2707 = CARTESIAN_POINT ( 'NONE',  ( 258.3692842796002083, 13.00000000000000178, 29.07217355958765737 ) ) ;
#2708 = ORIENTED_EDGE ( 'NONE', *, *, #4029, .F. ) ;
#2709 = CARTESIAN_POINT ( 'NONE',  ( 147.5981129568405379, 13.00000000000000178, 51.19863183340621049 ) ) ;
#2710 = EDGE_LOOP ( 'NONE', ( #3108, #1347, #6106, #3676 ) ) ;
#2711 = CARTESIAN_POINT ( 'NONE',  ( 116.9265214362276595, 12.99999999999999822, 26.31527195795714391 ) ) ;
#2712 = CARTESIAN_POINT ( 'NONE',  ( 68.27189422678127073, 10.00000000000000000, 49.69216112844426192 ) ) ;
#2713 = VERTEX_POINT ( 'NONE', #2656 ) ;
#2714 = CARTESIAN_POINT ( 'NONE',  ( 151.4285223591319038, 10.00000000000000000, 24.31586953115352046 ) ) ;
#2715 = CARTESIAN_POINT ( 'NONE',  ( 105.3570779157689259, 10.00000000000000000, 49.59391959263142979 ) ) ;
#2716 = EDGE_CURVE ( 'NONE', #3452, #2992, #4856, .T. ) ;
#2717 = CARTESIAN_POINT ( 'NONE',  ( 300.0000000000000000, 10.00000000000000000, 100.0000000000000000 ) ) ;
#2718 = CARTESIAN_POINT ( 'NONE',  ( 27.47246253115355330, 13.00000000000000178, 30.29403978493913030 ) ) ;
#2719 = DIRECTION ( 'NONE',  ( -0.000000000000000000, -1.000000000000000000, -0.000000000000000000 ) ) ;
#2720 = CARTESIAN_POINT ( 'NONE',  ( 175.1615058004088326, 13.00000000000000178, 31.57696808300281077 ) ) ;
#2721 = CARTESIAN_POINT ( 'NONE',  ( 176.8829222601431184, 9.999999999999998224, 39.88320673530080995 ) ) ;
#2722 = ORIENTED_EDGE ( 'NONE', *, *, #3220, .F. ) ;
#2723 = CARTESIAN_POINT ( 'NONE',  ( 259.0476973630586031, 13.00000000000000178, 34.78570640082932641 ) ) ;
#2724 = EDGE_LOOP ( 'NONE', ( #6248, #6356, #202, #2563 ) ) ;
#2725 = CARTESIAN_POINT ( 'NONE',  ( 83.04961927971092450, 10.00000000000000000, 55.01393715378530658 ) ) ;
#2726 = CARTESIAN_POINT ( 'NONE',  ( 265.4582465117862284, 10.00000000000000000, 56.24281495657763230 ) ) ;
#2727 = CARTESIAN_POINT ( 'NONE',  ( 205.7370729712422701, 13.00000000000000178, 9.181031969797093240 ) ) ;
#2728 = EDGE_CURVE ( 'NONE', #7181, #388, #2109, .T. ) ;
#2729 = CARTESIAN_POINT ( 'NONE',  ( 262.8978384265567456, 13.00000000000000533, 32.97260003872167289 ) ) ;
#2730 = CARTESIAN_POINT ( 'NONE',  ( 217.8740271017735779, 13.00000000000000178, 38.34695888815721077 ) ) ;
#2731 = CARTESIAN_POINT ( 'NONE',  ( 111.3946342529318372, 9.999999999999996447, 23.81461465359438279 ) ) ;
#2732 = FACE_BOUND ( 'NONE', #4979, .T. ) ;
#2733 = PLANE ( 'NONE',  #7264 ) ;
#2734 = PLANE ( 'NONE',  #1150 ) ;
#2735 = CARTESIAN_POINT ( 'NONE',  ( 225.8949748589135709, 9.999999999999996447, 48.49529969162086473 ) ) ;
#2736 = EDGE_CURVE ( 'NONE', #1045, #5939, #3130, .T. ) ;
#2737 = CARTESIAN_POINT ( 'NONE',  ( 128.2152227262392330, 10.00000000000000178, 53.47363992318599912 ) ) ;
#2738 = CARTESIAN_POINT ( 'NONE',  ( 246.8379376583712599, 13.00000000000000178, 30.65744539108066391 ) ) ;
#2739 = CARTESIAN_POINT ( 'NONE',  ( 67.90501762003756880, 9.999999999999998224, 54.30116045740353314 ) ) ;
#2740 = CARTESIAN_POINT ( 'NONE',  ( 51.08641255434663009, 12.99999999999999822, 18.64055297262591182 ) ) ;
#2741 = ORIENTED_EDGE ( 'NONE', *, *, #4729, .T. ) ;
#2742 = CARTESIAN_POINT ( 'NONE',  ( 84.67022488959894133, 9.999999999999994671, 24.31464915552273354 ) ) ;
#2743 = CARTESIAN_POINT ( 'NONE',  ( 207.1659721465381381, 13.00000000000000178, 15.87096286186220873 ) ) ;
#2744 = VECTOR ( 'NONE', #3031, 1000.000000000000000 ) ;
#2745 = CARTESIAN_POINT ( 'NONE',  ( 259.1500939141004665, 10.00000000000000000, 26.69132499093964128 ) ) ;
#2746 = ORIENTED_EDGE ( 'NONE', *, *, #1737, .F. ) ;
#2747 = CARTESIAN_POINT ( 'NONE',  ( 78.77664500437926165, 10.00000000000000711, 26.47698183340408207 ) ) ;
#2748 = DIRECTION ( 'NONE',  ( -0.000000000000000000, -1.000000000000000000, -0.000000000000000000 ) ) ;
#2749 = ORIENTED_EDGE ( 'NONE', *, *, #6698, .T. ) ;
#2750 = CARTESIAN_POINT ( 'NONE',  ( 268.0944577234612325, 9.999999999999998224, 37.05485709263143690 ) ) ;
#2751 = CARTESIAN_POINT ( 'NONE',  ( 146.8955394542304589, 13.00000000000000178, 39.35353497724682370 ) ) ;
#2752 = CARTESIAN_POINT ( 'NONE',  ( 105.3570779157689259, 10.00000000000000000, 39.17324651570835670 ) ) ;
#2753 = CARTESIAN_POINT ( 'NONE',  ( 130.8915474396006573, 13.00000000000000533, 34.33004707899400643 ) ) ;
#2754 = AXIS2_PLACEMENT_3D ( 'NONE', #1220, #3507, #3434 ) ;
#2755 = CARTESIAN_POINT ( 'NONE',  ( 147.5981129568405379, 13.00000000000000178, 51.19863183340621049 ) ) ;
#2756 = ORIENTED_EDGE ( 'NONE', *, *, #646, .F. ) ;
#2757 = ORIENTED_EDGE ( 'NONE', *, *, #7263, .F. ) ;
#2758 = EDGE_CURVE ( 'NONE', #5685, #482, #993, .T. ) ;
#2759 = CARTESIAN_POINT ( 'NONE',  ( 47.66477022346124670, 13.00000000000000178, 22.70389555416990035 ) ) ;
#2760 = CARTESIAN_POINT ( 'NONE',  ( 125.2662620838816991, 13.00000000000000178, 50.55597902127106380 ) ) ;
#2761 = CARTESIAN_POINT ( 'NONE',  ( 93.24169330038432690, 13.00000000000000178, 39.32649170801605720 ) ) ;
#2762 = CARTESIAN_POINT ( 'NONE',  ( 123.7145403307708875, 13.00000000000000178, 55.59215621054971734 ) ) ;
#2763 = FACE_OUTER_BOUND ( 'NONE', #824, .T. ) ;
#2764 = LINE ( 'NONE', #3881, #3633 ) ;
#2765 = CARTESIAN_POINT ( 'NONE',  ( 131.8770831515002442, 10.00000000000000178, 39.86334237215995557 ) ) ;
#2766 = EDGE_CURVE ( 'NONE', #2118, #1022, #688, .T. ) ;
#2767 = CARTESIAN_POINT ( 'NONE',  ( 259.7471019542304589, 13.00000000000000178, 35.91002536186220340 ) ) ;
#2768 = CARTESIAN_POINT ( 'NONE',  ( 224.1410977912524629, 10.00000000000000000, 31.97848175508527646 ) ) ;
#2769 = FACE_OUTER_BOUND ( 'NONE', #224, .T. ) ;
#2770 = CARTESIAN_POINT ( 'NONE',  ( 47.79074439306906186, 13.00000000000000178, 31.71736121174581413 ) ) ;
#2771 = FACE_BOUND ( 'NONE', #2052, .T. ) ;
#2772 = CARTESIAN_POINT ( 'NONE',  ( 265.4171740696150437, 10.00000000000000355, 40.39920805416989680 ) ) ;
#2773 = VERTEX_POINT ( 'NONE', #2694 ) ;
#2774 = CARTESIAN_POINT ( 'NONE',  ( 83.14772966234936291, 13.00000000000000533, 23.53445264849423069 ) ) ;
#2775 = AXIS2_PLACEMENT_3D ( 'NONE', #4059, #2279, #3459 ) ;
#2776 = CARTESIAN_POINT ( 'NONE',  ( 100.0000000000000142, 20.00000000000000000, 97.93724644492834841 ) ) ;
#2777 = ORIENTED_EDGE ( 'NONE', *, *, #5803, .F. ) ;
#2778 = FACE_OUTER_BOUND ( 'NONE', #4459, .T. ) ;
#2779 = CARTESIAN_POINT ( 'NONE',  ( 266.5529913773073645, 13.00000000000000178, 22.21711670801605010 ) ) ;
#2780 = CARTESIAN_POINT ( 'NONE',  ( 0.000000000000000000, 10.00000000000000000, 0.000000000000000000 ) ) ;
#2781 = CARTESIAN_POINT ( 'NONE',  ( 62.64155120009247213, 9.999999999999998224, 28.89569817435987886 ) ) ;
#2782 = CARTESIAN_POINT ( 'NONE',  ( 59.24078112477113223, 12.99999999999999822, 40.98330158503264187 ) ) ;
#2783 = CARTESIAN_POINT ( 'NONE',  ( 266.6666666666666856, 20.00000000000000000, 97.93724644492837683 ) ) ;
#2784 = CARTESIAN_POINT ( 'NONE',  ( 233.3333333333332860, 20.00000000000000000, 96.43724644492834841 ) ) ;
#2785 = VERTEX_POINT ( 'NONE', #4963 ) ;
#2786 = ORIENTED_EDGE ( 'NONE', *, *, #4605, .T. ) ;
#2787 = DIRECTION ( 'NONE',  ( -0.000000000000000000, -1.000000000000000000, -0.000000000000000000 ) ) ;
#2788 = CARTESIAN_POINT ( 'NONE',  ( 119.1986072282641800, 12.99999999999999822, 52.19611290801866943 ) ) ;
#2789 = CIRCLE ( 'NONE', #3276, 1.500000000000001332 ) ;
#2790 = CARTESIAN_POINT ( 'NONE',  ( 40.93388383638481542, 9.999999999999992895, 15.59026498107813019 ) ) ;
#2791 = VECTOR ( 'NONE', #6744, 1000.000000000000000 ) ;
#2792 = CARTESIAN_POINT ( 'NONE',  ( 126.7852265911883762, 10.00000000000000000, 54.34428860929323690 ) ) ;
#2793 = DIRECTION ( 'NONE',  ( -1.000000000000000000, 0.000000000000000000, -0.000000000000000000 ) ) ;
#2794 = CARTESIAN_POINT ( 'NONE',  ( 106.2902252998268295, 13.00000000000000533, 44.29295573976197176 ) ) ;
#2795 = CARTESIAN_POINT ( 'NONE',  ( 218.1705179675632564, 12.99999999999999822, 36.07119816231600851 ) ) ;
#2796 = VECTOR ( 'NONE', #3888, 1000.000000000000000 ) ;
#2797 = CARTESIAN_POINT ( 'NONE',  ( 270.4021500311535533, 9.999999999999998224, 43.78863113109296989 ) ) ;
#2798 = VECTOR ( 'NONE', #2063, 1000.000000000000000 ) ;
#2799 = CARTESIAN_POINT ( 'NONE',  ( 262.9693497881469284, 9.999999999999998224, 28.25415800146560485 ) ) ;
#2800 = CARTESIAN_POINT ( 'NONE',  ( 262.9693497881469284, 12.99999999999999822, 28.25415800146560485 ) ) ;
#2801 = CARTESIAN_POINT ( 'NONE',  ( 235.9670538773073645, 10.00000000000000000, 26.25557824647759020 ) ) ;
#2802 = EDGE_CURVE ( 'NONE', #7125, #6577, #7226, .T. ) ;
#2803 = DIRECTION ( 'NONE',  ( -1.000000000000000000, 0.000000000000000000, 0.000000000000000000 ) ) ;
#2804 = CIRCLE ( 'NONE', #6251, 1.500000000000001332 ) ;
#2805 = CARTESIAN_POINT ( 'NONE',  ( 270.0743177426065245, 9.999999999999998224, 43.41940427758031973 ) ) ;
#2806 = B_SPLINE_CURVE_WITH_KNOTS ( 'NONE', 3,
 ( #6402, #3579, #580, #58, #6878, #2904, #96, #4631, #2313, #1179, #1795, #4593, #3426, #2974, #2833, #649, #4667, #3497, #5773 ),
 .UNSPECIFIED., .F., .F.,
 ( 4, 1, 1, 1, 1, 1, 1, 1, 1, 1, 1, 1, 1, 1, 1, 1, 4 ),
 ( 0.000000000000000000, 0.06955854372741354652, 0.1363352505575722295, 0.2010957661175477584, 0.2644499547795246541, 0.3270049911572457391, 0.3893913874403779340, 0.4519764903030329961, 0.5156699828847830513, 0.5789732464632431075, 0.6401670288004244203, 0.6997398434247558141, 0.7586849854260633297, 0.8178204012911092224, 0.8769839874813283309, 0.9376342848620924375, 0.9999999999999998890 ),
 .UNSPECIFIED. ) ;
#2807 = ORIENTED_EDGE ( 'NONE', *, *, #5676, .T. ) ;
#2808 = CARTESIAN_POINT ( 'NONE',  ( 88.98055937376294366, 10.00000000000000355, 36.74274507341617380 ) ) ;
#2809 = B_SPLINE_CURVE_WITH_KNOTS ( 'NONE', 3,
 ( #6913, #3610, #4701, #5883, #719, #2580, #5364, #5959, #3688, #1354, #3008, #210, #4812, #4776, #2467 ),
 .UNSPECIFIED., .F., .F.,
 ( 4, 1, 1, 1, 1, 1, 1, 1, 1, 1, 1, 1, 4 ),
 ( 0.000000000000000000, 0.08206627227095460164, 0.1638049146802433575, 0.2466175023921720333, 0.3319829739590866025, 0.4174662413505369485, 0.5009071450388554725, 0.5841030515758436348, 0.6682541715553398376, 0.7520560821096481385, 0.8345695599471747439, 0.9166521793834925269, 1.000000000000000000 ),
 .UNSPECIFIED. ) ;
#2810 = CARTESIAN_POINT ( 'NONE',  ( 119.2439835301205164, 9.999999999999998224, 26.27558880658551743 ) ) ;
#2811 = CARTESIAN_POINT ( 'NONE',  ( 223.7009073169143676, 13.00000000000000178, 45.74930185323014342 ) ) ;
#2812 = EDGE_CURVE ( 'NONE', #5572, #5685, #1028, .T. ) ;
#2813 = CARTESIAN_POINT ( 'NONE',  ( 258.3692842796002083, 10.00000000000000000, 29.07217355958765737 ) ) ;
#2814 = CARTESIAN_POINT ( 'NONE',  ( 160.5113681819954081, 10.00000000000000178, 22.23025530837256269 ) ) ;
#2815 = ORIENTED_EDGE ( 'NONE', *, *, #2683, .F. ) ;
#2816 = CARTESIAN_POINT ( 'NONE',  ( 107.9738709085763873, 13.00000000000000178, 31.20610792422282387 ) ) ;
#2817 = LINE ( 'NONE', #6716, #6244 ) ;
#2818 = CARTESIAN_POINT ( 'NONE',  ( 159.8943375311535249, 13.00000000000000178, 56.25557824647759020 ) ) ;
#2819 = CARTESIAN_POINT ( 'NONE',  ( 59.21767432361244232, 10.00000000000000178, 38.77599326082142284 ) ) ;
#2820 = ORIENTED_EDGE ( 'NONE', *, *, #2414, .T. ) ;
#2821 = EDGE_CURVE ( 'NONE', #677, #4051, #3282, .T. ) ;
#2822 = DIRECTION ( 'NONE',  ( 0.000000000000000000, 0.000000000000000000, -1.000000000000000000 ) ) ;
#2823 = CARTESIAN_POINT ( 'NONE',  ( 81.46732302044559049, 13.00000000000000178, 55.57591901493363196 ) ) ;
#2824 = ORIENTED_EDGE ( 'NONE', *, *, #5274, .T. ) ;
#2825 = EDGE_LOOP ( 'NONE', ( #1889, #6677, #4421, #2128, #6929, #4909, #2410, #337, #5156, #3418 ) ) ;
#2826 = CARTESIAN_POINT ( 'NONE',  ( 203.4340009926919777, 13.00000000000000178, 12.42745324647759375 ) ) ;
#2827 = CARTESIAN_POINT ( 'NONE',  ( 169.7739870391189356, 10.00000000000000000, 25.24562575570682554 ) ) ;
#2828 = CARTESIAN_POINT ( 'NONE',  ( 40.09719936851701760, 13.00000000000000178, 15.48473276982536717 ) ) ;
#2829 = CARTESIAN_POINT ( 'NONE',  ( 51.68498198902405960, 10.00000000000000000, 21.64027281985967477 ) ) ;
#2830 = DIRECTION ( 'NONE',  ( -0.000000000000000000, -1.000000000000000000, -0.000000000000000000 ) ) ;
#2831 = CARTESIAN_POINT ( 'NONE',  ( 239.4735319619331051, 12.99999999999999822, 51.89077262771559163 ) ) ;
#2832 = CARTESIAN_POINT ( 'NONE',  ( 218.1705179675632564, 9.999999999999996447, 36.07119816231600851 ) ) ;
#2833 = CARTESIAN_POINT ( 'NONE',  ( 218.5471922594500427, 10.00000000000000000, 44.45592542854242879 ) ) ;
#2834 = CARTESIAN_POINT ( 'NONE',  ( 262.2801548388458173, 13.00000000000000178, 30.68165997724681660 ) ) ;
#2835 = CARTESIAN_POINT ( 'NONE',  ( 221.9070560226478790, 9.999999999999998224, 38.70672605090651786 ) ) ;
#2836 = DIRECTION ( 'NONE',  ( -1.000000000000000000, 0.000000000000000000, 0.000000000000000000 ) ) ;
#2837 = APPROVAL_PERSON_ORGANIZATION ( #2372, #6741, #3559 ) ;
#2838 = CARTESIAN_POINT ( 'NONE',  ( 274.2510690374403453, 13.00000000000000178, 42.05166284009401778 ) ) ;
#2839 = CARTESIAN_POINT ( 'NONE',  ( 159.8763086849996853, 10.00000000000000355, 26.25557824647759020 ) ) ;
#2840 = EDGE_LOOP ( 'NONE', ( #48, #172, #2014, #7054 ) ) ;
#2841 = LINE ( 'NONE', #483, #3932 ) ;
#2842 = EDGE_CURVE ( 'NONE', #3560, #7135, #6732, .T. ) ;
#2843 = PLANE ( 'NONE',  #5766 ) ;
#2844 = CARTESIAN_POINT ( 'NONE',  ( 105.3570779157689401, 9.999999999999998224, 49.59391959263143690 ) ) ;
#2845 = VERTEX_POINT ( 'NONE', #5594 ) ;
#2846 = CARTESIAN_POINT ( 'NONE',  ( 88.68284529237611480, 12.99999999999999822, 35.50213883103625534 ) ) ;
#2847 = ORIENTED_EDGE ( 'NONE', *, *, #2736, .T. ) ;
#2848 = CARTESIAN_POINT ( 'NONE',  ( 107.0283081417104825, 10.00000000000000355, 32.60118251859611149 ) ) ;
#2849 = ORIENTED_EDGE ( 'NONE', *, *, #5628, .T. ) ;
#2850 = EDGE_CURVE ( 'NONE', #857, #1094, #2899, .T. ) ;
#2851 = CARTESIAN_POINT ( 'NONE',  ( 259.5139942443636301, 10.00000000000000178, 35.53529602568909951 ) ) ;
#2852 = AXIS2_PLACEMENT_3D ( 'NONE', #203, #3603, #1974 ) ;
#2853 = FACE_OUTER_BOUND ( 'NONE', #1595, .T. ) ;
#2854 = CARTESIAN_POINT ( 'NONE',  ( 79.79901785909474654, 13.00000000000000178, 55.97063351189585489 ) ) ;
#2855 = CARTESIAN_POINT ( 'NONE',  ( 37.34941930731281445, 10.00000000000000355, 10.76729805873414492 ) ) ;
#2856 = ORIENTED_EDGE ( 'NONE', *, *, #3954, .T. ) ;
#2857 = EDGE_LOOP ( 'NONE', ( #6631, #1895, #4507, #4568 ) ) ;
#2858 = EDGE_CURVE ( 'NONE', #6647, #2468, #3912, .T. ) ;
#2859 = CARTESIAN_POINT ( 'NONE',  ( 250.7180416316992648, 13.00000000000000178, 49.54738520409396330 ) ) ;
#2860 = CYLINDRICAL_SURFACE ( 'NONE', #6415, 1.500000000000001332 ) ;
#2861 = LINE ( 'NONE', #5165, #5888 ) ;
#2862 = VECTOR ( 'NONE', #656, 1000.000000000000000 ) ;
#2863 = LINE ( 'NONE', #1720, #5882 ) ;
#2864 = DIRECTION ( 'NONE',  ( -1.000000000000000000, 1.100209941246806828E-13, 0.000000000000000000 ) ) ;
#2865 = CARTESIAN_POINT ( 'NONE',  ( 105.3694165355568657, 13.00000000000000178, 39.62758989504941809 ) ) ;
#2866 = LINE ( 'NONE', #5733, #6600 ) ;
#2867 = CARTESIAN_POINT ( 'NONE',  ( 35.74770291576894010, 10.00000000000000000, 34.90942440032374350 ) ) ;
#2868 = CARTESIAN_POINT ( 'NONE',  ( 42.63472214653817360, 13.00000000000000178, 11.29163593878528005 ) ) ;
#2869 = CARTESIAN_POINT ( 'NONE',  ( 222.1286363316138761, 13.00000000000000178, 36.56541587123061277 ) ) ;
#2870 = CARTESIAN_POINT ( 'NONE',  ( 229.1885687029671601, 10.00000000000000355, 27.70447554999465822 ) ) ;
#2871 = CARTESIAN_POINT ( 'NONE',  ( 189.0109240696151005, 10.00000000000000000, 26.83250132340066685 ) ) ;
#2872 = FACE_OUTER_BOUND ( 'NONE', #5320, .T. ) ;
#2873 = CARTESIAN_POINT ( 'NONE',  ( 266.0954375132514542, 12.99999999999999822, 52.19949181695633200 ) ) ;
#2874 = CARTESIAN_POINT ( 'NONE',  ( 41.84563265428914036, 10.00000000000000000, 11.12903162200723095 ) ) ;
#2875 = DIRECTION ( 'NONE',  ( 0.000000000000000000, 0.000000000000000000, 1.000000000000000000 ) ) ;
#2876 = CARTESIAN_POINT ( 'NONE',  ( 234.0682482644790809, 13.00000000000000178, 52.15585203046427409 ) ) ;
#2877 = CARTESIAN_POINT ( 'NONE',  ( 135.9340009926920061, 13.00000000000000178, 39.29944843878528360 ) ) ;
#2878 = EDGE_CURVE ( 'NONE', #7131, #3040, #4588, .T. ) ;
#2879 = ORIENTED_EDGE ( 'NONE', *, *, #6708, .T. ) ;
#2880 = B_SPLINE_SURFACE_WITH_KNOTS ( 'NONE', 3, 1, ( 
 ( #1015, #2644 ),
 ( #85, #1644 ),
 ( #6209, #3975 ),
 ( #2302, #6831 ),
 ( #3344, #636 ),
 ( #3379, #1234 ),
 ( #3450, #533 ),
 ( #5723, #3940 ),
 ( #120, #2891 ),
 ( #6245, #2340 ),
 ( #4506, #1783 ),
 ( #4050, #1680 ),
 ( #3485, #675 ),
 ( #2926, #4472 ),
 ( #6725, #1127 ) ),
 .UNSPECIFIED., .F., .F., .F.,
 ( 4, 1, 1, 1, 1, 1, 1, 1, 1, 1, 1, 1, 4 ),
 ( 2, 2 ),
 ( 0.000000000000000000, 0.08560569497352640833, 0.1689832639222343114, 0.2509075823297901020, 0.3337080961143222835, 0.4160049842563384170, 0.4976595675743796798, 0.5798932856419651838, 0.6639023210428561805, 0.7484662538082592631, 0.8317908864798562174, 0.9152519088316870555, 1.000000000000000000 ),
 ( 0.000000000000000000, 1.000000000000000000 ),
 .UNSPECIFIED. ) ;
#2881 = CARTESIAN_POINT ( 'NONE',  ( 79.99559380813288101, 10.00000000000000000, 26.77753852415916924 ) ) ;
#2882 = VERTEX_POINT ( 'NONE', #6182 ) ;
#2883 = CARTESIAN_POINT ( 'NONE',  ( 154.8567937562772272, 13.00000000000000533, 51.32296885885604354 ) ) ;
#2884 = ORIENTED_EDGE ( 'NONE', *, *, #5769, .F. ) ;
#2885 = CARTESIAN_POINT ( 'NONE',  ( 265.4193679847429053, 13.00000000000000178, 52.20694585242283381 ) ) ;
#2886 = CARTESIAN_POINT ( 'NONE',  ( 263.2193982049485612, 13.00000000000000178, 55.97953064951546764 ) ) ;
#2887 = VERTEX_POINT ( 'NONE', #1721 ) ;
#2888 = DIRECTION ( 'NONE',  ( 0.000000000000000000, 0.000000000000000000, 1.000000000000000000 ) ) ;
#2889 = EDGE_CURVE ( 'NONE', #6163, #2928, #1652, .T. ) ;
#2890 = CARTESIAN_POINT ( 'NONE',  ( 154.6493795014131365, 13.00000000000000533, 55.57610092642480737 ) ) ;
#2891 = CARTESIAN_POINT ( 'NONE',  ( 86.54380186426011790, 10.00000000000000355, 47.32492151431059568 ) ) ;
#2892 = ORIENTED_EDGE ( 'NONE', *, *, #6034, .T. ) ;
#2893 = ORIENTED_EDGE ( 'NONE', *, *, #521, .F. ) ;
#2894 = CARTESIAN_POINT ( 'NONE',  ( 259.4528928967475849, 13.00000000000000178, 54.45387583687739408 ) ) ;
#2895 = CARTESIAN_POINT ( 'NONE',  ( 73.65673835646992984, 12.99999999999999822, 26.47868540446016539 ) ) ;
#2896 = B_SPLINE_CURVE_WITH_KNOTS ( 'NONE', 3,
 ( #5063, #7337, #2241, #2831, #2503, #4664, #4700, #2426, #2389, #1317, #6912 ),
 .UNSPECIFIED., .F., .F.,
 ( 4, 1, 1, 1, 1, 1, 1, 1, 4 ),
 ( 0.000000000000000000, 0.1299810785766150056, 0.2554473120268483943, 0.3772983447181144090, 0.4984417785420209301, 0.6193721253366241131, 0.7418565019578124975, 0.8685636891457529929, 1.000000000000000000 ),
 .UNSPECIFIED. ) ;
#2897 = CARTESIAN_POINT ( 'NONE',  ( 105.8743803775614651, 9.999999999999998224, 43.09152008410384838 ) ) ;
#2898 = CARTESIAN_POINT ( 'NONE',  ( 46.29293707696287896, 12.99999999999999822, 12.73019947172116062 ) ) ;
#2899 = LINE ( 'NONE', #506, #3624 ) ;
#2900 = EDGE_CURVE ( 'NONE', #2257, #4890, #6019, .T. ) ;
#2901 = CARTESIAN_POINT ( 'NONE',  ( 117.2502220698011399, 12.99999999999999822, 52.19268125601177388 ) ) ;
#2902 = LINE ( 'NONE', #2350, #5898 ) ;
#2903 = CARTESIAN_POINT ( 'NONE',  ( 133.9896360360827146, 9.999999999999998224, 31.22238557397200154 ) ) ;
#2904 = CARTESIAN_POINT ( 'NONE',  ( 228.7972990748536404, 9.999999999999996447, 55.06798941445087081 ) ) ;
#2905 = LINE ( 'NONE', #6916, #1554 ) ;
#2906 = AXIS2_PLACEMENT_3D ( 'NONE', #830, #4211, #6464 ) ;
#2907 = CARTESIAN_POINT ( 'NONE',  ( 224.9523695431874728, 10.00000000000000533, 30.95307710042516902 ) ) ;
#2908 = ADVANCED_FACE ( 'NONE', ( #2763 ), #540, .T. ) ;
#2909 = CARTESIAN_POINT ( 'NONE',  ( 275.5493856080766477, 13.00000000000000178, 46.75437632340067040 ) ) ;
#2910 = CARTESIAN_POINT ( 'NONE',  ( 261.2525447605273712, 9.999999999999996447, 37.60082151887352353 ) ) ;
#2911 = VECTOR ( 'NONE', #1636, 1000.000000000000000 ) ;
#2912 = CARTESIAN_POINT ( 'NONE',  ( 266.8570450479048191, 12.99999999999999822, 52.16505573634634629 ) ) ;
#2913 = CARTESIAN_POINT ( 'NONE',  ( 150.7053806740715913, 12.99999999999999822, 30.07167115841680527 ) ) ;
#2914 = VECTOR ( 'NONE', #4342, 1000.000000000000000 ) ;
#2915 = CARTESIAN_POINT ( 'NONE',  ( 228.7972990748536404, 9.999999999999996447, 55.06798941445087081 ) ) ;
#2916 = CARTESIAN_POINT ( 'NONE',  ( 135.8878398827912122, 12.99999999999999822, 37.56736796952410629 ) ) ;
#2917 = EDGE_LOOP ( 'NONE', ( #7272, #1285, #7291, #700, #3690, #4401, #6859, #1169, #5979, #3293, #4687 ) ) ;
#2918 = CARTESIAN_POINT ( 'NONE',  ( 135.6473405187121273, 13.00000000000000178, 42.67506518748617594 ) ) ;
#2919 = ORIENTED_EDGE ( 'NONE', *, *, #7314, .T. ) ;
#2920 = CARTESIAN_POINT ( 'NONE',  ( 113.5421163577157415, 9.999999999999996447, 27.18744184376283712 ) ) ;
#2921 = CARTESIAN_POINT ( 'NONE',  ( 172.1544492956492149, 10.00000000000000000, 51.19854884097163250 ) ) ;
#2922 = CARTESIAN_POINT ( 'NONE',  ( 142.9001142675031417, 13.00000000000000178, 37.68610094412793643 ) ) ;
#2923 = ORIENTED_EDGE ( 'NONE', *, *, #6853, .F. ) ;
#2924 = CARTESIAN_POINT ( 'NONE',  ( 275.1771649315566606, 10.00000000000000000, 49.56410106534852389 ) ) ;
#2925 = CARTESIAN_POINT ( 'NONE',  ( 154.6493795014131365, 13.00000000000000533, 55.57610092642480737 ) ) ;
#2926 = CARTESIAN_POINT ( 'NONE',  ( 89.18262711592434755, 13.00000000000000533, 39.92894361021895122 ) ) ;
#2927 = EDGE_LOOP ( 'NONE', ( #6793, #5534, #2446, #2856 ) ) ;
#2928 = VERTEX_POINT ( 'NONE', #2310 ) ;
#2929 = CARTESIAN_POINT ( 'NONE',  ( 235.9670538773073645, 13.00000000000000178, 26.25557824647759020 ) ) ;
#2930 = EDGE_CURVE ( 'NONE', #7146, #5277, #4551, .T. ) ;
#2931 = CARTESIAN_POINT ( 'NONE',  ( 133.3333333333333428, 20.00000000000000000, 96.43724644492834841 ) ) ;
#2932 = CARTESIAN_POINT ( 'NONE',  ( 262.5706024607688391, 13.00000000000000178, 29.01268217857078469 ) ) ;
#2933 = FACE_OUTER_BOUND ( 'NONE', #249, .T. ) ;
#2934 = CARTESIAN_POINT ( 'NONE',  ( 221.8955394542304589, 13.00000000000000178, 39.14620324647759020 ) ) ;
#2935 = CARTESIAN_POINT ( 'NONE',  ( 249.7017568867721877, 13.00000000000000178, 27.64936132421310333 ) ) ;
#2936 = CARTESIAN_POINT ( 'NONE',  ( 232.5067568425311890, 12.99999999999999822, 22.51535757367995316 ) ) ;
#2937 = LINE ( 'NONE', #4063, #2401 ) ;
#2938 = DIRECTION ( 'NONE',  ( 1.000000000000000000, 0.000000000000000000, -0.000000000000000000 ) ) ;
#2939 = ADVANCED_FACE ( 'NONE', ( #3880 ), #4625, .F. ) ;
#2940 = CARTESIAN_POINT ( 'NONE',  ( 266.7852382077121547, 13.00000000000000178, 26.26640227114605253 ) ) ;
#2941 = B_SPLINE_SURFACE_WITH_KNOTS ( 'NONE', 3, 1, ( 
 ( #6346, #4537 ),
 ( #5083, #5717 ),
 ( #1164, #5119 ),
 ( #5683, #6896 ),
 ( #4084, #6824 ),
 ( #76, #3412 ),
 ( #7, #1672 ),
 ( #40, #1811 ),
 ( #1778, #5645 ),
 ( #4040, #2921 ),
 ( #6307, #1229 ),
 ( #3931, #1265 ),
 ( #3479, #5753 ),
 ( #5192, #115 ),
 ( #2374, #2956 ),
 ( #3518, #5792 ),
 ( #704, #5234 ),
 ( #153, #564 ),
 ( #2818, #2261 ) ),
 .UNSPECIFIED., .F., .F., .F.,
 ( 4, 1, 1, 1, 1, 1, 1, 1, 1, 1, 1, 1, 1, 1, 1, 1, 4 ),
 ( 2, 2 ),
 ( 0.000000000000000000, 0.06241602615881759047, 0.1233369785373298194, 0.1832651398530920350, 0.2431724430697090045, 0.3028983539197450114, 0.3637735975039101399, 0.4256053049523820797, 0.4896590425101838839, 0.5537845767921160123, 0.6162215328110728363, 0.6778544713083423101, 0.7395168974879384738, 0.8020965355763716165, 0.8658658412779707270, 0.9315077951965110570, 1.000000000000000000 ),
 ( 0.000000000000000000, 1.000000000000000000 ),
 .UNSPECIFIED. ) ;
#2942 = CARTESIAN_POINT ( 'NONE',  ( 89.20323176192279391, 13.00000000000000178, 39.35353497724683081 ) ) ;
#2943 = CARTESIAN_POINT ( 'NONE',  ( 275.1771649315566606, 13.00000000000000178, 49.56410106534852389 ) ) ;
#2944 = CARTESIAN_POINT ( 'NONE',  ( 266.9026036218654667, 12.99999999999999822, 22.23131537412526271 ) ) ;
#2945 = CARTESIAN_POINT ( 'NONE',  ( 47.66477022346124670, 10.00000000000000000, 22.70389555416990035 ) ) ;
#2946 = CARTESIAN_POINT ( 'NONE',  ( 265.4171740696150437, 10.00000000000000000, 40.39920805416989680 ) ) ;
#2947 = CARTESIAN_POINT ( 'NONE',  ( 35.71164522346123960, 13.00000000000000178, 30.35714074647759020 ) ) ;
#2948 = EDGE_CURVE ( 'NONE', #5865, #2882, #3423, .T. ) ;
#2949 = CARTESIAN_POINT ( 'NONE',  ( 149.0383198186070501, 12.99999999999999822, 32.08673713101787683 ) ) ;
#2950 = CARTESIAN_POINT ( 'NONE',  ( 111.2037623907374950, 9.999999999999994671, 54.69847879739970864 ) ) ;
#2951 = CARTESIAN_POINT ( 'NONE',  ( 131.4837190247380931, 13.00000000000000178, 35.94474511040634468 ) ) ;
#2952 = VERTEX_POINT ( 'NONE', #1175 ) ;
#2953 = CARTESIAN_POINT ( 'NONE',  ( 125.2775580052912545, 13.00000000000000178, 55.03414436465572379 ) ) ;
#2954 = EDGE_LOOP ( 'NONE', ( #6200, #6501, #306, #710 ) ) ;
#2955 = CALENDAR_DATE ( 2026, 1, 9 ) ;
#2956 = CARTESIAN_POINT ( 'NONE',  ( 165.1211691742917367, 9.999999999999996447, 55.57591901493361775 ) ) ;
#2957 = DIRECTION ( 'NONE',  ( 7.650835340965823255E-15, 1.000000000000000000, -6.621060267856153563E-14 ) ) ;
#2958 = EDGE_LOOP ( 'NONE', ( #6834, #1607, #2892, #5575 ) ) ;
#2959 = B_SPLINE_CURVE_WITH_KNOTS ( 'NONE', 3,
 ( #75, #4613, #2333, #6306, #3028, #4197, #5308, #228, #2484, #4757, #7009, #1923, #6453, #3594, #5866, #778, #3308, #3831, #6139 ),
 .UNSPECIFIED., .F., .F.,
 ( 4, 1, 1, 1, 1, 1, 1, 1, 1, 1, 1, 1, 1, 1, 1, 1, 4 ),
 ( 0.000000000000000000, 0.06384589973478732583, 0.1260436278408440525, 0.1871653577195674933, 0.2473992895212634435, 0.3083800306041640793, 0.3697796166640497373, 0.4325839246869351284, 0.4976407859952571289, 0.5624011369620618428, 0.6255571033330410424, 0.6873320046201729649, 0.7483127457030734897, 0.8097910391226145199, 0.8717675719729280903, 0.9348361909503147826, 1.000000000000000000 ),
 .UNSPECIFIED. ) ;
#2960 = CARTESIAN_POINT ( 'NONE',  ( 272.8012650711526135, 10.00000000000000000, 53.50745574887021405 ) ) ;
#2961 = CARTESIAN_POINT ( 'NONE',  ( 247.9382077234612325, 10.00000000000000000, 32.02480901570833538 ) ) ;
#2962 = DIRECTION ( 'NONE',  ( 0.000000000000000000, 0.000000000000000000, -1.000000000000000000 ) ) ;
#2963 = ORIENTED_EDGE ( 'NONE', *, *, #4688, .T. ) ;
#2964 = ORIENTED_EDGE ( 'NONE', *, *, #6486, .T. ) ;
#2965 = CARTESIAN_POINT ( 'NONE',  ( 88.73448176192277970, 13.00000000000000178, 27.63478497724682015 ) ) ;
#2966 = CARTESIAN_POINT ( 'NONE',  ( 69.05486384797013955, 13.00000000000000178, 28.39901308298623661 ) ) ;
#2967 = PLANE ( 'NONE',  #2323 ) ;
#2968 = CARTESIAN_POINT ( 'NONE',  ( 40.09719936851701760, 13.00000000000000178, 15.48473276982536717 ) ) ;
#2969 = CARTESIAN_POINT ( 'NONE',  ( 89.09424974275785303, 13.00000000000000178, 28.04896479453953617 ) ) ;
#2970 = CARTESIAN_POINT ( 'NONE',  ( 210.9203943615260926, 10.00000000000000178, 12.19430987633862884 ) ) ;
#2971 = EDGE_CURVE ( 'NONE', #4563, #2271, #5413, .T. ) ;
#2972 = LINE ( 'NONE', #1903, #1627 ) ;
#2973 = ORIENTED_EDGE ( 'NONE', *, *, #4788, .T. ) ;
#2974 = CARTESIAN_POINT ( 'NONE',  ( 219.1212241707876842, 9.999999999999996447, 45.97905164707838566 ) ) ;
#2975 = DIRECTION ( 'NONE',  ( -0.000000000000000000, -1.000000000000000000, -0.000000000000000000 ) ) ;
#2976 = CLOSED_SHELL ( 'NONE', ( #4982, #6049, #5635, #235, #5300, #2027, #5549, #4636, #2589, #4286, #3318, #6495, #2939, #7065, #7350, #5707, #6092, #2449, #1198, #3484, #3543, #7039, #381, #4151, #1365, #6213, #1899, #765, #6722, #6573, #2299, #4552, #3161, #4046, #7297, #3821, #150, #2502, #5938, #5897, #6941, #246, #2438, #772, #635, #6997, #3680, #1131, #5669, #4833, #6664, #2036, #5075, #6404, #1677, #2280, #1491, #5007, #4553, #2397, #4696, #2308, #3178, #2351, #6519, #2491, #5044, #4944, #5757, #5210, #2072, #4992, #4772, #6256, #1592, #4760, #5401, #2908, #5528, #1291, #6084, #3586, #5488, #269, #2178, #7128, #290, #3435, #36, #6293, #3447, #2981, #1270, #5126, #3990, #7030, #6808, #1953, #320, #1549, #6451, #6183, #4876, #1221, #4072, #2317, #2370, #5157, #3127, #3592, #5116, #1994, #542, #3733, #738, #6133, #3126, #421, #4499, #3846, #4452, #2230, #1007, #2989, #431, #4360, #1988, #963, #2231, #1370, #6626, #4309, #205, #6925, #6352, #880, #1425, #6395, #1237, #5177, #7255, #2213, #4316, #1941, #130, #1577, #6264, #4180 ) ) ;
#2977 = CARTESIAN_POINT ( 'NONE',  ( 176.2553153527584868, 13.00000000000000178, 44.17462687267801869 ) ) ;
#2978 = CARTESIAN_POINT ( 'NONE',  ( 267.8835081147031474, 12.99999999999999822, 56.10048654366762833 ) ) ;
#2979 = CARTESIAN_POINT ( 'NONE',  ( 193.0493856080766193, 10.00000000000000000, 55.67865516955451000 ) ) ;
#2980 = CARTESIAN_POINT ( 'NONE',  ( 217.9013192128259107, 12.99999999999999822, 41.20663622000718362 ) ) ;
#2981 = ADVANCED_FACE ( 'NONE', ( #6148, #53 ), #1758, .T. ) ;
#2982 = CARTESIAN_POINT ( 'NONE',  ( 159.4399679680057886, 9.999999999999998224, 26.26798013943248122 ) ) ;
#2983 = VECTOR ( 'NONE', #2787, 1000.000000000000000 ) ;
#2984 = CARTESIAN_POINT ( 'NONE',  ( 61.71852878171456780, 12.99999999999999822, 30.21982703765837996 ) ) ;
#2985 = B_SPLINE_CURVE_WITH_KNOTS ( 'NONE', 3,
 ( #5363, #3535, #283, #2539, #4811, #870, #7063, #4255, #6507, #2970, #1429 ),
 .UNSPECIFIED., .F., .F.,
 ( 4, 1, 1, 1, 1, 1, 1, 1, 4 ),
 ( 0.000000000000000000, 0.1318992643310805124, 0.2582840923169730796, 0.3843411247791055363, 0.5119796151257172134, 0.6386320084211479786, 0.7592297631645872347, 0.8774121680352046093, 1.000000000000000000 ),
 .UNSPECIFIED. ) ;
#2986 = CARTESIAN_POINT ( 'NONE',  ( 219.1212241707876842, 12.99999999999999822, 45.97905164707838566 ) ) ;
#2987 = CARTESIAN_POINT ( 'NONE',  ( 81.23514256330312833, 9.999999999999998224, 51.32072676809576706 ) ) ;
#2988 = B_SPLINE_CURVE_WITH_KNOTS ( 'NONE', 3,
 ( #1000, #4933, #3289, #3176, #2628, #4902, #2739, #3777, #5567, #2143, #480, #2216, #5037, #5525, #5003, #1626, #6594, #7199, #4415 ),
 .UNSPECIFIED., .F., .F.,
 ( 4, 1, 1, 1, 1, 1, 1, 1, 1, 1, 1, 1, 1, 1, 1, 1, 4 ),
 ( 0.000000000000000000, 0.06874226160548913001, 0.1346351922242772781, 0.1983241870671474671, 0.2608250125604210656, 0.3227135881590247890, 0.3845545346076189586, 0.4469128577247561962, 0.5109576325148292852, 0.5749307010013356978, 0.6366845377960934638, 0.6974831152940621504, 0.7571338075238546184, 0.8169656636752642420, 0.8768183516571962377, 0.9376625803840034079, 1.000000000000000000 ),
 .UNSPECIFIED. ) ;
#2989 = ADVANCED_FACE ( 'NONE', ( #3458 ), #5390, .T. ) ;
#2990 = ORIENTED_EDGE ( 'NONE', *, *, #6444, .F. ) ;
#2991 = CARTESIAN_POINT ( 'NONE',  ( 135.9181039003970284, 13.00000000000000178, 39.87416295205541417 ) ) ;
#2992 = VERTEX_POINT ( 'NONE', #3006 ) ;
#2993 = CARTESIAN_POINT ( 'NONE',  ( 105.3570779157689259, 13.00000000000000178, 39.17324651570835670 ) ) ;
#2994 = PERSON_AND_ORGANIZATION_ROLE ( 'classification_officer' ) ;
#2995 = CARTESIAN_POINT ( 'NONE',  ( 156.0899253883289930, 9.999999999999996447, 26.77372474248329937 ) ) ;
#2996 = EDGE_LOOP ( 'NONE', ( #385, #813, #2815, #6282 ) ) ;
#2997 = CARTESIAN_POINT ( 'NONE',  ( 0.000000000000000000, 0.000000000000000000, 0.000000000000000000 ) ) ;
#2998 = CARTESIAN_POINT ( 'NONE',  ( 48.97777742154077174, 9.999999999999998224, 30.55519821498161548 ) ) ;
#2999 = ORIENTED_EDGE ( 'NONE', *, *, #5814, .F. ) ;
#3000 = CARTESIAN_POINT ( 'NONE',  ( 258.2837102480627323, 13.00000000000000178, 32.21742096289699475 ) ) ;
#3001 = ORIENTED_EDGE ( 'NONE', *, *, #1908, .T. ) ;
#3002 = CARTESIAN_POINT ( 'NONE',  ( 45.11246104041235583, 9.999999999999996447, 33.36426757693273260 ) ) ;
#3003 = B_SPLINE_SURFACE_WITH_KNOTS ( 'NONE', 3, 1, ( 
 ( #3022, #2441 ),
 ( #1368, #222 ),
 ( #4752, #7082 ),
 ( #3098, #2517 ),
 ( #5899, #6521 ),
 ( #5825, #3554 ),
 ( #809, #3059 ),
 ( #1956, #4230 ),
 ( #1443, #3703 ),
 ( #6377, #335 ),
 ( #5971, #886 ) ),
 .UNSPECIFIED., .F., .F., .F.,
 ( 4, 1, 1, 1, 1, 1, 1, 1, 4 ),
 ( 2, 2 ),
 ( 0.000000000000000000, 0.07687507403504986736, 0.1674616757257262611, 0.2722700232466409576, 0.3895508405125231999, 0.5208013683480535727, 0.6662632933752226094, 0.8255449152058663698, 0.9999999999999998890 ),
 ( 0.000000000000000000, 1.000000000000000000 ),
 .UNSPECIFIED. ) ;
#3004 = CARTESIAN_POINT ( 'NONE',  ( 159.8763086849996853, 10.00000000000000355, 26.25557824647759020 ) ) ;
#3005 = CARTESIAN_POINT ( 'NONE',  ( 88.73448176192277970, 9.999999999999998224, 27.63478497724682015 ) ) ;
#3006 = CARTESIAN_POINT ( 'NONE',  ( 172.3883279157689117, 10.00000000000000000, 27.63478497724682015 ) ) ;
#3007 = CARTESIAN_POINT ( 'NONE',  ( 105.3570779157689259, 13.00000000000000178, 39.17324651570835670 ) ) ;
#3008 = CARTESIAN_POINT ( 'NONE',  ( 123.6802667336064019, 10.00000000000000178, 27.18423319316368136 ) ) ;
#3009 = EDGE_LOOP ( 'NONE', ( #6273, #3105, #5379, #6742, #4834, #5911 ) ) ;
#3010 = CARTESIAN_POINT ( 'NONE',  ( 63.26235246141245483, 10.00000000000000000, 39.92891818358809530 ) ) ;
#3011 = CARTESIAN_POINT ( 'NONE',  ( 239.4735319619331051, 9.999999999999998224, 51.89077262771559163 ) ) ;
#3012 = CARTESIAN_POINT ( 'NONE',  ( 163.2829519359812593, 10.00000000000000000, 51.83634526286678579 ) ) ;
#3013 = CC_DESIGN_PERSON_AND_ORGANIZATION_ASSIGNMENT ( #1963, #265, ( #4511 ) ) ;
#3014 = FACE_OUTER_BOUND ( 'NONE', #6390, .T. ) ;
#3015 = CARTESIAN_POINT ( 'NONE',  ( 267.9198883782851226, 12.99999999999999822, 41.81234663441988886 ) ) ;
#3016 = CARTESIAN_POINT ( 'NONE',  ( 207.1659721465381381, 13.00000000000000178, 15.87096286186220873 ) ) ;
#3017 = LINE ( 'NONE', #5408, #6944 ) ;
#3018 = CARTESIAN_POINT ( 'NONE',  ( 70.99553334756693346, 13.00000000000000178, 55.57610092642477895 ) ) ;
#3019 = CARTESIAN_POINT ( 'NONE',  ( 47.61972294729790178, 13.00000000000000178, 23.81004446580633171 ) ) ;
#3020 = VECTOR ( 'NONE', #3153, 1000.000000000000000 ) ;
#3021 = EDGE_CURVE ( 'NONE', #3816, #7161, #2789, .T. ) ;
#3022 = CARTESIAN_POINT ( 'NONE',  ( 270.4021500311535533, 13.00000000000000178, 43.78863113109296989 ) ) ;
#3023 = AXIS2_PLACEMENT_3D ( 'NONE', #2291, #4073, #2875 ) ;
#3024 = CARTESIAN_POINT ( 'NONE',  ( 239.4735319619331051, 12.99999999999999822, 51.89077262771559163 ) ) ;
#3025 = ORIENTED_EDGE ( 'NONE', *, *, #3542, .T. ) ;
#3026 = CARTESIAN_POINT ( 'NONE',  ( 59.80785609941276704, 10.00000000000000000, 34.52807230492580004 ) ) ;
#3027 = VERTEX_POINT ( 'NONE', #1901 ) ;
#3028 = CARTESIAN_POINT ( 'NONE',  ( 72.43607923448288943, 13.00000000000000178, 26.77372474248330647 ) ) ;
#3029 = PERSON_AND_ORGANIZATION_ROLE ( 'design_owner' ) ;
#3030 = CARTESIAN_POINT ( 'NONE',  ( 300.0000000000000000, 10.00000000000000000, 0.000000000000000000 ) ) ;
#3031 = DIRECTION ( 'NONE',  ( -0.6967183025428542731, 0.000000000000000000, 0.7173448312365564572 ) ) ;
#3032 = ORIENTED_EDGE ( 'NONE', *, *, #4402, .T. ) ;
#3033 = EDGE_CURVE ( 'NONE', #3597, #6892, #5768, .T. ) ;
#3034 = CARTESIAN_POINT ( 'NONE',  ( 270.5436734047505638, 13.00000000000000178, 55.18767910082815575 ) ) ;
#3035 = CARTESIAN_POINT ( 'NONE',  ( 105.3570779157689259, 10.00000000000000000, 9.524809015708360249 ) ) ;
#3036 = VECTOR ( 'NONE', #4165, 1000.000000000000000 ) ;
#3037 = CARTESIAN_POINT ( 'NONE',  ( 221.9638595182215397, 13.00000000000000178, 40.86525990566887856 ) ) ;
#3038 = ORIENTED_EDGE ( 'NONE', *, *, #3804, .T. ) ;
#3039 = CARTESIAN_POINT ( 'NONE',  ( 261.5254414202927364, 10.00000000000000178, 50.86517588437056503 ) ) ;
#3040 = VERTEX_POINT ( 'NONE', #683 ) ;
#3041 = CARTESIAN_POINT ( 'NONE',  ( 51.30388250734647215, 13.00000000000000533, 26.18039338463257337 ) ) ;
#3042 = CARTESIAN_POINT ( 'NONE',  ( 228.7833501820015840, 13.00000000000000178, 50.55100966265519702 ) ) ;
#3043 = EDGE_CURVE ( 'NONE', #5922, #666, #7160, .T. ) ;
#3044 = DIRECTION ( 'NONE',  ( 0.7823904509760269965, 0.000000000000000000, -0.6227882322439378671 ) ) ;
#3045 = CARTESIAN_POINT ( 'NONE',  ( 237.7883752435052713, 9.999999999999996447, 26.30354593070030234 ) ) ;
#3046 = CARTESIAN_POINT ( 'NONE',  ( 223.4347657930520370, 13.00000000000000178, 33.04202321345710658 ) ) ;
#3047 = CARTESIAN_POINT ( 'NONE',  ( 109.1646933383982656, 13.00000000000000178, 48.50034154866630587 ) ) ;
#3048 = CARTESIAN_POINT ( 'NONE',  ( 203.4340009926919777, 13.00000000000000178, 12.42745324647759375 ) ) ;
#3049 = ORIENTED_EDGE ( 'NONE', *, *, #3306, .F. ) ;
#3050 = CARTESIAN_POINT ( 'NONE',  ( 92.60146919891232642, 12.99999999999999467, 44.17462687267799737 ) ) ;
#3051 = CARTESIAN_POINT ( 'NONE',  ( 242.9283753851917140, 10.00000000000000000, 55.14845767563077317 ) ) ;
#3052 = CARTESIAN_POINT ( 'NONE',  ( 166.4091065566516363, 9.999999999999996447, 50.60172692682643003 ) ) ;
#3053 = CARTESIAN_POINT ( 'NONE',  ( 239.4707373377865167, 13.00000000000000533, 22.45162735989194758 ) ) ;
#3054 = CARTESIAN_POINT ( 'NONE',  ( 296.5030604351463808, 0.000000000000000000, 85.13552925583971387 ) ) ;
#3055 = LINE ( 'NONE', #2979, #3285 ) ;
#3056 = DIRECTION ( 'NONE',  ( -0.000000000000000000, -1.000000000000000000, -0.000000000000000000 ) ) ;
#3057 = CARTESIAN_POINT ( 'NONE',  ( 264.1272171776011533, 13.00000000000000178, 34.43061005958961118 ) ) ;
#3058 = CARTESIAN_POINT ( 'NONE',  ( 33.04036701314132785, 10.00000000000000178, 10.68065556082924417 ) ) ;
#3059 = CARTESIAN_POINT ( 'NONE',  ( 267.9198883782851226, 9.999999999999996447, 41.81234663441988886 ) ) ;
#3060 = CARTESIAN_POINT ( 'NONE',  ( 241.1035593871445997, 10.00000000000000533, 51.43764019556537193 ) ) ;
#3061 = CARTESIAN_POINT ( 'NONE',  ( 271.4907367073034834, 12.99999999999999822, 47.27387468061781561 ) ) ;
#3062 = B_SPLINE_SURFACE_WITH_KNOTS ( 'NONE', 3, 1, ( 
 ( #4955, #5991 ),
 ( #3722, #6065 ),
 ( #3830, #2125 ),
 ( #2012, #944 ),
 ( #4397, #2681 ),
 ( #464, #3761 ),
 ( #6644, #2086 ),
 ( #3268, #316 ),
 ( #1567, #4364 ),
 ( #1018, #4289 ),
 ( #2578, #1495 ) ),
 .UNSPECIFIED., .F., .F., .F.,
 ( 4, 1, 1, 1, 1, 1, 1, 1, 4 ),
 ( 2, 2 ),
 ( 0.000000000000000000, 0.1284975211375116444, 0.2527129855154521820, 0.3748191325670455210, 0.4964364263727290005, 0.6179105567458510473, 0.7412876173092887155, 0.8687004007446071929, 1.000000000000000000 ),
 ( 0.000000000000000000, 1.000000000000000000 ),
 .UNSPECIFIED. ) ;
#3063 = CARTESIAN_POINT ( 'NONE',  ( 120.3814724242578222, 13.00000000000000178, 56.20532294248486238 ) ) ;
#3064 = EDGE_CURVE ( 'NONE', #1663, #6132, #167, .T. ) ;
#3065 = ORIENTED_EDGE ( 'NONE', *, *, #2766, .F. ) ;
#3066 = DATE_AND_TIME ( #6895, #5216 ) ;
#3067 = ORIENTED_EDGE ( 'NONE', *, *, #3296, .T. ) ;
#3068 = CARTESIAN_POINT ( 'NONE',  ( 150.7053806740715913, 9.999999999999992895, 30.07167115841680527 ) ) ;
#3069 = EDGE_LOOP ( 'NONE', ( #4272, #9, #6499, #4292 ) ) ;
#3070 = CARTESIAN_POINT ( 'NONE',  ( 262.5447032128178080, 10.00000000000000000, 32.22615240481465548 ) ) ;
#3071 = CC_DESIGN_SECURITY_CLASSIFICATION ( #3551, ( #4511 ) ) ;
#3072 = ORIENTED_EDGE ( 'NONE', *, *, #2579, .F. ) ;
#3073 = DIRECTION ( 'NONE',  ( 0.000000000000000000, 1.000000000000000000, 0.000000000000000000 ) ) ;
#3074 = EDGE_CURVE ( 'NONE', #6401, #6379, #6911, .T. ) ;
#3075 = DIRECTION ( 'NONE',  ( -0.000000000000000000, -1.000000000000000000, -0.000000000000000000 ) ) ;
#3076 = ORIENTED_EDGE ( 'NONE', *, *, #105, .F. ) ;
#3077 = CARTESIAN_POINT ( 'NONE',  ( 166.6666666666666288, 20.00000000000000000, 97.93724644492834841 ) ) ;
#3078 = ORIENTED_EDGE ( 'NONE', *, *, #2459, .F. ) ;
#3079 = CARTESIAN_POINT ( 'NONE',  ( 50.74104153940528761, 9.999999999999996447, 27.76425600143821981 ) ) ;
#3080 = CARTESIAN_POINT ( 'NONE',  ( 42.63472214653817360, 13.00000000000000178, 11.29163593878528005 ) ) ;
#3081 = CARTESIAN_POINT ( 'NONE',  ( 170.7032888496189571, 10.00000000000000355, 32.08992724252957629 ) ) ;
#3082 = CARTESIAN_POINT ( 'NONE',  ( 235.9670538773073645, 10.00000000000000000, 26.25557824647759020 ) ) ;
#3083 = CARTESIAN_POINT ( 'NONE',  ( 235.9670538773073645, 13.00000000000000178, 26.25557824647759020 ) ) ;
#3084 = CARTESIAN_POINT ( 'NONE',  ( 118.6082798388458457, 10.00000000000000000, 52.21711670801605010 ) ) ;
#3085 = EDGE_CURVE ( 'NONE', #5654, #6271, #7346, .T. ) ;
#3086 = CARTESIAN_POINT ( 'NONE',  ( 251.3186163773073361, 13.00000000000000178, 48.66543401570835670 ) ) ;
#3087 = EDGE_LOOP ( 'NONE', ( #3643, #4615, #4102, #2571 ) ) ;
#3088 = CARTESIAN_POINT ( 'NONE',  ( 65.89169293627674051, 10.00000000000000000, 47.32828161099948971 ) ) ;
#3089 = CARTESIAN_POINT ( 'NONE',  ( 165.1843247740931133, 13.00000000000000533, 22.95238970753695895 ) ) ;
#3090 = AXIS2_PLACEMENT_3D ( 'NONE', #7323, #6347, #6825 ) ;
#3091 = CARTESIAN_POINT ( 'NONE',  ( 236.8029883708634600, 12.99999999999999822, 22.22896959312073761 ) ) ;
#3092 = CARTESIAN_POINT ( 'NONE',  ( 164.8889887171492887, 10.00000000000000178, 51.32072676809576706 ) ) ;
#3093 = CARTESIAN_POINT ( 'NONE',  ( 27.47246253115355330, 13.00000000000000178, 15.29403978493913030 ) ) ;
#3094 = PLANE ( 'NONE',  #5894 ) ;
#3095 = DIRECTION ( 'NONE',  ( 0.000000000000000000, -0.000000000000000000, 1.000000000000000000 ) ) ;
#3096 = CARTESIAN_POINT ( 'NONE',  ( 132.0943362413483442, 13.00000000000000178, 28.44967321517309600 ) ) ;
#3097 = CARTESIAN_POINT ( 'NONE',  ( 165.1211691742917367, 10.00000000000000000, 55.57591901493361775 ) ) ;
#3098 = CARTESIAN_POINT ( 'NONE',  ( 269.6621789263352298, 13.00000000000000178, 43.05393897793086921 ) ) ;
#3099 = VECTOR ( 'NONE', #2664, 1000.000000000000000 ) ;
#3100 = CARTESIAN_POINT ( 'NONE',  ( 116.8274981711539624, 10.00000000000000355, 22.27069165587633748 ) ) ;
#3101 = PLANE ( 'NONE',  #620 ) ;
#3102 = ORIENTED_EDGE ( 'NONE', *, *, #6477, .T. ) ;
#3103 = CARTESIAN_POINT ( 'NONE',  ( 275.2063624120012264, 10.00000000000000000, 44.06071289298131433 ) ) ;
#3104 = CARTESIAN_POINT ( 'NONE',  ( 210.6725387786432009, 13.00000000000000178, 13.74856453515289090 ) ) ;
#3105 = ORIENTED_EDGE ( 'NONE', *, *, #1446, .F. ) ;
#3106 = EDGE_CURVE ( 'NONE', #199, #2040, #5112, .T. ) ;
#3107 = CARTESIAN_POINT ( 'NONE',  ( 273.8758707181020782, 13.00000000000000178, 41.48137187947865101 ) ) ;
#3108 = ORIENTED_EDGE ( 'NONE', *, *, #374, .F. ) ;
#3109 = DIRECTION ( 'NONE',  ( -1.000000000000000000, 0.000000000000000000, 0.000000000000000000 ) ) ;
#3110 = ORIENTED_EDGE ( 'NONE', *, *, #4509, .T. ) ;
#3111 = CARTESIAN_POINT ( 'NONE',  ( 74.40770888918015658, 13.00000000000000178, 22.25700891777282564 ) ) ;
#3112 = VERTEX_POINT ( 'NONE', #2718 ) ;
#3113 = CARTESIAN_POINT ( 'NONE',  ( 39.72897629654634954, 12.99999999999999822, 34.70402119191394519 ) ) ;
#3114 = CARTESIAN_POINT ( 'NONE',  ( 268.0944577234612325, 13.00000000000000178, 37.05485709263143690 ) ) ;
#3115 = CARTESIAN_POINT ( 'NONE',  ( 148.6017448499440263, 13.00000000000000178, 45.90535232193055037 ) ) ;
#3116 = EDGE_CURVE ( 'NONE', #4204, #5386, #3614, .T. ) ;
#3117 = CARTESIAN_POINT ( 'NONE',  ( 1.224646799147353533E-14, 10.00000000000000000, 100.0000000000000000 ) ) ;
#3118 = CARTESIAN_POINT ( 'NONE',  ( 263.1590028889793302, 10.00000000000000000, 51.74484640086457432 ) ) ;
#3119 = CARTESIAN_POINT ( 'NONE',  ( 260.7234205489679653, 13.00000000000000178, 50.27115954124471386 ) ) ;
#3120 = CARTESIAN_POINT ( 'NONE',  ( 89.14173074657824714, 13.00000000000000178, 41.07102214826944930 ) ) ;
#3121 = ORIENTED_EDGE ( 'NONE', *, *, #4214, .T. ) ;
#3122 = ORIENTED_EDGE ( 'NONE', *, *, #1858, .F. ) ;
#3123 = CARTESIAN_POINT ( 'NONE',  ( 172.7955769004243223, 13.00000000000000178, 41.07102214826944930 ) ) ;
#3124 = DIRECTION ( 'NONE',  ( 0.000000000000000000, 1.000000000000000000, 0.000000000000000000 ) ) ;
#3125 = CARTESIAN_POINT ( 'NONE',  ( 207.1659721465381381, 13.00000000000000178, 8.947885938785281823 ) ) ;
#3126 = ADVANCED_FACE ( 'NONE', ( #7062 ), #5802, .T. ) ;
#3127 = ADVANCED_FACE ( 'NONE', ( #2048 ), #4271, .T. ) ;
#3128 = B_SPLINE_SURFACE_WITH_KNOTS ( 'NONE', 3, 1, ( 
 ( #910, #5850 ),
 ( #6437, #5885 ),
 ( #798, #3162 ),
 ( #5438, #250 ),
 ( #3050, #5330 ),
 ( #4778, #949 ),
 ( #5514, #3275 ),
 ( #468, #6035 ),
 ( #6728, #432 ),
 ( #2236, #3875 ),
 ( #4959, #3765 ),
 ( #3237, #3198 ),
 ( #989, #1095 ),
 ( #1534, #2725 ),
 ( #4991, #1648 ),
 ( #7292, #3798 ),
 ( #5554, #501 ),
 ( #5475, #7331 ),
 ( #2201, #397 ) ),
 .UNSPECIFIED., .F., .F., .F.,
 ( 4, 1, 1, 1, 1, 1, 1, 1, 1, 1, 1, 1, 1, 1, 1, 1, 4 ),
 ( 2, 2 ),
 ( 0.000000000000000000, 0.06241602615881760435, 0.1233369785373299166, 0.1832651398530922571, 0.2431724430697090877, 0.3028983539197451780, 0.3637735975039100289, 0.4256053049523823018, 0.4896590425101844946, 0.5537845767921165674, 0.6162215328110730583, 0.6778544713083421991, 0.7395168974879383628, 0.8020965355763715054, 0.8658658412779716151, 0.9315077951965115011, 1.000000000000000000 ),
 ( 0.000000000000000000, 1.000000000000000000 ),
 .UNSPECIFIED. ) ;
#3129 = CARTESIAN_POINT ( 'NONE',  ( 241.0407898302752585, 10.00000000000000000, 22.75166699945532045 ) ) ;
#3130 = LINE ( 'NONE', #328, #1492 ) ;
#3131 = CARTESIAN_POINT ( 'NONE',  ( 133.3333333333333428, 10.00000000000000000, 96.43724644492834841 ) ) ;
#3132 = CARTESIAN_POINT ( 'NONE',  ( 266.9026036218654667, 9.999999999999998224, 22.23131537412526271 ) ) ;
#3133 = CARTESIAN_POINT ( 'NONE',  ( 266.6666666666666856, 20.00000000000000000, 97.93724644492837683 ) ) ;
#3134 = PLANE ( 'NONE',  #6657 ) ;
#3135 = CARTESIAN_POINT ( 'NONE',  ( 143.9596773505319618, 10.00000000000000000, 33.03760189942124015 ) ) ;
#3136 = EDGE_CURVE ( 'NONE', #3560, #1261, #5206, .T. ) ;
#3137 = FACE_OUTER_BOUND ( 'NONE', #3857, .T. ) ;
#3138 = CARTESIAN_POINT ( 'NONE',  ( 76.80394441743798950, 9.999999999999998224, 52.20027024743833266 ) ) ;
#3139 = VERTEX_POINT ( 'NONE', #3513 ) ;
#3140 = ORIENTED_EDGE ( 'NONE', *, *, #2544, .T. ) ;
#3141 = CARTESIAN_POINT ( 'NONE',  ( 118.6443375311535391, 10.00000000000000000, 56.25557824647759020 ) ) ;
#3142 = CARTESIAN_POINT ( 'NONE',  ( 39.85132539826116727, 12.99999999999999822, 30.15852942837732797 ) ) ;
#3143 = AXIS2_PLACEMENT_3D ( 'NONE', #6136, #1089, #1199 ) ;
#3144 = CARTESIAN_POINT ( 'NONE',  ( 87.72337289248592640, 13.00000000000000178, 33.17030944754939981 ) ) ;
#3145 = ORIENTED_EDGE ( 'NONE', *, *, #1406, .T. ) ;
#3146 = CARTESIAN_POINT ( 'NONE',  ( 233.3333333333332860, 20.00000000000000000, 97.93724644492834841 ) ) ;
#3147 = ORIENTED_EDGE ( 'NONE', *, *, #6320, .T. ) ;
#3148 = VECTOR ( 'NONE', #6795, 1000.000000000000000 ) ;
#3149 = CARTESIAN_POINT ( 'NONE',  ( 271.7422441624358953, 12.99999999999999822, 39.37558985234923625 ) ) ;
#3150 = ORIENTED_EDGE ( 'NONE', *, *, #3274, .T. ) ;
#3151 = CARTESIAN_POINT ( 'NONE',  ( 271.9956285846947139, 10.00000000000000000, 29.44309054085457333 ) ) ;
#3152 = CARTESIAN_POINT ( 'NONE',  ( 224.7098990450724045, 13.00000000000000178, 47.19694099238370910 ) ) ;
#3153 = DIRECTION ( 'NONE',  ( -0.000000000000000000, -1.000000000000000000, -0.000000000000000000 ) ) ;
#3154 = VECTOR ( 'NONE', #6603, 1000.000000000000114 ) ;
#3155 = CARTESIAN_POINT ( 'NONE',  ( 118.0867985615403200, 9.999999999999996447, 26.27557749926464226 ) ) ;
#3156 = CARTESIAN_POINT ( 'NONE',  ( 265.7056356080765909, 13.00000000000000178, 52.21711670801605010 ) ) ;
#3157 = CARTESIAN_POINT ( 'NONE',  ( 238.3946932500159051, 13.00000000000000178, 56.13681186778541843 ) ) ;
#3158 = ORIENTED_EDGE ( 'NONE', *, *, #4330, .F. ) ;
#3159 = CARTESIAN_POINT ( 'NONE',  ( 268.8145104055299726, 10.00000000000000178, 55.88625399897613732 ) ) ;
#3160 = ORIENTED_EDGE ( 'NONE', *, *, #5856, .F. ) ;
#3161 = ADVANCED_FACE ( 'NONE', ( #3438 ), #5826, .T. ) ;
#3162 = CARTESIAN_POINT ( 'NONE',  ( 93.20414394236230748, 10.00000000000000355, 40.98330159229981717 ) ) ;
#3163 = CARTESIAN_POINT ( 'NONE',  ( 237.1739900579885614, 9.999999999999998224, 56.24577976789078804 ) ) ;
#3164 = B_SPLINE_CURVE_WITH_KNOTS ( 'NONE', 3,
 ( #4753, #2518, #6967, #259, #5304, #5972, #1882, #3628, #3100, #810, #5341 ),
 .UNSPECIFIED., .F., .F.,
 ( 4, 1, 1, 1, 1, 1, 1, 1, 4 ),
 ( 0.000000000000000000, 0.1346362256586962625, 0.2626808261854779447, 0.3871896540458341640, 0.5083896927558585466, 0.6289661928681576919, 0.7497231883803496810, 0.8732482727673928080, 1.000000000000000000 ),
 .UNSPECIFIED. ) ;
#3165 = CARTESIAN_POINT ( 'NONE',  ( 51.56603814805654906, 9.999999999999998224, 20.59677456878081259 ) ) ;
#3166 = FACE_OUTER_BOUND ( 'NONE', #890, .T. ) ;
#3167 = CARTESIAN_POINT ( 'NONE',  ( 203.4340009926919777, 10.00000000000000000, 12.42745324647759375 ) ) ;
#3168 = DIRECTION ( 'NONE',  ( 0.000000000000000000, 0.000000000000000000, -1.000000000000000000 ) ) ;
#3169 = CARTESIAN_POINT ( 'NONE',  ( 259.8818887850852093, 10.00000000000000000, 36.09609179393995504 ) ) ;
#3170 = CARTESIAN_POINT ( 'NONE',  ( 172.6344055276090614, 10.00000000000000355, 36.74274507341615248 ) ) ;
#3171 = EDGE_CURVE ( 'NONE', #5085, #6904, #147, .T. ) ;
#3172 = CARTESIAN_POINT ( 'NONE',  ( 125.3706040804814279, 12.99999999999999822, 23.43130474450449796 ) ) ;
#3173 = DIRECTION ( 'NONE',  ( -1.000000000000000000, 0.000000000000000000, 0.000000000000000000 ) ) ;
#3174 = CARTESIAN_POINT ( 'NONE',  ( 199.9999999999999432, 20.00000000000000000, 96.43724644492834841 ) ) ;
#3175 = CARTESIAN_POINT ( 'NONE',  ( 275.5293659199977583, 10.00000000000000000, 46.29326218296000661 ) ) ;
#3176 = CARTESIAN_POINT ( 'NONE',  ( 72.66682844815805709, 9.999999999999996447, 55.97156070231797997 ) ) ;
#3177 = CARTESIAN_POINT ( 'NONE',  ( 239.5449888779872367, 13.00000000000000178, 26.58260048135763043 ) ) ;
#3178 = ADVANCED_FACE ( 'NONE', ( #4985 ), #2008, .T. ) ;
#3179 = ORIENTED_EDGE ( 'NONE', *, *, #6845, .F. ) ;
#3180 = CARTESIAN_POINT ( 'NONE',  ( 105.3570779157689401, 10.00000000000000355, 49.59391959263143690 ) ) ;
#3181 = CARTESIAN_POINT ( 'NONE',  ( 42.16352877540221300, 10.00000000000000000, 29.73152933194667824 ) ) ;
#3182 = CARTESIAN_POINT ( 'NONE',  ( 265.7741332008721997, 10.00000000000000178, 35.68432051450409404 ) ) ;
#3183 = ORIENTED_EDGE ( 'NONE', *, *, #3221, .F. ) ;
#3184 = PLANE ( 'NONE',  #5059 ) ;
#3185 = ORIENTED_EDGE ( 'NONE', *, *, #3033, .F. ) ;
#3186 = PLANE ( 'NONE',  #552 ) ;
#3187 = EDGE_LOOP ( 'NONE', ( #500, #6176, #5849, #6228 ) ) ;
#3188 = DIRECTION ( 'NONE',  ( 0.000000000000000000, 1.000000000000000000, 0.000000000000000000 ) ) ;
#3189 = CARTESIAN_POINT ( 'NONE',  ( 59.47662759776143560, 10.00000000000000000, 42.60355060907559732 ) ) ;
#3190 = APPROVAL_PERSON_ORGANIZATION ( #851, #6968, #1339 ) ;
#3191 = CARTESIAN_POINT ( 'NONE',  ( 207.9073028617889065, 13.00000000000000178, 8.982274378719770525 ) ) ;
#3192 = CARTESIAN_POINT ( 'NONE',  ( 116.9265214362276595, 9.999999999999996447, 26.31527195795714391 ) ) ;
#3193 = DIRECTION ( 'NONE',  ( 0.000000000000000000, -0.000000000000000000, 1.000000000000000000 ) ) ;
#3194 = CARTESIAN_POINT ( 'NONE',  ( 231.3171346164980946, 10.00000000000000355, 22.77529587378441178 ) ) ;
#3195 = ORIENTED_EDGE ( 'NONE', *, *, #3211, .F. ) ;
#3196 = CARTESIAN_POINT ( 'NONE',  ( 273.4452970433682708, 10.00000000000000000, 52.80238340372587658 ) ) ;
#3197 = ORIENTED_EDGE ( 'NONE', *, *, #4171, .T. ) ;
#3198 = CARTESIAN_POINT ( 'NONE',  ( 85.95272854146863040, 10.00000000000000000, 53.41633506828736699 ) ) ;
#3199 = CARTESIAN_POINT ( 'NONE',  ( 171.1473485819250868, 13.00000000000000178, 26.34854481581940888 ) ) ;
#3200 = CARTESIAN_POINT ( 'NONE',  ( 203.4340009926919777, 13.00000000000000178, 12.42745324647759375 ) ) ;
#3201 = CARTESIAN_POINT ( 'NONE',  ( 135.8867573379511100, 10.00000000000000000, 41.00740946308430779 ) ) ;
#3202 = CARTESIAN_POINT ( 'NONE',  ( 233.7310311876372850, 13.00000000000000178, 22.35184240674104217 ) ) ;
#3203 = EDGE_CURVE ( 'NONE', #6379, #6778, #3164, .T. ) ;
#3204 = CARTESIAN_POINT ( 'NONE',  ( 175.1615058004088326, 10.00000000000000000, 31.57696808300281077 ) ) ;
#3205 = CARTESIAN_POINT ( 'NONE',  ( 159.8763086849996853, 13.00000000000000178, 26.25557824647759020 ) ) ;
#3206 = PLANE ( 'NONE',  #1510 ) ;
#3207 = FACE_OUTER_BOUND ( 'NONE', #777, .T. ) ;
#3208 = CIRCLE ( 'NONE', #6066, 1.500000000000001332 ) ;
#3209 = CARTESIAN_POINT ( 'NONE',  ( 221.8955394542304589, 10.00000000000000178, 39.14620324647759020 ) ) ;
#3210 = CARTESIAN_POINT ( 'NONE',  ( 0.000000000000000000, 13.00000000000000178, 0.000000000000000000 ) ) ;
#3211 = EDGE_CURVE ( 'NONE', #1341, #2630, #6557, .T. ) ;
#3212 = FACE_BOUND ( 'NONE', #487, .T. ) ;
#3213 = CARTESIAN_POINT ( 'NONE',  ( 269.8296901554047054, 13.00000000000000178, 50.66679048186778545 ) ) ;
#3214 = ORIENTED_EDGE ( 'NONE', *, *, #6, .T. ) ;
#3215 = PLANE ( 'NONE',  #2275 ) ;
#3216 = ORIENTED_EDGE ( 'NONE', *, *, #5361, .F. ) ;
#3217 = CARTESIAN_POINT ( 'NONE',  ( 203.4479491197367054, 13.00000000000000178, 12.65451322681737700 ) ) ;
#3218 = CIRCLE ( 'NONE', #2754, 1.500000000000001332 ) ;
#3219 = MANIFOLD_SOLID_BREP ( 'Boss-Extrude4', #2976 ) ;
#3220 = EDGE_CURVE ( 'NONE', #1305, #6952, #6885, .T. ) ;
#3221 = EDGE_CURVE ( 'NONE', #4610, #3851, #2195, .T. ) ;
#3222 = CARTESIAN_POINT ( 'NONE',  ( 87.04944269577279670, 13.00000000000000533, 32.08992724252956918 ) ) ;
#3223 = VERTEX_POINT ( 'NONE', #2702 ) ;
#3224 = DIRECTION ( 'NONE',  ( 1.000000000000000000, 0.000000000000000000, 0.000000000000000000 ) ) ;
#3225 = ORIENTED_EDGE ( 'NONE', *, *, #6988, .F. ) ;
#3226 = CARTESIAN_POINT ( 'NONE',  ( 269.1202166154707811, 9.999999999999998224, 37.62948183099720723 ) ) ;
#3227 = ORIENTED_EDGE ( 'NONE', *, *, #4035, .T. ) ;
#3228 = FACE_OUTER_BOUND ( 'NONE', #1742, .T. ) ;
#3229 = B_SPLINE_CURVE_WITH_KNOTS ( 'NONE', 3,
 ( #1012, #525, #2711, #4980, #6750, #562, #3967, #1670, #2816, #6785, #1704, #6822, #629, #5680, #2993 ),
 .UNSPECIFIED., .F., .F.,
 ( 4, 1, 1, 1, 1, 1, 1, 1, 1, 1, 1, 1, 4 ),
 ( 0.000000000000000000, 0.08473500127964631035, 0.1681817837855204001, 0.2524185281181411389, 0.3386177966878027856, 0.4240141020386694048, 0.5064019712145100272, 0.5875451741389956517, 0.6688007216827558388, 0.7500995272674227943, 0.8310222701893099639, 0.9139596201585747925, 1.000000000000000000 ),
 .UNSPECIFIED. ) ;
#3230 = CARTESIAN_POINT ( 'NONE',  ( 60.36843638387272648, 12.99999999999999822, 45.68995332084483607 ) ) ;
#3231 = CARTESIAN_POINT ( 'NONE',  ( 207.4165747780999425, 10.00000000000000000, 8.959510755301851148 ) ) ;
#3232 = CARTESIAN_POINT ( 'NONE',  ( 107.0283081417104825, 13.00000000000000533, 32.60118251859611149 ) ) ;
#3233 = CARTESIAN_POINT ( 'NONE',  ( 51.70323176192278680, 13.00000000000000178, 22.71290997724682015 ) ) ;
#3234 = CARTESIAN_POINT ( 'NONE',  ( 241.8486349360406109, 13.00000000000000178, 55.49521618013113056 ) ) ;
#3235 = ORIENTED_EDGE ( 'NONE', *, *, #2131, .T. ) ;
#3236 = ORIENTED_EDGE ( 'NONE', *, *, #1667, .F. ) ;
#3237 = CARTESIAN_POINT ( 'NONE',  ( 85.95272854146863040, 13.00000000000000178, 53.41633506828736699 ) ) ;
#3238 = CARTESIAN_POINT ( 'NONE',  ( 118.6082798388458457, 13.00000000000000178, 52.21711670801605010 ) ) ;
#3239 = CARTESIAN_POINT ( 'NONE',  ( 203.6952226989693031, 10.00000000000000000, 11.07956162337321970 ) ) ;
#3240 = CARTESIAN_POINT ( 'NONE',  ( 135.2520314021266472, 9.999999999999996447, 44.28013417523501971 ) ) ;
#3241 = CARTESIAN_POINT ( 'NONE',  ( 203.6952226989693031, 10.00000000000000000, 11.07956162337321970 ) ) ;
#3242 = CARTESIAN_POINT ( 'NONE',  ( 260.6737682823209070, 10.00000000000000355, 37.03539971429201927 ) ) ;
#3243 = CARTESIAN_POINT ( 'NONE',  ( 217.8627481232386742, 13.00000000000000178, 39.11877172528046742 ) ) ;
#3244 = CARTESIAN_POINT ( 'NONE',  ( 296.4644660940673475, 0.000000000000000000, 1.885533905932749610 ) ) ;
#3245 = CC_DESIGN_DATE_AND_TIME_ASSIGNMENT ( #4198, #5345, ( #1890 ) ) ;
#3246 = DIRECTION ( 'NONE',  ( 0.000000000000000000, 0.000000000000000000, 1.000000000000000000 ) ) ;
#3247 = DIRECTION ( 'NONE',  ( 0.000000000000000000, 0.000000000000000000, 1.000000000000000000 ) ) ;
#3248 = CARTESIAN_POINT ( 'NONE',  ( 132.0615520100021456, 10.00000000000000178, 50.05025982322614198 ) ) ;
#3249 = CARTESIAN_POINT ( 'NONE',  ( 79.79901785909474654, 10.00000000000000000, 55.97063351189585489 ) ) ;
#3250 = LINE ( 'NONE', #6629, #4238 ) ;
#3251 = CARTESIAN_POINT ( 'NONE',  ( 270.2990049599442273, 10.00000000000000000, 43.67246218914173284 ) ) ;
#3252 = ORIENTED_EDGE ( 'NONE', *, *, #2665, .F. ) ;
#3253 = LINE ( 'NONE', #5530, #5609 ) ;
#3254 = EDGE_CURVE ( 'NONE', #5939, #4719, #2177, .T. ) ;
#3255 = CARTESIAN_POINT ( 'NONE',  ( 47.61972294729790178, 10.00000000000000000, 23.81004446580633171 ) ) ;
#3256 = CARTESIAN_POINT ( 'NONE',  ( 44.86754911323026107, 10.00000000000000178, 17.09351352478084962 ) ) ;
#3257 = LINE ( 'NONE', #6601, #3641 ) ;
#3258 = VERTEX_POINT ( 'NONE', #4344 ) ;
#3259 = CARTESIAN_POINT ( 'NONE',  ( 108.1885279258014094, 12.99999999999999822, 25.87996802900597970 ) ) ;
#3260 = ORIENTED_EDGE ( 'NONE', *, *, #869, .T. ) ;
#3261 = CARTESIAN_POINT ( 'NONE',  ( 65.89169293627674051, 10.00000000000000000, 47.32828161099948971 ) ) ;
#3262 = EDGE_CURVE ( 'NONE', #301, #1454, #3250, .T. ) ;
#3263 = CARTESIAN_POINT ( 'NONE',  ( 159.8943375311535249, 10.00000000000000000, 22.21711670801605010 ) ) ;
#3264 = AXIS2_PLACEMENT_3D ( 'NONE', #6828, #5616, #6206 ) ;
#3265 = FACE_OUTER_BOUND ( 'NONE', #2954, .T. ) ;
#3266 = CARTESIAN_POINT ( 'NONE',  ( 86.12014088527280364, 13.00000000000000178, 25.24562575570681133 ) ) ;
#3267 = CARTESIAN_POINT ( 'NONE',  ( 72.62988083327223876, 10.00000000000000000, 22.53026633880273621 ) ) ;
#3268 = CARTESIAN_POINT ( 'NONE',  ( 72.62988083327223876, 13.00000000000000178, 22.53026633880273621 ) ) ;
#3269 = VECTOR ( 'NONE', #7243, 1000.000000000000000 ) ;
#3270 = CARTESIAN_POINT ( 'NONE',  ( 42.38879359960798610, 9.999999999999996447, 11.24095848870819836 ) ) ;
#3271 = CARTESIAN_POINT ( 'NONE',  ( 227.9213080536100335, 9.999999999999998224, 23.93494244072856247 ) ) ;
#3272 = EDGE_LOOP ( 'NONE', ( #7008, #2884, #2342, #6813 ) ) ;
#3273 = ORIENTED_EDGE ( 'NONE', *, *, #1804, .F. ) ;
#3274 = EDGE_CURVE ( 'NONE', #2458, #3139, #2988, .T. ) ;
#3275 = CARTESIAN_POINT ( 'NONE',  ( 91.40331273179337757, 9.999999999999996447, 47.15416071621452687 ) ) ;
#3276 = AXIS2_PLACEMENT_3D ( 'NONE', #3534, #1316, #4810 ) ;
#3277 = CARTESIAN_POINT ( 'NONE',  ( 168.3240710434451159, 10.00000000000000000, 24.31464915552272998 ) ) ;
#3278 = B_SPLINE_CURVE_WITH_KNOTS ( 'NONE', 3,
 ( #6766, #6843, #5696, #611, #5662, #541, #6803, #684, #1793, #5135, #6255 ),
 .UNSPECIFIED., .F., .F.,
 ( 4, 1, 1, 1, 1, 1, 1, 1, 4 ),
 ( 0.000000000000000000, 0.1582230975563203301, 0.3050355053581685905, 0.4413089638879046928, 0.5659632271047256857, 0.6835251144150593650, 0.7933341296296032574, 0.8985175121609998428, 1.000000000000000000 ),
 .UNSPECIFIED. ) ;
#3279 = VECTOR ( 'NONE', #1921, 1000.000000000000000 ) ;
#3280 = CARTESIAN_POINT ( 'NONE',  ( 203.6952226989693031, 13.00000000000000178, 11.07956162337321970 ) ) ;
#3281 = LINE ( 'NONE', #4372, #4936 ) ;
#3282 = LINE ( 'NONE', #4337, #2440 ) ;
#3283 = CARTESIAN_POINT ( 'NONE',  ( 118.7705394542304731, 13.00000000000000178, 22.21711670801605010 ) ) ;
#3284 = CARTESIAN_POINT ( 'NONE',  ( 149.9821732305688329, 10.00000000000000355, 25.26621905222125619 ) ) ;
#3285 = VECTOR ( 'NONE', #1989, 1000.000000000000000 ) ;
#3286 = LINE ( 'NONE', #5562, #6897 ) ;
#3287 = CARTESIAN_POINT ( 'NONE',  ( 262.3267540998185154, 10.00000000000000178, 29.82844274050918543 ) ) ;
#3288 = CARTESIAN_POINT ( 'NONE',  ( 133.9762669757442097, 10.00000000000000000, 47.29729636901898715 ) ) ;
#3289 = CARTESIAN_POINT ( 'NONE',  ( 74.42473393002853754, 9.999999999999998224, 56.20912576598384192 ) ) ;
#3290 = CARTESIAN_POINT ( 'NONE',  ( 142.8696951114779665, 10.00000000000000000, 39.88320673285893747 ) ) ;
#3291 = ORIENTED_EDGE ( 'NONE', *, *, #7271, .T. ) ;
#3292 = CARTESIAN_POINT ( 'NONE',  ( 78.77664500437926165, 10.00000000000000355, 26.47698183340408207 ) ) ;
#3293 = ORIENTED_EDGE ( 'NONE', *, *, #6933, .T. ) ;
#3294 = CARTESIAN_POINT ( 'NONE',  ( 46.39850101455870401, 13.00000000000000178, 26.84747010088233665 ) ) ;
#3295 = LINE ( 'NONE', #6711, #6939 ) ;
#3296 = EDGE_CURVE ( 'NONE', #6271, #3486, #6702, .T. ) ;
#3297 = EDGE_LOOP ( 'NONE', ( #5429, #3797, #5127, #2371 ) ) ;
#3298 = DIRECTION ( 'NONE',  ( 0.000000000000000000, 1.000000000000000000, 0.000000000000000000 ) ) ;
#3299 = VERTEX_POINT ( 'NONE', #6047 ) ;
#3300 = DIRECTION ( 'NONE',  ( -0.000000000000000000, -1.000000000000000000, -0.000000000000000000 ) ) ;
#3301 = ORIENTED_EDGE ( 'NONE', *, *, #924, .T. ) ;
#3302 = CARTESIAN_POINT ( 'NONE',  ( 47.28616445423048020, 13.00000000000000178, 55.67865516955451000 ) ) ;
#3303 = CARTESIAN_POINT ( 'NONE',  ( 70.99553334756693346, 13.00000000000000178, 55.57610092642477895 ) ) ;
#3304 = LINE ( 'NONE', #5017, #4227 ) ;
#3305 = CARTESIAN_POINT ( 'NONE',  ( 135.9340009926920061, 10.00000000000000178, 39.29944843878528360 ) ) ;
#3306 = EDGE_CURVE ( 'NONE', #4684, #6666, #5649, .T. ) ;
#3307 = CARTESIAN_POINT ( 'NONE',  ( 85.95272854146863040, 13.00000000000000178, 53.41633506828736699 ) ) ;
#3308 = CARTESIAN_POINT ( 'NONE',  ( 63.27827159737377372, 13.00000000000000178, 38.03184166138065336 ) ) ;
#3309 = CARTESIAN_POINT ( 'NONE',  ( 218.0033947441288547, 10.00000000000000000, 37.20145088796715527 ) ) ;
#3310 = EDGE_LOOP ( 'NONE', ( #5122, #4644, #4889, #6559 ) ) ;
#3311 = ORIENTED_EDGE ( 'NONE', *, *, #4493, .T. ) ;
#3312 = CARTESIAN_POINT ( 'NONE',  ( 248.7599134108042733, 10.00000000000000178, 26.67470044327429690 ) ) ;
#3313 = CARTESIAN_POINT ( 'NONE',  ( 163.4930301691976524, 10.00000000000000000, 22.53135216543616792 ) ) ;
#3314 = CARTESIAN_POINT ( 'NONE',  ( 39.17454982985436374, 10.00000000000000178, 15.39402634376950196 ) ) ;
#3315 = DIRECTION ( 'NONE',  ( 0.000000000000000000, -0.000000000000000000, 1.000000000000000000 ) ) ;
#3316 = CARTESIAN_POINT ( 'NONE',  ( 132.0615520100021456, 13.00000000000000178, 50.05025982322614198 ) ) ;
#3317 = CARTESIAN_POINT ( 'NONE',  ( 88.73448176192277970, 9.999999999999998224, 27.63478497724682015 ) ) ;
#3318 = ADVANCED_FACE ( 'NONE', ( #7269, #3212, #7159, #6157, #1075, #5490, #3325, #5604, #516, #1586, #3849, #6118, #1547, #1661, #2771, #4489, #2066, #6739, #3921, #928, #1514 ), #5451, .T. ) ;
#3319 = DIRECTION ( 'NONE',  ( -1.420944294689305296E-16, 0.000000000000000000, -1.000000000000000000 ) ) ;
#3320 = CARTESIAN_POINT ( 'NONE',  ( 118.6082798388458457, 10.00000000000000000, 52.21711670801605010 ) ) ;
#3321 = DIRECTION ( 'NONE',  ( -0.000000000000000000, 1.000000000000000000, -0.000000000000000000 ) ) ;
#3322 = CARTESIAN_POINT ( 'NONE',  ( 224.1410977912524629, 13.00000000000000178, 31.97848175508527646 ) ) ;
#3323 = CARTESIAN_POINT ( 'NONE',  ( 235.9940971465381949, 10.00000000000000178, 52.21711670801605720 ) ) ;
#3324 = CARTESIAN_POINT ( 'NONE',  ( 129.5898344202340127, 9.999999999999998224, 52.46556451436724444 ) ) ;
#3325 = FACE_BOUND ( 'NONE', #2119, .T. ) ;
#3326 = CARTESIAN_POINT ( 'NONE',  ( 270.4021500311535533, 10.00000000000000000, 43.78863113109296989 ) ) ;
#3327 = ORIENTED_EDGE ( 'NONE', *, *, #2842, .T. ) ;
#3328 = VECTOR ( 'NONE', #5254, 1000.000000000000000 ) ;
#3329 = CARTESIAN_POINT ( 'NONE',  ( 83.14772966234936291, 10.00000000000000178, 23.53445264849423069 ) ) ;
#3330 = B_SPLINE_CURVE_WITH_KNOTS ( 'NONE', 3,
 ( #5857, #295, #4823, #3057, #256, #2061, #4300, #6005, #1404, #3700, #6552 ),
 .UNSPECIFIED., .F., .F.,
 ( 4, 1, 1, 1, 1, 1, 1, 1, 4 ),
 ( 0.000000000000000000, 0.08342510498563594779, 0.1775598214659742380, 0.2839823599504442964, 0.4022167468072165852, 0.5335684803800554432, 0.6761209941988138850, 0.8316493725539840787, 1.000000000000000000 ),
 .UNSPECIFIED. ) ;
#3331 = DIRECTION ( 'NONE',  ( 0.000000000000000000, 0.000000000000000000, -1.000000000000000000 ) ) ;
#3332 = EDGE_LOOP ( 'NONE', ( #7310, #1049, #7211, #5711 ) ) ;
#3333 = DIRECTION ( 'NONE',  ( 0.000000000000000000, 0.000000000000000000, 1.000000000000000000 ) ) ;
#3334 = CARTESIAN_POINT ( 'NONE',  ( 39.89809709108565272, 13.00000000000000533, 10.91644766330897198 ) ) ;
#3335 = CARTESIAN_POINT ( 'NONE',  ( 153.3350953831264576, 13.00000000000000178, 50.60091485706211500 ) ) ;
#3336 = CARTESIAN_POINT ( 'NONE',  ( 63.63681007277763513, 9.999999999999998224, 42.75280354557251883 ) ) ;
#3337 = AXIS2_PLACEMENT_3D ( 'NONE', #3585, #5181, #4637 ) ;
#3338 = DIRECTION ( 'NONE',  ( -0.000000000000000000, -1.000000000000000000, -0.000000000000000000 ) ) ;
#3339 = EDGE_CURVE ( 'NONE', #3299, #3562, #6277, .T. ) ;
#3340 = CARTESIAN_POINT ( 'NONE',  ( 74.42473393002853754, 9.999999999999996447, 56.20912576598384192 ) ) ;
#3341 = PLANE ( 'NONE',  #3264 ) ;
#3342 = VECTOR ( 'NONE', #2652, 1000.000000000000000 ) ;
#3343 = CARTESIAN_POINT ( 'NONE',  ( 154.6493795014131365, 10.00000000000000000, 55.57610092642480737 ) ) ;
#3344 = CARTESIAN_POINT ( 'NONE',  ( 81.23514256330312833, 12.99999999999999822, 51.32072676809576706 ) ) ;
#3345 = ORIENTED_EDGE ( 'NONE', *, *, #3814, .F. ) ;
#3346 = ORIENTED_EDGE ( 'NONE', *, *, #2634, .T. ) ;
#3347 = DIRECTION ( 'NONE',  ( -0.000000000000000000, -1.000000000000000000, -0.000000000000000000 ) ) ;
#3348 = EDGE_CURVE ( 'NONE', #2040, #4508, #968, .T. ) ;
#3349 = CARTESIAN_POINT ( 'NONE',  ( 171.9705018152318416, 13.00000000000000178, 27.20171998063747054 ) ) ;
#3350 = CARTESIAN_POINT ( 'NONE',  ( 38.16127003010635121, 13.00000000000000178, 15.33293204673645249 ) ) ;
#3351 = CARTESIAN_POINT ( 'NONE',  ( 51.56603814805654906, 9.999999999999996447, 20.59677456878081259 ) ) ;
#3352 = CARTESIAN_POINT ( 'NONE',  ( 131.8955394542304589, 13.00000000000000178, 39.29944843878527649 ) ) ;
#3353 = CARTESIAN_POINT ( 'NONE',  ( 239.4707373377865167, 13.00000000000000533, 22.45162735989194758 ) ) ;
#3354 = CARTESIAN_POINT ( 'NONE',  ( 220.8702349542796242, 13.00000000000000178, 29.78678034267614194 ) ) ;
#3355 = CARTESIAN_POINT ( 'NONE',  ( 271.4693821640726128, 12.99999999999999822, 46.07248926358627017 ) ) ;
#3356 = CARTESIAN_POINT ( 'NONE',  ( 265.7081925458780916, 10.00000000000000178, 26.29659344346320538 ) ) ;
#3357 = EDGE_CURVE ( 'NONE', #2468, #2293, #585, .T. ) ;
#3358 = CARTESIAN_POINT ( 'NONE',  ( 154.8567937562772272, 13.00000000000000533, 51.32296885885604354 ) ) ;
#3359 = CARTESIAN_POINT ( 'NONE',  ( 205.1647702234612041, 13.00000000000000178, 55.67865516955451000 ) ) ;
#3360 = CARTESIAN_POINT ( 'NONE',  ( 91.50765964656274321, 10.00000000000000000, 31.57696808300281077 ) ) ;
#3361 = CARTESIAN_POINT ( 'NONE',  ( 258.3692842796002083, 10.00000000000000000, 29.07217355958765737 ) ) ;
#3362 = CARTESIAN_POINT ( 'NONE',  ( 46.29293707696287896, 12.99999999999999822, 12.73019947172116062 ) ) ;
#3363 = B_SPLINE_CURVE_WITH_KNOTS ( 'NONE', 3,
 ( #5118, #6236, #2226, #5082, #4498, #5644, #39, #1083, #3898, #3335, #2883, #1745, #5613, #3968, #595 ),
 .UNSPECIFIED., .F., .F.,
 ( 4, 1, 1, 1, 1, 1, 1, 1, 1, 1, 1, 1, 4 ),
 ( 0.000000000000000000, 0.08473274469801546360, 0.1681786536463128756, 0.2514881976122798068, 0.3358406713894906970, 0.4198344941507962114, 0.5023448759880101422, 0.5836490197324396556, 0.6659310052762728027, 0.7487165252643913638, 0.8310473361373631462, 0.9144098067945619635, 1.000000000000000000 ),
 .UNSPECIFIED. ) ;
#3364 = ORIENTED_EDGE ( 'NONE', *, *, #4277, .F. ) ;
#3365 = CARTESIAN_POINT ( 'NONE',  ( 87.72337289248592640, 10.00000000000000000, 33.17030944754939981 ) ) ;
#3366 = EDGE_CURVE ( 'NONE', #301, #6068, #1839, .T. ) ;
#3367 = CARTESIAN_POINT ( 'NONE',  ( 119.2439835301205164, 13.00000000000000178, 26.27558880658551743 ) ) ;
#3368 = CARTESIAN_POINT ( 'NONE',  ( 234.0429430678853464, 13.00000000000000178, 56.22165860063041976 ) ) ;
#3369 = CARTESIAN_POINT ( 'NONE',  ( 260.0350938721289253, 12.99999999999999822, 25.29769570337787954 ) ) ;
#3370 = ORIENTED_EDGE ( 'NONE', *, *, #1228, .F. ) ;
#3371 = CARTESIAN_POINT ( 'NONE',  ( 89.16666605864905648, 10.00000000000000000, 38.03183376247472580 ) ) ;
#3372 = LINE ( 'NONE', #6715, #6125 ) ;
#3373 = CARTESIAN_POINT ( 'NONE',  ( 118.0867985615403200, 9.999999999999998224, 26.27557749926464226 ) ) ;
#3374 = CARTESIAN_POINT ( 'NONE',  ( 265.7056356080765909, 13.00000000000000178, 52.21711670801605010 ) ) ;
#3375 = DIRECTION ( 'NONE',  ( 0.000000000000000000, -0.000000000000000000, 1.000000000000000000 ) ) ;
#3376 = VERTEX_POINT ( 'NONE', #2399 ) ;
#3377 = DIRECTION ( 'NONE',  ( -0.000000000000000000, -1.000000000000000000, -0.000000000000000000 ) ) ;
#3378 = CARTESIAN_POINT ( 'NONE',  ( 144.6954594447745137, 9.999999999999989342, 47.15415927008314867 ) ) ;
#3379 = CARTESIAN_POINT ( 'NONE',  ( 82.75526040280549012, 13.00000000000000178, 50.60172692682643003 ) ) ;
#3380 = ORIENTED_EDGE ( 'NONE', *, *, #4729, .F. ) ;
#3381 = ORIENTED_EDGE ( 'NONE', *, *, #808, .F. ) ;
#3382 = CARTESIAN_POINT ( 'NONE',  ( 256.7945415436331587, 13.00000000000000178, 52.13746481522456833 ) ) ;
#3383 = CARTESIAN_POINT ( 'NONE',  ( 300.0000000000000000, 10.00000000000000000, 0.000000000000000000 ) ) ;
#3384 = DIRECTION ( 'NONE',  ( -1.000000000000000000, 0.000000000000000000, -0.000000000000000000 ) ) ;
#3385 = VECTOR ( 'NONE', #4678, 1000.000000000000000 ) ;
#3386 = CARTESIAN_POINT ( 'NONE',  ( 128.2152227262392330, 13.00000000000000178, 53.47363992318599912 ) ) ;
#3387 = CARTESIAN_POINT ( 'NONE',  ( 189.0109240696151005, 10.00000000000000000, 55.67865516955451000 ) ) ;
#3388 = CARTESIAN_POINT ( 'NONE',  ( 251.3186163773073361, 13.00000000000000178, 29.92444843878528005 ) ) ;
#3389 = EDGE_CURVE ( 'NONE', #3488, #5318, #5833, .T. ) ;
#3390 = CARTESIAN_POINT ( 'NONE',  ( 223.1048280022138499, 9.999999999999996447, 27.17810217494732683 ) ) ;
#3391 = CARTESIAN_POINT ( 'NONE',  ( 120.4994046074226475, 10.00000000000000000, 22.26459004521377238 ) ) ;
#3392 = DIRECTION ( 'NONE',  ( 0.000000000000000000, 0.000000000000000000, 1.000000000000000000 ) ) ;
#3393 =( GEOMETRIC_REPRESENTATION_CONTEXT ( 3 ) GLOBAL_UNCERTAINTY_ASSIGNED_CONTEXT ( ( #2114 ) ) GLOBAL_UNIT_ASSIGNED_CONTEXT ( ( #3930, #1194, #1671 ) ) REPRESENTATION_CONTEXT ( 'NONE', 'WORKASPACE' ) );
#3394 = CARTESIAN_POINT ( 'NONE',  ( 226.9123863086220751, 13.00000000000000178, 29.11695864696411107 ) ) ;
#3395 = CARTESIAN_POINT ( 'NONE',  ( 244.8368493120497078, 13.00000000000000178, 24.10991114782351374 ) ) ;
#3396 = CARTESIAN_POINT ( 'NONE',  ( 270.7829605636611632, 13.00000000000000178, 23.37951513341387155 ) ) ;
#3397 = CARTESIAN_POINT ( 'NONE',  ( 39.85132539826116727, 9.999999999999998224, 30.15852942837732797 ) ) ;
#3398 = VECTOR ( 'NONE', #2719, 1000.000000000000000 ) ;
#3399 = EDGE_CURVE ( 'NONE', #6991, #5456, #4868, .T. ) ;
#3400 = CARTESIAN_POINT ( 'NONE',  ( 269.1686978408969821, 9.999999999999998224, 42.66002056024557021 ) ) ;
#3401 = ORIENTED_EDGE ( 'NONE', *, *, #911, .T. ) ;
#3402 = CARTESIAN_POINT ( 'NONE',  ( 199.9999999999999432, 20.00000000000000000, 97.93724644492834841 ) ) ;
#3403 = CARTESIAN_POINT ( 'NONE',  ( 274.9724625311535533, 13.00000000000000178, 26.89560228493913030 ) ) ;
#3404 = CARTESIAN_POINT ( 'NONE',  ( 232.2052510873186293, 10.00000000000000178, 51.83375009761790153 ) ) ;
#3405 = CARTESIAN_POINT ( 'NONE',  ( 262.6830507921871458, 13.00000000000000178, 38.71082730283889362 ) ) ;
#3406 = EDGE_CURVE ( 'NONE', #3112, #6892, #5931, .T. ) ;
#3407 = ORIENTED_EDGE ( 'NONE', *, *, #44, .T. ) ;
#3408 = DIRECTION ( 'NONE',  ( 1.000000000000000000, 0.000000000000000000, -0.000000000000000000 ) ) ;
#3409 = FACE_OUTER_BOUND ( 'NONE', #3795, .T. ) ;
#3410 = DIRECTION ( 'NONE',  ( 0.6227882322439379781, 0.000000000000000000, 0.7823904509760269965 ) ) ;
#3411 = B_SPLINE_CURVE_WITH_KNOTS ( 'NONE', 3,
 ( #2750, #3755, #7282, #7175, #2190, #6026, #1525, #3790, #4464, #940, #6720 ),
 .UNSPECIFIED., .F., .F.,
 ( 4, 1, 1, 1, 1, 1, 1, 1, 4 ),
 ( 0.000000000000000000, 0.1589891012267924397, 0.3071145916055709746, 0.4462131585962135216, 0.5748760724117247811, 0.6941521095829547017, 0.8045811801532375407, 0.9065933190457617918, 0.9999999999999998890 ),
 .UNSPECIFIED. ) ;
#3412 = CARTESIAN_POINT ( 'NONE',  ( 175.7303345761708329, 9.999999999999996447, 45.68995293521116707 ) ) ;
#3413 = CARTESIAN_POINT ( 'NONE',  ( 261.9141313078315534, 13.00000000000000533, 55.60930415564675400 ) ) ;
#3414 = ORIENTED_EDGE ( 'NONE', *, *, #5231, .T. ) ;
#3415 = CYLINDRICAL_SURFACE ( 'NONE', #2564, 1.500000000000001332 ) ;
#3416 = LINE ( 'NONE', #3974, #4477 ) ;
#3417 = ORIENTED_EDGE ( 'NONE', *, *, #3890, .T. ) ;
#3418 = ORIENTED_EDGE ( 'NONE', *, *, #226, .F. ) ;
#3419 = CARTESIAN_POINT ( 'NONE',  ( 265.9129673388458173, 10.00000000000000000, 56.25557824647759020 ) ) ;
#3420 = CARTESIAN_POINT ( 'NONE',  ( 70.13369902172451020, 9.999999999999996447, 27.73419130896915874 ) ) ;
#3421 = CARTESIAN_POINT ( 'NONE',  ( 251.3186163773073361, 10.00000000000000000, 29.92444843878528005 ) ) ;
#3422 = CARTESIAN_POINT ( 'NONE',  ( 42.96395017115464299, 13.00000000000000178, 11.37298006491403513 ) ) ;
#3423 = LINE ( 'NONE', #4480, #3504 ) ;
#3424 = CARTESIAN_POINT ( 'NONE',  ( 105.5792361553261145, 13.00000000000000178, 41.83495175476048189 ) ) ;
#3425 = CARTESIAN_POINT ( 'NONE',  ( 220.2442368028739281, 13.00000000000000178, 30.76327442176457794 ) ) ;
#3426 = CARTESIAN_POINT ( 'NONE',  ( 219.8423497245663327, 10.00000000000000178, 47.44231698191050128 ) ) ;
#3427 = CARTESIAN_POINT ( 'NONE',  ( 267.2582015176233199, 9.999999999999991118, 26.28844505435575485 ) ) ;
#3428 = CARTESIAN_POINT ( 'NONE',  ( 159.8763086849996853, 13.00000000000000178, 52.21711670801605010 ) ) ;
#3429 = EDGE_CURVE ( 'NONE', #1629, #377, #3017, .T. ) ;
#3430 = DIRECTION ( 'NONE',  ( -1.000000000000000000, 0.000000000000000000, 0.000000000000000000 ) ) ;
#3431 = CARTESIAN_POINT ( 'NONE',  ( 48.97777742154077174, 12.99999999999999822, 30.55519821498161548 ) ) ;
#3432 = CARTESIAN_POINT ( 'NONE',  ( 260.0350938721289253, 9.999999999999998224, 25.29769570337787954 ) ) ;
#3433 = CARTESIAN_POINT ( 'NONE',  ( 154.9142573923529369, 10.00000000000000000, 27.19291975153880969 ) ) ;
#3434 = DIRECTION ( 'NONE',  ( 0.000000000000000000, 0.000000000000000000, 1.000000000000000000 ) ) ;
#3435 = ADVANCED_FACE ( 'NONE', ( #1913 ), #7036, .T. ) ;
#3436 = CARTESIAN_POINT ( 'NONE',  ( 127.9859363698049037, 13.00000000000000178, 30.01421387329537893 ) ) ;
#3437 = CARTESIAN_POINT ( 'NONE',  ( 225.8949748589135709, 12.99999999999999822, 48.49529969162086473 ) ) ;
#3438 = FACE_OUTER_BOUND ( 'NONE', #3750, .T. ) ;
#3439 = ORIENTED_EDGE ( 'NONE', *, *, #1814, .T. ) ;
#3440 = CARTESIAN_POINT ( 'NONE',  ( 85.37482367185066323, 10.00000000000000711, 30.07482484030009218 ) ) ;
#3441 = DIRECTION ( 'NONE',  ( 0.000000000000000000, 0.000000000000000000, -1.000000000000000000 ) ) ;
#3442 = CARTESIAN_POINT ( 'NONE',  ( 263.9978750719834579, 13.00000000000000178, 52.01379975113110277 ) ) ;
#3443 = CARTESIAN_POINT ( 'NONE',  ( 59.20323176192279391, 10.00000000000000000, 39.32649170801605720 ) ) ;
#3444 = ORIENTED_EDGE ( 'NONE', *, *, #6526, .T. ) ;
#3445 = EDGE_CURVE ( 'NONE', #5641, #1705, #4223, .T. ) ;
#3446 = AXIS2_PLACEMENT_3D ( 'NONE', #4993, #6650, #5657 ) ;
#3447 = ADVANCED_FACE ( 'NONE', ( #882 ), #4110, .F. ) ;
#3448 = DIRECTION ( 'NONE',  ( -0.000000000000000000, -1.000000000000000000, -0.000000000000000000 ) ) ;
#3449 = CARTESIAN_POINT ( 'NONE',  ( 159.2806054231813846, 13.00000000000000178, 56.23987715225013062 ) ) ;
#3450 = CARTESIAN_POINT ( 'NONE',  ( 84.16397387552663645, 12.99999999999999822, 49.68871016550135522 ) ) ;
#3451 = ORIENTED_EDGE ( 'NONE', *, *, #3262, .F. ) ;
#3452 = VERTEX_POINT ( 'NONE', #1990 ) ;
#3453 = CARTESIAN_POINT ( 'NONE',  ( 257.3617764916692749, 12.99999999999999822, 52.80748795271852458 ) ) ;
#3454 = CARTESIAN_POINT ( 'NONE',  ( 265.1473342709342660, 10.00000000000000178, 35.25191261899429662 ) ) ;
#3455 = CARTESIAN_POINT ( 'NONE',  ( 105.3937028439459027, 10.00000000000000000, 40.52188144587405105 ) ) ;
#3456 = VECTOR ( 'NONE', #3892, 1000.000000000000000 ) ;
#3457 = CARTESIAN_POINT ( 'NONE',  ( 43.61538289293413584, 13.00000000000000178, 11.53393302615286231 ) ) ;
#3458 = FACE_OUTER_BOUND ( 'NONE', #387, .T. ) ;
#3459 = DIRECTION ( 'NONE',  ( -0.6600766059279520315, 0.000000000000000000, 0.7511982922681834651 ) ) ;
#3460 = CARTESIAN_POINT ( 'NONE',  ( 235.8345657658584855, 10.00000000000000000, 22.22356585556766717 ) ) ;
#3461 = CARTESIAN_POINT ( 'NONE',  ( 166.6666666666666288, 20.00000000000000000, 94.93724644492834841 ) ) ;
#3462 = CARTESIAN_POINT ( 'NONE',  ( 203.4479491197367054, 10.00000000000000000, 12.65451322681737700 ) ) ;
#3463 = CARTESIAN_POINT ( 'NONE',  ( 235.4738672884443815, 10.00000000000000000, 26.26916621774520877 ) ) ;
#3464 = CARTESIAN_POINT ( 'NONE',  ( 231.7183546270957208, 10.00000000000000000, 26.76717380757540354 ) ) ;
#3465 = CARTESIAN_POINT ( 'NONE',  ( 92.98897840134107184, 9.999999999999996447, 36.07084819850648927 ) ) ;
#3466 = CARTESIAN_POINT ( 'NONE',  ( 268.9551042844478275, 10.00000000000000000, 51.36216517249793867 ) ) ;
#3467 = CARTESIAN_POINT ( 'NONE',  ( 262.6830507921871458, 13.00000000000000178, 38.71082730283889362 ) ) ;
#3468 = CARTESIAN_POINT ( 'NONE',  ( 59.21767432361244232, 13.00000000000000178, 38.77599326082142284 ) ) ;
#3469 = CARTESIAN_POINT ( 'NONE',  ( 38.69967438424742312, 12.99999999999999467, 10.82012270343996185 ) ) ;
#3470 = CARTESIAN_POINT ( 'NONE',  ( 130.1057442839220073, 13.00000000000000178, 32.77204436954694700 ) ) ;
#3471 = CARTESIAN_POINT ( 'NONE',  ( 228.7972990748536404, 12.99999999999999822, 55.06798941445087081 ) ) ;
#3472 = CARTESIAN_POINT ( 'NONE',  ( 129.6469948906675427, 10.00000000000000178, 26.02025264189557774 ) ) ;
#3473 = ORIENTED_EDGE ( 'NONE', *, *, #1048, .T. ) ;
#3474 = B_SPLINE_SURFACE_WITH_KNOTS ( 'NONE', 3, 1, ( 
 ( #4435, #3939 ),
 ( #5548, #5510 ),
 ( #5021, #5089 ),
 ( #2196, #7288 ),
 ( #2720, #1568 ),
 ( #12, #7328 ),
 ( #6683, #6208 ),
 ( #1605, #6174 ),
 ( #3872, #1091 ),
 ( #532, #427 ),
 ( #4544, #6103 ) ),
 .UNSPECIFIED., .F., .F., .F.,
 ( 4, 1, 1, 1, 1, 1, 1, 1, 4 ),
 ( 2, 2 ),
 ( 0.000000000000000000, 0.1281572795931868181, 0.2538343627967356575, 0.3765056225222094821, 0.4985336856679098982, 0.6213677287324640419, 0.7445647449043583110, 0.8706337982552829757, 1.000000000000000000 ),
 ( 0.000000000000000000, 1.000000000000000000 ),
 .UNSPECIFIED. ) ;
#3475 = CARTESIAN_POINT ( 'NONE',  ( 76.65575832166673820, 10.00000000000000355, 26.26821605790787117 ) ) ;
#3476 = EDGE_CURVE ( 'NONE', #965, #1961, #767, .T. ) ;
#3477 = ORIENTED_EDGE ( 'NONE', *, *, #1726, .F. ) ;
#3478 = CARTESIAN_POINT ( 'NONE',  ( 115.2143585774604446, 10.00000000000000355, 26.65968683837087383 ) ) ;
#3479 = CARTESIAN_POINT ( 'NONE',  ( 168.2031656899459051, 13.00000000000000533, 54.30118323873841746 ) ) ;
#3480 = FACE_OUTER_BOUND ( 'NONE', #2154, .T. ) ;
#3481 = ORIENTED_EDGE ( 'NONE', *, *, #2140, .F. ) ;
#3482 = CARTESIAN_POINT ( 'NONE',  ( 270.5737436589831759, 9.999999999999998224, 44.02037009113725219 ) ) ;
#3483 = CARTESIAN_POINT ( 'NONE',  ( 49.96545639499984759, 10.00000000000000000, 29.23206134606567375 ) ) ;
#3484 = ADVANCED_FACE ( 'NONE', ( #6516 ), #3094, .F. ) ;
#3485 = CARTESIAN_POINT ( 'NONE',  ( 89.14173074657824714, 13.00000000000000178, 41.07102214826944930 ) ) ;
#3486 = VERTEX_POINT ( 'NONE', #1438 ) ;
#3487 = DIRECTION ( 'NONE',  ( -0.000000000000000000, -1.000000000000000000, -0.000000000000000000 ) ) ;
#3488 = VERTEX_POINT ( 'NONE', #219 ) ;
#3489 = CARTESIAN_POINT ( 'NONE',  ( 241.8486349360406109, 13.00000000000000178, 55.49521618013113056 ) ) ;
#3490 = FACE_OUTER_BOUND ( 'NONE', #1776, .T. ) ;
#3491 = CARTESIAN_POINT ( 'NONE',  ( 183.2416933003842985, 10.00000000000000000, 22.79403978493913030 ) ) ;
#3492 = CARTESIAN_POINT ( 'NONE',  ( 262.3229601943868374, 13.00000000000000178, 31.46053482686506797 ) ) ;
#3493 = CARTESIAN_POINT ( 'NONE',  ( 93.22734856839613826, 10.00000000000000178, 38.77298486588564685 ) ) ;
#3494 = CARTESIAN_POINT ( 'NONE',  ( 110.1413525189585272, 12.99999999999999822, 49.37217687555405377 ) ) ;
#3495 = EDGE_CURVE ( 'NONE', #5541, #712, #3699, .T. ) ;
#3496 = CARTESIAN_POINT ( 'NONE',  ( 33.33333333333334991, 10.00000000000000000, 94.93724644492834841 ) ) ;
#3497 = CARTESIAN_POINT ( 'NONE',  ( 217.8719614761093339, 10.00000000000000000, 40.07864202216584459 ) ) ;
#3498 = CARTESIAN_POINT ( 'NONE',  ( 133.3333333333333428, 20.00000000000000000, 96.43724644492834841 ) ) ;
#3499 = AXIS2_PLACEMENT_3D ( 'NONE', #7326, #3377, #2822 ) ;
#3500 = CARTESIAN_POINT ( 'NONE',  ( 236.2645298388458457, 10.00000000000000533, 22.21711670801605365 ) ) ;
#3501 = CARTESIAN_POINT ( 'NONE',  ( 50.74104153940528761, 12.99999999999999822, 27.76425600143821981 ) ) ;
#3502 = FACE_OUTER_BOUND ( 'NONE', #4767, .T. ) ;
#3503 = CARTESIAN_POINT ( 'NONE',  ( 40.69981422388075032, 10.00000000000000178, 30.04337993476043422 ) ) ;
#3504 = VECTOR ( 'NONE', #5695, 1000.000000000000000 ) ;
#3505 = CARTESIAN_POINT ( 'NONE',  ( 260.6737682823209070, 13.00000000000000533, 37.03539971429201927 ) ) ;
#3506 = AXIS2_PLACEMENT_3D ( 'NONE', #470, #361, #6651 ) ;
#3507 = DIRECTION ( 'NONE',  ( 0.000000000000000000, 1.000000000000000000, 0.000000000000000000 ) ) ;
#3508 = CARTESIAN_POINT ( 'NONE',  ( 40.94836225784499817, 12.99999999999999822, 11.00851312627788303 ) ) ;
#3509 = CARTESIAN_POINT ( 'NONE',  ( 146.8955394542304589, 13.00000000000000178, 39.35353497724682370 ) ) ;
#3510 = VECTOR ( 'NONE', #394, 1000.000000000000000 ) ;
#3511 = CARTESIAN_POINT ( 'NONE',  ( 227.2567916436580049, 13.00000000000000178, 49.61922005449439155 ) ) ;
#3512 = CARTESIAN_POINT ( 'NONE',  ( 35.74770291576894010, 13.00000000000000178, 34.90942440032374350 ) ) ;
#3513 = CARTESIAN_POINT ( 'NONE',  ( 59.20323176192279391, 10.00000000000000000, 39.32649170801605720 ) ) ;
#3514 = ORIENTED_EDGE ( 'NONE', *, *, #1461, .T. ) ;
#3515 = CARTESIAN_POINT ( 'NONE',  ( 118.6713808003843127, 13.00000000000000178, 26.25557824647759020 ) ) ;
#3516 = ORIENTED_EDGE ( 'NONE', *, *, #5916, .T. ) ;
#3517 = MECHANICAL_CONTEXT ( 'NONE', #4527, 'mechanical' ) ;
#3518 = CARTESIAN_POINT ( 'NONE',  ( 163.4528640129408643, 12.99999999999999822, 55.97063351189586200 ) ) ;
#3519 = DIRECTION ( 'NONE',  ( -0.000000000000000000, 1.000000000000000000, -0.000000000000000000 ) ) ;
#3520 = ORIENTED_EDGE ( 'NONE', *, *, #2842, .F. ) ;
#3521 = EDGE_CURVE ( 'NONE', #2887, #7181, #6980, .T. ) ;
#3522 = CARTESIAN_POINT ( 'NONE',  ( 275.5493856080766477, 13.00000000000000178, 46.75437632340067040 ) ) ;
#3523 = CARTESIAN_POINT ( 'NONE',  ( 46.40369510248755347, 10.00000000000000178, 32.68987437362772397 ) ) ;
#3524 = CARTESIAN_POINT ( 'NONE',  ( 34.19427172697214701, 10.00000000000000000, 10.68449653366641527 ) ) ;
#3525 = DIRECTION ( 'NONE',  ( 1.000000000000000000, 0.000000000000000000, 0.000000000000000000 ) ) ;
#3526 = VERTEX_POINT ( 'NONE', #2435 ) ;
#3527 = CARTESIAN_POINT ( 'NONE',  ( 266.5529913773073645, 13.00000000000000178, 22.21711670801605010 ) ) ;
#3528 = ORIENTED_EDGE ( 'NONE', *, *, #1639, .F. ) ;
#3529 = CARTESIAN_POINT ( 'NONE',  ( 244.9815670832624903, 13.00000000000000178, 54.27548991795875111 ) ) ;
#3530 = CARTESIAN_POINT ( 'NONE',  ( 75.78612181415969928, 13.00000000000000178, 26.26798013943248833 ) ) ;
#3531 = CARTESIAN_POINT ( 'NONE',  ( 163.6494399619790272, 9.999999999999998224, 26.77753852415916569 ) ) ;
#3532 = EDGE_CURVE ( 'NONE', #666, #1516, #4709, .T. ) ;
#3533 = DIRECTION ( 'NONE',  ( -0.000000000000000000, -1.000000000000000000, -0.000000000000000000 ) ) ;
#3534 = CARTESIAN_POINT ( 'NONE',  ( 199.9999999999999432, 10.00000000000000000, 96.43724644492834841 ) ) ;
#3535 = CARTESIAN_POINT ( 'NONE',  ( 207.4165747780999425, 10.00000000000000178, 8.959510755301851148 ) ) ;
#3536 = CARTESIAN_POINT ( 'NONE',  ( 79.62910578213507051, 13.00000000000000533, 51.83634526286679289 ) ) ;
#3537 = CARTESIAN_POINT ( 'NONE',  ( 118.6713808003843127, 10.00000000000000000, 26.25557824647759020 ) ) ;
#3538 = VERTEX_POINT ( 'NONE', #4374 ) ;
#3539 = CARTESIAN_POINT ( 'NONE',  ( 203.4476435349086216, 13.00000000000000533, 12.19434232301398779 ) ) ;
#3540 = DIRECTION ( 'NONE',  ( 0.000000000000000000, 1.000000000000000000, 0.000000000000000000 ) ) ;
#3541 = CARTESIAN_POINT ( 'NONE',  ( 88.31665566138570966, 10.00000000000000000, 27.20171998063747409 ) ) ;
#3542 = EDGE_CURVE ( 'NONE', #6796, #637, #6791, .T. ) ;
#3543 = ADVANCED_FACE ( 'NONE', ( #6551 ), #5519, .F. ) ;
#3544 = B_SPLINE_SURFACE_WITH_KNOTS ( 'NONE', 3, 1, ( 
 ( #6923, #2946 ),
 ( #65, #4675 ),
 ( #6852, #4154 ),
 ( #6374, #6297 ),
 ( #3467, #1879 ),
 ( #6334, #1253 ),
 ( #5743, #2910 ),
 ( #3505, #6884 ),
 ( #5781, #695 ),
 ( #3549, #5261 ),
 ( #181, #4711 ) ),
 .UNSPECIFIED., .F., .F., .F.,
 ( 4, 1, 1, 1, 1, 1, 1, 1, 4 ),
 ( 2, 2 ),
 ( 0.000000000000000000, 0.1577616635135440926, 0.3059502132085372694, 0.4437754990007271028, 0.5728243624015391111, 0.6921541564432470706, 0.8022957069908466243, 0.9055643918329945308, 0.9999999999999998890 ),
 ( 0.000000000000000000, 1.000000000000000000 ),
 .UNSPECIFIED. ) ;
#3545 = CARTESIAN_POINT ( 'NONE',  ( 251.3186163773073361, 13.00000000000000178, 29.92444843878528005 ) ) ;
#3546 = CARTESIAN_POINT ( 'NONE',  ( 273.4452970433682708, 13.00000000000000178, 52.80238340372587658 ) ) ;
#3547 = CARTESIAN_POINT ( 'NONE',  ( 266.5529913773073645, 10.00000000000000000, 22.21711670801605010 ) ) ;
#3548 = DIRECTION ( 'NONE',  ( -1.000000000000000000, 0.000000000000000000, -0.000000000000000000 ) ) ;
#3549 = CARTESIAN_POINT ( 'NONE',  ( 259.8818887850852093, 13.00000000000000178, 36.09609179393995504 ) ) ;
#3550 = CARTESIAN_POINT ( 'NONE',  ( 60.94245507957503349, 13.00000000000000178, 31.60074629319679929 ) ) ;
#3551 = SECURITY_CLASSIFICATION ( '', '', #2485 ) ;
#3552 = CARTESIAN_POINT ( 'NONE',  ( 39.89809709108565272, 10.00000000000000355, 10.91644766330897198 ) ) ;
#3553 = CARTESIAN_POINT ( 'NONE',  ( 209.8365498197605348, 9.999999999999994671, 14.86810016838232329 ) ) ;
#3554 = CARTESIAN_POINT ( 'NONE',  ( 268.5883243174824884, 10.00000000000000000, 42.24432870246182858 ) ) ;
#3555 = CARTESIAN_POINT ( 'NONE',  ( 133.9896360360827146, 12.99999999999999822, 31.22238557397200154 ) ) ;
#3556 = ORIENTED_EDGE ( 'NONE', *, *, #4582, .T. ) ;
#3557 = CARTESIAN_POINT ( 'NONE',  ( 59.80785609941276704, 13.00000000000000178, 34.52807230492580004 ) ) ;
#3558 = ORIENTED_EDGE ( 'NONE', *, *, #1769, .T. ) ;
#3559 = APPROVAL_ROLE ( '' ) ;
#3560 = VERTEX_POINT ( 'NONE', #6112 ) ;
#3561 = CARTESIAN_POINT ( 'NONE',  ( 210.9340009926920345, 13.00000000000000178, 12.42745324647759553 ) ) ;
#3562 = VERTEX_POINT ( 'NONE', #1472 ) ;
#3563 = FACE_OUTER_BOUND ( 'NONE', #3272, .T. ) ;
#3564 = CARTESIAN_POINT ( 'NONE',  ( 263.3979433003842701, 10.00000000000000000, 33.66543401570835670 ) ) ;
#3565 = CARTESIAN_POINT ( 'NONE',  ( 221.8955394542304589, 13.00000000000000178, 39.14620324647759020 ) ) ;
#3566 = EDGE_LOOP ( 'NONE', ( #3185, #6606, #4438, #5014 ) ) ;
#3567 = ORIENTED_EDGE ( 'NONE', *, *, #6009, .T. ) ;
#3568 = VECTOR ( 'NONE', #3900, 1000.000000000000000 ) ;
#3569 = CARTESIAN_POINT ( 'NONE',  ( 43.03285016560958098, 13.00000000000000178, 34.10007244458153508 ) ) ;
#3570 = CARTESIAN_POINT ( 'NONE',  ( 67.05153452022547356, 12.99999999999999822, 30.07167115841679816 ) ) ;
#3571 = CARTESIAN_POINT ( 'NONE',  ( 171.3772190463320442, 9.999999999999998224, 33.17030944754938560 ) ) ;
#3572 = CARTESIAN_POINT ( 'NONE',  ( 23.43400099269201675, 10.00000000000000000, 55.67865516955451000 ) ) ;
#3573 = CARTESIAN_POINT ( 'NONE',  ( 233.0766134530840361, 13.00000000000000178, 26.46320512934820712 ) ) ;
#3574 = CARTESIAN_POINT ( 'NONE',  ( 110.1413525189585272, 9.999999999999996447, 49.37217687555405377 ) ) ;
#3575 = CARTESIAN_POINT ( 'NONE',  ( 76.80394441743798950, 12.99999999999999822, 52.20027024743833266 ) ) ;
#3576 = CARTESIAN_POINT ( 'NONE',  ( 130.9205577032446968, 9.999999999999998224, 27.18508806627034247 ) ) ;
#3577 = ORIENTED_EDGE ( 'NONE', *, *, #6563, .F. ) ;
#3578 = EDGE_CURVE ( 'NONE', #5437, #199, #2764, .T. ) ;
#3579 = CARTESIAN_POINT ( 'NONE',  ( 235.2931419662139945, 10.00000000000000000, 56.24411893476267466 ) ) ;
#3580 = CARTESIAN_POINT ( 'NONE',  ( 235.9940971465381949, 10.00000000000000178, 52.21711670801605720 ) ) ;
#3581 = CARTESIAN_POINT ( 'NONE',  ( 251.3186163773073929, 10.00000000000000000, 29.92444843878528360 ) ) ;
#3582 = CARTESIAN_POINT ( 'NONE',  ( 160.4577905712841357, 10.00000000000000178, 52.20027024743833977 ) ) ;
#3583 = CARTESIAN_POINT ( 'NONE',  ( 160.3096044755128844, 13.00000000000000178, 26.26821605790786762 ) ) ;
#3584 = CARTESIAN_POINT ( 'NONE',  ( 264.0286748640971268, 9.999999999999996447, 22.54390161889068622 ) ) ;
#3585 = CARTESIAN_POINT ( 'NONE',  ( 27.47246253115355330, 13.00000000000000178, 55.67865516955451000 ) ) ;
#3586 = ADVANCED_FACE ( 'NONE', ( #918 ), #1540, .T. ) ;
#3587 = CARTESIAN_POINT ( 'NONE',  ( 271.4510595817270087, 13.00000000000000178, 47.95829000000606612 ) ) ;
#3588 = CARTESIAN_POINT ( 'NONE',  ( 222.9814585303839465, 13.00000000000000178, 51.39886621148816914 ) ) ;
#3589 = CARTESIAN_POINT ( 'NONE',  ( 263.2595544974179234, 13.00000000000000178, 22.81391939510950095 ) ) ;
#3590 = ORIENTED_EDGE ( 'NONE', *, *, #1593, .T. ) ;
#3591 = CARTESIAN_POINT ( 'NONE',  ( 76.65575832166673820, 13.00000000000000178, 26.26821605790787117 ) ) ;
#3592 = ADVANCED_FACE ( 'NONE', ( #5030 ), #3667, .T. ) ;
#3593 = EDGE_LOOP ( 'NONE', ( #4974, #3195, #3102, #2033 ) ) ;
#3594 = CARTESIAN_POINT ( 'NONE',  ( 64.17249168221790967, 13.00000000000000533, 34.30791858351527424 ) ) ;
#3595 = CARTESIAN_POINT ( 'NONE',  ( 208.6169527888063158, 12.99999999999999822, 15.64165478275355703 ) ) ;
#3596 = B_SPLINE_CURVE_WITH_KNOTS ( 'NONE', 3,
 ( #2282, #6805, #4023, #1832, #4103, #6367, #1286, #6290, #5698, #173, #1725 ),
 .UNSPECIFIED., .F., .F.,
 ( 4, 1, 1, 1, 1, 1, 1, 1, 4 ),
 ( 0.000000000000000000, 0.1294759494946663425, 0.2538797616588631678, 0.3748625495355497050, 0.4942828559514265696, 0.6142927138995238900, 0.7369702805339392038, 0.8650762150057418332, 1.000000000000000000 ),
 .UNSPECIFIED. ) ;
#3597 = VERTEX_POINT ( 'NONE', #6149 ) ;
#3598 = CARTESIAN_POINT ( 'NONE',  ( 274.8802452378235444, 13.00000000000000178, 50.43446901151133233 ) ) ;
#3599 = CARTESIAN_POINT ( 'NONE',  ( 47.79074439306906186, 10.00000000000000178, 31.71736121174581413 ) ) ;
#3600 = CARTESIAN_POINT ( 'NONE',  ( 222.3200211429666524, 10.00000000000000178, 42.55312121419687799 ) ) ;
#3601 = EDGE_LOOP ( 'NONE', ( #4570, #4090, #72, #3674 ) ) ;
#3602 = ORIENTED_EDGE ( 'NONE', *, *, #463, .T. ) ;
#3603 = DIRECTION ( 'NONE',  ( 0.000000000000000000, 0.000000000000000000, 1.000000000000000000 ) ) ;
#3604 = B_SPLINE_SURFACE_WITH_KNOTS ( 'NONE', 3, 1, ( 
 ( #4183, #2547 ),
 ( #175, #6958 ),
 ( #1874, #3656 ),
 ( #4781, #3012 ),
 ( #5889, #1359 ),
 ( #288, #3052 ),
 ( #2394, #5816 ),
 ( #4106, #4147 ),
 ( #1323, #724 ),
 ( #7032, #761 ),
 ( #1946, #4219 ),
 ( #1907, #689 ),
 ( #5332, #5213 ),
 ( #6917, #135 ),
 ( #1399, #5292 ) ),
 .UNSPECIFIED., .F., .F., .F.,
 ( 4, 1, 1, 1, 1, 1, 1, 1, 1, 1, 1, 1, 4 ),
 ( 2, 2 ),
 ( 0.000000000000000000, 0.08560569497352769897, 0.1689832639222348942, 0.2509075823297912677, 0.3337080961143233937, 0.4160049842563394717, 0.4976595675743796798, 0.5798932856419650728, 0.6639023210428567356, 0.7484662538082591521, 0.8317908864798561064, 0.9152519088316869444, 1.000000000000000000 ),
 ( 0.000000000000000000, 1.000000000000000000 ),
 .UNSPECIFIED. ) ;
#3605 = LINE ( 'NONE', #3757, #1675 ) ;
#3606 = CARTESIAN_POINT ( 'NONE',  ( 262.5706024607688391, 10.00000000000000000, 29.01268217857078469 ) ) ;
#3607 = CARTESIAN_POINT ( 'NONE',  ( 45.68163527644686894, 12.99999999999999822, 17.81411977837750982 ) ) ;
#3608 = CARTESIAN_POINT ( 'NONE',  ( 229.1885687029671601, 13.00000000000000533, 27.70447554999465822 ) ) ;
#3609 = CARTESIAN_POINT ( 'NONE',  ( 115.9301609022864312, 10.00000000000000355, 52.00014504249646308 ) ) ;
#3610 = CARTESIAN_POINT ( 'NONE',  ( 131.8712684615461797, 10.00000000000000178, 38.73610575693028579 ) ) ;
#3611 = ORIENTED_EDGE ( 'NONE', *, *, #1184, .F. ) ;
#3612 = CARTESIAN_POINT ( 'NONE',  ( 172.4613222248009663, 13.00000000000000178, 42.75250554432709293 ) ) ;
#3613 = DIRECTION ( 'NONE',  ( 0.000000000000000000, 0.000000000000000000, 1.000000000000000000 ) ) ;
#3614 = B_SPLINE_CURVE_WITH_KNOTS ( 'NONE', 3,
 ( #6538, #904, #5546, #5395, #3760, #4324, #6506, #3267, #6064, #3720, #6572 ),
 .UNSPECIFIED., .F., .F.,
 ( 4, 1, 1, 1, 1, 1, 1, 1, 4 ),
 ( 0.000000000000000000, 0.1284975211375116444, 0.2527129855154521820, 0.3748191325670455210, 0.4964364263727290005, 0.6179105567458510473, 0.7412876173092887155, 0.8687004007446071929, 1.000000000000000000 ),
 .UNSPECIFIED. ) ;
#3615 = FACE_OUTER_BOUND ( 'NONE', #7235, .T. ) ;
#3616 = DIRECTION ( 'NONE',  ( -0.000000000000000000, -1.000000000000000000, -0.000000000000000000 ) ) ;
#3617 = CARTESIAN_POINT ( 'NONE',  ( 271.3438869411630208, 12.99999999999999822, 54.71743762255405130 ) ) ;
#3618 = EDGE_CURVE ( 'NONE', #156, #3027, #4997, .T. ) ;
#3619 = CARTESIAN_POINT ( 'NONE',  ( 1.224646799147353533E-14, 0.000000000000000000, 100.0000000000000000 ) ) ;
#3620 = CARTESIAN_POINT ( 'NONE',  ( 224.2943114517068466, 12.99999999999999822, 52.54010181768143184 ) ) ;
#3621 = CARTESIAN_POINT ( 'NONE',  ( 75.62675926933520998, 12.99999999999999822, 56.23987715225011641 ) ) ;
#3622 = CARTESIAN_POINT ( 'NONE',  ( 123.8113457521181857, 12.99999999999999822, 22.89269101052000721 ) ) ;
#3623 = VECTOR ( 'NONE', #7247, 1000.000000000000000 ) ;
#3624 = VECTOR ( 'NONE', #1066, 1000.000000000000000 ) ;
#3625 = CARTESIAN_POINT ( 'NONE',  ( 89.20323176192279391, 13.00000000000000178, 39.35353497724683081 ) ) ;
#3626 = EDGE_CURVE ( 'NONE', #2992, #1094, #1471, .T. ) ;
#3627 = CIRCLE ( 'NONE', #324, 1.500000000000001332 ) ;
#3628 = CARTESIAN_POINT ( 'NONE',  ( 114.9358133619977735, 9.999999999999998224, 22.58423755186657900 ) ) ;
#3629 = ADVANCED_BREP_SHAPE_REPRESENTATION ( '3_Robotics', ( #3219, #1079 ), #3393 ) ;
#3630 = CARTESIAN_POINT ( 'NONE',  ( 242.7644258233108019, 13.00000000000000533, 27.66326462829134059 ) ) ;
#3631 = CARTESIAN_POINT ( 'NONE',  ( 63.35129057693675492, 13.00000000000000178, 28.07641428828480556 ) ) ;
#3632 = ORIENTED_EDGE ( 'NONE', *, *, #2900, .F. ) ;
#3633 = VECTOR ( 'NONE', #6654, 1000.000000000000000 ) ;
#3634 = COORDINATED_UNIVERSAL_TIME_OFFSET ( 5, 0, .BEHIND. ) ;
#3635 = CARTESIAN_POINT ( 'NONE',  ( 209.8365498197605348, 12.99999999999999822, 14.86810016838232329 ) ) ;
#3636 = VECTOR ( 'NONE', #2602, 1000.000000000000000 ) ;
#3637 = EDGE_LOOP ( 'NONE', ( #5551, #6745, #2004, #5748 ) ) ;
#3638 = CARTESIAN_POINT ( 'NONE',  ( 262.2944367108287338, 10.00000000000000000, 30.94152911633933201 ) ) ;
#3639 = ORIENTED_EDGE ( 'NONE', *, *, #5536, .T. ) ;
#3640 = DIRECTION ( 'NONE',  ( 0.000000000000000000, 0.000000000000000000, 1.000000000000000000 ) ) ;
#3641 = VECTOR ( 'NONE', #2669, 1000.000000000000000 ) ;
#3642 = DIRECTION ( 'NONE',  ( 0.000000000000000000, 0.000000000000000000, 1.000000000000000000 ) ) ;
#3643 = ORIENTED_EDGE ( 'NONE', *, *, #2256, .F. ) ;
#3644 = CARTESIAN_POINT ( 'NONE',  ( 270.9520998640959419, 13.00000000000000178, 38.80129633106556497 ) ) ;
#3645 = ORIENTED_EDGE ( 'NONE', *, *, #1453, .T. ) ;
#3646 = CARTESIAN_POINT ( 'NONE',  ( 50.74104153940528761, 12.99999999999999822, 27.76425600143821981 ) ) ;
#3647 = CARTESIAN_POINT ( 'NONE',  ( 105.3570779157689259, 13.00000000000000178, 9.524809015708360249 ) ) ;
#3648 = CARTESIAN_POINT ( 'NONE',  ( 266.2683420793418918, 10.00000000000000000, 26.26939804190523375 ) ) ;
#3649 = CARTESIAN_POINT ( 'NONE',  ( 47.36863094529508800, 13.00000000000000178, 20.57502626236576049 ) ) ;
#3650 = CARTESIAN_POINT ( 'NONE',  ( 90.72052530168139128, 9.999999999999998224, 30.19945250396720127 ) ) ;
#3651 = CARTESIAN_POINT ( 'NONE',  ( 117.2502220698011399, 9.999999999999996447, 52.19268125601177388 ) ) ;
#3652 = CARTESIAN_POINT ( 'NONE',  ( 66.66666666666668561, 20.00000000000000000, 94.93724644492834841 ) ) ;
#3653 = VERTEX_POINT ( 'NONE', #1653 ) ;
#3654 = CARTESIAN_POINT ( 'NONE',  ( 64.19463367126532205, 13.00000000000000178, 44.36742735852764241 ) ) ;
#3655 = DIRECTION ( 'NONE',  ( 0.000000000000000000, 0.000000000000000000, 1.000000000000000000 ) ) ;
#3656 = CARTESIAN_POINT ( 'NONE',  ( 161.6056196624022903, 9.999999999999996447, 52.16701580221901224 ) ) ;
#3657 = CARTESIAN_POINT ( 'NONE',  ( 244.0094220608220326, 13.00000000000000178, 23.73442181293232522 ) ) ;
#3658 = CARTESIAN_POINT ( 'NONE',  ( 43.03285016560958098, 13.00000000000000178, 34.10007244458153508 ) ) ;
#3659 = CARTESIAN_POINT ( 'NONE',  ( 266.6666666666666856, 20.00000000000000000, 96.43724644492834841 ) ) ;
#3660 = CARTESIAN_POINT ( 'NONE',  ( 264.8362884027120003, 10.00000000000000178, 22.35802095372460130 ) ) ;
#3661 = FACE_OUTER_BOUND ( 'NONE', #2958, .T. ) ;
#3662 = CARTESIAN_POINT ( 'NONE',  ( 126.8578172136396489, 13.00000000000000178, 24.14594302449774332 ) ) ;
#3663 = EDGE_CURVE ( 'NONE', #1203, #1341, #3278, .T. ) ;
#3664 = CARTESIAN_POINT ( 'NONE',  ( 217.8719614761093339, 10.00000000000000000, 40.07864202216584459 ) ) ;
#3665 = CARTESIAN_POINT ( 'NONE',  ( 244.1142419152643583, 10.00000000000000533, 49.98895949049025234 ) ) ;
#3666 = LINE ( 'NONE', #3741, #2635 ) ;
#3667 = B_SPLINE_SURFACE_WITH_KNOTS ( 'NONE', 3, 1, ( 
 ( #2695, #2060 ),
 ( #4964, #367 ),
 ( #7227, #5482 ),
 ( #6622, #4408 ),
 ( #3803, #7190 ),
 ( #6077, #2731 ),
 ( #1578, #2023 ),
 ( #3771, #2657 ),
 ( #3841, #2621 ),
 ( #4897, #1029 ),
 ( #3283, #5559 ) ),
 .UNSPECIFIED., .F., .F., .F.,
 ( 4, 1, 1, 1, 1, 1, 1, 1, 4 ),
 ( 2, 2 ),
 ( 0.000000000000000000, 0.1346362256586962625, 0.2626808261854779447, 0.3871896540458341640, 0.5083896927558585466, 0.6289661928681576919, 0.7497231883803496810, 0.8732482727673928080, 1.000000000000000000 ),
 ( 0.000000000000000000, 1.000000000000000000 ),
 .UNSPECIFIED. ) ;
#3668 = ORIENTED_EDGE ( 'NONE', *, *, #1108, .F. ) ;
#3669 = CARTESIAN_POINT ( 'NONE',  ( 163.6494399619790272, 12.99999999999999822, 26.77753852415916569 ) ) ;
#3670 = EDGE_CURVE ( 'NONE', #7181, #782, #5097, .T. ) ;
#3671 = CARTESIAN_POINT ( 'NONE',  ( 147.4161025605496604, 13.00000000000000178, 35.50224961940690349 ) ) ;
#3672 = EDGE_LOOP ( 'NONE', ( #80, #2223, #6899, #4844 ) ) ;
#3673 = PLANE ( 'NONE',  #4346 ) ;
#3674 = ORIENTED_EDGE ( 'NONE', *, *, #521, .T. ) ;
#3675 = CARTESIAN_POINT ( 'NONE',  ( 118.1173161214187104, 13.00000000000000178, 22.23512785698201455 ) ) ;
#3676 = ORIENTED_EDGE ( 'NONE', *, *, #1088, .T. ) ;
#3677 = CARTESIAN_POINT ( 'NONE',  ( 204.0434651812678055, 9.999999999999998224, 14.34456684547191152 ) ) ;
#3678 = ORIENTED_EDGE ( 'NONE', *, *, #1321, .T. ) ;
#3679 = EDGE_CURVE ( 'NONE', #74, #192, #1928, .T. ) ;
#3680 = ADVANCED_FACE ( 'NONE', ( #1759 ), #6288, .T. ) ;
#3681 = DIRECTION ( 'NONE',  ( -1.000000000000000000, 3.425612846546011993E-14, 0.000000000000000000 ) ) ;
#3682 = CARTESIAN_POINT ( 'NONE',  ( 267.8075044326048442, 13.00000000000000178, 36.89817614401901125 ) ) ;
#3683 = CARTESIAN_POINT ( 'NONE',  ( 149.5455390901228725, 9.999999999999996447, 47.32828161099949682 ) ) ;
#3684 = LINE ( 'NONE', #867, #3864 ) ;
#3685 = CARTESIAN_POINT ( 'NONE',  ( 91.50765964656274321, 13.00000000000000178, 31.57696808300281077 ) ) ;
#3686 = LINE ( 'NONE', #5208, #7167 ) ;
#3687 = AXIS2_PLACEMENT_3D ( 'NONE', #3498, #2314, #6369 ) ;
#3688 = CARTESIAN_POINT ( 'NONE',  ( 126.6760274364471854, 10.00000000000000000, 28.88844264653696570 ) ) ;
#3689 = ORIENTED_EDGE ( 'NONE', *, *, #5166, .T. ) ;
#3690 = ORIENTED_EDGE ( 'NONE', *, *, #4083, .T. ) ;
#3691 = EDGE_CURVE ( 'NONE', #192, #2270, #6185, .T. ) ;
#3692 = CARTESIAN_POINT ( 'NONE',  ( 170.1976480181062357, 12.99999999999999822, 47.32492151431057437 ) ) ;
#3693 = CARTESIAN_POINT ( 'NONE',  ( 236.3489195411649177, 9.999999999999998224, 56.25228377082063957 ) ) ;
#3694 = CARTESIAN_POINT ( 'NONE',  ( 296.4644660940673475, 0.000000000000000000, 5.185533905932724785 ) ) ;
#3695 = VECTOR ( 'NONE', #6327, 1000.000000000000000 ) ;
#3696 = CARTESIAN_POINT ( 'NONE',  ( 169.6065746953147197, 12.99999999999999822, 53.41633506828735278 ) ) ;
#3697 = CARTESIAN_POINT ( 'NONE',  ( 37.13676812629830692, 12.99999999999999822, 34.89302946121215854 ) ) ;
#3698 = CARTESIAN_POINT ( 'NONE',  ( 274.6271368565988382, 10.00000000000000000, 26.52274089998386586 ) ) ;
#3699 = LINE ( 'NONE', #3133, #2689 ) ;
#3700 = CARTESIAN_POINT ( 'NONE',  ( 267.8075044326048442, 13.00000000000000178, 36.89817614401901125 ) ) ;
#3701 = CARTESIAN_POINT ( 'NONE',  ( 221.8955394542304589, 13.00000000000000178, 39.14620324647759020 ) ) ;
#3702 = CARTESIAN_POINT ( 'NONE',  ( 173.2602149682571735, 9.999999999999996447, 49.91281092058346047 ) ) ;
#3703 = CARTESIAN_POINT ( 'NONE',  ( 266.3211023047935555, 10.00000000000000000, 40.88512705964600968 ) ) ;
#3704 = VECTOR ( 'NONE', #6560, 1000.000000000000000 ) ;
#3705 = CARTESIAN_POINT ( 'NONE',  ( 264.8362884027120003, 13.00000000000000178, 22.35802095372460130 ) ) ;
#3706 = ORIENTED_EDGE ( 'NONE', *, *, #6757, .T. ) ;
#3707 = ORIENTED_EDGE ( 'NONE', *, *, #6882, .F. ) ;
#3708 = CARTESIAN_POINT ( 'NONE',  ( 108.0490270362396501, 10.00000000000000000, 52.60938074043662027 ) ) ;
#3709 = CARTESIAN_POINT ( 'NONE',  ( 63.24169330038431269, 13.00000000000000178, 39.35353497724682370 ) ) ;
#3710 = CARTESIAN_POINT ( 'NONE',  ( 272.4357817046884520, 13.00000000000000178, 39.95612672170806690 ) ) ;
#3711 = EDGE_CURVE ( 'NONE', #388, #6558, #7344, .T. ) ;
#3712 = ORIENTED_EDGE ( 'NONE', *, *, #2686, .F. ) ;
#3713 = DIRECTION ( 'NONE',  ( 0.000000000000000000, -0.000000000000000000, 1.000000000000000000 ) ) ;
#3714 = ORIENTED_EDGE ( 'NONE', *, *, #3033, .T. ) ;
#3715 = CARTESIAN_POINT ( 'NONE',  ( 270.0805521944698739, 12.99999999999999822, 38.21717801897731448 ) ) ;
#3716 = ORIENTED_EDGE ( 'NONE', *, *, #7162, .F. ) ;
#3717 = CARTESIAN_POINT ( 'NONE',  ( 37.13676812629830692, 9.999999999999996447, 34.89302946121215854 ) ) ;
#3718 = CARTESIAN_POINT ( 'NONE',  ( 265.7741332008721997, 9.999999999999998224, 35.68432051450409404 ) ) ;
#3719 = LINE ( 'NONE', #2717, #3020 ) ;
#3720 = CARTESIAN_POINT ( 'NONE',  ( 75.62347544612336492, 10.00000000000000000, 22.23054663170285750 ) ) ;
#3721 = EDGE_CURVE ( 'NONE', #230, #1860, #2896, .T. ) ;
#3722 = CARTESIAN_POINT ( 'NONE',  ( 64.12763947071891835, 12.99999999999999822, 27.22500759893230438 ) ) ;
#3723 = B_SPLINE_CURVE_WITH_KNOTS ( 'NONE', 3,
 ( #4428, #6676, #5578, #3336, #976, #7210, #3261, #5539, #2712, #1004, #4973, #1631, #5571, #484, #5421 ),
 .UNSPECIFIED., .F., .F.,
 ( 4, 1, 1, 1, 1, 1, 1, 1, 1, 1, 1, 1, 4 ),
 ( 0.000000000000000000, 0.08473274469801539421, 0.1681786536463126258, 0.2514881976122797513, 0.3358406713894905860, 0.4198344941507963779, 0.5023448759880098091, 0.5836490197324397666, 0.6659310052762729137, 0.7487165252643914748, 0.8310473361373631462, 0.9144098067945605202, 0.9999999999999998890 ),
 .UNSPECIFIED. ) ;
#3724 = CARTESIAN_POINT ( 'NONE',  ( 242.9283753851917140, 10.00000000000000000, 55.14845767563077317 ) ) ;
#3725 = VERTEX_POINT ( 'NONE', #4739 ) ;
#3726 = VERTEX_POINT ( 'NONE', #1830 ) ;
#3727 = CARTESIAN_POINT ( 'NONE',  ( 68.27189422678127073, 10.00000000000000000, 49.69216112844426192 ) ) ;
#3728 = CARTESIAN_POINT ( 'NONE',  ( 247.5487202124219550, 10.00000000000000000, 46.90821137366308591 ) ) ;
#3729 = CARTESIAN_POINT ( 'NONE',  ( 50.29830831076985476, 9.999999999999996447, 16.85380939046093118 ) ) ;
#3730 = B_SPLINE_SURFACE_WITH_KNOTS ( 'NONE', 3, 1, ( 
 ( #7225, #4442 ),
 ( #6691, #1537 ),
 ( #915, #3201 ),
 ( #5441, #5557 ),
 ( #2618, #3240 ),
 ( #6074, #3879 ),
 ( #5517, #437 ),
 ( #1065, #4406 ),
 ( #3316, #2693 ),
 ( #4514, #1757 ),
 ( #6763, #52 ),
 ( #3386, #4550 ),
 ( #92, #2792 ),
 ( #6286, #4019 ),
 ( #2762, #20 ),
 ( #1686, #6801 ),
 ( #4624, #2347 ),
 ( #5694, #1207 ),
 ( #2239, #5095 ) ),
 .UNSPECIFIED., .F., .F., .F.,
 ( 4, 1, 1, 1, 1, 1, 1, 1, 1, 1, 1, 1, 1, 1, 1, 1, 4 ),
 ( 2, 2 ),
 ( 0.000000000000000000, 0.06401525239330971284, 0.1262279962525581223, 0.1872887630524866509, 0.2478694726159619277, 0.3085112057878219849, 0.3697268830978143184, 0.4325358014028972131, 0.4971982300414929945, 0.5619230290139897166, 0.6251330703809985234, 0.6868547425652855587, 0.7481170910764592952, 0.8095301916518806706, 0.8714874851012563983, 0.9349814827971771880, 1.000000000000000000 ),
 ( 0.000000000000000000, 1.000000000000000000 ),
 .UNSPECIFIED. ) ;
#3731 = CARTESIAN_POINT ( 'NONE',  ( 147.3642894542304589, 10.00000000000000000, 27.66182824647758665 ) ) ;
#3732 = DIRECTION ( 'NONE',  ( -1.000000000000000000, 0.000000000000000000, 0.000000000000000000 ) ) ;
#3733 = ADVANCED_FACE ( 'NONE', ( #1393 ), #6392, .T. ) ;
#3734 = CARTESIAN_POINT ( 'NONE',  ( 275.5493856080766477, 13.00000000000000178, 46.75437632340067040 ) ) ;
#3735 = CARTESIAN_POINT ( 'NONE',  ( 174.3743714555274948, 9.999999999999998224, 30.19945250396719416 ) ) ;
#3736 = CARTESIAN_POINT ( 'NONE',  ( 172.8447573011493716, 10.00000000000000000, 38.90819494952972235 ) ) ;
#3737 = CARTESIAN_POINT ( 'NONE',  ( 122.1873179283333428, 13.00000000000000178, 22.50417641442074768 ) ) ;
#3738 = CARTESIAN_POINT ( 'NONE',  ( 275.4899945171229092, 10.00000000000000000, 45.38641935288826090 ) ) ;
#3739 = CARTESIAN_POINT ( 'NONE',  ( 91.40331273179337757, 9.999999999999998224, 47.15416071621452687 ) ) ;
#3740 = CARTESIAN_POINT ( 'NONE',  ( 242.6514054945408816, 12.99999999999999467, 50.80574183780144892 ) ) ;
#3741 = CARTESIAN_POINT ( 'NONE',  ( 159.8943375311535249, 13.00000000000000178, 22.21711670801605010 ) ) ;
#3742 = EDGE_LOOP ( 'NONE', ( #7201, #948, #5690, #603 ) ) ;
#3743 = CARTESIAN_POINT ( 'NONE',  ( 162.4304911582253794, 12.99999999999999822, 26.47698183340407141 ) ) ;
#3744 = CARTESIAN_POINT ( 'NONE',  ( 206.9182371801087470, 10.00000000000000000, 15.85978074472628130 ) ) ;
#3745 = VECTOR ( 'NONE', #1326, 1000.000000000000000 ) ;
#3746 = VECTOR ( 'NONE', #1633, 1000.000000000000000 ) ;
#3747 = CARTESIAN_POINT ( 'NONE',  ( 1.224646799147353533E-14, 10.00000000000000000, 100.0000000000000000 ) ) ;
#3748 = VERTEX_POINT ( 'NONE', #6364 ) ;
#3749 = CARTESIAN_POINT ( 'NONE',  ( 27.47246253115355330, 13.00000000000000178, 30.29403978493913030 ) ) ;
#3750 = EDGE_LOOP ( 'NONE', ( #4722, #1708, #3678, #6023 ) ) ;
#3751 = CIRCLE ( 'NONE', #4705, 1.500000000000001332 ) ;
#3752 = CARTESIAN_POINT ( 'NONE',  ( 272.4357817046884520, 13.00000000000000178, 39.95612672170806690 ) ) ;
#3753 = CARTESIAN_POINT ( 'NONE',  ( 189.0109240696151005, 10.00000000000000000, 22.79403978493913030 ) ) ;
#3754 = VERTEX_POINT ( 'NONE', #7025 ) ;
#3755 = CARTESIAN_POINT ( 'NONE',  ( 268.4443465718524067, 10.00000000000000178, 37.25086298595594059 ) ) ;
#3756 = EDGE_CURVE ( 'NONE', #1022, #6819, #2985, .T. ) ;
#3757 = CARTESIAN_POINT ( 'NONE',  ( 193.0493856080766193, 13.00000000000000178, 26.83250132340066685 ) ) ;
#3758 = DIRECTION ( 'NONE',  ( 0.000000000000000000, 0.000000000000000000, 1.000000000000000000 ) ) ;
#3759 = CIRCLE ( 'NONE', #1746, 1.649999999999987477 ) ;
#3760 = CARTESIAN_POINT ( 'NONE',  ( 67.77467620528580028, 10.00000000000000178, 24.31586953115352401 ) ) ;
#3761 = CARTESIAN_POINT ( 'NONE',  ( 69.31399668419669524, 9.999999999999996447, 23.55117533247613792 ) ) ;
#3762 = CARTESIAN_POINT ( 'NONE',  ( 300.0000000000000000, 0.000000000000000000, 100.0000000000000000 ) ) ;
#3763 = EDGE_LOOP ( 'NONE', ( #6304, #5512, #4399, #1940 ) ) ;
#3764 = EDGE_LOOP ( 'NONE', ( #1384, #5993, #4004, #6344 ) ) ;
#3765 = CARTESIAN_POINT ( 'NONE',  ( 87.27850759128519087, 9.999999999999996447, 52.38354303117320399 ) ) ;
#3766 = EDGE_CURVE ( 'NONE', #6935, #2603, #3686, .T. ) ;
#3767 = CARTESIAN_POINT ( 'NONE',  ( 271.4969574281161613, 13.00000000000000178, 46.63881240763541314 ) ) ;
#3768 = CARTESIAN_POINT ( 'NONE',  ( 207.1659721465381381, 10.00000000000000000, 8.947885938785281823 ) ) ;
#3769 = CARTESIAN_POINT ( 'NONE',  ( 144.5963012334211726, 13.00000000000000178, 31.60074629319677797 ) ) ;
#3770 = CARTESIAN_POINT ( 'NONE',  ( 236.2645298388458457, 13.00000000000000178, 22.21711670801605365 ) ) ;
#3771 = CARTESIAN_POINT ( 'NONE',  ( 114.9358133619977735, 12.99999999999999822, 22.58423755186657900 ) ) ;
#3772 = CARTESIAN_POINT ( 'NONE',  ( 193.0493856080766193, 10.00000000000000000, 9.524809015708360249 ) ) ;
#3773 = DIRECTION ( 'NONE',  ( -1.000000000000000000, -0.000000000000000000, -0.000000000000000000 ) ) ;
#3774 = CARTESIAN_POINT ( 'NONE',  ( 135.9340009926920061, 13.00000000000000178, 39.29944843878528360 ) ) ;
#3775 = EDGE_CURVE ( 'NONE', #2685, #456, #7217, .T. ) ;
#3776 = CARTESIAN_POINT ( 'NONE',  ( 275.5493856080766477, 10.00000000000000000, 46.75437632340067040 ) ) ;
#3777 = CARTESIAN_POINT ( 'NONE',  ( 66.49347694497407701, 9.999999999999998224, 53.41901016282709946 ) ) ;
#3778 = ORIENTED_EDGE ( 'NONE', *, *, #2889, .T. ) ;
#3779 = VERTEX_POINT ( 'NONE', #426 ) ;
#3780 = DIRECTION ( 'NONE',  ( 0.000000000000000000, 0.000000000000000000, -1.000000000000000000 ) ) ;
#3781 = ORIENTED_EDGE ( 'NONE', *, *, #3896, .F. ) ;
#3782 = CARTESIAN_POINT ( 'NONE',  ( 203.4755229162111902, 10.00000000000000000, 13.10338393650626010 ) ) ;
#3783 = CARTESIAN_POINT ( 'NONE',  ( 268.4443465718524067, 13.00000000000000178, 37.25086298595594059 ) ) ;
#3784 = VERTEX_POINT ( 'NONE', #1529 ) ;
#3785 = CARTESIAN_POINT ( 'NONE',  ( 143.4973020859146118, 12.99999999999999822, 44.17462676927347331 ) ) ;
#3786 = ORIENTED_EDGE ( 'NONE', *, *, #6708, .F. ) ;
#3787 = CARTESIAN_POINT ( 'NONE',  ( 268.4443465718524067, 9.999999999999998224, 37.25086298595594059 ) ) ;
#3788 = DIRECTION ( 'NONE',  ( 0.000000000000000000, 0.000000000000000000, -1.000000000000000000 ) ) ;
#3789 = ORIENTED_EDGE ( 'NONE', *, *, #628, .T. ) ;
#3790 = CARTESIAN_POINT ( 'NONE',  ( 273.0537545244974922, 10.00000000000000178, 40.52065502565540100 ) ) ;
#3791 = CARTESIAN_POINT ( 'NONE',  ( 61.04161329092845989, 10.00000000000000000, 47.15415927008318420 ) ) ;
#3792 = CARTESIAN_POINT ( 'NONE',  ( 84.67022488959894133, 12.99999999999999822, 24.31464915552273354 ) ) ;
#3793 = CARTESIAN_POINT ( 'NONE',  ( 261.5254414202927364, 10.00000000000000355, 50.86517588437056503 ) ) ;
#3794 = PLANE ( 'NONE',  #5540 ) ;
#3795 = EDGE_LOOP ( 'NONE', ( #1807, #4800, #2786, #4814 ) ) ;
#3796 = CARTESIAN_POINT ( 'NONE',  ( 265.9129673388458173, 10.00000000000000178, 56.25557824647759020 ) ) ;
#3797 = ORIENTED_EDGE ( 'NONE', *, *, #3406, .F. ) ;
#3798 = CARTESIAN_POINT ( 'NONE',  ( 79.79901785909474654, 10.00000000000000000, 55.97063351189585489 ) ) ;
#3799 = CARTESIAN_POINT ( 'NONE',  ( 52.28015483884585279, 13.00000000000000178, 55.67865516955451000 ) ) ;
#3800 = CARTESIAN_POINT ( 'NONE',  ( 44.55331231344702303, 9.999999999999998224, 11.87412789388539913 ) ) ;
#3801 = CARTESIAN_POINT ( 'NONE',  ( 145.3723749355607140, 12.99999999999999822, 30.21982703765839418 ) ) ;
#3802 = CARTESIAN_POINT ( 'NONE',  ( 232.5067568425311890, 12.99999999999999822, 22.51535757367995316 ) ) ;
#3803 = CARTESIAN_POINT ( 'NONE',  ( 109.7494566781209784, 13.00000000000000178, 24.74786474942435177 ) ) ;
#3804 = EDGE_CURVE ( 'NONE', #6127, #4508, #2648, .T. ) ;
#3805 = FACE_OUTER_BOUND ( 'NONE', #345, .T. ) ;
#3806 = CARTESIAN_POINT ( 'NONE',  ( 42.63472214653817360, 10.00000000000000000, 11.29163593878528005 ) ) ;
#3807 = CARTESIAN_POINT ( 'NONE',  ( 271.2528258097289608, 10.00000000000000178, 45.25284202159038927 ) ) ;
#3808 = CARTESIAN_POINT ( 'NONE',  ( 3.535533905932737309, 0.000000000000000000, 3.535533905932737309 ) ) ;
#3809 = AXIS2_PLACEMENT_3D ( 'NONE', #4501, #597, #3375 ) ;
#3810 = CARTESIAN_POINT ( 'NONE',  ( 251.3186163773073361, 13.00000000000000178, 29.92444843878528005 ) ) ;
#3811 = CARTESIAN_POINT ( 'NONE',  ( 133.0876934317742268, 10.00000000000000000, 48.69975870756731950 ) ) ;
#3812 = CARTESIAN_POINT ( 'NONE',  ( 90.58186103493318342, 10.00000000000000533, 48.56085492135777315 ) ) ;
#3813 = CARTESIAN_POINT ( 'NONE',  ( 0.000000000000000000, 10.00000000000000000, 0.000000000000000000 ) ) ;
#3814 = EDGE_CURVE ( 'NONE', #1571, #7169, #4919, .T. ) ;
#3815 = CARTESIAN_POINT ( 'NONE',  ( 42.96395017115464299, 13.00000000000000178, 11.37298006491403513 ) ) ;
#3816 = VERTEX_POINT ( 'NONE', #5396 ) ;
#3817 = CARTESIAN_POINT ( 'NONE',  ( 77.51408887658348590, 9.999999999999998224, 26.29325073383914457 ) ) ;
#3818 = ORIENTED_EDGE ( 'NONE', *, *, #4857, .F. ) ;
#3819 = CARTESIAN_POINT ( 'NONE',  ( 47.61972294729790178, 13.00000000000000178, 23.81004446580633171 ) ) ;
#3820 = DIRECTION ( 'NONE',  ( 0.000000000000000000, 1.000000000000000000, 0.000000000000000000 ) ) ;
#3821 = ADVANCED_FACE ( 'NONE', ( #7179 ), #3794, .T. ) ;
#3822 = ORIENTED_EDGE ( 'NONE', *, *, #559, .T. ) ;
#3823 = CARTESIAN_POINT ( 'NONE',  ( 106.6999735527939066, 13.00000000000000178, 27.21515209880041652 ) ) ;
#3824 = ORIENTED_EDGE ( 'NONE', *, *, #599, .F. ) ;
#3825 = ORIENTED_EDGE ( 'NONE', *, *, #3814, .T. ) ;
#3826 = PLANE ( 'NONE',  #1441 ) ;
#3827 = CARTESIAN_POINT ( 'NONE',  ( 142.8570779157689685, 10.00000000000000000, 39.32649170801605720 ) ) ;
#3828 = CARTESIAN_POINT ( 'NONE',  ( 76.85752202814927614, 12.99999999999999822, 22.23025530837256269 ) ) ;
#3829 = CARTESIAN_POINT ( 'NONE',  ( 105.7401696811096912, 13.00000000000000178, 35.71514701681962123 ) ) ;
#3830 = CARTESIAN_POINT ( 'NONE',  ( 64.94812914878859544, 12.99999999999999822, 26.36592293333920978 ) ) ;
#3831 = CARTESIAN_POINT ( 'NONE',  ( 63.25401815838782227, 13.00000000000000178, 38.90819761102306273 ) ) ;
#3832 = CARTESIAN_POINT ( 'NONE',  ( 237.1739900579885614, 12.99999999999999822, 56.24577976789078804 ) ) ;
#3833 = EDGE_LOOP ( 'NONE', ( #1432, #4279 ) ) ;
#3834 = CARTESIAN_POINT ( 'NONE',  ( 259.5139942443636301, 10.00000000000000000, 35.53529602568909951 ) ) ;
#3835 = VERTEX_POINT ( 'NONE', #5470 ) ;
#3836 = CARTESIAN_POINT ( 'NONE',  ( 101.3186163773073929, 10.00000000000000000, 55.67865516955451000 ) ) ;
#3837 = CARTESIAN_POINT ( 'NONE',  ( 258.3583524375931688, 10.00000000000000000, 53.68164506219692811 ) ) ;
#3838 = CARTESIAN_POINT ( 'NONE',  ( 42.96395017115464299, 10.00000000000000178, 11.37298006491403513 ) ) ;
#3839 = CARTESIAN_POINT ( 'NONE',  ( 143.1099493841728076, 13.00000000000000178, 36.07989587861327863 ) ) ;
#3840 = CARTESIAN_POINT ( 'NONE',  ( 266.6666666666666856, 20.00000000000000000, 94.93724644492831999 ) ) ;
#3841 = CARTESIAN_POINT ( 'NONE',  ( 116.8274981711539624, 13.00000000000000533, 22.27069165587633748 ) ) ;
#3842 = DIRECTION ( 'NONE',  ( -3.935448788460747526E-14, 1.000000000000000000, -4.155770843005473360E-14 ) ) ;
#3843 = CARTESIAN_POINT ( 'NONE',  ( 129.1595547980141419, 12.99999999999999822, 47.23022548091796580 ) ) ;
#3844 = CARTESIAN_POINT ( 'NONE',  ( 263.5156199598494595, 10.00000000000000000, 27.57576025939050268 ) ) ;
#3845 = CARTESIAN_POINT ( 'NONE',  ( 230.4388068834161345, 9.999999999999998224, 51.30008438909489854 ) ) ;
#3846 = ADVANCED_FACE ( 'NONE', ( #5509 ), #3062, .T. ) ;
#3847 = CARTESIAN_POINT ( 'NONE',  ( 207.1659721465381381, 9.999999999999998224, 15.87096286186220873 ) ) ;
#3848 = CARTESIAN_POINT ( 'NONE',  ( 244.2208578653574023, 12.99999999999999467, 28.48231285482656716 ) ) ;
#3849 = FACE_BOUND ( 'NONE', #5537, .T. ) ;
#3850 = CARTESIAN_POINT ( 'NONE',  ( 145.5169064952752080, 10.00000000000000178, 48.56086047141887008 ) ) ;
#3851 = VERTEX_POINT ( 'NONE', #6102 ) ;
#3852 = DIRECTION ( 'NONE',  ( -1.000000000000000000, 0.000000000000000000, 0.000000000000000000 ) ) ;
#3853 = CARTESIAN_POINT ( 'NONE',  ( 41.47012953672984281, 10.00000000000000000, 29.89934156597810500 ) ) ;
#3854 = EDGE_CURVE ( 'NONE', #2785, #6687, #4849, .T. ) ;
#3855 = CARTESIAN_POINT ( 'NONE',  ( 42.34226989330288404, 10.00000000000000000, 15.88592311631937370 ) ) ;
#3856 = FACE_OUTER_BOUND ( 'NONE', #211, .T. ) ;
#3857 = EDGE_LOOP ( 'NONE', ( #972, #6458, #2006, #2150 ) ) ;
#3858 = CARTESIAN_POINT ( 'NONE',  ( 79.99559380813288101, 12.99999999999999822, 26.77753852415916924 ) ) ;
#3859 = EDGE_LOOP ( 'NONE', ( #6354, #5191 ) ) ;
#3860 = CARTESIAN_POINT ( 'NONE',  ( 66.66666666666668561, 20.00000000000000000, 97.93724644492834841 ) ) ;
#3861 = B_SPLINE_CURVE_WITH_KNOTS ( 'NONE', 3,
 ( #668, #5193, #8, #2886, #3413, #3970, #5049, #77, #116, #1165, #2375 ),
 .UNSPECIFIED., .F., .F.,
 ( 4, 1, 1, 1, 1, 1, 1, 1, 4 ),
 ( 0.000000000000000000, 0.1267425189618498760, 0.2517239612496096623, 0.3772186880262466402, 0.5046935492516293476, 0.6314582385934848219, 0.7554010672029484175, 0.8777005336014761516, 1.000000000000000000 ),
 .UNSPECIFIED. ) ;
#3862 = ORIENTED_EDGE ( 'NONE', *, *, #7313, .T. ) ;
#3863 = CARTESIAN_POINT ( 'NONE',  ( 156.2837269871184276, 10.00000000000000000, 22.53026633880274687 ) ) ;
#3864 = VECTOR ( 'NONE', #2232, 1000.000000000000000 ) ;
#3865 = LINE ( 'NONE', #529, #7250 ) ;
#3866 = B_SPLINE_CURVE_WITH_KNOTS ( 'NONE', 3,
 ( #1455, #2495, #2531, #6059, #7097, #1972, #3677, #5912, #6500, #7173, #1930 ),
 .UNSPECIFIED., .F., .F.,
 ( 4, 1, 1, 1, 1, 1, 1, 1, 4 ),
 ( 0.000000000000000000, 0.1318667517023319469, 0.2566614034533629685, 0.3842132129425019360, 0.5133652331525840884, 0.6404431518253903555, 0.7610850047778827676, 0.8791455246531608703, 1.000000000000000000 ),
 .UNSPECIFIED. ) ;
#3867 = CIRCLE ( 'NONE', #549, 1.500000000000001332 ) ;
#3868 = CARTESIAN_POINT ( 'NONE',  ( 233.3333333333332860, 20.00000000000000000, 96.43724644492834841 ) ) ;
#3869 = CARTESIAN_POINT ( 'NONE',  ( 134.7074669418493045, 13.00000000000000178, 32.70610066273417971 ) ) ;
#3870 = CARTESIAN_POINT ( 'NONE',  ( 251.3186163773073361, 13.00000000000000178, 48.66543401570835670 ) ) ;
#3871 = VECTOR ( 'NONE', #4592, 1000.000000000000000 ) ;
#3872 = CARTESIAN_POINT ( 'NONE',  ( 176.8528708615640426, 13.00000000000000533, 37.68007837632379875 ) ) ;
#3873 = EDGE_LOOP ( 'NONE', ( #6564, #7330, #5242, #1231 ) ) ;
#3874 = EDGE_LOOP ( 'NONE', ( #6638, #6615, #6032, #5453 ) ) ;
#3875 = CARTESIAN_POINT ( 'NONE',  ( 88.50060314180306875, 10.00000000000000355, 51.19854884097163250 ) ) ;
#3876 = CARTESIAN_POINT ( 'NONE',  ( 165.1843247740931133, 10.00000000000000355, 22.95238970753695895 ) ) ;
#3877 = VECTOR ( 'NONE', #62, 1000.000000000000000 ) ;
#3878 = LINE ( 'NONE', #6252, #1267 ) ;
#3879 = CARTESIAN_POINT ( 'NONE',  ( 134.6868161877517878, 10.00000000000000000, 45.81846891216865458 ) ) ;
#3880 = FACE_OUTER_BOUND ( 'NONE', #1411, .T. ) ;
#3881 = CARTESIAN_POINT ( 'NONE',  ( 259.1882077234611756, 13.00000000000000178, 48.75557824647759020 ) ) ;
#3882 = CARTESIAN_POINT ( 'NONE',  ( 131.8404107432124874, 10.00000000000000178, 40.98379151400499154 ) ) ;
#3883 = CARTESIAN_POINT ( 'NONE',  ( 270.5737436589831759, 12.99999999999999822, 44.02037009113725219 ) ) ;
#3884 = CARTESIAN_POINT ( 'NONE',  ( 228.0230568943584046, 12.99999999999999822, 28.35774384297299378 ) ) ;
#3885 = CARTESIAN_POINT ( 'NONE',  ( 76.22246253115355330, 10.00000000000000355, 26.25557824647759020 ) ) ;
#3886 = CARTESIAN_POINT ( 'NONE',  ( 236.5841083987627940, 13.00000000000000178, 26.27182945671576775 ) ) ;
#3887 = CARTESIAN_POINT ( 'NONE',  ( 266.5529913773073645, 10.00000000000000000, 22.21711670801605010 ) ) ;
#3888 = DIRECTION ( 'NONE',  ( 1.000000000000000000, 0.000000000000000000, 0.000000000000000000 ) ) ;
#3889 = CARTESIAN_POINT ( 'NONE',  ( 142.8946272786172926, 10.00000000000000178, 40.98330158503264897 ) ) ;
#3890 = EDGE_CURVE ( 'NONE', #4006, #1498, #5547, .T. ) ;
#3891 = ORIENTED_EDGE ( 'NONE', *, *, #6933, .F. ) ;
#3892 = DIRECTION ( 'NONE',  ( -0.000000000000000000, -1.000000000000000000, -0.000000000000000000 ) ) ;
#3893 = CARTESIAN_POINT ( 'NONE',  ( 259.5569698373928418, 13.00000000000000178, 25.97572893483764034 ) ) ;
#3894 = ORIENTED_EDGE ( 'NONE', *, *, #44, .F. ) ;
#3895 = CARTESIAN_POINT ( 'NONE',  ( 296.4644660940673475, 0.000000000000000000, 3.535533905932737309 ) ) ;
#3896 = EDGE_CURVE ( 'NONE', #5437, #2952, #6275, .T. ) ;
#3897 = DIRECTION ( 'NONE',  ( -1.000000000000000000, 0.000000000000000000, 0.000000000000000000 ) ) ;
#3898 = CARTESIAN_POINT ( 'NONE',  ( 151.9257403806274169, 13.00000000000000178, 49.69216112844424771 ) ) ;
#3899 = ORIENTED_EDGE ( 'NONE', *, *, #1632, .T. ) ;
#3900 = DIRECTION ( 'NONE',  ( -0.000000000000000000, 1.000000000000000000, -0.000000000000000000 ) ) ;
#3901 = DIRECTION ( 'NONE',  ( -0.000000000000000000, -1.000000000000000000, -0.000000000000000000 ) ) ;
#3902 = FACE_OUTER_BOUND ( 'NONE', #7016, .T. ) ;
#3903 = DIRECTION ( 'NONE',  ( 1.000000000000000000, 0.000000000000000000, 0.000000000000000000 ) ) ;
#3904 = EDGE_CURVE ( 'NONE', #3027, #377, #2576, .T. ) ;
#3905 = ORIENTED_EDGE ( 'NONE', *, *, #6845, .T. ) ;
#3906 = LINE ( 'NONE', #1129, #3148 ) ;
#3907 = VERTEX_POINT ( 'NONE', #2049 ) ;
#3908 = CARTESIAN_POINT ( 'NONE',  ( 246.5985363273537416, 10.00000000000000178, 25.04080161315634001 ) ) ;
#3909 = DIRECTION ( 'NONE',  ( 0.000000000000000000, 0.000000000000000000, -1.000000000000000000 ) ) ;
#3910 = CARTESIAN_POINT ( 'NONE',  ( 39.17454982985436374, 13.00000000000000178, 15.39402634376950196 ) ) ;
#3911 = CARTESIAN_POINT ( 'NONE',  ( 51.70323176192278680, 13.00000000000000178, 22.71290997724682015 ) ) ;
#3912 = LINE ( 'NONE', #3387, #1379 ) ;
#3913 = CARTESIAN_POINT ( 'NONE',  ( 115.9301609022864312, 13.00000000000000533, 52.00014504249646308 ) ) ;
#3914 = EDGE_CURVE ( 'NONE', #4131, #5085, #4325, .T. ) ;
#3915 = CARTESIAN_POINT ( 'NONE',  ( 159.2773215999694969, 10.00000000000000000, 22.23054663170285394 ) ) ;
#3916 = CARTESIAN_POINT ( 'NONE',  ( 198.8186163773073929, 10.00000000000000000, 26.83250132340066685 ) ) ;
#3917 = CARTESIAN_POINT ( 'NONE',  ( 166.6666666666666288, 20.00000000000000000, 94.93724644492834841 ) ) ;
#3918 = CARTESIAN_POINT ( 'NONE',  ( 222.4270084482809580, 13.00000000000000533, 35.33738058389580772 ) ) ;
#3919 = CARTESIAN_POINT ( 'NONE',  ( 221.9298045334472249, 9.999999999999998224, 37.83863311149119824 ) ) ;
#3920 = CARTESIAN_POINT ( 'NONE',  ( 266.5529913773073645, 13.00000000000000178, 22.21711670801605010 ) ) ;
#3921 = FACE_BOUND ( 'NONE', #3833, .T. ) ;
#3922 = CARTESIAN_POINT ( 'NONE',  ( 51.68498198902405960, 13.00000000000000178, 21.64027281985967477 ) ) ;
#3923 = ORIENTED_EDGE ( 'NONE', *, *, #2672, .F. ) ;
#3924 = VECTOR ( 'NONE', #1322, 1000.000000000000000 ) ;
#3925 = CARTESIAN_POINT ( 'NONE',  ( 51.70323176192278680, 10.00000000000000000, 22.71290997724682015 ) ) ;
#3926 = CARTESIAN_POINT ( 'NONE',  ( 112.9358451560206760, 13.00000000000000178, 55.38712994231157438 ) ) ;
#3927 = CARTESIAN_POINT ( 'NONE',  ( 260.5859361830338798, 10.00000000000000000, 24.66765543367463920 ) ) ;
#3928 = VERTEX_POINT ( 'NONE', #45 ) ;
#3929 = CARTESIAN_POINT ( 'NONE',  ( 165.1843247740931133, 10.00000000000000533, 22.95238970753695895 ) ) ;
#3930 =( LENGTH_UNIT ( ) NAMED_UNIT ( * ) SI_UNIT ( .MILLI., .METRE. ) );
#3932 = VECTOR ( 'NONE', #5110, 1000.000000000000000 ) ;
#3931 = CARTESIAN_POINT ( 'NONE',  ( 169.6065746953147197, 12.99999999999999822, 53.41633506828735278 ) ) ;
#3933 = CARTESIAN_POINT ( 'NONE',  ( 59.24626811365698842, 10.00000000000000178, 37.68610094412792932 ) ) ;
#3934 = PLANE ( 'NONE',  #2148 ) ;
#3935 = EDGE_CURVE ( 'NONE', #4249, #4038, #1163, .T. ) ;
#3936 = CARTESIAN_POINT ( 'NONE',  ( 176.2896941747619621, 13.00000000000000178, 34.51639376932214986 ) ) ;
#3937 = VECTOR ( 'NONE', #4170, 1000.000000000000000 ) ;
#3938 = CARTESIAN_POINT ( 'NONE',  ( 146.4924166026479782, 13.00000000000000178, 49.91278953776419058 ) ) ;
#3939 = CARTESIAN_POINT ( 'NONE',  ( 172.3883279157689117, 10.00000000000000000, 27.63478497724682015 ) ) ;
#3940 = CARTESIAN_POINT ( 'NONE',  ( 85.44131972110812967, 9.999999999999996447, 48.60309960312777378 ) ) ;
#3941 = ORIENTED_EDGE ( 'NONE', *, *, #3429, .F. ) ;
#3942 = ORIENTED_EDGE ( 'NONE', *, *, #971, .F. ) ;
#3943 = DIRECTION ( 'NONE',  ( -0.000000000000000000, -1.000000000000000000, -0.000000000000000000 ) ) ;
#3944 = CARTESIAN_POINT ( 'NONE',  ( 172.3883279157689117, 13.00000000000000178, 27.63478497724682015 ) ) ;
#3945 = CARTESIAN_POINT ( 'NONE',  ( 189.0109240696151005, 13.00000000000000178, 9.524809015708360249 ) ) ;
#3946 = EDGE_CURVE ( 'NONE', #6384, #6904, #3416, .T. ) ;
#3947 = CARTESIAN_POINT ( 'NONE',  ( 44.55331231344702303, 9.999999999999996447, 11.87412789388539913 ) ) ;
#3948 = CARTESIAN_POINT ( 'NONE',  ( 63.30335703289843963, 12.99999999999999822, 41.07094625453101600 ) ) ;
#3949 = CARTESIAN_POINT ( 'NONE',  ( 236.8029883708634600, 12.99999999999999822, 22.22896959312073761 ) ) ;
#3950 = CARTESIAN_POINT ( 'NONE',  ( 27.47246253115355330, 10.00000000000000000, 30.29403978493913030 ) ) ;
#3951 = CARTESIAN_POINT ( 'NONE',  ( 130.9207007750429455, 13.00000000000000178, 44.25142267753992797 ) ) ;
#3952 = FACE_OUTER_BOUND ( 'NONE', #1040, .T. ) ;
#3953 = CARTESIAN_POINT ( 'NONE',  ( 228.0230568943584046, 9.999999999999996447, 28.35774384297299378 ) ) ;
#3954 = EDGE_CURVE ( 'NONE', #7163, #939, #5722, .T. ) ;
#3955 = DIRECTION ( 'NONE',  ( -0.000000000000000000, -1.000000000000000000, -0.000000000000000000 ) ) ;
#3956 = CARTESIAN_POINT ( 'NONE',  ( 272.8893095844219943, 13.00000000000000178, 24.85803738660894524 ) ) ;
#3957 = CARTESIAN_POINT ( 'NONE',  ( 42.16352877540221300, 10.00000000000000178, 29.73152933194667824 ) ) ;
#3958 = CARTESIAN_POINT ( 'NONE',  ( 3.535533905932737309, 0.000000000000000000, 1.885533905932736509 ) ) ;
#3959 = B_SPLINE_CURVE_WITH_KNOTS ( 'NONE', 3,
 ( #3580, #5851, #759, #3011, #912, #1944, #800, #7070, #1358, #3728, #1466 ),
 .UNSPECIFIED., .F., .F.,
 ( 4, 1, 1, 1, 1, 1, 1, 1, 4 ),
 ( 0.000000000000000000, 0.1299810785766150056, 0.2554473120268483943, 0.3772983447181144090, 0.4984417785420209301, 0.6193721253366241131, 0.7418565019578124975, 0.8685636891457529929, 1.000000000000000000 ),
 .UNSPECIFIED. ) ;
#3960 = ORIENTED_EDGE ( 'NONE', *, *, #3663, .T. ) ;
#3961 = CARTESIAN_POINT ( 'NONE',  ( 79.99559380813288101, 9.999999999999998224, 26.77753852415916924 ) ) ;
#3962 = CARTESIAN_POINT ( 'NONE',  ( 131.8228233722805385, 9.999999999999998224, 37.61166940343871090 ) ) ;
#3963 = CARTESIAN_POINT ( 'NONE',  ( 106.6256979586340776, 9.999999999999998224, 51.20966041518818912 ) ) ;
#3964 = CARTESIAN_POINT ( 'NONE',  ( 265.4171740696150437, 13.00000000000000178, 40.39920805416989680 ) ) ;
#3965 = ORIENTED_EDGE ( 'NONE', *, *, #512, .F. ) ;
#3966 = CARTESIAN_POINT ( 'NONE',  ( 84.40663738479717892, 12.99999999999999822, 29.17823151293043438 ) ) ;
#3967 = CARTESIAN_POINT ( 'NONE',  ( 110.4545816644673124, 13.00000000000000178, 28.87227797022667630 ) ) ;
#3968 = CARTESIAN_POINT ( 'NONE',  ( 159.2947933516091155, 13.00000000000000178, 52.20036783345464215 ) ) ;
#3969 = CARTESIAN_POINT ( 'NONE',  ( 263.1590028889793302, 13.00000000000000178, 51.74484640086457432 ) ) ;
#3970 = CARTESIAN_POINT ( 'NONE',  ( 260.6492000753209481, 12.99999999999999822, 55.09867071647092018 ) ) ;
#3971 = VERTEX_POINT ( 'NONE', #2194 ) ;
#3972 = CARTESIAN_POINT ( 'NONE',  ( 221.9070560226478790, 12.99999999999999822, 38.70672605090651786 ) ) ;
#3973 = DIRECTION ( 'NONE',  ( -1.000000000000000000, 0.000000000000000000, 0.000000000000000000 ) ) ;
#3974 = CARTESIAN_POINT ( 'NONE',  ( 183.2416933003842985, 10.00000000000000000, 22.79403978493913030 ) ) ;
#3975 = CARTESIAN_POINT ( 'NONE',  ( 77.95177350855614407, 9.999999999999996447, 52.16701580221901935 ) ) ;
#3976 = ORIENTED_EDGE ( 'NONE', *, *, #2802, .F. ) ;
#3977 = VECTOR ( 'NONE', #3616, 1000.000000000000000 ) ;
#3978 = VERTEX_POINT ( 'NONE', #601 ) ;
#3979 = EDGE_CURVE ( 'NONE', #6271, #6025, #4064, .T. ) ;
#3980 = CARTESIAN_POINT ( 'NONE',  ( 236.3489195411649177, 12.99999999999999822, 56.25228377082063957 ) ) ;
#3981 = CARTESIAN_POINT ( 'NONE',  ( 263.3979433003843269, 13.00000000000000178, 33.66543401570836380 ) ) ;
#3982 = CARTESIAN_POINT ( 'NONE',  ( 117.2502220698011399, 9.999999999999998224, 52.19268125601177388 ) ) ;
#3983 = VECTOR ( 'NONE', #1097, 1000.000000000000227 ) ;
#3984 = CARTESIAN_POINT ( 'NONE',  ( 47.08668296369680917, 13.00000000000000533, 13.26473235322507094 ) ) ;
#3985 = CARTESIAN_POINT ( 'NONE',  ( 64.94789869609790856, 13.00000000000000178, 45.90535232193055037 ) ) ;
#3986 = CARTESIAN_POINT ( 'NONE',  ( 105.3570779157689259, 13.00000000000000178, 39.17324651570835670 ) ) ;
#3987 = CARTESIAN_POINT ( 'NONE',  ( 234.9852740452518560, 10.00000000000000000, 22.23630461204677644 ) ) ;
#3988 = VECTOR ( 'NONE', #5373, 1000.000000000000000 ) ;
#3989 = CARTESIAN_POINT ( 'NONE',  ( 125.3706040804814279, 9.999999999999998224, 23.43130474450449796 ) ) ;
#3990 = ADVANCED_FACE ( 'NONE', ( #83 ), #2356, .T. ) ;
#3991 = CARTESIAN_POINT ( 'NONE',  ( 205.7370729712422701, 13.00000000000000178, 9.181031969797093240 ) ) ;
#3992 = CARTESIAN_POINT ( 'NONE',  ( 269.3887319911849545, 13.00000000000000178, 27.11446266558672846 ) ) ;
#3993 = CARTESIAN_POINT ( 'NONE',  ( 233.3333333333332860, 10.00000000000000000, 94.93724644492834841 ) ) ;
#3994 = DIRECTION ( 'NONE',  ( 0.000000000000000000, 1.471814478723297936E-13, 1.000000000000000000 ) ) ;
#3995 = CARTESIAN_POINT ( 'NONE',  ( 268.6672316658102204, 13.00000000000000178, 22.48762365207000613 ) ) ;
#3996 = CARTESIAN_POINT ( 'NONE',  ( 275.2063624120012264, 13.00000000000000178, 44.06071289298131433 ) ) ;
#3997 = VECTOR ( 'NONE', #737, 1000.000000000000000 ) ;
#3998 = CARTESIAN_POINT ( 'NONE',  ( 251.3186163773073361, 13.00000000000000178, 29.92444843878528005 ) ) ;
#3999 = EDGE_CURVE ( 'NONE', #1861, #2271, #1892, .T. ) ;
#4000 = CARTESIAN_POINT ( 'NONE',  ( 198.8186163773073929, 10.00000000000000000, 22.79403978493913030 ) ) ;
#4001 = CARTESIAN_POINT ( 'NONE',  ( 235.9940971465381949, 13.00000000000000178, 52.21711670801605720 ) ) ;
#4002 = CARTESIAN_POINT ( 'NONE',  ( 210.8936700793861121, 13.00000000000000178, 11.73640158686757395 ) ) ;
#4003 = CARTESIAN_POINT ( 'NONE',  ( 122.1873179283333428, 10.00000000000000178, 22.50417641442074768 ) ) ;
#4004 = ORIENTED_EDGE ( 'NONE', *, *, #6788, .F. ) ;
#4005 = CARTESIAN_POINT ( 'NONE',  ( 89.19091114730322545, 13.00000000000000178, 38.90819494952972235 ) ) ;
#4006 = VERTEX_POINT ( 'NONE', #5796 ) ;
#4007 = DIRECTION ( 'NONE',  ( 0.000000000000000000, 0.000000000000000000, 1.000000000000000000 ) ) ;
#4008 = CARTESIAN_POINT ( 'NONE',  ( 59.45610323032670408, 10.00000000000000178, 36.07989587861327863 ) ) ;
#4009 = VERTEX_POINT ( 'NONE', #4088 ) ;
#4010 = CARTESIAN_POINT ( 'NONE',  ( 256.5109240696150437, 10.00000000000000000, 51.80245324647758309 ) ) ;
#4011 = CARTESIAN_POINT ( 'NONE',  ( 158.0785800838746979, 9.999999999999996447, 56.20912576598387034 ) ) ;
#4012 = ORIENTED_EDGE ( 'NONE', *, *, #1717, .F. ) ;
#4013 = VERTEX_POINT ( 'NONE', #2492 ) ;
#4014 = CARTESIAN_POINT ( 'NONE',  ( 105.3570779157689401, 10.00000000000000355, 49.59391959263143690 ) ) ;
#4015 = B_SPLINE_SURFACE_WITH_KNOTS ( 'NONE', 3, 1, ( 
 ( #3522, #4761 ),
 ( #672, #6901 ),
 ( #5795, #707 ),
 ( #1816, #5756 ),
 ( #4164, #2924 ),
 ( #3598, #6421 ),
 ( #6386, #1232 ),
 ( #7012, #5870 ),
 ( #4727, #785 ),
 ( #1377, #2960 ),
 ( #6312, #1306 ),
 ( #233, #818 ),
 ( #3034, #2453 ),
 ( #6974, #5315 ),
 ( #4201, #118 ),
 ( #157, #6456 ),
 ( #5195, #6936 ),
 ( #1342, #1891 ),
 ( #2489, #1926 ) ),
 .UNSPECIFIED., .F., .F., .F.,
 ( 4, 1, 1, 1, 1, 1, 1, 1, 1, 1, 1, 1, 1, 1, 1, 1, 4 ),
 ( 2, 2 ),
 ( 0.000000000000000000, 0.06454812556425044978, 0.1271991327555120344, 0.1885973380874242933, 0.2486395150940126642, 0.3095246994640579175, 0.3700369910533500839, 0.4318892436070740359, 0.4957042857252940138, 0.5595193278435126594, 0.6213715803972368334, 0.6823971072916417135, 0.7435684819321664030, 0.8054984835712127866, 0.8686397008205244408, 0.9330662250811625480, 0.9999999999999998890 ),
 ( 0.000000000000000000, 1.000000000000000000 ),
 .UNSPECIFIED. ) ;
#4016 = FACE_OUTER_BOUND ( 'NONE', #5344, .T. ) ;
#4017 = CARTESIAN_POINT ( 'NONE',  ( 37.06408285531841074, 10.00000000000000355, 15.29675379394490520 ) ) ;
#4018 = DIRECTION ( 'NONE',  ( -0.000000000000000000, -1.000000000000000000, -0.000000000000000000 ) ) ;
#4019 = CARTESIAN_POINT ( 'NONE',  ( 125.2775580052912545, 10.00000000000000000, 55.03414436465572379 ) ) ;
#4020 = CARTESIAN_POINT ( 'NONE',  ( 153.0264070028575247, 12.99999999999999822, 23.55839006919241285 ) ) ;
#4021 = CARTESIAN_POINT ( 'NONE',  ( 111.1895069002915335, 13.00000000000000178, 50.12789691214565835 ) ) ;
#4022 = CARTESIAN_POINT ( 'NONE',  ( 235.8345657658584855, 13.00000000000000178, 22.22356585556766717 ) ) ;
#4023 = CARTESIAN_POINT ( 'NONE',  ( 116.6661422007914410, 12.99999999999999822, 56.20073752020287827 ) ) ;
#4024 = FACE_OUTER_BOUND ( 'NONE', #1920, .T. ) ;
#4025 = CARTESIAN_POINT ( 'NONE',  ( 262.5706024607688391, 13.00000000000000178, 29.01268217857078469 ) ) ;
#4026 = CARTESIAN_POINT ( 'NONE',  ( 76.85752202814927614, 9.999999999999998224, 22.23025530837256269 ) ) ;
#4027 = LINE ( 'NONE', #6224, #1729 ) ;
#4028 = CARTESIAN_POINT ( 'NONE',  ( 93.19902470771788217, 10.00000000000000000, 37.68007837632379875 ) ) ;
#4029 = EDGE_CURVE ( 'NONE', #4013, #1022, #158, .T. ) ;
#4030 = CARTESIAN_POINT ( 'NONE',  ( 149.5455390901228725, 10.00000000000000000, 47.32828161099949682 ) ) ;
#4031 = CARTESIAN_POINT ( 'NONE',  ( 146.8955394542304589, 9.999999999999996447, 39.35353497724682370 ) ) ;
#4032 = CARTESIAN_POINT ( 'NONE',  ( 59.20323176192279391, 13.00000000000000178, 39.32649170801605720 ) ) ;
#4033 = CARTESIAN_POINT ( 'NONE',  ( 122.0539585869366590, 13.00000000000000178, 26.65908286571546171 ) ) ;
#4034 = CARTESIAN_POINT ( 'NONE',  ( 105.3570779157689401, 13.00000000000000178, 49.59391959263143690 ) ) ;
#4035 = EDGE_CURVE ( 'NONE', #2887, #720, #4762, .T. ) ;
#4036 = CARTESIAN_POINT ( 'NONE',  ( 259.8818887850852093, 13.00000000000000178, 36.09609179393995504 ) ) ;
#4037 = CARTESIAN_POINT ( 'NONE',  ( 128.2857193752618628, 10.00000000000000178, 25.00147412358686694 ) ) ;
#4038 = VERTEX_POINT ( 'NONE', #4728 ) ;
#4039 = CARTESIAN_POINT ( 'NONE',  ( 134.6868161877517878, 13.00000000000000178, 45.81846891216865458 ) ) ;
#4040 = CARTESIAN_POINT ( 'NONE',  ( 172.1544492956492149, 13.00000000000000533, 51.19854884097163250 ) ) ;
#4041 = CARTESIAN_POINT ( 'NONE',  ( 60.30583119668577297, 9.999999999999998224, 33.03760189942122594 ) ) ;
#4042 = PRODUCT_DEFINITION_SHAPE ( 'NONE', 'NONE',  #1890 ) ;
#4043 = B_SPLINE_CURVE_WITH_KNOTS ( 'NONE', 3,
 ( #5812, #3539, #2430, #5734, #1212, #4703, #6955, #3991, #1872, #4145, #614 ),
 .UNSPECIFIED., .F., .F.,
 ( 4, 1, 1, 1, 1, 1, 1, 1, 4 ),
 ( 0.000000000000000000, 0.1232898687277964311, 0.2421490813339711445, 0.3634374760537297244, 0.4897453933413752902, 0.6181148445930051416, 0.7448937812572494765, 0.8689322665891847652, 1.000000000000000000 ),
 .UNSPECIFIED. ) ;
#4044 = ORIENTED_EDGE ( 'NONE', *, *, #6270, .T. ) ;
#4045 = AXIS2_PLACEMENT_3D ( 'NONE', #1053, #5581, #1641 ) ;
#4046 = ADVANCED_FACE ( 'NONE', ( #6902 ), #786, .T. ) ;
#4047 = CARTESIAN_POINT ( 'NONE',  ( 271.4693821640726128, 9.999999999999998224, 46.07248926358627017 ) ) ;
#4048 = CARTESIAN_POINT ( 'NONE',  ( 92.96829744590573341, 13.00000000000000178, 42.60355058100879688 ) ) ;
#4049 = CARTESIAN_POINT ( 'NONE',  ( 210.9340009926920345, 13.00000000000000178, 12.42745324647759553 ) ) ;
#4050 = CARTESIAN_POINT ( 'NONE',  ( 88.80747607095476326, 13.00000000000000178, 42.75250554432709293 ) ) ;
#4051 = VERTEX_POINT ( 'NONE', #708 ) ;
#4052 = VERTEX_POINT ( 'NONE', #2961 ) ;
#4053 = CARTESIAN_POINT ( 'NONE',  ( 205.7370511764878245, 13.00000000000000178, 15.63783027236972245 ) ) ;
#4054 = CARTESIAN_POINT ( 'NONE',  ( 69.05486384797013955, 10.00000000000000000, 28.39901308298623661 ) ) ;
#4055 = CARTESIAN_POINT ( 'NONE',  ( 172.8570779157689401, 10.00000000000000355, 39.35353497724682370 ) ) ;
#4056 = VECTOR ( 'NONE', #3321, 1000.000000000000000 ) ;
#4057 = CARTESIAN_POINT ( 'NONE',  ( 47.83648981677112033, 9.999999999999996447, 13.86217964167699179 ) ) ;
#4058 = CARTESIAN_POINT ( 'NONE',  ( 151.4285223591319038, 13.00000000000000178, 24.31586953115352046 ) ) ;
#4059 = CARTESIAN_POINT ( 'NONE',  ( 256.5109240696150437, 13.00000000000000178, 51.80245324647758309 ) ) ;
#4060 = B_SPLINE_CURVE_WITH_KNOTS ( 'NONE', 3,
 ( #7043, #1371, #4792, #4345, #6488, #3630, #5973, #3177, #7085, #888, #299 ),
 .UNSPECIFIED., .F., .F.,
 ( 4, 1, 1, 1, 1, 1, 1, 1, 4 ),
 ( 0.000000000000000000, 0.1283242377690987646, 0.2525844750621367707, 0.3735064833109031923, 0.4933644513855727221, 0.6146085973434214367, 0.7384702442356674279, 0.8659947178700190262, 1.000000000000000000 ),
 .UNSPECIFIED. ) ;
#4061 = CARTESIAN_POINT ( 'NONE',  ( 224.8676866677028272, 13.00000000000000178, 25.70860383139527627 ) ) ;
#4062 = CARTESIAN_POINT ( 'NONE',  ( 135.6449239144246235, 10.00000000000000355, 35.88015058724720063 ) ) ;
#4063 = CARTESIAN_POINT ( 'NONE',  ( 3.505202749622875924, 10.00000000000000000, 85.13552925583975650 ) ) ;
#4064 = B_SPLINE_CURVE_WITH_KNOTS ( 'NONE', 3,
 ( #4575, #6243, #5053, #4048, #634, #1678, #1710, #6829, #1126, #6790, #1200, #3307, #1167, #1750, #2823, #2854, #6280, #4470, #1056 ),
 .UNSPECIFIED., .F., .F.,
 ( 4, 1, 1, 1, 1, 1, 1, 1, 1, 1, 1, 1, 1, 1, 1, 1, 4 ),
 ( 0.000000000000000000, 0.06241602615881760435, 0.1233369785373299166, 0.1832651398530922571, 0.2431724430697090877, 0.3028983539197451780, 0.3637735975039100289, 0.4256053049523823018, 0.4896590425101844946, 0.5537845767921165674, 0.6162215328110730583, 0.6778544713083421991, 0.7395168974879383628, 0.8020965355763715054, 0.8658658412779716151, 0.9315077951965115011, 1.000000000000000000 ),
 .UNSPECIFIED. ) ;
#4065 = LINE ( 'NONE', #1247, #6184 ) ;
#4066 = FACE_OUTER_BOUND ( 'NONE', #2825, .T. ) ;
#4067 = LINE ( 'NONE', #1147, #2321 ) ;
#4068 = CARTESIAN_POINT ( 'NONE',  ( 259.1500939141004665, 13.00000000000000178, 26.69132499093964128 ) ) ;
#4069 = CARTESIAN_POINT ( 'NONE',  ( 158.1468982368325555, 10.00000000000000178, 52.16730602032075126 ) ) ;
#4070 = CARTESIAN_POINT ( 'NONE',  ( 157.3105845103161187, 10.00000000000000178, 26.47868540446017604 ) ) ;
#4071 = CARTESIAN_POINT ( 'NONE',  ( 38.92508715617292836, 13.00000000000000178, 30.24787815670686442 ) ) ;
#4072 = ADVANCED_FACE ( 'NONE', ( #5836 ), #1378, .T. ) ;
#4073 = DIRECTION ( 'NONE',  ( -0.000000000000000000, 1.000000000000000000, -0.000000000000000000 ) ) ;
#4074 = CARTESIAN_POINT ( 'NONE',  ( 225.7090602570890780, 9.999999999999996447, 53.53976768786175455 ) ) ;
#4075 = CARTESIAN_POINT ( 'NONE',  ( 210.3280444245058334, 12.99999999999999467, 10.47229235292908456 ) ) ;
#4076 = CARTESIAN_POINT ( 'NONE',  ( 135.9184430496081006, 13.00000000000000178, 38.71567544425733587 ) ) ;
#4077 = VERTEX_POINT ( 'NONE', #3564 ) ;
#4078 = B_SPLINE_SURFACE_WITH_KNOTS ( 'NONE', 3, 1, ( 
 ( #359, #286 ),
 ( #212, #3010 ),
 ( #2582, #1433 ),
 ( #836, #6470 ),
 ( #3654, #5923 ),
 ( #5400, #5996 ),
 ( #2615, #3088 ),
 ( #2469, #4891 ),
 ( #1357, #3727 ),
 ( #6544, #5367 ),
 ( #4852, #2543 ),
 ( #4179, #4816 ),
 ( #2506, #5961 ),
 ( #6578, #1396 ),
 ( #7107, #757 ) ),
 .UNSPECIFIED., .F., .F., .F.,
 ( 4, 1, 1, 1, 1, 1, 1, 1, 1, 1, 1, 1, 4 ),
 ( 2, 2 ),
 ( 0.000000000000000000, 0.08473274469801539421, 0.1681786536463126258, 0.2514881976122797513, 0.3358406713894905860, 0.4198344941507963779, 0.5023448759880098091, 0.5836490197324397666, 0.6659310052762729137, 0.7487165252643914748, 0.8310473361373631462, 0.9144098067945605202, 0.9999999999999998890 ),
 ( 0.000000000000000000, 1.000000000000000000 ),
 .UNSPECIFIED. ) ;
#4079 = DIRECTION ( 'NONE',  ( 0.000000000000000000, 0.000000000000000000, 1.000000000000000000 ) ) ;
#4080 = ORIENTED_EDGE ( 'NONE', *, *, #3691, .F. ) ;
#4081 = COORDINATED_UNIVERSAL_TIME_OFFSET ( 5, 0, .BEHIND. ) ;
#4082 = VERTEX_POINT ( 'NONE', #3035 ) ;
#4083 = EDGE_CURVE ( 'NONE', #456, #939, #6717, .T. ) ;
#4084 = CARTESIAN_POINT ( 'NONE',  ( 176.2553153527584868, 13.00000000000000178, 44.17462687267801869 ) ) ;
#4085 = FACE_OUTER_BOUND ( 'NONE', #5755, .T. ) ;
#4086 = ORIENTED_EDGE ( 'NONE', *, *, #3348, .F. ) ;
#4087 = CARTESIAN_POINT ( 'NONE',  ( 270.4021500311535533, 10.00000000000000000, 43.78863113109296989 ) ) ;
#4088 = CARTESIAN_POINT ( 'NONE',  ( 268.0944577234612325, 9.999999999999998224, 37.05485709263143690 ) ) ;
#4089 = CARTESIAN_POINT ( 'NONE',  ( 105.3570779157689259, 13.00000000000000178, 49.59391959263142979 ) ) ;
#4090 = ORIENTED_EDGE ( 'NONE', *, *, #3804, .F. ) ;
#4091 = CARTESIAN_POINT ( 'NONE',  ( 258.2559080887428422, 10.00000000000000000, 31.30858997844741864 ) ) ;
#4092 = ORIENTED_EDGE ( 'NONE', *, *, #1815, .T. ) ;
#4093 = EDGE_CURVE ( 'NONE', #747, #6604, #1272, .T. ) ;
#4094 = CARTESIAN_POINT ( 'NONE',  ( 259.4528928967475849, 10.00000000000000000, 54.45387583687739408 ) ) ;
#4095 = CARTESIAN_POINT ( 'NONE',  ( 263.7182505564711619, 9.999999999999998224, 34.05898908707817441 ) ) ;
#4096 = CARTESIAN_POINT ( 'NONE',  ( 146.8955394542304589, 9.999999999999996447, 39.35353497724682370 ) ) ;
#4097 = CARTESIAN_POINT ( 'NONE',  ( 236.5841083987627940, 10.00000000000000000, 26.27182945671576775 ) ) ;
#4098 = CARTESIAN_POINT ( 'NONE',  ( 105.3570779157689259, 13.00000000000000178, 28.76158786186220340 ) ) ;
#4099 = CARTESIAN_POINT ( 'NONE',  ( 115.9301609022864312, 13.00000000000000533, 52.00014504249646308 ) ) ;
#4100 = CARTESIAN_POINT ( 'NONE',  ( 230.1527899054623845, 12.99999999999999822, 23.08526769261056799 ) ) ;
#4101 = CARTESIAN_POINT ( 'NONE',  ( 275.5219040591982775, 10.00000000000000178, 47.71949465801036183 ) ) ;
#4102 = ORIENTED_EDGE ( 'NONE', *, *, #6311, .T. ) ;
#4103 = CARTESIAN_POINT ( 'NONE',  ( 112.9358451560206760, 13.00000000000000178, 55.38712994231157438 ) ) ;
#4104 = CARTESIAN_POINT ( 'NONE',  ( 203.4340009926919777, 13.00000000000000178, 12.42745324647759375 ) ) ;
#4105 = VECTOR ( 'NONE', #7259, 1000.000000000000000 ) ;
#4106 = CARTESIAN_POINT ( 'NONE',  ( 169.0951658749542332, 12.99999999999999822, 48.60309960312774535 ) ) ;
#4107 = DIRECTION ( 'NONE',  ( 0.5277574880377926547, -0.000000000000000000, 0.8493950987732619140 ) ) ;
#4108 = CARTESIAN_POINT ( 'NONE',  ( 266.9111384130679880, 13.00000000000000178, 56.22870775773573371 ) ) ;
#4109 = CARTESIAN_POINT ( 'NONE',  ( 261.1915930504508765, 10.00000000000000000, 24.09539266686805092 ) ) ;
#4110 = PLANE ( 'NONE',  #7196 ) ;
#4111 = VECTOR ( 'NONE', #1436, 1000.000000000000000 ) ;
#4112 = CYLINDRICAL_SURFACE ( 'NONE', #146, 1.500000000000001332 ) ;
#4113 = VECTOR ( 'NONE', #6833, 1000.000000000000000 ) ;
#4114 = CARTESIAN_POINT ( 'NONE',  ( 42.97222426940838602, 12.99999999999999822, 29.47179414296125444 ) ) ;
#4115 = CARTESIAN_POINT ( 'NONE',  ( 122.0539585869366590, 9.999999999999998224, 26.65908286571546171 ) ) ;
#4116 = VECTOR ( 'NONE', #3224, 1000.000000000000000 ) ;
#4117 = FACE_OUTER_BOUND ( 'NONE', #4158, .T. ) ;
#4118 = CARTESIAN_POINT ( 'NONE',  ( 209.8362344528934216, 13.00000000000000178, 9.950942365596013417 ) ) ;
#4119 = CARTESIAN_POINT ( 'NONE',  ( 133.1217827999018652, 12.99999999999999822, 29.80199155387397170 ) ) ;
#4120 = ORIENTED_EDGE ( 'NONE', *, *, #7077, .T. ) ;
#4121 = CARTESIAN_POINT ( 'NONE',  ( 61.71852878171456780, 12.99999999999999822, 30.21982703765837996 ) ) ;
#4122 = ORIENTED_EDGE ( 'NONE', *, *, #4171, .F. ) ;
#4123 = APPROVAL_STATUS ( 'not_yet_approved' ) ;
#4124 = CARTESIAN_POINT ( 'NONE',  ( 154.9142573923529369, 9.999999999999996447, 27.19291975153880969 ) ) ;
#4125 = ORIENTED_EDGE ( 'NONE', *, *, #6143, .T. ) ;
#4126 = FACE_BOUND ( 'NONE', #6954, .T. ) ;
#4127 = EDGE_CURVE ( 'NONE', #5352, #6015, #5038, .T. ) ;
#4128 = CARTESIAN_POINT ( 'NONE',  ( 142.8570779157689685, 13.00000000000000178, 39.32649170801605720 ) ) ;
#4129 = B_SPLINE_CURVE_WITH_KNOTS ( 'NONE', 3,
 ( #900, #3151, #6391, #5841, #5279, #239, #7019, #4207, #1014, #389, #7212 ),
 .UNSPECIFIED., .F., .F.,
 ( 4, 1, 1, 1, 1, 1, 1, 1, 4 ),
 ( 0.000000000000000000, 0.1582230975563203301, 0.3050355053581685905, 0.4413089638879046928, 0.5659632271047256857, 0.6835251144150593650, 0.7933341296296032574, 0.8985175121609998428, 1.000000000000000000 ),
 .UNSPECIFIED. ) ;
#4130 = FACE_OUTER_BOUND ( 'NONE', #1668, .T. ) ;
#4131 = VERTEX_POINT ( 'NONE', #5980 ) ;
#4132 = ORIENTED_EDGE ( 'NONE', *, *, #3106, .F. ) ;
#4133 = CARTESIAN_POINT ( 'NONE',  ( 46.40369510248755347, 13.00000000000000178, 32.68987437362772397 ) ) ;
#4134 = B_SPLINE_CURVE_WITH_KNOTS ( 'NONE', 3,
 ( #1756, #19, #3455, #574, #2897, #2274, #5591, #6873, #4549, #1064, #4478, #6730, #6840, #2346, #1719, #607, #3982, #1650, #4585 ),
 .UNSPECIFIED., .F., .F.,
 ( 4, 1, 1, 1, 1, 1, 1, 1, 1, 1, 1, 1, 1, 1, 1, 1, 4 ),
 ( 0.000000000000000000, 0.06564569989351910773, 0.1292115114517270458, 0.1912533534191533102, 0.2519584927837460464, 0.3125641358481264231, 0.3735621529251152428, 0.4352304980090151987, 0.4985361736141470934, 0.5619014030194714460, 0.6240980803890657791, 0.6850233969672184786, 0.7460507790253081417, 0.8075767540633218555, 0.8699430039935970305, 0.9339390434195647961, 0.9999999999999998890 ),
 .UNSPECIFIED. ) ;
#4135 = CARTESIAN_POINT ( 'NONE',  ( 101.3186163773073929, 13.00000000000000178, 9.524809015708360249 ) ) ;
#4136 = DIRECTION ( 'NONE',  ( 1.000000000000000000, 0.000000000000000000, -0.000000000000000000 ) ) ;
#4137 = DIRECTION ( 'NONE',  ( -0.000000000000000000, -1.000000000000000000, -0.000000000000000000 ) ) ;
#4138 = CARTESIAN_POINT ( 'NONE',  ( 27.47246253115355330, 10.00000000000000000, 15.29403978493913030 ) ) ;
#4139 = EDGE_CURVE ( 'NONE', #7089, #4082, #418, .T. ) ;
#4140 = CARTESIAN_POINT ( 'NONE',  ( 105.3937028439459027, 10.00000000000000000, 40.52188144587405105 ) ) ;
#4141 = DIRECTION ( 'NONE',  ( 0.000000000000000000, 0.000000000000000000, -1.000000000000000000 ) ) ;
#4142 = ORIENTED_EDGE ( 'NONE', *, *, #2878, .T. ) ;
#4143 = CARTESIAN_POINT ( 'NONE',  ( 275.5493856080766477, 10.00000000000000000, 46.75437632340067040 ) ) ;
#4144 = EDGE_LOOP ( 'NONE', ( #5840, #2413, #3778, #5378 ) ) ;
#4145 = CARTESIAN_POINT ( 'NONE',  ( 206.9182352259628885, 13.00000000000000178, 8.959066850737237075 ) ) ;
#4146 = LINE ( 'NONE', #1180, #3695 ) ;
#4147 = CARTESIAN_POINT ( 'NONE',  ( 169.0951658749542332, 9.999999999999996447, 48.60309960312774535 ) ) ;
#4148 = B_SPLINE_SURFACE_WITH_KNOTS ( 'NONE', 3, 1, ( 
 ( #7341, #1072 ),
 ( #1622, #3463 ),
 ( #2284, #2244 ),
 ( #1181, #4520 ),
 ( #1142, #2355 ),
 ( #5736, #6772 ),
 ( #1764, #651 ),
 ( #3884, #3953 ),
 ( #3394, #5666 ),
 ( #6153, #581 ),
 ( #616, #4558 ),
 ( #3322, #2768 ),
 ( #5034, #2212 ),
 ( #6736, #1657 ),
 ( #3918, #5700 ),
 ( #2869, #1248 ),
 ( #760, #2133 ),
 ( #3972, #194 ),
 ( #997, #406 ) ),
 .UNSPECIFIED., .F., .F., .F.,
 ( 4, 1, 1, 1, 1, 1, 1, 1, 1, 1, 1, 1, 1, 1, 1, 1, 4 ),
 ( 2, 2 ),
 ( 0.000000000000000000, 0.06952164132604521374, 0.1369209822612549032, 0.2019692428653316607, 0.2654615503849171443, 0.3282478845128380396, 0.3908167166700973194, 0.4535501756793823835, 0.5175419816323165723, 0.5807383719174793457, 0.6419215091741667933, 0.7015967244089308386, 0.7603128802455011437, 0.8187565130146952086, 0.8777180795361955168, 0.9380940530276961065, 1.000000000000000000 ),
 ( 0.000000000000000000, 1.000000000000000000 ),
 .UNSPECIFIED. ) ;
#4149 = CARTESIAN_POINT ( 'NONE',  ( 247.7290339019961891, 9.999999999999996447, 25.80863165541087056 ) ) ;
#4150 = CARTESIAN_POINT ( 'NONE',  ( 270.4021500311535533, 13.00000000000000178, 43.78863113109296989 ) ) ;
#4151 = ADVANCED_FACE ( 'NONE', ( #1521 ), #7241, .T. ) ;
#4152 = CARTESIAN_POINT ( 'NONE',  ( 165.9486976088024051, 13.00000000000000178, 27.73711313570966297 ) ) ;
#4153 = CARTESIAN_POINT ( 'NONE',  ( 221.7756970798867258, 13.00000000000000533, 50.16148654186650191 ) ) ;
#4154 = CARTESIAN_POINT ( 'NONE',  ( 264.4328390870320504, 10.00000000000000000, 39.84975615204832167 ) ) ;
#4155 = CARTESIAN_POINT ( 'NONE',  ( 270.5741465119877489, 9.999999999999998224, 49.85736169130058926 ) ) ;
#4156 = CARTESIAN_POINT ( 'NONE',  ( 3.535533905932737309, 0.000000000000000000, 3.535533905932737309 ) ) ;
#4157 = CARTESIAN_POINT ( 'NONE',  ( 258.5646062806918621, 12.99999999999999822, 28.24226872439070490 ) ) ;
#4158 = EDGE_LOOP ( 'NONE', ( #4473, #2893, #1848, #2560 ) ) ;
#4159 = FACE_OUTER_BOUND ( 'NONE', #2675, .T. ) ;
#4160 = EDGE_LOOP ( 'NONE', ( #5011, #2605 ) ) ;
#4161 = FACE_OUTER_BOUND ( 'NONE', #6381, .T. ) ;
#4162 = CARTESIAN_POINT ( 'NONE',  ( 146.9321177512198915, 9.999999999999992895, 38.03184166138065336 ) ) ;
#4163 = ORIENTED_EDGE ( 'NONE', *, *, #1321, .F. ) ;
#4164 = CARTESIAN_POINT ( 'NONE',  ( 275.1771649315566606, 13.00000000000000178, 49.56410106534852389 ) ) ;
#4165 = DIRECTION ( 'NONE',  ( -0.000000000000000000, -1.000000000000000000, -0.000000000000000000 ) ) ;
#4166 = EDGE_LOOP ( 'NONE', ( #3407, #6159 ) ) ;
#4167 = CARTESIAN_POINT ( 'NONE',  ( 258.2416933003842701, 10.00000000000000000, 30.84391959263143335 ) ) ;
#4168 = ORIENTED_EDGE ( 'NONE', *, *, #1858, .T. ) ;
#4169 = AXIS2_PLACEMENT_3D ( 'NONE', #6618, #1133, #3909 ) ;
#4170 = DIRECTION ( 'NONE',  ( -0.000000000000000000, -1.000000000000000000, -0.000000000000000000 ) ) ;
#4171 = EDGE_CURVE ( 'NONE', #3653, #1883, #4362, .T. ) ;
#4172 = CARTESIAN_POINT ( 'NONE',  ( 266.6666666666666856, 10.00000000000000000, 96.43724644492834841 ) ) ;
#4173 = CARTESIAN_POINT ( 'NONE',  ( 263.5156199598494595, 13.00000000000000178, 27.57576025939050268 ) ) ;
#4174 = CARTESIAN_POINT ( 'NONE',  ( 47.64931438089493554, 13.00000000000000178, 22.34201103478820372 ) ) ;
#4175 = DIRECTION ( 'NONE',  ( 0.000000000000000000, 0.000000000000000000, 1.000000000000000000 ) ) ;
#4176 = CARTESIAN_POINT ( 'NONE',  ( 105.3937028439459027, 13.00000000000000178, 40.52188144587405105 ) ) ;
#4177 = CARTESIAN_POINT ( 'NONE',  ( 86.54380186426011790, 13.00000000000000533, 47.32492151431059568 ) ) ;
#4178 = EDGE_LOOP ( 'NONE', ( #5024, #2566, #4242, #3417 ) ) ;
#4179 = CARTESIAN_POINT ( 'NONE',  ( 72.81338601668439026, 12.99999999999999822, 51.83466997521324515 ) ) ;
#4180 = ADVANCED_FACE ( 'NONE', ( #5426 ), #3184, .T. ) ;
#4181 = CARTESIAN_POINT ( 'NONE',  ( 243.9742009659532869, 10.00000000000000178, 54.74485690923872738 ) ) ;
#4182 = AXIS2_PLACEMENT_3D ( 'NONE', #2218, #4490, #1662 ) ;
#4183 = CARTESIAN_POINT ( 'NONE',  ( 159.8763086849996853, 13.00000000000000178, 52.21711670801605010 ) ) ;
#4184 = CARTESIAN_POINT ( 'NONE',  ( 249.7017568867721877, 13.00000000000000178, 27.64936132421310333 ) ) ;
#4185 = CARTESIAN_POINT ( 'NONE',  ( 169.0951658749542332, 9.999999999999998224, 48.60309960312774535 ) ) ;
#4186 = CARTESIAN_POINT ( 'NONE',  ( 170.7032888496189571, 13.00000000000000533, 32.08992724252957629 ) ) ;
#4187 = DIRECTION ( 'NONE',  ( -0.000000000000000000, 1.000000000000000000, -0.000000000000000000 ) ) ;
#4188 = CARTESIAN_POINT ( 'NONE',  ( 61.04161329092845989, 13.00000000000000178, 47.15415927008318420 ) ) ;
#4189 = CARTESIAN_POINT ( 'NONE',  ( 142.8715204774586027, 10.00000000000000000, 38.77599326082142284 ) ) ;
#4190 = EDGE_CURVE ( 'NONE', #3112, #2569, #5499, .T. ) ;
#4191 = DIRECTION ( 'NONE',  ( -0.000000000000000000, -1.000000000000000000, -0.000000000000000000 ) ) ;
#4192 = CARTESIAN_POINT ( 'NONE',  ( 218.1549872692018823, 10.00000000000000000, 42.86073662931383410 ) ) ;
#4193 = CARTESIAN_POINT ( 'NONE',  ( 85.44131972110812967, 9.999999999999998224, 48.60309960312777378 ) ) ;
#4194 = EDGE_LOOP ( 'NONE', ( #2505, #5752, #4355, #274 ) ) ;
#4195 = CARTESIAN_POINT ( 'NONE',  ( 60.94245507957503349, 13.00000000000000178, 31.60074629319679929 ) ) ;
#4196 = ORIENTED_EDGE ( 'NONE', *, *, #2716, .T. ) ;
#4197 = CARTESIAN_POINT ( 'NONE',  ( 71.26041123850679071, 13.00000000000000178, 27.19291975153882035 ) ) ;
#4198 = DATE_AND_TIME ( #5941, #6747 ) ;
#4199 = CARTESIAN_POINT ( 'NONE',  ( 159.4399679680057886, 9.999999999999992895, 26.26798013943248122 ) ) ;
#4200 = ORIENTED_EDGE ( 'NONE', *, *, #1039, .T. ) ;
#4201 = CARTESIAN_POINT ( 'NONE',  ( 268.8145104055299726, 13.00000000000000178, 55.88625399897613732 ) ) ;
#4202 = CARTESIAN_POINT ( 'NONE',  ( 233.3333333333332860, 20.00000000000000000, 96.43724644492834841 ) ) ;
#4203 = PLANE ( 'NONE',  #6073 ) ;
#4204 = VERTEX_POINT ( 'NONE', #2671 ) ;
#4205 = CARTESIAN_POINT ( 'NONE',  ( 72.62988083327223876, 13.00000000000000178, 22.53026633880273621 ) ) ;
#4206 = ORIENTED_EDGE ( 'NONE', *, *, #5958, .F. ) ;
#4207 = CARTESIAN_POINT ( 'NONE',  ( 267.9657652985300729, 10.00000000000000355, 26.45946826999359303 ) ) ;
#4208 = B_SPLINE_SURFACE_WITH_KNOTS ( 'NONE', 3, 1, ( 
 ( #4883, #4358 ),
 ( #2120, #4392 ),
 ( #6607, #5466 ),
 ( #7136, #4950 ),
 ( #459, #2714 ),
 ( #422, #4981 ),
 ( #2676, #979 ),
 ( #5015, #3863 ),
 ( #6640, #7245 ),
 ( #6061, #491 ),
 ( #4430, #3263 ) ),
 .UNSPECIFIED., .F., .F., .F.,
 ( 4, 1, 1, 1, 1, 1, 1, 1, 4 ),
 ( 2, 2 ),
 ( 0.000000000000000000, 0.1284975211375124771, 0.2527129855154524041, 0.3748191325670450214, 0.4964364263727303883, 0.6179105567458506032, 0.7412876173092904919, 0.8687004007446070819, 1.000000000000000000 ),
 ( 0.000000000000000000, 1.000000000000000000 ),
 .UNSPECIFIED. ) ;
#4209 = DIRECTION ( 'NONE',  ( 0.000000000000000000, 1.000000000000000000, 0.000000000000000000 ) ) ;
#4210 = CARTESIAN_POINT ( 'NONE',  ( 164.8252586888745554, 10.00000000000000178, 27.18829004263530180 ) ) ;
#4211 = DIRECTION ( 'NONE',  ( -0.000000000000000000, -1.000000000000000000, -0.000000000000000000 ) ) ;
#4212 = CARTESIAN_POINT ( 'NONE',  ( 147.7814856245650788, 13.00000000000000178, 27.22500759893230793 ) ) ;
#4213 = CARTESIAN_POINT ( 'NONE',  ( 105.3694165355568657, 13.00000000000000178, 39.62758989504941809 ) ) ;
#4214 = EDGE_CURVE ( 'NONE', #1571, #2845, #386, .T. ) ;
#4215 = DIRECTION ( 'NONE',  ( -0.000000000000000000, -1.000000000000000000, -0.000000000000000000 ) ) ;
#4216 = ORIENTED_EDGE ( 'NONE', *, *, #1140, .F. ) ;
#4217 = CARTESIAN_POINT ( 'NONE',  ( 163.2829519359812593, 13.00000000000000178, 51.83634526286678579 ) ) ;
#4218 = LINE ( 'NONE', #6472, #2509 ) ;
#4219 = CARTESIAN_POINT ( 'NONE',  ( 171.9061096303393867, 10.00000000000000000, 44.36981161685031338 ) ) ;
#4220 = CARTESIAN_POINT ( 'NONE',  ( 239.4707373377865167, 10.00000000000000355, 22.45162735989194758 ) ) ;
#4221 = CARTESIAN_POINT ( 'NONE',  ( 170.1976480181062357, 9.999999999999998224, 47.32492151431057437 ) ) ;
#4222 = FACE_OUTER_BOUND ( 'NONE', #4317, .T. ) ;
#4223 = LINE ( 'NONE', #6408, #3988 ) ;
#4224 = EDGE_CURVE ( 'NONE', #1663, #5618, #5462, .T. ) ;
#4225 = CARTESIAN_POINT ( 'NONE',  ( 171.3772190463320442, 12.99999999999999822, 33.17030944754938560 ) ) ;
#4226 = LINE ( 'NONE', #4787, #6308 ) ;
#4227 = VECTOR ( 'NONE', #7285, 1000.000000000000000 ) ;
#4228 = AXIS2_PLACEMENT_3D ( 'NONE', #4156, #733, #7198 ) ;
#4229 = CARTESIAN_POINT ( 'NONE',  ( 160.5050774056340970, 10.00000000000000178, 56.23992967380382879 ) ) ;
#4230 = CARTESIAN_POINT ( 'NONE',  ( 267.1606808375588571, 10.00000000000000000, 41.36634067692594385 ) ) ;
#4231 = CARTESIAN_POINT ( 'NONE',  ( 266.5529913773073645, 13.00000000000000178, 26.25557824647759020 ) ) ;
#4232 = EDGE_CURVE ( 'NONE', #458, #587, #4910, .T. ) ;
#4233 = DIRECTION ( 'NONE',  ( 0.000000000000000000, 0.000000000000000000, 1.000000000000000000 ) ) ;
#4234 = EDGE_CURVE ( 'NONE', #6401, #3538, #5924, .T. ) ;
#4235 = DIRECTION ( 'NONE',  ( 0.000000000000000000, 1.000000000000000000, 0.000000000000000000 ) ) ;
#4236 = ORIENTED_EDGE ( 'NONE', *, *, #4643, .F. ) ;
#4237 = CARTESIAN_POINT ( 'NONE',  ( 275.5293659199977583, 10.00000000000000000, 46.29326218296000661 ) ) ;
#4238 = VECTOR ( 'NONE', #1036, 1000.000000000000000 ) ;
#4239 = DATE_TIME_ROLE ( 'classification_date' ) ;
#4240 = CARTESIAN_POINT ( 'NONE',  ( 149.0383198186070501, 12.99999999999999822, 32.08673713101787683 ) ) ;
#4241 = AXIS2_PLACEMENT_3D ( 'NONE', #3895, #1082, #5678 ) ;
#4242 = ORIENTED_EDGE ( 'NONE', *, *, #4371, .T. ) ;
#4243 = DIRECTION ( 'NONE',  ( 0.000000000000000000, 0.000000000000000000, 1.000000000000000000 ) ) ;
#4244 = EDGE_CURVE ( 'NONE', #3526, #6566, #4280, .T. ) ;
#4245 = EDGE_LOOP ( 'NONE', ( #5903, #1638, #4977, #1301, #6713, #6096 ) ) ;
#4246 = CARTESIAN_POINT ( 'NONE',  ( 116.8274981711539624, 13.00000000000000533, 22.27069165587633748 ) ) ;
#4247 = ORIENTED_EDGE ( 'NONE', *, *, #3521, .T. ) ;
#4248 = CARTESIAN_POINT ( 'NONE',  ( 266.6666666666666856, 10.00000000000000000, 94.93724644492831999 ) ) ;
#4249 = VERTEX_POINT ( 'NONE', #3146 ) ;
#4250 = FACE_BOUND ( 'NONE', #3764, .T. ) ;
#4251 = CARTESIAN_POINT ( 'NONE',  ( 230.4388068834161345, 12.99999999999999822, 51.30008438909489854 ) ) ;
#4252 = CARTESIAN_POINT ( 'NONE',  ( 153.3350953831264576, 13.00000000000000178, 50.60091485706211500 ) ) ;
#4253 = CARTESIAN_POINT ( 'NONE',  ( 247.5675380257444260, 9.999999999999998224, 31.56415823778486995 ) ) ;
#4254 = CARTESIAN_POINT ( 'NONE',  ( 116.9265214362276595, 12.99999999999999822, 26.31527195795714391 ) ) ;
#4255 = CARTESIAN_POINT ( 'NONE',  ( 210.6723678436183889, 10.00000000000000355, 11.07993337386795396 ) ) ;
#4256 = CARTESIAN_POINT ( 'NONE',  ( 250.7180416316992648, 13.00000000000000178, 49.54738520409396330 ) ) ;
#4257 = EDGE_LOOP ( 'NONE', ( #4419, #7087 ) ) ;
#4258 = CARTESIAN_POINT ( 'NONE',  ( 167.8178200293728537, 13.00000000000000178, 49.68871016550137654 ) ) ;
#4259 = CARTESIAN_POINT ( 'NONE',  ( 244.9815670832624903, 10.00000000000000000, 54.27548991795875111 ) ) ;
#4260 = CC_DESIGN_PERSON_AND_ORGANIZATION_ASSIGNMENT ( #6932, #2994, ( #3551 ) ) ;
#4261 = CARTESIAN_POINT ( 'NONE',  ( 236.2645298388458173, 13.00000000000000178, 22.21711670801605010 ) ) ;
#4262 = CARTESIAN_POINT ( 'NONE',  ( 296.5030604351463808, 0.000000000000000000, 91.13552925583975650 ) ) ;
#4263 = CARTESIAN_POINT ( 'NONE',  ( 268.6672316658102204, 10.00000000000000000, 22.48762365207000613 ) ) ;
#4264 = DIRECTION ( 'NONE',  ( 0.000000000000000000, -0.000000000000000000, -1.000000000000000000 ) ) ;
#4265 = CARTESIAN_POINT ( 'NONE',  ( 76.24049137730740711, 13.00000000000000178, 22.21711670801605010 ) ) ;
#4266 = CARTESIAN_POINT ( 'NONE',  ( 37.34941930731281445, 10.00000000000000355, 10.76729805873414492 ) ) ;
#4267 = EDGE_CURVE ( 'NONE', #2110, #5150, #2804, .T. ) ;
#4268 = CARTESIAN_POINT ( 'NONE',  ( 217.8570779157689401, 10.00000000000000000, 39.50678016955452421 ) ) ;
#4269 = CARTESIAN_POINT ( 'NONE',  ( 259.1500939141004665, 13.00000000000000178, 26.69132499093964128 ) ) ;
#4270 = DIRECTION ( 'NONE',  ( -0.000000000000000000, -1.000000000000000000, -0.000000000000000000 ) ) ;
#4271 = B_SPLINE_SURFACE_WITH_KNOTS ( 'NONE', 3, 1, ( 
 ( #462, #6928 ),
 ( #4433, #699 ),
 ( #4609, #1055 ),
 ( #1603, #4003 ),
 ( #660, #6891 ),
 ( #625, #7248 ),
 ( #2159, #5185 ),
 ( #2407, #4037 ),
 ( #6303, #3472 ),
 ( #4680, #1224 ),
 ( #5018, #1847 ),
 ( #4119, #5746 ),
 ( #3555, #1806 ),
 ( #3869, #108 ),
 ( #6681, #6137 ),
 ( #496, #2367 ),
 ( #2916, #4642 ),
 ( #4076, #7286 ),
 ( #2877, #3305 ) ),
 .UNSPECIFIED., .F., .F., .F.,
 ( 4, 1, 1, 1, 1, 1, 1, 1, 1, 1, 1, 1, 1, 1, 1, 1, 4 ),
 ( 2, 2 ),
 ( 0.000000000000000000, 0.06464861735468220572, 0.1278213343090064957, 0.1894192519051234591, 0.2503721856209438212, 0.3111374751755918155, 0.3728252975636848765, 0.4354631820975402023, 0.5001282495925020166, 0.5647725372671502653, 0.6273442527991455187, 0.6889194464052625921, 0.7498291996276857940, 0.8105779045174705821, 0.8721758221135882394, 0.9350171406703067234, 0.9999999999999998890 ),
 ( 0.000000000000000000, 1.000000000000000000 ),
 .UNSPECIFIED. ) ;
#4272 = ORIENTED_EDGE ( 'NONE', *, *, #6162, .F. ) ;
#4273 = CYLINDRICAL_SURFACE ( 'NONE', #393, 1.500000000000001332 ) ;
#4274 = ORIENTED_EDGE ( 'NONE', *, *, #5220, .F. ) ;
#4275 = CARTESIAN_POINT ( 'NONE',  ( 207.4165728040570684, 13.00000000000000178, 15.85933683266941685 ) ) ;
#4276 = ORIENTED_EDGE ( 'NONE', *, *, #5803, .T. ) ;
#4277 = EDGE_CURVE ( 'NONE', #1970, #6246, #2567, .T. ) ;
#4278 = DIRECTION ( 'NONE',  ( 0.000000000000000000, 0.000000000000000000, 1.000000000000000000 ) ) ;
#4279 = ORIENTED_EDGE ( 'NONE', *, *, #3904, .F. ) ;
#4280 = LINE ( 'NONE', #858, #6018 ) ;
#4281 = VERTEX_POINT ( 'NONE', #6531 ) ;
#4282 = DIRECTION ( 'NONE',  ( 0.000000000000000000, -1.090035865784426850E-13, 1.000000000000000000 ) ) ;
#4283 = ORIENTED_EDGE ( 'NONE', *, *, #3935, .T. ) ;
#4284 = CARTESIAN_POINT ( 'NONE',  ( 38.47193293297090122, 10.00000000000000355, 34.82033454937707972 ) ) ;
#4285 = DIRECTION ( 'NONE',  ( -0.000000000000000000, -1.000000000000000000, -0.000000000000000000 ) ) ;
#4286 = ADVANCED_FACE ( 'NONE', ( #2778 ), #2224, .F. ) ;
#4287 = LINE ( 'NONE', #314, #2334 ) ;
#4288 = CARTESIAN_POINT ( 'NONE',  ( 115.2143585774604446, 13.00000000000000533, 26.65968683837087383 ) ) ;
#4289 = CARTESIAN_POINT ( 'NONE',  ( 75.62347544612336492, 10.00000000000000000, 22.23054663170285750 ) ) ;
#4290 = CIRCLE ( 'NONE', #1087, 1.500000000000001332 ) ;
#4291 = CARTESIAN_POINT ( 'NONE',  ( 248.5562345082606157, 10.00000000000000000, 51.87303906396052611 ) ) ;
#4292 = ORIENTED_EDGE ( 'NONE', *, *, #1190, .T. ) ;
#4293 = CARTESIAN_POINT ( 'NONE',  ( 296.4644660940673475, 0.000000000000000000, 1.885533905932749610 ) ) ;
#4294 = CARTESIAN_POINT ( 'NONE',  ( 63.71044330038431980, 13.00000000000000178, 27.66182824647758665 ) ) ;
#4295 = CARTESIAN_POINT ( 'NONE',  ( 203.4476435349086216, 13.00000000000000533, 12.19434232301398779 ) ) ;
#4296 = CARTESIAN_POINT ( 'NONE',  ( 143.9596773505319618, 10.00000000000000000, 33.03760189942124015 ) ) ;
#4297 = CARTESIAN_POINT ( 'NONE',  ( 206.4360476775383972, 10.00000000000000000, 8.980829035036393293 ) ) ;
#4298 = CARTESIAN_POINT ( 'NONE',  ( 270.7829605636611632, 10.00000000000000000, 23.37951513341387155 ) ) ;
#4299 = CARTESIAN_POINT ( 'NONE',  ( 265.0822886976798145, 10.00000000000000000, 40.21227636134346284 ) ) ;
#4300 = CARTESIAN_POINT ( 'NONE',  ( 265.7741332008721997, 13.00000000000000178, 35.68432051450409404 ) ) ;
#4301 = AXIS2_PLACEMENT_3D ( 'NONE', #1508, #3095, #5374 ) ;
#4302 = CARTESIAN_POINT ( 'NONE',  ( 135.2625233354148406, 12.99999999999999822, 34.25919660438683678 ) ) ;
#4303 = DIRECTION ( 'NONE',  ( 0.000000000000000000, 1.000000000000000000, 0.000000000000000000 ) ) ;
#4304 = CARTESIAN_POINT ( 'NONE',  ( 170.9323537451313655, 10.00000000000000000, 52.38354303117320399 ) ) ;
#4305 = CARTESIAN_POINT ( 'NONE',  ( 76.24049137730740711, 10.00000000000000000, 56.25557824647759020 ) ) ;
#4306 = VECTOR ( 'NONE', #3943, 1000.000000000000000 ) ;
#4307 = CARTESIAN_POINT ( 'NONE',  ( 247.5487202124219550, 10.00000000000000178, 46.90821137366308591 ) ) ;
#4308 = CARTESIAN_POINT ( 'NONE',  ( 193.0493856080766193, 13.00000000000000178, 9.524809015708360249 ) ) ;
#4309 = ADVANCED_FACE ( 'NONE', ( #1635 ), #5612, .T. ) ;
#4310 = ORIENTED_EDGE ( 'NONE', *, *, #5778, .F. ) ;
#4311 = CARTESIAN_POINT ( 'NONE',  ( 168.0604835386433251, 10.00000000000000355, 29.17823151293044859 ) ) ;
#4312 = CARTESIAN_POINT ( 'NONE',  ( 204.0434651812678055, 12.99999999999999822, 14.34456684547191152 ) ) ;
#4313 = CARTESIAN_POINT ( 'NONE',  ( 76.65575832166673820, 13.00000000000000178, 26.26821605790787117 ) ) ;
#4314 = EDGE_LOOP ( 'NONE', ( #5399, #2708, #5056, #5194 ) ) ;
#4315 = DIRECTION ( 'NONE',  ( 0.000000000000000000, 1.000000000000000000, 0.000000000000000000 ) ) ;
#4316 = ADVANCED_FACE ( 'NONE', ( #6128 ), #6164, .T. ) ;
#4317 = EDGE_LOOP ( 'NONE', ( #6534, #4904, #4332, #3976 ) ) ;
#4318 = CARTESIAN_POINT ( 'NONE',  ( 47.66477022346124670, 13.00000000000000178, 22.70389555416990035 ) ) ;
#4319 = ORIENTED_EDGE ( 'NONE', *, *, #5371, .F. ) ;
#4320 = CARTESIAN_POINT ( 'NONE',  ( 189.0109240696151005, 13.00000000000000178, 9.524809015708360249 ) ) ;
#4321 = CARTESIAN_POINT ( 'NONE',  ( 266.4843525693346464, 9.999999999999994671, 36.12149079560631293 ) ) ;
#4322 = B_SPLINE_CURVE_WITH_KNOTS ( 'NONE', 3,
 ( #6505, #1900, #3492, #682, #1458, #2646, #2082 ),
 .UNSPECIFIED., .F., .F.,
 ( 4, 1, 1, 1, 4 ),
 ( 0.000000000000000000, 0.2400399314959810460, 0.4794031936060945687, 0.7317567388575658693, 1.000000000000000000 ),
 .UNSPECIFIED. ) ;
#4323 = CARTESIAN_POINT ( 'NONE',  ( 210.9203943615260926, 10.00000000000000000, 12.19430987633862884 ) ) ;
#4324 = CARTESIAN_POINT ( 'NONE',  ( 69.31399668419669524, 9.999999999999998224, 23.55117533247613792 ) ) ;
#4325 = LINE ( 'NONE', #11, #332 ) ;
#4326 = B_SPLINE_CURVE_WITH_KNOTS ( 'NONE', 3,
 ( #7122, #7232, #4343, #7268, #6592, #1546, #3739, #3812, #4901, #479, #2030, #961, #408, #6083, #515, #3249, #2701, #2065, #4305 ),
 .UNSPECIFIED., .F., .F.,
 ( 4, 1, 1, 1, 1, 1, 1, 1, 1, 1, 1, 1, 1, 1, 1, 1, 4 ),
 ( 0.000000000000000000, 0.06241602615881760435, 0.1233369785373299166, 0.1832651398530922571, 0.2431724430697090877, 0.3028983539197451780, 0.3637735975039100289, 0.4256053049523823018, 0.4896590425101844946, 0.5537845767921165674, 0.6162215328110730583, 0.6778544713083421991, 0.7395168974879383628, 0.8020965355763715054, 0.8658658412779716151, 0.9315077951965115011, 1.000000000000000000 ),
 .UNSPECIFIED. ) ;
#4327 = EDGE_CURVE ( 'NONE', #977, #6163, #3759, .T. ) ;
#4328 = CARTESIAN_POINT ( 'NONE',  ( 223.9539092659479422, 9.999999999999998224, 26.41263685850153564 ) ) ;
#4329 = ORIENTED_EDGE ( 'NONE', *, *, #2172, .F. ) ;
#4330 = EDGE_CURVE ( 'NONE', #4391, #2992, #4691, .T. ) ;
#4331 = CARTESIAN_POINT ( 'NONE',  ( 266.2498980228124310, 10.00000000000000000, 56.24650816582295931 ) ) ;
#4332 = ORIENTED_EDGE ( 'NONE', *, *, #5814, .T. ) ;
#4333 = CARTESIAN_POINT ( 'NONE',  ( 164.8889887171492887, 13.00000000000000178, 51.32072676809576706 ) ) ;
#4334 = CARTESIAN_POINT ( 'NONE',  ( 241.8486349360406109, 10.00000000000000178, 55.49521618013113056 ) ) ;
#4335 = CARTESIAN_POINT ( 'NONE',  ( 205.0963148191009964, 12.99999999999999822, 9.507744589110700417 ) ) ;
#4336 = CARTESIAN_POINT ( 'NONE',  ( 262.5447032128178080, 10.00000000000000000, 32.22615240481465548 ) ) ;
#4337 = CARTESIAN_POINT ( 'NONE',  ( 101.3186163773073929, 13.00000000000000178, 9.524809015708360249 ) ) ;
#4338 = CARTESIAN_POINT ( 'NONE',  ( 159.4399679680057886, 12.99999999999999822, 26.26798013943248122 ) ) ;
#4339 = CARTESIAN_POINT ( 'NONE',  ( 173.4606693568071591, 10.00000000000000000, 28.86930890873650668 ) ) ;
#4340 = CARTESIAN_POINT ( 'NONE',  ( 0.000000000000000000, 10.00000000000000000, 0.000000000000000000 ) ) ;
#4341 = CARTESIAN_POINT ( 'NONE',  ( 119.3512469401546241, 13.00000000000000178, 22.23306249895388831 ) ) ;
#4342 = DIRECTION ( 'NONE',  ( -0.000000000000000000, -1.000000000000000000, -0.000000000000000000 ) ) ;
#4343 = CARTESIAN_POINT ( 'NONE',  ( 93.20414394236230748, 10.00000000000000355, 40.98330159229981717 ) ) ;
#4344 = CARTESIAN_POINT ( 'NONE',  ( 33.33333333333334991, 20.00000000000000000, 94.93724644492834841 ) ) ;
#4345 = CARTESIAN_POINT ( 'NONE',  ( 245.5710046196215330, 13.00000000000000533, 29.48731767756924782 ) ) ;
#4346 = AXIS2_PLACEMENT_3D ( 'NONE', #384, #1417, #4278 ) ;
#4347 = EDGE_LOOP ( 'NONE', ( #2260, #5943, #5588, #1020 ) ) ;
#4348 = DIRECTION ( 'NONE',  ( 0.000000000000000000, 0.000000000000000000, 1.000000000000000000 ) ) ;
#4349 = VERTEX_POINT ( 'NONE', #5046 ) ;
#4350 = CARTESIAN_POINT ( 'NONE',  ( 204.0434651812678055, 9.999999999999996447, 14.34456684547191152 ) ) ;
#4351 = AXIS2_PLACEMENT_3D ( 'NONE', #3808, #7118, #5448 ) ;
#4352 = DIRECTION ( 'NONE',  ( -0.000000000000000000, -1.000000000000000000, -0.000000000000000000 ) ) ;
#4353 = ORIENTED_EDGE ( 'NONE', *, *, #5560, .T. ) ;
#4354 = DIRECTION ( 'NONE',  ( 0.000000000000000000, 1.000000000000000000, 0.000000000000000000 ) ) ;
#4355 = ORIENTED_EDGE ( 'NONE', *, *, #4234, .T. ) ;
#4356 = CARTESIAN_POINT ( 'NONE',  ( 27.47246253115355330, 13.00000000000000178, 15.29403978493913030 ) ) ;
#4357 = EDGE_LOOP ( 'NONE', ( #5937, #1373, #7056, #5236 ) ) ;
#4358 = CARTESIAN_POINT ( 'NONE',  ( 147.3642894542304589, 10.00000000000000000, 27.66182824647758665 ) ) ;
#4359 = CARTESIAN_POINT ( 'NONE',  ( 75.62675926933520998, 9.999999999999996447, 56.23987715225011641 ) ) ;
#4360 = ADVANCED_FACE ( 'NONE', ( #5576 ), #640, .T. ) ;
#4361 = CARTESIAN_POINT ( 'NONE',  ( 81.53047862024688186, 12.99999999999999822, 22.95238970753694119 ) ) ;
#4362 = CIRCLE ( 'NONE', #2101, 1.500000000000001332 ) ;
#4363 = CARTESIAN_POINT ( 'NONE',  ( 110.4545816644673124, 10.00000000000000000, 28.87227797022667630 ) ) ;
#4364 = CARTESIAN_POINT ( 'NONE',  ( 74.40770888918015658, 10.00000000000000000, 22.25700891777282564 ) ) ;
#4365 = CARTESIAN_POINT ( 'NONE',  ( 42.38879359960798610, 12.99999999999999822, 11.24095848870819836 ) ) ;
#4366 = EDGE_LOOP ( 'NONE', ( #1893, #1809, #2298, #2163 ) ) ;
#4367 = ORIENTED_EDGE ( 'NONE', *, *, #1504, .T. ) ;
#4368 = CARTESIAN_POINT ( 'NONE',  ( 249.7017568867721877, 10.00000000000000000, 27.64936132421310333 ) ) ;
#4369 = CARTESIAN_POINT ( 'NONE',  ( 166.8015758161954238, 9.999999999999996447, 23.53445264849421648 ) ) ;
#4370 = CARTESIAN_POINT ( 'NONE',  ( 46.37591012596498530, 13.00000000000000178, 18.65633638221967772 ) ) ;
#4371 = EDGE_CURVE ( 'NONE', #1860, #4006, #6380, .T. ) ;
#4372 = CARTESIAN_POINT ( 'NONE',  ( 146.8955394542304589, 13.00000000000000178, 39.35353497724682370 ) ) ;
#4373 = CARTESIAN_POINT ( 'NONE',  ( 193.0493856080766193, 10.00000000000000000, 22.79403978493913030 ) ) ;
#4374 = CARTESIAN_POINT ( 'NONE',  ( 118.7705394542304731, 13.00000000000000178, 22.21711670801605010 ) ) ;
#4375 = CARTESIAN_POINT ( 'NONE',  ( 210.3251100063822321, 10.00000000000000178, 14.34776246565331270 ) ) ;
#4376 = CARTESIAN_POINT ( 'NONE',  ( 131.8955394542304589, 13.00000000000000178, 39.29944843878527649 ) ) ;
#4377 = DIRECTION ( 'NONE',  ( 1.000000000000000000, 0.000000000000000000, 0.000000000000000000 ) ) ;
#4378 = EDGE_CURVE ( 'NONE', #1261, #6894, #1262, .T. ) ;
#4379 = CARTESIAN_POINT ( 'NONE',  ( 67.05153452022547356, 9.999999999999998224, 30.07167115841679816 ) ) ;
#4380 = CARTESIAN_POINT ( 'NONE',  ( 66.66666666666668561, 20.00000000000000000, 96.43724644492834841 ) ) ;
#4381 = CARTESIAN_POINT ( 'NONE',  ( 154.6493795014131365, 10.00000000000000355, 55.57610092642480737 ) ) ;
#4382 = EDGE_LOOP ( 'NONE', ( #42, #7094, #7290, #7281 ) ) ;
#4383 = LINE ( 'NONE', #3772, #3704 ) ;
#4384 = CARTESIAN_POINT ( 'NONE',  ( 44.85666987098823455, 13.00000000000000533, 28.46158892490672443 ) ) ;
#4385 = CARTESIAN_POINT ( 'NONE',  ( 47.36863094529508800, 10.00000000000000000, 20.57502626236576049 ) ) ;
#4386 = CARTESIAN_POINT ( 'NONE',  ( 247.9382077234612325, 10.00000000000000355, 46.44788593878527649 ) ) ;
#4387 = ORIENTED_EDGE ( 'NONE', *, *, #2406, .T. ) ;
#4388 = CARTESIAN_POINT ( 'NONE',  ( 143.1304737516075818, 13.00000000000000533, 42.60355060907562574 ) ) ;
#4389 = EDGE_LOOP ( 'NONE', ( #3216, #6341, #3639, #6317 ) ) ;
#4390 = CARTESIAN_POINT ( 'NONE',  ( 33.04036701314132785, 13.00000000000000178, 10.68065556082924417 ) ) ;
#4391 = VERTEX_POINT ( 'NONE', #5270 ) ;
#4392 = CARTESIAN_POINT ( 'NONE',  ( 147.7814856245650788, 10.00000000000000000, 27.22500759893230793 ) ) ;
#4393 = CARTESIAN_POINT ( 'NONE',  ( 60.36843638387272648, 9.999999999999996447, 45.68995332084483607 ) ) ;
#4394 = CC_DESIGN_APPROVAL ( #6968, ( #3551 ) ) ;
#4395 = CARTESIAN_POINT ( 'NONE',  ( 210.6723678436183889, 13.00000000000000533, 11.07993337386795396 ) ) ;
#4396 = CARTESIAN_POINT ( 'NONE',  ( 260.7234205489679653, 10.00000000000000178, 50.27115954124471386 ) ) ;
#4397 = CARTESIAN_POINT ( 'NONE',  ( 67.77467620528580028, 13.00000000000000178, 24.31586953115352401 ) ) ;
#4398 = CARTESIAN_POINT ( 'NONE',  ( 223.1048280022138499, 9.999999999999998224, 27.17810217494732683 ) ) ;
#4399 = ORIENTED_EDGE ( 'NONE', *, *, #6123, .T. ) ;
#4400 = FACE_OUTER_BOUND ( 'NONE', #2249, .T. ) ;
#4401 = ORIENTED_EDGE ( 'NONE', *, *, #4857, .T. ) ;
#4402 = EDGE_CURVE ( 'NONE', #7052, #2928, #1037, .T. ) ;
#4403 = CARTESIAN_POINT ( 'NONE',  ( 27.47246253115355330, 13.00000000000000178, 34.90942440032374350 ) ) ;
#4404 = CARTESIAN_POINT ( 'NONE',  ( 263.2193982049485612, 10.00000000000000000, 55.97953064951546764 ) ) ;
#4405 = CARTESIAN_POINT ( 'NONE',  ( 204.0405630844793166, 9.999999999999996447, 10.47551374304695138 ) ) ;
#4406 = CARTESIAN_POINT ( 'NONE',  ( 133.0876934317742268, 10.00000000000000000, 48.69975870756731950 ) ) ;
#4407 = CARTESIAN_POINT ( 'NONE',  ( 220.2442368028739281, 13.00000000000000178, 30.76327442176457794 ) ) ;
#4408 = CARTESIAN_POINT ( 'NONE',  ( 108.1885279258014094, 9.999999999999996447, 25.87996802900597970 ) ) ;
#4409 = CARTESIAN_POINT ( 'NONE',  ( 207.9072970221909884, 10.00000000000000355, 15.83657083459854853 ) ) ;
#4410 = EDGE_CURVE ( 'NONE', #2704, #587, #662, .T. ) ;
#4411 = CARTESIAN_POINT ( 'NONE',  ( 131.8955394542304589, 9.999999999999998224, 39.29944843878527649 ) ) ;
#4412 = AXIS2_PLACEMENT_3D ( 'NONE', #4172, #6536, #5323 ) ;
#4413 = CARTESIAN_POINT ( 'NONE',  ( 274.2510690374403453, 13.00000000000000178, 42.05166284009401778 ) ) ;
#4414 = CARTESIAN_POINT ( 'NONE',  ( 245.5710046196215330, 13.00000000000000533, 29.48731767756924782 ) ) ;
#4415 = CARTESIAN_POINT ( 'NONE',  ( 59.20323176192279391, 10.00000000000000000, 39.32649170801605720 ) ) ;
#4416 = CARTESIAN_POINT ( 'NONE',  ( 47.83648981677112033, 12.99999999999999822, 13.86217964167699179 ) ) ;
#4417 = B_SPLINE_CURVE_WITH_KNOTS ( 'NONE', 3,
 ( #3920, #6225, #6774, #3995, #6810, #3396, #29, #3956, #4634, #1694, #6881 ),
 .UNSPECIFIED., .F., .F.,
 ( 4, 1, 1, 1, 1, 1, 1, 1, 4 ),
 ( 0.000000000000000000, 0.1057142614175138468, 0.2134116126389964396, 0.3261267300734695951, 0.4444516715568714860, 0.5690610798550849170, 0.7027122044812185164, 0.8463179465861979667, 1.000000000000000000 ),
 .UNSPECIFIED. ) ;
#4418 = EDGE_CURVE ( 'NONE', #2067, #1418, #5125, .T. ) ;
#4419 = ORIENTED_EDGE ( 'NONE', *, *, #3306, .T. ) ;
#4420 = FACE_OUTER_BOUND ( 'NONE', #160, .T. ) ;
#4421 = ORIENTED_EDGE ( 'NONE', *, *, #3521, .F. ) ;
#4422 = CARTESIAN_POINT ( 'NONE',  ( 35.71164522346123960, 13.00000000000000178, 30.35714074647759020 ) ) ;
#4423 = VECTOR ( 'NONE', #6443, 1000.000000000000000 ) ;
#4424 = CARTESIAN_POINT ( 'NONE',  ( 258.8095981426772596, 13.00000000000000178, 27.44349477142490201 ) ) ;
#4425 = ORIENTED_EDGE ( 'NONE', *, *, #5582, .T. ) ;
#4426 = CARTESIAN_POINT ( 'NONE',  ( 87.72337289248592640, 13.00000000000000178, 33.17030944754939981 ) ) ;
#4427 = EDGE_LOOP ( 'NONE', ( #7209, #6141, #1061, #6388, #2670, #2613, #2964, #5273, #6425, #670, #6614, #1520 ) ) ;
#4428 = CARTESIAN_POINT ( 'NONE',  ( 63.24169330038431269, 10.00000000000000000, 39.35353497724682370 ) ) ;
#4429 = ORIENTED_EDGE ( 'NONE', *, *, #3116, .F. ) ;
#4430 = CARTESIAN_POINT ( 'NONE',  ( 159.8943375311535249, 13.00000000000000178, 22.21711670801605010 ) ) ;
#4431 = CARTESIAN_POINT ( 'NONE',  ( 63.94426680299434906, 13.00000000000000178, 51.19863183340619628 ) ) ;
#4432 = CARTESIAN_POINT ( 'NONE',  ( 88.73448176192277970, 13.00000000000000178, 27.63478497724682015 ) ) ;
#4433 = CARTESIAN_POINT ( 'NONE',  ( 119.3512469401546241, 13.00000000000000178, 22.23306249895388831 ) ) ;
#4434 = CARTESIAN_POINT ( 'NONE',  ( 261.5254414202927364, 13.00000000000000533, 50.86517588437056503 ) ) ;
#4435 = CARTESIAN_POINT ( 'NONE',  ( 172.3883279157689117, 13.00000000000000178, 27.63478497724682015 ) ) ;
#4436 = CARTESIAN_POINT ( 'NONE',  ( 218.7807998514012979, 10.00000000000000355, 33.88274518408433522 ) ) ;
#4437 = ORIENTED_EDGE ( 'NONE', *, *, #4232, .T. ) ;
#4438 = ORIENTED_EDGE ( 'NONE', *, *, #1601, .T. ) ;
#4439 = LINE ( 'NONE', #6688, #6546 ) ;
#4440 = CARTESIAN_POINT ( 'NONE',  ( 270.4021500311535533, 13.00000000000000178, 43.78863113109296989 ) ) ;
#4441 = CARTESIAN_POINT ( 'NONE',  ( 48.54576006022790580, 10.00000000000000178, 14.51927228729733699 ) ) ;
#4442 = CARTESIAN_POINT ( 'NONE',  ( 135.9340009926919777, 10.00000000000000000, 39.29944843878527649 ) ) ;
#4443 = CARTESIAN_POINT ( 'NONE',  ( 223.9539092659479422, 12.99999999999999822, 26.41263685850153564 ) ) ;
#4444 = EDGE_CURVE ( 'NONE', #4922, #1645, #6893, .T. ) ;
#4445 = CARTESIAN_POINT ( 'NONE',  ( 172.7480958966039850, 10.00000000000000000, 28.04896479453953617 ) ) ;
#4446 = CARTESIAN_POINT ( 'NONE',  ( 118.6713808003843127, 10.00000000000000000, 26.25557824647759020 ) ) ;
#4447 = CARTESIAN_POINT ( 'NONE',  ( 207.4165728040570684, 10.00000000000000000, 15.85933683266941685 ) ) ;
#4448 = CARTESIAN_POINT ( 'NONE',  ( 131.8770831515002442, 13.00000000000000178, 39.86334237215995557 ) ) ;
#4449 = CARTESIAN_POINT ( 'NONE',  ( 264.1604954170717292, 10.00000000000000000, 26.98473561368089335 ) ) ;
#4450 = CARTESIAN_POINT ( 'NONE',  ( 63.46431754618246401, 10.00000000000000000, 36.74271487803988379 ) ) ;
#4451 = CARTESIAN_POINT ( 'NONE',  ( 239.5449888779872367, 13.00000000000000178, 26.58260048135763043 ) ) ;
#4452 = ADVANCED_FACE ( 'NONE', ( #4159 ), #2548, .T. ) ;
#4453 = CARTESIAN_POINT ( 'NONE',  ( 93.24169330038432690, 13.00000000000000178, 39.32649170801605720 ) ) ;
#4454 = CARTESIAN_POINT ( 'NONE',  ( 47.08668296369680917, 13.00000000000000533, 13.26473235322507094 ) ) ;
#4455 = ORIENTED_EDGE ( 'NONE', *, *, #5166, .F. ) ;
#4456 = CARTESIAN_POINT ( 'NONE',  ( 87.49350242807891220, 9.999999999999998224, 26.34854481581942665 ) ) ;
#4457 = EDGE_CURVE ( 'NONE', #6819, #6448, #2557, .T. ) ;
#4458 = CARTESIAN_POINT ( 'NONE',  ( 261.8459543756197263, 10.00000000000000000, 23.59655316437897454 ) ) ;
#4459 = EDGE_LOOP ( 'NONE', ( #4871, #6685, #3032, #2521 ) ) ;
#4460 = CARTESIAN_POINT ( 'NONE',  ( 81.17141253502838083, 10.00000000000000711, 27.18829004263529470 ) ) ;
#4461 = VERTEX_POINT ( 'NONE', #440 ) ;
#4462 = DIRECTION ( 'NONE',  ( 0.000000000000000000, 0.000000000000000000, 1.000000000000000000 ) ) ;
#4463 = LINE ( 'NONE', #2189, #1502 ) ;
#4464 = CARTESIAN_POINT ( 'NONE',  ( 273.5807488035495112, 10.00000000000000000, 41.08623184644910964 ) ) ;
#4465 = VECTOR ( 'NONE', #1527, 1000.000000000000000 ) ;
#4466 = CARTESIAN_POINT ( 'NONE',  ( 59.20323176192279391, 13.00000000000000178, 39.32649170801605720 ) ) ;
#4467 = EDGE_CURVE ( 'NONE', #1970, #2773, #7045, .T. ) ;
#4468 = VECTOR ( 'NONE', #5169, 1000.000000000000000 ) ;
#4469 = PLANE ( 'NONE',  #6467 ) ;
#4470 = CARTESIAN_POINT ( 'NONE',  ( 76.85123125178793657, 13.00000000000000178, 56.23992967380382879 ) ) ;
#4471 = VECTOR ( 'NONE', #1139, 1000.000000000000000 ) ;
#4472 = CARTESIAN_POINT ( 'NONE',  ( 89.18262711592434755, 10.00000000000000355, 39.92894361021895122 ) ) ;
#4473 = ORIENTED_EDGE ( 'NONE', *, *, #148, .F. ) ;
#4474 = VERTEX_POINT ( 'NONE', #1579 ) ;
#4475 = CARTESIAN_POINT ( 'NONE',  ( 133.3333333333333428, 10.00000000000000000, 97.93724644492834841 ) ) ;
#4476 = CARTESIAN_POINT ( 'NONE',  ( 130.1193633460603394, 13.00000000000000178, 45.78722085366260330 ) ) ;
#4477 = VECTOR ( 'NONE', #3903, 1000.000000000000000 ) ;
#4478 = CARTESIAN_POINT ( 'NONE',  ( 110.1413525189585272, 9.999999999999996447, 49.37217687555405377 ) ) ;
#4479 = CARTESIAN_POINT ( 'NONE',  ( 42.63472214653817360, 10.00000000000000000, 11.29163593878528005 ) ) ;
#4480 = CARTESIAN_POINT ( 'NONE',  ( 205.1647702234612041, 13.00000000000000178, 22.79403978493913030 ) ) ;
#4481 = CARTESIAN_POINT ( 'NONE',  ( 207.9073028617889065, 13.00000000000000178, 8.982274378719770525 ) ) ;
#4482 = CARTESIAN_POINT ( 'NONE',  ( 109.1646933383982656, 13.00000000000000178, 48.50034154866630587 ) ) ;
#4483 = CARTESIAN_POINT ( 'NONE',  ( 152.9678428380428556, 9.999999999999998224, 23.55117533247614858 ) ) ;
#4484 = CARTESIAN_POINT ( 'NONE',  ( 129.1595547980141419, 9.999999999999994671, 47.23022548091796580 ) ) ;
#4485 = LINE ( 'NONE', #6848, #6946 ) ;
#4486 = CARTESIAN_POINT ( 'NONE',  ( 86.12014088527280364, 10.00000000000000178, 25.24562575570681133 ) ) ;
#4487 = DIRECTION ( 'NONE',  ( 0.000000000000000000, 1.000000000000000000, 0.000000000000000000 ) ) ;
#4488 = CARTESIAN_POINT ( 'NONE',  ( 51.70323176192278680, 13.00000000000000178, 22.71290997724682015 ) ) ;
#4489 = FACE_BOUND ( 'NONE', #5800, .T. ) ;
#4490 = DIRECTION ( 'NONE',  ( -0.000000000000000000, -1.000000000000000000, -0.000000000000000000 ) ) ;
#4491 = ORIENTED_EDGE ( 'NONE', *, *, #4190, .F. ) ;
#4492 = CARTESIAN_POINT ( 'NONE',  ( 76.24049137730740711, 9.999999999999998224, 22.21711670801605010 ) ) ;
#4493 = EDGE_CURVE ( 'NONE', #6068, #1558, #4998, .T. ) ;
#4494 = CARTESIAN_POINT ( 'NONE',  ( 264.0286748640971268, 9.999999999999996447, 22.54390161889068622 ) ) ;
#4495 = ORIENTED_EDGE ( 'NONE', *, *, #1060, .T. ) ;
#4496 = CARTESIAN_POINT ( 'NONE',  ( 168.3240710434451159, 10.00000000000000178, 24.31464915552272998 ) ) ;
#4497 = ORIENTED_EDGE ( 'NONE', *, *, #1416, .F. ) ;
#4498 = CARTESIAN_POINT ( 'NONE',  ( 147.8484798251115251, 13.00000000000000178, 44.36742735852764952 ) ) ;
#4499 = ADVANCED_FACE ( 'NONE', ( #2696, #2732 ), #3206, .T. ) ;
#4500 = CARTESIAN_POINT ( 'NONE',  ( 262.3333159619622847, 9.999999999999994671, 51.36201978883899244 ) ) ;
#4501 = CARTESIAN_POINT ( 'NONE',  ( 0.000000000000000000, 10.00000000000000000, 0.000000000000000000 ) ) ;
#4502 = B_SPLINE_CURVE_WITH_KNOTS ( 'NONE', 3,
 ( #5375, #3058, #405, #1992, #4266, #257, #2516, #6044, #2025, #4899, #296 ),
 .UNSPECIFIED., .F., .F.,
 ( 4, 1, 1, 1, 1, 1, 1, 1, 4 ),
 ( 0.000000000000000000, 0.1762577548178000664, 0.3384344138804754043, 0.4848220507878356345, 0.6171575782663315524, 0.7346983606124759536, 0.8373851838323598251, 0.9263724209295839396, 1.000000000000000000 ),
 .UNSPECIFIED. ) ;
#4503 = CARTESIAN_POINT ( 'NONE',  ( 133.3333333333333428, 20.00000000000000000, 97.93724644492834841 ) ) ;
#4504 = LINE ( 'NONE', #5158, #5285 ) ;
#4505 = CARTESIAN_POINT ( 'NONE',  ( 153.0650118061635396, 9.999999999999992895, 55.01209030561050639 ) ) ;
#4506 = CARTESIAN_POINT ( 'NONE',  ( 88.25226347649326897, 13.00000000000000178, 44.36981161685033470 ) ) ;
#4507 = ORIENTED_EDGE ( 'NONE', *, *, #297, .T. ) ;
#4508 = VERTEX_POINT ( 'NONE', #2173 ) ;
#4509 = EDGE_CURVE ( 'NONE', #5366, #6597, #7300, .T. ) ;
#4510 = CARTESIAN_POINT ( 'NONE',  ( 239.4707373377865167, 10.00000000000000355, 22.45162735989194758 ) ) ;
#4511 = PRODUCT_DEFINITION_FORMATION_WITH_SPECIFIED_SOURCE ( 'ANY', '', #79, .NOT_KNOWN. ) ;
#4512 = CARTESIAN_POINT ( 'NONE',  ( 131.4711571851063923, 12.99999999999999822, 42.63586737386241765 ) ) ;
#4513 = CARTESIAN_POINT ( 'NONE',  ( 35.90996253115355330, 13.00000000000000178, 15.29403978493913030 ) ) ;
#4514 = CARTESIAN_POINT ( 'NONE',  ( 130.8744372433806120, 13.00000000000000178, 51.30542079965477598 ) ) ;
#4515 = DIRECTION ( 'NONE',  ( -1.051669361989051976E-14, 1.000000000000000000, -1.004422370475522422E-14 ) ) ;
#4516 = CARTESIAN_POINT ( 'NONE',  ( 176.8528708615640426, 10.00000000000000355, 37.68007837632379875 ) ) ;
#4517 = CARTESIAN_POINT ( 'NONE',  ( 218.0033947441288547, 10.00000000000000000, 37.20145088796715527 ) ) ;
#4518 = CARTESIAN_POINT ( 'NONE',  ( 118.7705394542304731, 10.00000000000000178, 22.21711670801605010 ) ) ;
#4519 = LINE ( 'NONE', #2767, #859 ) ;
#4520 = CARTESIAN_POINT ( 'NONE',  ( 233.0766134530840361, 10.00000000000000000, 26.46320512934820712 ) ) ;
#4521 = PLANE ( 'NONE',  #5774 ) ;
#4522 = CARTESIAN_POINT ( 'NONE',  ( 3.535533905932737309, 0.000000000000000000, 3.535533905932737309 ) ) ;
#4523 = CARTESIAN_POINT ( 'NONE',  ( 258.8095981426772596, 10.00000000000000000, 27.44349477142490201 ) ) ;
#4524 = CARTESIAN_POINT ( 'NONE',  ( 51.70323176192278680, 13.00000000000000178, 22.71290997724682015 ) ) ;
#4525 = ORIENTED_EDGE ( 'NONE', *, *, #5560, .F. ) ;
#4526 = CARTESIAN_POINT ( 'NONE',  ( 85.37482367185066323, 10.00000000000000355, 30.07482484030009218 ) ) ;
#4527 = APPLICATION_CONTEXT ( 'configuration controlled 3d designs of mechanical parts and assemblies' ) ;
#4528 = CARTESIAN_POINT ( 'NONE',  ( 146.9321177512198915, 12.99999999999999822, 38.03184166138065336 ) ) ;
#4529 = CARTESIAN_POINT ( 'NONE',  ( 111.2037623907374950, 12.99999999999999822, 54.69847879739970864 ) ) ;
#4530 = CARTESIAN_POINT ( 'NONE',  ( 264.4328390870320504, 13.00000000000000178, 39.84975615204832167 ) ) ;
#4531 = CARTESIAN_POINT ( 'NONE',  ( 258.2485615259581664, 10.00000000000000000, 30.54016447615140706 ) ) ;
#4532 = EDGE_CURVE ( 'NONE', #2270, #7135, #875, .T. ) ;
#4533 = EDGE_LOOP ( 'NONE', ( #604, #1744, #3905, #1925 ) ) ;
#4534 = CARTESIAN_POINT ( 'NONE',  ( 85.37482367185066323, 13.00000000000000533, 30.07482484030009218 ) ) ;
#4535 = CARTESIAN_POINT ( 'NONE',  ( 193.0493856080766193, 13.00000000000000178, 9.524809015708360249 ) ) ;
#4536 = VERTEX_POINT ( 'NONE', #5343 ) ;
#4537 = CARTESIAN_POINT ( 'NONE',  ( 176.8955394542304589, 9.999999999999996447, 39.32649170801605010 ) ) ;
#4538 = DIRECTION ( 'NONE',  ( -0.000000000000000000, -1.000000000000000000, -0.000000000000000000 ) ) ;
#4539 = ORIENTED_EDGE ( 'NONE', *, *, #4444, .T. ) ;
#4540 = DIRECTION ( 'NONE',  ( -0.000000000000000000, -1.000000000000000000, -0.000000000000000000 ) ) ;
#4541 = EDGE_CURVE ( 'NONE', #5618, #4391, #447, .T. ) ;
#4542 = CARTESIAN_POINT ( 'NONE',  ( 143.4973020859146118, 9.999999999999992895, 44.17462676927347331 ) ) ;
#4543 = CARTESIAN_POINT ( 'NONE',  ( 35.84735663159604968, 13.00000000000000178, 10.70591348534256149 ) ) ;
#4544 = CARTESIAN_POINT ( 'NONE',  ( 176.8955394542304589, 13.00000000000000178, 39.32649170801605010 ) ) ;
#4545 = ORIENTED_EDGE ( 'NONE', *, *, #1057, .T. ) ;
#4546 = EDGE_LOOP ( 'NONE', ( #263, #5553, #895, #3516, #4957, #1715, #2527, #5500, #748 ) ) ;
#4547 = CARTESIAN_POINT ( 'NONE',  ( 239.5814028354742788, 13.00000000000000178, 55.99083570481851524 ) ) ;
#4548 = CARTESIAN_POINT ( 'NONE',  ( 66.16204764956705731, 10.00000000000000000, 31.04725823106805649 ) ) ;
#4549 = CARTESIAN_POINT ( 'NONE',  ( 108.2787514734246059, 10.00000000000000178, 47.54228742990625989 ) ) ;
#4550 = CARTESIAN_POINT ( 'NONE',  ( 128.2152227262392330, 10.00000000000000000, 53.47363992318599912 ) ) ;
#4551 = LINE ( 'NONE', #6802, #2568 ) ;
#4552 = ADVANCED_FACE ( 'NONE', ( #4930 ), #2520, .T. ) ;
#4553 = ADVANCED_FACE ( 'NONE', ( #3805 ), #2481, .T. ) ;
#4554 = CARTESIAN_POINT ( 'NONE',  ( 241.0407898302752585, 13.00000000000000178, 22.75166699945532045 ) ) ;
#4555 = CARTESIAN_POINT ( 'NONE',  ( 226.8589903364968450, 13.00000000000000178, 24.46670660611007264 ) ) ;
#4556 = DIRECTION ( 'NONE',  ( -0.7823904509760269965, 0.000000000000000000, 0.6227882322439380891 ) ) ;
#4557 = CARTESIAN_POINT ( 'NONE',  ( 36.09633143817075762, 13.00000000000000178, 30.35731093203106212 ) ) ;
#4558 = CARTESIAN_POINT ( 'NONE',  ( 224.9523695431874728, 10.00000000000000355, 30.95307710042516902 ) ) ;
#4559 = CARTESIAN_POINT ( 'NONE',  ( 230.4192597983677899, 9.999999999999998224, 27.16768610790549587 ) ) ;
#4560 = LINE ( 'NONE', #547, #6471 ) ;
#4561 = CARTESIAN_POINT ( 'NONE',  ( 150.6575156616756033, 10.00000000000000355, 48.59691498126267106 ) ) ;
#4562 = CARTESIAN_POINT ( 'NONE',  ( 118.6082798388458457, 13.00000000000000178, 52.21711670801605010 ) ) ;
#4563 = VERTEX_POINT ( 'NONE', #3496 ) ;
#4564 = CARTESIAN_POINT ( 'NONE',  ( 89.19091114730322545, 10.00000000000000000, 38.90819494952972235 ) ) ;
#4565 = CARTESIAN_POINT ( 'NONE',  ( 129.1302987590250666, 9.999999999999994671, 31.31908693517946318 ) ) ;
#4566 = CARTESIAN_POINT ( 'NONE',  ( 234.0682482644790809, 10.00000000000000178, 52.15585203046427409 ) ) ;
#4567 = CARTESIAN_POINT ( 'NONE',  ( 122.0539585869366590, 13.00000000000000178, 26.65908286571546171 ) ) ;
#4568 = ORIENTED_EDGE ( 'NONE', *, *, #4906, .T. ) ;
#4569 = CARTESIAN_POINT ( 'NONE',  ( 86.27504379768322451, 10.00000000000000000, 31.04365736471354609 ) ) ;
#4570 = ORIENTED_EDGE ( 'NONE', *, *, #5686, .F. ) ;
#4571 = PLANE ( 'NONE',  #1155 ) ;
#4572 = CARTESIAN_POINT ( 'NONE',  ( 258.2837102480627323, 10.00000000000000000, 32.21742096289699475 ) ) ;
#4573 = EDGE_LOOP ( 'NONE', ( #2638, #6542, #4455, #4655 ) ) ;
#4574 = DIRECTION ( 'NONE',  ( 1.000000000000000000, 0.000000000000000000, 0.000000000000000000 ) ) ;
#4575 = CARTESIAN_POINT ( 'NONE',  ( 93.24169330038432690, 13.00000000000000178, 39.32649170801605720 ) ) ;
#4576 = ORIENTED_EDGE ( 'NONE', *, *, #5371, .T. ) ;
#4577 = CIRCLE ( 'NONE', #70, 1.500000000000001332 ) ;
#4578 = CARTESIAN_POINT ( 'NONE',  ( 274.9724625311535533, 10.00000000000000000, 26.89560228493913030 ) ) ;
#4579 = VERTEX_POINT ( 'NONE', #131 ) ;
#4580 = CARTESIAN_POINT ( 'NONE',  ( 251.1182030630773170, 13.00000000000000178, 48.95974336179072850 ) ) ;
#4581 = B_SPLINE_CURVE_WITH_KNOTS ( 'NONE', 3,
 ( #5443, #4338, #365, #6003, #7153, #2620, #4896, #2059, #6583, #2913, #1699, #2949, #2365, #5183, #5638, #5146, #4528, #6855, #3509 ),
 .UNSPECIFIED., .F., .F.,
 ( 4, 1, 1, 1, 1, 1, 1, 1, 1, 1, 1, 1, 1, 1, 1, 1, 4 ),
 ( 0.000000000000000000, 0.06384589973478668745, 0.1260436278408440802, 0.1871653577195675766, 0.2473992895212635545, 0.3083800306041629691, 0.3697796166640492377, 0.4325839246869346288, 0.4976407859952561852, 0.5624011369620618428, 0.6255571033330410424, 0.6873320046201727429, 0.7483127457030736007, 0.8097910391226145199, 0.8717675719729277573, 0.9348361909503146716, 1.000000000000000000 ),
 .UNSPECIFIED. ) ;
#4582 = EDGE_CURVE ( 'NONE', #6892, #3299, #5771, .T. ) ;
#4583 = CARTESIAN_POINT ( 'NONE',  ( 68.02073247772466402, 10.00000000000000000, 29.17857966628769262 ) ) ;
#4584 = VECTOR ( 'NONE', #1469, 1000.000000000000000 ) ;
#4585 = CARTESIAN_POINT ( 'NONE',  ( 118.6082798388458457, 10.00000000000000000, 52.21711670801605010 ) ) ;
#4586 = AXIS2_PLACEMENT_3D ( 'NONE', #3659, #917, #3168 ) ;
#4587 = CARTESIAN_POINT ( 'NONE',  ( 47.08668296369680917, 10.00000000000000355, 13.26473235322507094 ) ) ;
#4588 = LINE ( 'NONE', #2278, #5886 ) ;
#4589 = CARTESIAN_POINT ( 'NONE',  ( 118.6082798388458457, 13.00000000000000178, 52.21711670801605010 ) ) ;
#4590 = CARTESIAN_POINT ( 'NONE',  ( 232.5067568425311890, 9.999999999999996447, 22.51535757367995316 ) ) ;
#4591 = VECTOR ( 'NONE', #1281, 1000.000000000000000 ) ;
#4592 = DIRECTION ( 'NONE',  ( -0.000000000000000000, -1.000000000000000000, -0.000000000000000000 ) ) ;
#4593 = CARTESIAN_POINT ( 'NONE',  ( 220.7403603467950859, 9.999999999999998224, 48.82627331130746029 ) ) ;
#4594 = VECTOR ( 'NONE', #1394, 1000.000000000000000 ) ;
#4595 = EDGE_CURVE ( 'NONE', #5865, #5435, #2866, .T. ) ;
#4596 = CARTESIAN_POINT ( 'NONE',  ( 270.0965024514122206, 12.99999999999999822, 27.61527742299202970 ) ) ;
#4597 = CARTESIAN_POINT ( 'NONE',  ( 262.2958361164197640, 13.00000000000000178, 30.39454091053102402 ) ) ;
#4598 = CARTESIAN_POINT ( 'NONE',  ( 40.09719936851701760, 10.00000000000000178, 15.48473276982536717 ) ) ;
#4599 = CARTESIAN_POINT ( 'NONE',  ( 225.8887424913839084, 9.999999999999998224, 29.99652280208668742 ) ) ;
#4600 = CARTESIAN_POINT ( 'NONE',  ( 235.9670538773073645, 10.00000000000000000, 26.25557824647759020 ) ) ;
#4601 = CARTESIAN_POINT ( 'NONE',  ( 43.87526538685452238, 9.999999999999996447, 29.06028819383645967 ) ) ;
#4602 = AXIS2_PLACEMENT_3D ( 'NONE', #2285, #6809, #617 ) ;
#4603 = CARTESIAN_POINT ( 'NONE',  ( 149.8158938034131609, 10.00000000000000178, 31.04725823106805649 ) ) ;
#4604 = CARTESIAN_POINT ( 'NONE',  ( 41.47012953672984281, 13.00000000000000178, 29.89934156597810500 ) ) ;
#4605 = EDGE_CURVE ( 'NONE', #4651, #3816, #2902, .T. ) ;
#4606 = DIRECTION ( 'NONE',  ( 0.000000000000000000, 0.000000000000000000, 1.000000000000000000 ) ) ;
#4607 = CARTESIAN_POINT ( 'NONE',  ( 235.3437635842096824, 10.00000000000000533, 52.19642844095195500 ) ) ;
#4608 = CARTESIAN_POINT ( 'NONE',  ( 261.2525447605273712, 12.99999999999999822, 37.60082151887352353 ) ) ;
#4609 = CARTESIAN_POINT ( 'NONE',  ( 120.4994046074226475, 13.00000000000000178, 22.26459004521377238 ) ) ;
#4610 = VERTEX_POINT ( 'NONE', #4666 ) ;
#4611 = CARTESIAN_POINT ( 'NONE',  ( 63.71044330038431980, 13.00000000000000178, 27.66182824647758665 ) ) ;
#4612 = ORIENTED_EDGE ( 'NONE', *, *, #1542, .T. ) ;
#4613 = CARTESIAN_POINT ( 'NONE',  ( 75.78612181415969928, 13.00000000000000178, 26.26798013943248833 ) ) ;
#4614 = CARTESIAN_POINT ( 'NONE',  ( 143.1099493841728076, 13.00000000000000178, 36.07989587861327863 ) ) ;
#4615 = ORIENTED_EDGE ( 'NONE', *, *, #4866, .F. ) ;
#4616 = CARTESIAN_POINT ( 'NONE',  ( 30.75371253115355330, 10.00000000000000000, 34.90942440032374350 ) ) ;
#4617 = CARTESIAN_POINT ( 'NONE',  ( 153.0650118061635396, 12.99999999999999822, 55.01209030561050639 ) ) ;
#4618 = ORIENTED_EDGE ( 'NONE', *, *, #1825, .T. ) ;
#4619 = ORIENTED_EDGE ( 'NONE', *, *, #6672, .T. ) ;
#4620 = DIRECTION ( 'NONE',  ( -0.000000000000000000, -1.000000000000000000, -0.000000000000000000 ) ) ;
#4621 = B_SPLINE_SURFACE_WITH_KNOTS ( 'NONE', 3, 1, ( 
 ( #309, #2570 ),
 ( #4843, #3787 ),
 ( #6533, #3226 ),
 ( #3715, #5982 ),
 ( #3644, #898 ),
 ( #3149, #5428 ),
 ( #3752, #4765 ),
 ( #6567, #7017 ),
 ( #348, #2604 ),
 ( #1487, #6024 ),
 ( #5464, #2641 ) ),
 .UNSPECIFIED., .F., .F., .F.,
 ( 4, 1, 1, 1, 1, 1, 1, 1, 4 ),
 ( 2, 2 ),
 ( 0.000000000000000000, 0.1589891012267924397, 0.3071145916055709746, 0.4462131585962135216, 0.5748760724117247811, 0.6941521095829547017, 0.8045811801532375407, 0.9065933190457617918, 0.9999999999999998890 ),
 ( 0.000000000000000000, 1.000000000000000000 ),
 .UNSPECIFIED. ) ;
#4622 = CARTESIAN_POINT ( 'NONE',  ( 65.38447366476093237, 10.00000000000000355, 32.08673713101789815 ) ) ;
#4623 = PLANE ( 'NONE',  #4712 ) ;
#4624 = CARTESIAN_POINT ( 'NONE',  ( 120.3814724242578222, 13.00000000000000178, 56.20532294248486238 ) ) ;
#4625 = PLANE ( 'NONE',  #6706 ) ;
#4626 = CARTESIAN_POINT ( 'NONE',  ( 244.0094220608220326, 13.00000000000000178, 23.73442181293232522 ) ) ;
#4627 = EDGE_CURVE ( 'NONE', #7135, #6894, #2809, .T. ) ;
#4628 = DIRECTION ( 'NONE',  ( -0.000000000000000000, -1.000000000000000000, -0.000000000000000000 ) ) ;
#4629 = CARTESIAN_POINT ( 'NONE',  ( 132.0943362413483442, 10.00000000000000000, 28.44967321517309600 ) ) ;
#4630 = APPLICATION_CONTEXT ( 'configuration controlled 3d designs of mechanical parts and assemblies' ) ;
#4631 = CARTESIAN_POINT ( 'NONE',  ( 225.7090602570890780, 9.999999999999998224, 53.53976768786175455 ) ) ;
#4632 = CARTESIAN_POINT ( 'NONE',  ( 271.5397821102559988, 12.99999999999999822, 28.91480035015274908 ) ) ;
#4633 = CARTESIAN_POINT ( 'NONE',  ( 228.0230568943584046, 9.999999999999998224, 28.35774384297299378 ) ) ;
#4634 = CARTESIAN_POINT ( 'NONE',  ( 273.9591271167238915, 12.99999999999999822, 25.80146514458407481 ) ) ;
#4635 = CARTESIAN_POINT ( 'NONE',  ( 266.0954375132514542, 9.999999999999998224, 52.19949181695633200 ) ) ;
#4636 = ADVANCED_FACE ( 'NONE', ( #6990 ), #5286, .T. ) ;
#4637 = DIRECTION ( 'NONE',  ( 1.000000000000000000, 0.000000000000000000, -0.000000000000000000 ) ) ;
#4638 = CARTESIAN_POINT ( 'NONE',  ( 46.96587941924143195, 13.00000000000000178, 25.90071833011228009 ) ) ;
#4639 = CARTESIAN_POINT ( 'NONE',  ( 38.69967438424742312, 9.999999999999992895, 10.82012270343996185 ) ) ;
#4640 = CYLINDRICAL_SURFACE ( 'NONE', #3023, 1.649999999999987477 ) ;
#4641 = CARTESIAN_POINT ( 'NONE',  ( 227.2117146345161416, 10.00000000000000000, 54.38007087542255391 ) ) ;
#4642 = CARTESIAN_POINT ( 'NONE',  ( 135.8878398827912122, 9.999999999999998224, 37.56736796952410629 ) ) ;
#4643 = EDGE_CURVE ( 'NONE', #1263, #4922, #2972, .T. ) ;
#4644 = ORIENTED_EDGE ( 'NONE', *, *, #1057, .F. ) ;
#4645 = CIRCLE ( 'NONE', #6765, 1.649999999999987477 ) ;
#4646 = CARTESIAN_POINT ( 'NONE',  ( 62.64155120009247213, 12.99999999999999822, 28.89569817435987886 ) ) ;
#4647 = ORIENTED_EDGE ( 'NONE', *, *, #16, .T. ) ;
#4648 = COORDINATED_UNIVERSAL_TIME_OFFSET ( 5, 0, .BEHIND. ) ;
#4649 = CARTESIAN_POINT ( 'NONE',  ( 263.1590028889793302, 9.999999999999998224, 51.74484640086457432 ) ) ;
#4650 = CARTESIAN_POINT ( 'NONE',  ( 143.4617022532589203, 13.00000000000000178, 34.52807230492580004 ) ) ;
#4651 = VERTEX_POINT ( 'NONE', #6399 ) ;
#4652 = CARTESIAN_POINT ( 'NONE',  ( 271.2528258097289608, 10.00000000000000355, 45.25284202159038927 ) ) ;
#4653 = CARTESIAN_POINT ( 'NONE',  ( 151.5588637738837861, 13.00000000000000533, 54.30116045740354025 ) ) ;
#4654 = CARTESIAN_POINT ( 'NONE',  ( 183.2416933003842985, 10.00000000000000000, 26.83250132340066685 ) ) ;
#4655 = ORIENTED_EDGE ( 'NONE', *, *, #4670, .T. ) ;
#4656 = CARTESIAN_POINT ( 'NONE',  ( 118.6443375311535391, 10.00000000000000000, 56.25557824647759020 ) ) ;
#4657 = ORIENTED_EDGE ( 'NONE', *, *, #4035, .F. ) ;
#4658 = CARTESIAN_POINT ( 'NONE',  ( 207.1659721465381381, 13.00000000000000178, 15.87096286186220873 ) ) ;
#4659 = CARTESIAN_POINT ( 'NONE',  ( 63.76225640670353556, 10.00000000000000000, 35.50224961940690349 ) ) ;
#4660 = CARTESIAN_POINT ( 'NONE',  ( 172.3366914462222610, 9.999999999999998224, 35.50213883103626245 ) ) ;
#4661 = VECTOR ( 'NONE', #5821, 999.9999999999998863 ) ;
#4662 = CARTESIAN_POINT ( 'NONE',  ( 41.68103140706259779, 13.00000000000000533, 15.72197958160596443 ) ) ;
#4663 = CARTESIAN_POINT ( 'NONE',  ( 159.8943375311535249, 13.00000000000000178, 22.21711670801605010 ) ) ;
#4664 = CARTESIAN_POINT ( 'NONE',  ( 242.6514054945408816, 12.99999999999999467, 50.80574183780144892 ) ) ;
#4665 = B_SPLINE_CURVE_WITH_KNOTS ( 'NONE', 3,
 ( #7298, #1539, #4481, #6054, #1740, #4118, #4075, #659, #4002, #5148, #2328 ),
 .UNSPECIFIED., .F., .F.,
 ( 4, 1, 1, 1, 1, 1, 1, 1, 4 ),
 ( 0.000000000000000000, 0.1318992643310805124, 0.2582840923169730796, 0.3843411247791055363, 0.5119796151257172134, 0.6386320084211479786, 0.7592297631645872347, 0.8774121680352046093, 1.000000000000000000 ),
 .UNSPECIFIED. ) ;
#4666 = CARTESIAN_POINT ( 'NONE',  ( 76.22246253115355330, 10.00000000000000000, 52.21711670801605010 ) ) ;
#4667 = CARTESIAN_POINT ( 'NONE',  ( 217.9013192128259107, 9.999999999999998224, 41.20663622000718362 ) ) ;
#4668 = CARTESIAN_POINT ( 'NONE',  ( 1.224646799147353533E-14, 10.00000000000000000, 100.0000000000000000 ) ) ;
#4669 = DIRECTION ( 'NONE',  ( -0.000000000000000000, -1.000000000000000000, -0.000000000000000000 ) ) ;
#4670 = EDGE_CURVE ( 'NONE', #822, #3223, #5397, .T. ) ;
#4671 = CARTESIAN_POINT ( 'NONE',  ( 161.7011416803422605, 13.00000000000000178, 56.20928373187776828 ) ) ;
#4672 = CARTESIAN_POINT ( 'NONE',  ( 275.5219040591982775, 13.00000000000000178, 47.71949465801036183 ) ) ;
#4673 = CARTESIAN_POINT ( 'NONE',  ( 266.9026036218654667, 9.999999999999996447, 22.23131537412526271 ) ) ;
#4674 = CARTESIAN_POINT ( 'NONE',  ( 156.4672321705305080, 10.00000000000000000, 51.83466997521325936 ) ) ;
#4675 = CARTESIAN_POINT ( 'NONE',  ( 265.0822886976798145, 10.00000000000000000, 40.21227636134346284 ) ) ;
#4676 = CARTESIAN_POINT ( 'NONE',  ( 46.39850101455870401, 13.00000000000000178, 26.84747010088233665 ) ) ;
#4677 = EDGE_CURVE ( 'NONE', #4684, #4474, #755, .T. ) ;
#4678 = DIRECTION ( 'NONE',  ( 1.000000000000000000, 0.000000000000000000, 0.000000000000000000 ) ) ;
#4679 = CARTESIAN_POINT ( 'NONE',  ( 117.9762146592812257, 9.999999999999994671, 56.23705614050965806 ) ) ;
#4680 = CARTESIAN_POINT ( 'NONE',  ( 130.9205577032446968, 12.99999999999999822, 27.18508806627034247 ) ) ;
#4681 = ORIENTED_EDGE ( 'NONE', *, *, #2045, .F. ) ;
#4682 = B_SPLINE_SURFACE_WITH_KNOTS ( 'NONE', 3, 1, ( 
 ( #6370, #5817 ),
 ( #1289, #725 ),
 ( #2432, #4706 ),
 ( #362, #4336 ),
 ( #2729, #2057 ),
 ( #6620, #6652 ),
 ( #2135, #6147 ) ),
 .UNSPECIFIED., .F., .F., .F.,
 ( 4, 1, 1, 1, 4 ),
 ( 2, 2 ),
 ( 0.000000000000000000, 0.2400399314959810460, 0.4794031936060945687, 0.7317567388575658693, 1.000000000000000000 ),
 ( 0.000000000000000000, 1.000000000000000000 ),
 .UNSPECIFIED. ) ;
#4683 = CARTESIAN_POINT ( 'NONE',  ( 77.51408887658348590, 10.00000000000000000, 26.29325073383914457 ) ) ;
#4684 = VERTEX_POINT ( 'NONE', #3652 ) ;
#4685 = DIRECTION ( 'NONE',  ( 0.000000000000000000, 0.000000000000000000, 1.000000000000000000 ) ) ;
#4686 = CARTESIAN_POINT ( 'NONE',  ( 147.8263378360640274, 13.00000000000000178, 34.30791858351526713 ) ) ;
#4687 = ORIENTED_EDGE ( 'NONE', *, *, #4244, .T. ) ;
#4688 = EDGE_CURVE ( 'NONE', #4890, #4971, #1485, .T. ) ;
#4689 = FACE_BOUND ( 'NONE', #3859, .T. ) ;
#4690 = CARTESIAN_POINT ( 'NONE',  ( 105.3570779157689259, 13.00000000000000178, 55.67865516955451000 ) ) ;
#4691 = B_SPLINE_CURVE_WITH_KNOTS ( 'NONE', 3,
 ( #524, #2814, #1669, #5012, #3929, #1193, #4496, #6674, #2186, #2151, #6784 ),
 .UNSPECIFIED., .F., .F.,
 ( 4, 1, 1, 1, 1, 1, 1, 1, 4 ),
 ( 0.000000000000000000, 0.1317514273024049942, 0.2583323505141597032, 0.3821339760925450690, 0.5038043916000862765, 0.6246929865409329707, 0.7468705897275771388, 0.8715135042348171046, 1.000000000000000000 ),
 .UNSPECIFIED. ) ;
#4692 = ORIENTED_EDGE ( 'NONE', *, *, #5200, .T. ) ;
#4693 = VERTEX_POINT ( 'NONE', #3048 ) ;
#4694 = CARTESIAN_POINT ( 'NONE',  ( 265.4582465117862284, 10.00000000000000000, 56.24281495657763230 ) ) ;
#4695 = DIRECTION ( 'NONE',  ( 0.000000000000000000, 0.000000000000000000, -1.000000000000000000 ) ) ;
#4696 = ADVANCED_FACE ( 'NONE', ( #5328 ), #300, .T. ) ;
#4697 = CARTESIAN_POINT ( 'NONE',  ( 264.9055748815880520, 13.00000000000000178, 26.56805183348176413 ) ) ;
#4698 = CARTESIAN_POINT ( 'NONE',  ( 245.5710046196215330, 10.00000000000000355, 29.48731767756924782 ) ) ;
#4699 = CARTESIAN_POINT ( 'NONE',  ( 149.9821732305688329, 13.00000000000000533, 25.26621905222125619 ) ) ;
#4700 = CARTESIAN_POINT ( 'NONE',  ( 244.1142419152643583, 13.00000000000000533, 49.98895949049025234 ) ) ;
#4701 = CARTESIAN_POINT ( 'NONE',  ( 131.8228233722805385, 10.00000000000000178, 37.61166940343871090 ) ) ;
#4702 = ORIENTED_EDGE ( 'NONE', *, *, #1108, .T. ) ;
#4703 = CARTESIAN_POINT ( 'NONE',  ( 204.5224560441957635, 13.00000000000000178, 9.948043036141879014 ) ) ;
#4704 = LINE ( 'NONE', #1873, #3924 ) ;
#4705 = AXIS2_PLACEMENT_3D ( 'NONE', #1383, #275, #5387 ) ;
#4706 = CARTESIAN_POINT ( 'NONE',  ( 262.3229601943868374, 10.00000000000000000, 31.46053482686506797 ) ) ;
#4707 = CARTESIAN_POINT ( 'NONE',  ( 39.72897629654634954, 12.99999999999999822, 34.70402119191394519 ) ) ;
#4708 = DIRECTION ( 'NONE',  ( 0.000000000000000000, 0.000000000000000000, 1.000000000000000000 ) ) ;
#4709 = LINE ( 'NONE', #4929, #6827 ) ;
#4710 = VECTOR ( 'NONE', #7083, 1000.000000000000000 ) ;
#4711 = CARTESIAN_POINT ( 'NONE',  ( 259.7471019542304589, 10.00000000000000000, 35.91002536186220340 ) ) ;
#4712 = AXIS2_PLACEMENT_3D ( 'NONE', #6146, #3315, #4136 ) ;
#4713 = B_SPLINE_SURFACE_WITH_KNOTS ( 'NONE', 3, 1, ( 
 ( #6314, #5652 ),
 ( #2267, #2379 ),
 ( #6351, #3524 ),
 ( #4543, #1818 ),
 ( #1168, #2855 ),
 ( #3469, #4639 ),
 ( #2439, #3552 ),
 ( #3508, #2403 ),
 ( #622, #2874 ),
 ( #4365, #3270 ),
 ( #4987, #3806 ) ),
 .UNSPECIFIED., .F., .F., .F.,
 ( 4, 1, 1, 1, 1, 1, 1, 1, 4 ),
 ( 2, 2 ),
 ( 0.000000000000000000, 0.1762577548178000664, 0.3384344138804754043, 0.4848220507878356345, 0.6171575782663315524, 0.7346983606124759536, 0.8373851838323598251, 0.9263724209295839396, 1.000000000000000000 ),
 ( 0.000000000000000000, 1.000000000000000000 ),
 .UNSPECIFIED. ) ;
#4714 = LINE ( 'NONE', #5822, #2160 ) ;
#4715 = CARTESIAN_POINT ( 'NONE',  ( 161.7011416803422605, 10.00000000000000178, 56.20928373187776828 ) ) ;
#4716 = AXIS2_PLACEMENT_3D ( 'NONE', #5749, #812, #4079 ) ;
#4717 = CARTESIAN_POINT ( 'NONE',  ( 258.5949306193400048, 12.99999999999999822, 33.53457169998817733 ) ) ;
#4718 = CARTESIAN_POINT ( 'NONE',  ( 247.9382077234612325, 10.00000000000000178, 46.44788593878527649 ) ) ;
#4719 = VERTEX_POINT ( 'NONE', #3762 ) ;
#4720 = CARTESIAN_POINT ( 'NONE',  ( 59.21767432361244232, 13.00000000000000178, 38.77599326082142284 ) ) ;
#4721 = EDGE_CURVE ( 'NONE', #782, #4945, #1047, .T. ) ;
#4722 = ORIENTED_EDGE ( 'NONE', *, *, #6608, .F. ) ;
#4723 = ORIENTED_EDGE ( 'NONE', *, *, #4402, .F. ) ;
#4724 = DIRECTION ( 'NONE',  ( -0.000000000000000000, -1.000000000000000000, -0.000000000000000000 ) ) ;
#4725 = CARTESIAN_POINT ( 'NONE',  ( 146.9078643122339543, 9.999999999999996447, 38.90819761102306273 ) ) ;
#4726 = ORIENTED_EDGE ( 'NONE', *, *, #6862, .F. ) ;
#4727 = CARTESIAN_POINT ( 'NONE',  ( 273.4452970433682708, 13.00000000000000178, 52.80238340372587658 ) ) ;
#4728 = CARTESIAN_POINT ( 'NONE',  ( 233.3333333333332860, 20.00000000000000000, 94.93724644492834841 ) ) ;
#4729 = EDGE_CURVE ( 'NONE', #1094, #3748, #2364, .T. ) ;
#4730 = FACE_OUTER_BOUND ( 'NONE', #1497, .T. ) ;
#4731 = ORIENTED_EDGE ( 'NONE', *, *, #2140, .T. ) ;
#4732 = CARTESIAN_POINT ( 'NONE',  ( 259.4424244617297859, 13.00000000000000178, 49.03013950469220816 ) ) ;
#4733 = EDGE_LOOP ( 'NONE', ( #2757, #5636, #6759, #3825 ) ) ;
#4734 = CARTESIAN_POINT ( 'NONE',  ( 43.97184990145562011, 13.00000000000000178, 33.79617640210817342 ) ) ;
#4735 = CARTESIAN_POINT ( 'NONE',  ( 227.2567916436580049, 13.00000000000000178, 49.61922005449439155 ) ) ;
#4736 = CARTESIAN_POINT ( 'NONE',  ( 266.5529913773073645, 13.00000000000000178, 26.25557824647759020 ) ) ;
#4737 = CARTESIAN_POINT ( 'NONE',  ( 47.61868654063859907, 13.00000000000000178, 21.62488796606365682 ) ) ;
#4738 = CARTESIAN_POINT ( 'NONE',  ( 93.19902470771788217, 13.00000000000000178, 37.68007837632379875 ) ) ;
#4739 = CARTESIAN_POINT ( 'NONE',  ( 63.71044330038431980, 13.00000000000000178, 27.66182824647758665 ) ) ;
#4740 = EDGE_CURVE ( 'NONE', #4971, #3851, #1916, .T. ) ;
#4741 = CARTESIAN_POINT ( 'NONE',  ( 77.95177350855614407, 12.99999999999999822, 52.16701580221901935 ) ) ;
#4742 = ORIENTED_EDGE ( 'NONE', *, *, #6076, .T. ) ;
#4743 = CARTESIAN_POINT ( 'NONE',  ( 160.4577905712841357, 13.00000000000000178, 52.20027024743833977 ) ) ;
#4744 = CARTESIAN_POINT ( 'NONE',  ( 52.28015483884585279, 13.00000000000000178, 55.67865516955451000 ) ) ;
#4745 = B_SPLINE_SURFACE_WITH_KNOTS ( 'NONE', 3, 1, ( 
 ( #6108, #5622 ),
 ( #990, #573 ),
 ( #1063, #2093 ),
 ( #1024, #3313 ),
 ( #2690, #3876 ),
 ( #7257, #4369 ),
 ( #1535, #3277 ),
 ( #5590, #2827 ),
 ( #2202, #5555 ),
 ( #3349, #7222 ),
 ( #3944, #2132 ) ),
 .UNSPECIFIED., .F., .F., .F.,
 ( 4, 1, 1, 1, 1, 1, 1, 1, 4 ),
 ( 2, 2 ),
 ( 0.000000000000000000, 0.1317514273024049942, 0.2583323505141597032, 0.3821339760925450690, 0.5038043916000862765, 0.6246929865409329707, 0.7468705897275771388, 0.8715135042348171046, 1.000000000000000000 ),
 ( 0.000000000000000000, 1.000000000000000000 ),
 .UNSPECIFIED. ) ;
#4746 = CARTESIAN_POINT ( 'NONE',  ( 237.8772139664640122, 9.999999999999996447, 22.25261611704796039 ) ) ;
#4747 = CARTESIAN_POINT ( 'NONE',  ( 36.21955152032931835, 12.99999999999999822, 34.90385523835566062 ) ) ;
#4748 = LINE ( 'NONE', #5372, #7071 ) ;
#4749 = CARTESIAN_POINT ( 'NONE',  ( 261.1915930504508765, 10.00000000000000000, 24.09539266686805092 ) ) ;
#4750 = DIRECTION ( 'NONE',  ( 0.000000000000000000, 0.000000000000000000, -1.000000000000000000 ) ) ;
#4751 = CARTESIAN_POINT ( 'NONE',  ( 235.9309961849996853, 10.00000000000000000, 56.25557824647759020 ) ) ;
#4752 = CARTESIAN_POINT ( 'NONE',  ( 270.0743177426065245, 12.99999999999999822, 43.41940427758031973 ) ) ;
#4753 = CARTESIAN_POINT ( 'NONE',  ( 105.3570779157689259, 10.00000000000000000, 28.76158786186220340 ) ) ;
#4754 = VERTEX_POINT ( 'NONE', #7081 ) ;
#4755 = CARTESIAN_POINT ( 'NONE',  ( 60.30583119668577297, 12.99999999999999822, 33.03760189942122594 ) ) ;
#4756 = ORIENTED_EDGE ( 'NONE', *, *, #998, .F. ) ;
#4757 = CARTESIAN_POINT ( 'NONE',  ( 67.05153452022547356, 12.99999999999999822, 30.07167115841679816 ) ) ;
#4758 = CARTESIAN_POINT ( 'NONE',  ( 159.4399679680057886, 12.99999999999999822, 26.26798013943248122 ) ) ;
#4759 = ORIENTED_EDGE ( 'NONE', *, *, #2665, .T. ) ;
#4760 = ADVANCED_FACE ( 'NONE', ( #5859 ), #6512, .T. ) ;
#4761 = CARTESIAN_POINT ( 'NONE',  ( 275.5493856080766477, 10.00000000000000000, 46.75437632340067040 ) ) ;
#4762 = LINE ( 'NONE', #6422, #1857 ) ;
#4763 = CARTESIAN_POINT ( 'NONE',  ( 247.9382077234612325, 13.00000000000000178, 46.44788593878527649 ) ) ;
#4764 = ORIENTED_EDGE ( 'NONE', *, *, #364, .F. ) ;
#4765 = CARTESIAN_POINT ( 'NONE',  ( 272.4357817046884520, 9.999999999999998224, 39.95612672170806690 ) ) ;
#4766 = B_SPLINE_CURVE_WITH_KNOTS ( 'NONE', 3,
 ( #2947, #104, #5145, #2476, #4071, #6335, #2324, #4604, #769, #4114, #6964, #2363, #2402, #4676, #4638, #696, #3019, #6854, #67 ),
 .UNSPECIFIED., .F., .F.,
 ( 4, 1, 1, 1, 1, 1, 1, 1, 1, 1, 1, 1, 1, 1, 1, 1, 4 ),
 ( 0.000000000000000000, 0.07166814967960498384, 0.1389132862742047114, 0.2011845700265588455, 0.2591244282905453833, 0.3122550414262356688, 0.3606815096231100748, 0.4050861433286445101, 0.4451016585907115464, 0.5187777804882600652, 0.5894615790331972915, 0.6584622419857166786, 0.7272832183683668461, 0.7963224869047191845, 0.8631748932078809888, 0.9309493809878558457, 1.000000000000000000 ),
 .UNSPECIFIED. ) ;
#4767 = EDGE_LOOP ( 'NONE', ( #1159, #2673, #6602, #3260 ) ) ;
#4768 = VECTOR ( 'NONE', #1303, 1000.000000000000000 ) ;
#4769 = CARTESIAN_POINT ( 'NONE',  ( 40.90879472430198405, 10.00000000000000355, 34.54521369233722794 ) ) ;
#4770 = CARTESIAN_POINT ( 'NONE',  ( 135.9340009926920061, 13.00000000000000178, 39.29944843878528360 ) ) ;
#4771 = CARTESIAN_POINT ( 'NONE',  ( 172.8447573011493716, 9.999999999999998224, 38.90819494952972235 ) ) ;
#4772 = ADVANCED_FACE ( 'NONE', ( #6046 ), #6591, .F. ) ;
#4773 = DIRECTION ( 'NONE',  ( 0.000000000000000000, 0.000000000000000000, 1.000000000000000000 ) ) ;
#4774 = CARTESIAN_POINT ( 'NONE',  ( 221.9070560226478790, 12.99999999999999822, 38.70672605090651786 ) ) ;
#4775 = CARTESIAN_POINT ( 'NONE',  ( 111.1895069002915335, 10.00000000000000000, 50.12789691214565835 ) ) ;
#4776 = CARTESIAN_POINT ( 'NONE',  ( 119.2439835301205164, 10.00000000000000178, 26.27558880658551743 ) ) ;
#4777 = EDGE_LOOP ( 'NONE', ( #3818, #5005, #1784, #1002 ) ) ;
#4778 = CARTESIAN_POINT ( 'NONE',  ( 92.07648842232470088, 13.00000000000000533, 45.68995293521118839 ) ) ;
#4779 = CARTESIAN_POINT ( 'NONE',  ( 189.0109240696151005, 13.00000000000000178, 22.79403978493913030 ) ) ;
#4780 = AXIS2_PLACEMENT_3D ( 'NONE', #2554, #370, #7001 ) ;
#4781 = CARTESIAN_POINT ( 'NONE',  ( 163.2829519359812593, 13.00000000000000178, 51.83634526286678579 ) ) ;
#4782 = CARTESIAN_POINT ( 'NONE',  ( 168.2031656899459051, 13.00000000000000533, 54.30118323873841746 ) ) ;
#4783 = CARTESIAN_POINT ( 'NONE',  ( 270.5436734047505638, 13.00000000000000178, 55.18767910082815575 ) ) ;
#4784 = CARTESIAN_POINT ( 'NONE',  ( 270.7829605636611632, 13.00000000000000178, 23.37951513341387155 ) ) ;
#4785 = CARTESIAN_POINT ( 'NONE',  ( 266.2580605849502717, 10.00000000000000000, 22.22278583390078666 ) ) ;
#4786 = CARTESIAN_POINT ( 'NONE',  ( 169.9288899515292712, 12.99999999999999822, 31.04365736471353898 ) ) ;
#4787 = CARTESIAN_POINT ( 'NONE',  ( 118.6443375311535391, 13.00000000000000178, 56.25557824647759020 ) ) ;
#4788 = EDGE_CURVE ( 'NONE', #3040, #4281, #4865, .T. ) ;
#4789 = CARTESIAN_POINT ( 'NONE',  ( 169.6065746953147197, 9.999999999999996447, 53.41633506828735278 ) ) ;
#4790 = CARTESIAN_POINT ( 'NONE',  ( 258.2837102480627323, 13.00000000000000178, 32.21742096289699475 ) ) ;
#4791 = CARTESIAN_POINT ( 'NONE',  ( 258.2485615259581664, 13.00000000000000178, 30.54016447615140706 ) ) ;
#4792 = CARTESIAN_POINT ( 'NONE',  ( 246.8379376583712599, 13.00000000000000178, 30.65744539108066391 ) ) ;
#4793 = CARTESIAN_POINT ( 'NONE',  ( 130.9207007750429455, 10.00000000000000178, 44.25142267753992797 ) ) ;
#4794 = ORIENTED_EDGE ( 'NONE', *, *, #2098, .T. ) ;
#4795 = CARTESIAN_POINT ( 'NONE',  ( 106.6256979586340776, 10.00000000000000000, 51.20966041518818912 ) ) ;
#4796 = CALENDAR_DATE ( 2026, 1, 9 ) ;
#4797 = CARTESIAN_POINT ( 'NONE',  ( 156.0899253883289930, 13.00000000000000178, 26.77372474248329937 ) ) ;
#4798 = EDGE_LOOP ( 'NONE', ( #4329, #3528, #553, #3590 ) ) ;
#4799 = CARTESIAN_POINT ( 'NONE',  ( 88.68284529237611480, 12.99999999999999822, 35.50213883103625534 ) ) ;
#4800 = ORIENTED_EDGE ( 'NONE', *, *, #6230, .F. ) ;
#4801 = CARTESIAN_POINT ( 'NONE',  ( 159.2806054231813846, 13.00000000000000178, 56.23987715225013062 ) ) ;
#4802 = ORIENTED_EDGE ( 'NONE', *, *, #5412, .T. ) ;
#4803 = CARTESIAN_POINT ( 'NONE',  ( 76.24049137730740711, 13.00000000000000178, 22.21711670801605010 ) ) ;
#4804 = ORIENTED_EDGE ( 'NONE', *, *, #4740, .T. ) ;
#4805 = CARTESIAN_POINT ( 'NONE',  ( 272.2320779157689117, 13.00000000000000178, 29.71711670801605010 ) ) ;
#4806 = B_SPLINE_SURFACE_WITH_KNOTS ( 'NONE', 3, 1, ( 
 ( #4951, #7246 ),
 ( #6169, #4359 ),
 ( #6754, #3340 ),
 ( #1086, #1674 ),
 ( #3303, #1562 ),
 ( #2229, #6062 ),
 ( #941, #1526 ),
 ( #5016, #423 ),
 ( #7213, #2157 ),
 ( #4431, #980 ),
 ( #5467, #2122 ),
 ( #390, #5615 ),
 ( #6679, #3791 ),
 ( #3230, #4393 ),
 ( #7283, #2191 ),
 ( #6099, #3189 ),
 ( #2782, #6641 ),
 ( #5051, #1600 ),
 ( #4466, #6721 ) ),
 .UNSPECIFIED., .F., .F., .F.,
 ( 4, 1, 1, 1, 1, 1, 1, 1, 1, 1, 1, 1, 1, 1, 1, 1, 4 ),
 ( 2, 2 ),
 ( 0.000000000000000000, 0.06874226160548913001, 0.1346351922242772781, 0.1983241870671474671, 0.2608250125604210656, 0.3227135881590247890, 0.3845545346076189586, 0.4469128577247561962, 0.5109576325148292852, 0.5749307010013356978, 0.6366845377960934638, 0.6974831152940621504, 0.7571338075238546184, 0.8169656636752642420, 0.8768183516571962377, 0.9376625803840034079, 1.000000000000000000 ),
 ( 0.000000000000000000, 1.000000000000000000 ),
 .UNSPECIFIED. ) ;
#4807 = CARTESIAN_POINT ( 'NONE',  ( 222.9030206655998541, 12.99999999999999822, 44.18499723307300542 ) ) ;
#4808 = CARTESIAN_POINT ( 'NONE',  ( 199.9999999999999432, 10.00000000000000000, 96.43724644492834841 ) ) ;
#4809 = CARTESIAN_POINT ( 'NONE',  ( 247.9382077234612325, 10.00000000000000000, 46.44788593878527649 ) ) ;
#4810 = DIRECTION ( 'NONE',  ( 0.000000000000000000, 0.000000000000000000, 1.000000000000000000 ) ) ;
#4811 = CARTESIAN_POINT ( 'NONE',  ( 209.2630921728809881, 10.00000000000000355, 9.507632182588430680 ) ) ;
#4812 = CARTESIAN_POINT ( 'NONE',  ( 120.3804970088778532, 10.00000000000000000, 26.31530617099733149 ) ) ;
#4813 = CARTESIAN_POINT ( 'NONE',  ( 275.1771649315566606, 10.00000000000000000, 49.56410106534852389 ) ) ;
#4814 = ORIENTED_EDGE ( 'NONE', *, *, #3021, .T. ) ;
#4815 = EDGE_CURVE ( 'NONE', #4693, #2118, #1545, .T. ) ;
#4816 = CARTESIAN_POINT ( 'NONE',  ( 72.81338601668439026, 9.999999999999996447, 51.83466997521324515 ) ) ;
#4817 = DIRECTION ( 'NONE',  ( 0.000000000000000000, 0.000000000000000000, -1.000000000000000000 ) ) ;
#4818 = DIRECTION ( 'NONE',  ( 0.000000000000000000, -0.000000000000000000, 1.000000000000000000 ) ) ;
#4819 = CARTESIAN_POINT ( 'NONE',  ( 172.8570779157689401, 13.00000000000000178, 39.35353497724682370 ) ) ;
#4820 = CARTESIAN_POINT ( 'NONE',  ( 265.7274799021346894, 13.00000000000000178, 40.56601720523219257 ) ) ;
#4821 = LINE ( 'NONE', #727, #78 ) ;
#4822 = DIRECTION ( 'NONE',  ( 0.000000000000000000, 0.000000000000000000, -1.000000000000000000 ) ) ;
#4823 = CARTESIAN_POINT ( 'NONE',  ( 263.7182505564711619, 13.00000000000000178, 34.05898908707817441 ) ) ;
#4824 = EDGE_CURVE ( 'NONE', #2713, #6971, #6700, .T. ) ;
#4825 = CARTESIAN_POINT ( 'NONE',  ( 118.6082798388458457, 9.999999999999998224, 52.21711670801605010 ) ) ;
#4826 = VECTOR ( 'NONE', #3448, 1000.000000000000000 ) ;
#4827 = VECTOR ( 'NONE', #2830, 1000.000000000000000 ) ;
#4828 = CARTESIAN_POINT ( 'NONE',  ( 168.2031656899459051, 10.00000000000000355, 54.30118323873841746 ) ) ;
#4829 = CARTESIAN_POINT ( 'NONE',  ( 217.9013192128259107, 12.99999999999999822, 41.20663622000718362 ) ) ;
#4830 = CIRCLE ( 'NONE', #1620, 1.500000000000001332 ) ;
#4831 = CARTESIAN_POINT ( 'NONE',  ( 247.5487202124219550, 13.00000000000000178, 46.90821137366308591 ) ) ;
#4832 = ORIENTED_EDGE ( 'NONE', *, *, #6172, .F. ) ;
#4833 = ADVANCED_FACE ( 'NONE', ( #2769 ), #5985, .T. ) ;
#4834 = ORIENTED_EDGE ( 'NONE', *, *, #5602, .F. ) ;
#4835 = DIRECTION ( 'NONE',  ( 0.000000000000000000, 0.000000000000000000, -1.000000000000000000 ) ) ;
#4836 = CARTESIAN_POINT ( 'NONE',  ( 147.1181637000286457, 9.999999999999996447, 36.74271487803989089 ) ) ;
#4837 = AXIS2_PLACEMENT_3D ( 'NONE', #1959, #4235, #2658 ) ;
#4838 = ORIENTED_EDGE ( 'NONE', *, *, #2850, .T. ) ;
#4839 = CARTESIAN_POINT ( 'NONE',  ( 270.9520998640959419, 13.00000000000000178, 38.80129633106556497 ) ) ;
#4840 = ORIENTED_EDGE ( 'NONE', *, *, #7180, .T. ) ;
#4841 = CARTESIAN_POINT ( 'NONE',  ( 300.0000000000000000, 10.00000000000000000, 0.000000000000000000 ) ) ;
#4842 = ORIENTED_EDGE ( 'NONE', *, *, #2343, .F. ) ;
#4843 = CARTESIAN_POINT ( 'NONE',  ( 268.4443465718524067, 13.00000000000000178, 37.25086298595594059 ) ) ;
#4844 = ORIENTED_EDGE ( 'NONE', *, *, #4467, .T. ) ;
#4845 = CARTESIAN_POINT ( 'NONE',  ( 42.00856045494897728, 9.999999999999996447, 34.33486914100114262 ) ) ;
#4846 = DIRECTION ( 'NONE',  ( -0.000000000000000000, -1.000000000000000000, -0.000000000000000000 ) ) ;
#4847 = LINE ( 'NONE', #6063, #906 ) ;
#4848 = CARTESIAN_POINT ( 'NONE',  ( 109.1224195061270592, 13.00000000000000178, 29.96179481901007335 ) ) ;
#4849 = LINE ( 'NONE', #6138, #2217 ) ;
#4850 = CARTESIAN_POINT ( 'NONE',  ( 249.3275743253719838, 12.99999999999999822, 51.15151690515788374 ) ) ;
#4851 = VERTEX_POINT ( 'NONE', #5142 ) ;
#4852 = CARTESIAN_POINT ( 'NONE',  ( 71.20294760243108101, 13.00000000000000178, 51.32296885885602933 ) ) ;
#4853 = CARTESIAN_POINT ( 'NONE',  ( 247.7451672390477313, 10.00000000000000178, 52.55778502527891050 ) ) ;
#4854 = CARTESIAN_POINT ( 'NONE',  ( 51.69709156042643627, 10.00000000000000000, 22.35201736146614593 ) ) ;
#4855 = CARTESIAN_POINT ( 'NONE',  ( 146.2953973539385970, 9.999999999999996447, 28.89569817435986465 ) ) ;
#4856 = LINE ( 'NONE', #472, #4584 ) ;
#4857 = EDGE_CURVE ( 'NONE', #939, #908, #137, .T. ) ;
#4858 = CARTESIAN_POINT ( 'NONE',  ( 167.0259330477284152, 13.00000000000000178, 28.39871079207991755 ) ) ;
#4859 = CARTESIAN_POINT ( 'NONE',  ( 228.7972990748536404, 12.99999999999999822, 55.06798941445087081 ) ) ;
#4860 = CARTESIAN_POINT ( 'NONE',  ( 66.49347694497407701, 12.99999999999999822, 53.41901016282709946 ) ) ;
#4861 = CARTESIAN_POINT ( 'NONE',  ( 129.6469948906675427, 13.00000000000000178, 26.02025264189557774 ) ) ;
#4862 = B_SPLINE_CURVE_WITH_KNOTS ( 'NONE', 3,
 ( #5004, #1587, #1548, #6192, #4381, #6227, #6087, #4970, #5671, #2703, #5072, #3850, #1001, #1628, #5634, #7270, #3889, #3290, #551 ),
 .UNSPECIFIED., .F., .F.,
 ( 4, 1, 1, 1, 1, 1, 1, 1, 1, 1, 1, 1, 1, 1, 1, 1, 4 ),
 ( 0.000000000000000000, 0.06874226160548864428, 0.1346351922242763066, 0.1983241870671470231, 0.2608250125604206771, 0.3227135881590239563, 0.3845545346076190696, 0.4469128577247555856, 0.5109576325148286191, 0.5749307010013358088, 0.6366845377960934638, 0.6974831152940621504, 0.7571338075238547294, 0.8169656636752641310, 0.8768183516571963487, 0.9376625803840034079, 1.000000000000000000 ),
 .UNSPECIFIED. ) ;
#4863 = FACE_OUTER_BOUND ( 'NONE', #6675, .T. ) ;
#4864 = CARTESIAN_POINT ( 'NONE',  ( 210.9340009926920061, 13.00000000000000178, 12.42745324647759375 ) ) ;
#4865 = B_SPLINE_CURVE_WITH_KNOTS ( 'NONE', 3,
 ( #3885, #7231, #4967, #373, #2661, #2064, #444, #999, #7197, #4379, #407, #2175, #960, #7304, #6155, #4450, #4932, #7157, #6082 ),
 .UNSPECIFIED., .F., .F.,
 ( 4, 1, 1, 1, 1, 1, 1, 1, 1, 1, 1, 1, 1, 1, 1, 1, 4 ),
 ( 0.000000000000000000, 0.06384589973478732583, 0.1260436278408440525, 0.1871653577195674933, 0.2473992895212634435, 0.3083800306041640793, 0.3697796166640497373, 0.4325839246869351284, 0.4976407859952571289, 0.5624011369620618428, 0.6255571033330410424, 0.6873320046201729649, 0.7483127457030734897, 0.8097910391226145199, 0.8717675719729280903, 0.9348361909503147826, 1.000000000000000000 ),
 .UNSPECIFIED. ) ;
#4866 = EDGE_CURVE ( 'NONE', #4754, #2293, #5776, .T. ) ;
#4867 = CARTESIAN_POINT ( 'NONE',  ( 239.4735319619331051, 9.999999999999998224, 51.89077262771559163 ) ) ;
#4868 = B_SPLINE_CURVE_WITH_KNOTS ( 'NONE', 3,
 ( #1252, #1732, #6191, #3361, #548, #4523, #6263, #1695, #3432, #5893, #4749, #6999, #5296, #7076, #3584, #3660, #2514, #4785, #2474 ),
 .UNSPECIFIED., .F., .F.,
 ( 4, 1, 1, 1, 1, 1, 1, 1, 1, 1, 1, 1, 1, 1, 1, 1, 4 ),
 ( 0.000000000000000000, 0.06797848961925517797, 0.1330435352439082730, 0.1965074380533953502, 0.2586134167685747443, 0.3197283376065477301, 0.3808728540495684434, 0.4426356023162049125, 0.5050793035048795065, 0.5678805200585778090, 0.6288138541554865180, 0.6889100905404388353, 0.7487650058898495109, 0.8093857829631169176, 0.8708843357532255469, 0.9340374630737058315, 1.000000000000000000 ),
 .UNSPECIFIED. ) ;
#4869 = CARTESIAN_POINT ( 'NONE',  ( 266.6666666666666856, 20.00000000000000000, 96.43724644492834841 ) ) ;
#4870 = B_SPLINE_SURFACE_WITH_KNOTS ( 'NONE', 3, 1, ( 
 ( #4927, #4962 ),
 ( #7151, #4894 ),
 ( #7188, #6548 ),
 ( #3839, #2585 ),
 ( #1505, #471 ),
 ( #2096, #4296 ),
 ( #3769, #6110 ),
 ( #3801, #6038 ),
 ( #1468, #4855 ),
 ( #952, #2020 ),
 ( #1027, #3731 ) ),
 .UNSPECIFIED., .F., .F., .F.,
 ( 4, 1, 1, 1, 1, 1, 1, 1, 4 ),
 ( 2, 2 ),
 ( 0.000000000000000000, 0.1289191318119614349, 0.2552377249249067059, 0.3786785959785508027, 0.5010878871851330851, 0.6227136794297769562, 0.7462407949383831340, 0.8715890472316694115, 0.9999999999999998890 ),
 ( 0.000000000000000000, 1.000000000000000000 ),
 .UNSPECIFIED. ) ;
#4871 = ORIENTED_EDGE ( 'NONE', *, *, #4327, .F. ) ;
#4872 = CARTESIAN_POINT ( 'NONE',  ( 266.6666666666666856, 20.00000000000000000, 96.43724644492834841 ) ) ;
#4873 = ORIENTED_EDGE ( 'NONE', *, *, #3445, .F. ) ;
#4874 = CARTESIAN_POINT ( 'NONE',  ( 205.0963991700023143, 10.00000000000000000, 15.31105218964902903 ) ) ;
#4875 = CARTESIAN_POINT ( 'NONE',  ( 268.6672316658102204, 10.00000000000000178, 22.48762365207000613 ) ) ;
#4876 = ADVANCED_FACE ( 'NONE', ( #653 ), #4521, .T. ) ;
#4877 = LINE ( 'NONE', #894, #436 ) ;
#4878 = ORIENTED_EDGE ( 'NONE', *, *, #512, .T. ) ;
#4879 = CARTESIAN_POINT ( 'NONE',  ( 145.5169064952752080, 13.00000000000000178, 48.56086047141887008 ) ) ;
#4880 = ORIENTED_EDGE ( 'NONE', *, *, #3116, .T. ) ;
#4881 = FACE_OUTER_BOUND ( 'NONE', #1598, .T. ) ;
#4882 = ORIENTED_EDGE ( 'NONE', *, *, #148, .T. ) ;
#4883 = CARTESIAN_POINT ( 'NONE',  ( 147.3642894542304589, 13.00000000000000178, 27.66182824647758665 ) ) ;
#4884 = DIRECTION ( 'NONE',  ( 1.000000000000000000, 0.000000000000000000, 0.000000000000000000 ) ) ;
#4885 = CARTESIAN_POINT ( 'NONE',  ( 105.3570779157689259, 10.00000000000000000, 39.17324651570835670 ) ) ;
#4886 = CARTESIAN_POINT ( 'NONE',  ( 259.9352620472884041, 12.99999999999999822, 49.56241801832604921 ) ) ;
#4887 = CIRCLE ( 'NONE', #494, 1.649999999999987477 ) ;
#4888 = CARTESIAN_POINT ( 'NONE',  ( 218.1705179675632564, 9.999999999999998224, 36.07119816231600851 ) ) ;
#4889 = ORIENTED_EDGE ( 'NONE', *, *, #226, .T. ) ;
#4890 = VERTEX_POINT ( 'NONE', #1249 ) ;
#4891 = CARTESIAN_POINT ( 'NONE',  ( 67.00366950782941444, 10.00000000000000000, 48.59691498126267106 ) ) ;
#4892 = CARTESIAN_POINT ( 'NONE',  ( 33.33333333333334991, 20.00000000000000000, 97.93724644492834841 ) ) ;
#4893 = CARTESIAN_POINT ( 'NONE',  ( 204.0405630844793166, 12.99999999999999822, 10.47551374304695138 ) ) ;
#4894 = CARTESIAN_POINT ( 'NONE',  ( 142.8715204774586027, 10.00000000000000000, 38.77599326082142284 ) ) ;
#4895 = CARTESIAN_POINT ( 'NONE',  ( 207.1659721465381665, 10.00000000000000178, 8.947885938785283599 ) ) ;
#4896 = CARTESIAN_POINT ( 'NONE',  ( 153.7875451755707559, 13.00000000000000533, 27.73419130896918006 ) ) ;
#4897 = CARTESIAN_POINT ( 'NONE',  ( 118.1173161214187104, 13.00000000000000178, 22.23512785698201455 ) ) ;
#4898 = CARTESIAN_POINT ( 'NONE',  ( 171.3772190463320442, 10.00000000000000000, 33.17030944754938560 ) ) ;
#4899 = CARTESIAN_POINT ( 'NONE',  ( 42.38879359960798610, 9.999999999999998224, 11.24095848870819836 ) ) ;
#4900 = CARTESIAN_POINT ( 'NONE',  ( 119.2279438588026039, 10.00000000000000178, 56.23869451826254107 ) ) ;
#4901 = CARTESIAN_POINT ( 'NONE',  ( 89.60636881441105572, 9.999999999999994671, 49.91281092058346758 ) ) ;
#4902 = CARTESIAN_POINT ( 'NONE',  ( 69.41116565231746449, 10.00000000000000533, 55.01209030561052771 ) ) ;
#4903 = DIRECTION ( 'NONE',  ( 1.000000000000000000, 0.000000000000000000, 0.000000000000000000 ) ) ;
#4904 = ORIENTED_EDGE ( 'NONE', *, *, #3495, .T. ) ;
#4905 = CARTESIAN_POINT ( 'NONE',  ( 105.7871960476222313, 10.00000000000000000, 50.14172697441270543 ) ) ;
#4906 = EDGE_CURVE ( 'NONE', #2129, #4009, #546, .T. ) ;
#4907 = CARTESIAN_POINT ( 'NONE',  ( 42.97222426940838602, 9.999999999999996447, 29.47179414296125444 ) ) ;
#4908 = CARTESIAN_POINT ( 'NONE',  ( 263.3979433003842701, 10.00000000000000000, 33.66543401570835670 ) ) ;
#4909 = ORIENTED_EDGE ( 'NONE', *, *, #3721, .F. ) ;
#4910 = LINE ( 'NONE', #7208, #448 ) ;
#4911 = VERTEX_POINT ( 'NONE', #6294 ) ;
#4912 = CARTESIAN_POINT ( 'NONE',  ( 233.3333333333332860, 20.00000000000000000, 97.93724644492834841 ) ) ;
#4913 = ORIENTED_EDGE ( 'NONE', *, *, #1814, .F. ) ;
#4914 = EDGE_CURVE ( 'NONE', #6455, #1516, #1659, .T. ) ;
#4915 = CARTESIAN_POINT ( 'NONE',  ( 66.66666666666668561, 10.00000000000000000, 96.43724644492834841 ) ) ;
#4916 = DIRECTION ( 'NONE',  ( 0.000000000000000000, 0.000000000000000000, 1.000000000000000000 ) ) ;
#4917 = CARTESIAN_POINT ( 'NONE',  ( 42.63472214653817360, 10.00000000000000000, 11.29163593878528005 ) ) ;
#4918 = CARTESIAN_POINT ( 'NONE',  ( 263.9978750719834579, 10.00000000000000000, 52.01379975113110277 ) ) ;
#4919 = LINE ( 'NONE', #905, #6368 ) ;
#4920 = CARTESIAN_POINT ( 'NONE',  ( 242.9283753851917140, 13.00000000000000178, 55.14845767563077317 ) ) ;
#4921 = ORIENTED_EDGE ( 'NONE', *, *, #97, .F. ) ;
#4922 = VERTEX_POINT ( 'NONE', #3359 ) ;
#4923 = EDGE_CURVE ( 'NONE', #3538, #6778, #6880, .T. ) ;
#4924 = CARTESIAN_POINT ( 'NONE',  ( 241.0407898302752585, 10.00000000000000000, 22.75166699945532045 ) ) ;
#4925 = CARTESIAN_POINT ( 'NONE',  ( 3.505202749622876368, 0.000000000000000000, 91.13552925583975650 ) ) ;
#4926 = CARTESIAN_POINT ( 'NONE',  ( 206.9182352259628885, 10.00000000000000000, 8.959066850737237075 ) ) ;
#4927 = CARTESIAN_POINT ( 'NONE',  ( 142.8570779157689401, 13.00000000000000178, 39.32649170801605010 ) ) ;
#4928 = CARTESIAN_POINT ( 'NONE',  ( 219.6881403375868729, 13.00000000000000178, 31.78024523094515175 ) ) ;
#4929 = CARTESIAN_POINT ( 'NONE',  ( 221.8955394542304589, 13.00000000000000178, 39.14620324647759020 ) ) ;
#4930 = FACE_OUTER_BOUND ( 'NONE', #6240, .T. ) ;
#4931 = CARTESIAN_POINT ( 'NONE',  ( 131.4711571851063923, 12.99999999999999822, 42.63586737386241765 ) ) ;
#4932 = CARTESIAN_POINT ( 'NONE',  ( 63.27827159737377372, 10.00000000000000000, 38.03184166138065336 ) ) ;
#4933 = CARTESIAN_POINT ( 'NONE',  ( 75.62675926933520998, 9.999999999999998224, 56.23987715225011641 ) ) ;
#4934 = B_SPLINE_CURVE_WITH_KNOTS ( 'NONE', 3,
 ( #5057, #6070, #2091, #4510, #4924, #7184, #1062, #2130, #3908, #6649, #3312, #4368, #1023, #1572, #6177 ),
 .UNSPECIFIED., .F., .F.,
 ( 4, 1, 1, 1, 1, 1, 1, 1, 1, 1, 1, 1, 4 ),
 ( 0.000000000000000000, 0.09126880443432745793, 0.1820814045527847369, 0.2719096545272049470, 0.3620494585053553038, 0.4500663484251181123, 0.5339764739707174579, 0.6136024537413251601, 0.6901976142648826862, 0.7654128769004133748, 0.8414365506928791483, 0.9197327486057736978, 1.000000000000000000 ),
 .UNSPECIFIED. ) ;
#4935 = CARTESIAN_POINT ( 'NONE',  ( 51.69709156042643627, 13.00000000000000178, 22.35201736146614593 ) ) ;
#4936 = VECTOR ( 'NONE', #6001, 1000.000000000000000 ) ;
#4937 = ORIENTED_EDGE ( 'NONE', *, *, #6975, .T. ) ;
#4938 = DIRECTION ( 'NONE',  ( 0.000000000000000000, -0.000000000000000000, 1.000000000000000000 ) ) ;
#4939 = B_SPLINE_CURVE_WITH_KNOTS ( 'NONE', 3,
 ( #5247, #4253, #2424, #4698, #7023, #1865, #1828, #127, #3045, #4097, #3082 ),
 .UNSPECIFIED., .F., .F.,
 ( 4, 1, 1, 1, 1, 1, 1, 1, 4 ),
 ( 0.000000000000000000, 0.1283242377690987646, 0.2525844750621367707, 0.3735064833109031923, 0.4933644513855727221, 0.6146085973434214367, 0.7384702442356674279, 0.8659947178700190262, 1.000000000000000000 ),
 .UNSPECIFIED. ) ;
#4940 = CARTESIAN_POINT ( 'NONE',  ( 46.39850101455870401, 10.00000000000000000, 26.84747010088233665 ) ) ;
#4941 = CARTESIAN_POINT ( 'NONE',  ( 47.64931438089493554, 10.00000000000000000, 22.34201103478820372 ) ) ;
#4942 = VECTOR ( 'NONE', #4669, 1000.000000000000000 ) ;
#4943 = CARTESIAN_POINT ( 'NONE',  ( 89.20323176192279391, 13.00000000000000178, 39.35353497724683081 ) ) ;
#4944 = ADVANCED_FACE ( 'NONE', ( #4066 ), #6330, .T. ) ;
#4945 = VERTEX_POINT ( 'NONE', #3500 ) ;
#4946 = CARTESIAN_POINT ( 'NONE',  ( 0.000000000000000000, 10.00000000000000000, 0.000000000000000000 ) ) ;
#4947 = AXIS2_PLACEMENT_3D ( 'NONE', #1328, #4822, #3548 ) ;
#4948 = ORIENTED_EDGE ( 'NONE', *, *, #4267, .T. ) ;
#4949 = ORIENTED_EDGE ( 'NONE', *, *, #1282, .T. ) ;
#4950 = CARTESIAN_POINT ( 'NONE',  ( 149.9821732305688329, 10.00000000000000355, 25.26621905222125619 ) ) ;
#4951 = CARTESIAN_POINT ( 'NONE',  ( 76.24049137730740711, 13.00000000000000178, 56.25557824647759020 ) ) ;
#4952 = LINE ( 'NONE', #903, #3623 ) ;
#4953 = CARTESIAN_POINT ( 'NONE',  ( 105.3778839498104531, 12.99999999999999822, 38.57990510715021770 ) ) ;
#4954 = EDGE_CURVE ( 'NONE', #5277, #4579, #4027, .T. ) ;
#4955 = CARTESIAN_POINT ( 'NONE',  ( 63.71044330038431980, 13.00000000000000178, 27.66182824647758665 ) ) ;
#4956 = CARTESIAN_POINT ( 'NONE',  ( 241.8486349360406109, 10.00000000000000000, 55.49521618013113056 ) ) ;
#4957 = ORIENTED_EDGE ( 'NONE', *, *, #3203, .T. ) ;
#4958 = EDGE_LOOP ( 'NONE', ( #2532, #5080, #5078, #1113 ) ) ;
#4959 = CARTESIAN_POINT ( 'NONE',  ( 87.27850759128519087, 12.99999999999999822, 52.38354303117320399 ) ) ;
#4960 = CARTESIAN_POINT ( 'NONE',  ( 260.6492000753209481, 9.999999999999996447, 55.09867071647092018 ) ) ;
#4961 = CARTESIAN_POINT ( 'NONE',  ( 47.36863094529508800, 13.00000000000000178, 20.57502626236576049 ) ) ;
#4962 = CARTESIAN_POINT ( 'NONE',  ( 142.8570779157689401, 10.00000000000000000, 39.32649170801605010 ) ) ;
#4963 = CARTESIAN_POINT ( 'NONE',  ( 265.9129673388458173, 13.00000000000000178, 56.25557824647759020 ) ) ;
#4964 = CARTESIAN_POINT ( 'NONE',  ( 105.8121361600183690, 13.00000000000000178, 28.23755730894266236 ) ) ;
#4965 = CARTESIAN_POINT ( 'NONE',  ( 128.0091013902922441, 10.00000000000000000, 48.50953066810457415 ) ) ;
#4966 = LINE ( 'NONE', #7301, #5009 ) ;
#4967 = CARTESIAN_POINT ( 'NONE',  ( 74.92470444557307019, 9.999999999999998224, 26.29246377247113031 ) ) ;
#4968 = CARTESIAN_POINT ( 'NONE',  ( 247.5675380257444260, 9.999999999999996447, 31.56415823778486995 ) ) ;
#4969 = CARTESIAN_POINT ( 'NONE',  ( 89.14173074657824714, 10.00000000000000178, 41.07102214826944930 ) ) ;
#4970 = CARTESIAN_POINT ( 'NONE',  ( 150.1473230988202374, 10.00000000000000178, 53.41901016282711367 ) ) ;
#4971 = VERTEX_POINT ( 'NONE', #2942 ) ;
#4972 = CARTESIAN_POINT ( 'NONE',  ( 27.47246253115355330, 10.00000000000000000, 34.90942440032374350 ) ) ;
#4973 = CARTESIAN_POINT ( 'NONE',  ( 71.20294760243108101, 10.00000000000000000, 51.32296885885602933 ) ) ;
#4974 = ORIENTED_EDGE ( 'NONE', *, *, #7120, .F. ) ;
#4975 = CARTESIAN_POINT ( 'NONE',  ( 47.66477022346124670, 10.00000000000000000, 22.70389555416990035 ) ) ;
#4976 = CARTESIAN_POINT ( 'NONE',  ( 266.5529913773073645, 13.00000000000000178, 22.21711670801605010 ) ) ;
#4977 = ORIENTED_EDGE ( 'NONE', *, *, #280, .F. ) ;
#4978 = CARTESIAN_POINT ( 'NONE',  ( 114.9358133619977735, 12.99999999999999822, 22.58423755186657900 ) ) ;
#4979 = EDGE_LOOP ( 'NONE', ( #1735, #2777, #1929, #3632 ) ) ;
#4980 = CARTESIAN_POINT ( 'NONE',  ( 115.2143585774604446, 13.00000000000000533, 26.65968683837087383 ) ) ;
#4981 = CARTESIAN_POINT ( 'NONE',  ( 152.9678428380428556, 9.999999999999996447, 23.55117533247614858 ) ) ;
#4982 = ADVANCED_FACE ( 'NONE', ( #5214 ), #6189, .T. ) ;
#4983 = CARTESIAN_POINT ( 'NONE',  ( 193.0493856080766193, 13.00000000000000178, 26.83250132340066685 ) ) ;
#4984 = CARTESIAN_POINT ( 'NONE',  ( 210.6723678436183889, 10.00000000000000355, 11.07993337386795396 ) ) ;
#4985 = FACE_OUTER_BOUND ( 'NONE', #3332, .T. ) ;
#4986 = CARTESIAN_POINT ( 'NONE',  ( 259.1882077234611756, 13.00000000000000178, 48.75557824647759020 ) ) ;
#4987 = CARTESIAN_POINT ( 'NONE',  ( 42.63472214653817360, 13.00000000000000178, 11.29163593878528005 ) ) ;
#4988 = CARTESIAN_POINT ( 'NONE',  ( 176.8579900962084537, 10.00000000000000178, 40.98330159229981717 ) ) ;
#4989 = ORIENTED_EDGE ( 'NONE', *, *, #4267, .F. ) ;
#4990 = ORIENTED_EDGE ( 'NONE', *, *, #6608, .T. ) ;
#4991 = CARTESIAN_POINT ( 'NONE',  ( 81.46732302044559049, 13.00000000000000178, 55.57591901493363196 ) ) ;
#4992 = ADVANCED_FACE ( 'NONE', ( #5667 ), #28, .T. ) ;
#4993 = CARTESIAN_POINT ( 'NONE',  ( 133.3333333333333428, 20.00000000000000000, 96.43724644492834841 ) ) ;
#4994 = CARTESIAN_POINT ( 'NONE',  ( 45.68163527644686894, 12.99999999999999822, 17.81411977837750982 ) ) ;
#4995 = CARTESIAN_POINT ( 'NONE',  ( 189.0109240696151005, 13.00000000000000178, 22.79403978493913030 ) ) ;
#4996 = CARTESIAN_POINT ( 'NONE',  ( 218.1705179675632564, 12.99999999999999822, 36.07119816231600851 ) ) ;
#4997 = LINE ( 'NONE', #7261, #5741 ) ;
#4998 = LINE ( 'NONE', #6623, #2697 ) ;
#4999 = CARTESIAN_POINT ( 'NONE',  ( 133.3333333333333428, 20.00000000000000000, 96.43724644492834841 ) ) ;
#5000 = EDGE_CURVE ( 'NONE', #908, #1997, #1730, .T. ) ;
#5001 = VECTOR ( 'NONE', #13, 1000.000000000000000 ) ;
#5002 = CARTESIAN_POINT ( 'NONE',  ( 274.7170418432817200, 13.00000000000000178, 42.81076168300216978 ) ) ;
#5003 = CARTESIAN_POINT ( 'NONE',  ( 59.84345593206846559, 10.00000000000000000, 44.17462676927348753 ) ) ;
#5004 = CARTESIAN_POINT ( 'NONE',  ( 159.8943375311535249, 9.999999999999996447, 56.25557824647759020 ) ) ;
#5005 = ORIENTED_EDGE ( 'NONE', *, *, #3954, .F. ) ;
#5006 = CARTESIAN_POINT ( 'NONE',  ( 81.53047862024688186, 9.999999999999994671, 22.95238970753694119 ) ) ;
#5007 = ADVANCED_FACE ( 'NONE', ( #5701 ), #240, .T. ) ;
#5008 = CARTESIAN_POINT ( 'NONE',  ( 38.92508715617292836, 10.00000000000000000, 30.24787815670686442 ) ) ;
#5009 = VECTOR ( 'NONE', #1655, 1000.000000000000000 ) ;
#5010 = CARTESIAN_POINT ( 'NONE',  ( 261.1915930504508765, 13.00000000000000178, 24.09539266686805092 ) ) ;
#5011 = ORIENTED_EDGE ( 'NONE', *, *, #2971, .F. ) ;
#5012 = CARTESIAN_POINT ( 'NONE',  ( 163.4930301691976524, 10.00000000000000178, 22.53135216543616792 ) ) ;
#5013 = DIRECTION ( 'NONE',  ( 0.000000000000000000, 0.000000000000000000, -1.000000000000000000 ) ) ;
#5014 = ORIENTED_EDGE ( 'NONE', *, *, #3406, .T. ) ;
#5015 = CARTESIAN_POINT ( 'NONE',  ( 156.2837269871184276, 13.00000000000000178, 22.53026633880274687 ) ) ;
#5016 = CARTESIAN_POINT ( 'NONE',  ( 66.49347694497407701, 12.99999999999999822, 53.41901016282709946 ) ) ;
#5017 = CARTESIAN_POINT ( 'NONE',  ( 265.7056356080765909, 13.00000000000000178, 52.21711670801605010 ) ) ;
#5018 = CARTESIAN_POINT ( 'NONE',  ( 132.0943362413483442, 13.00000000000000178, 28.44967321517309600 ) ) ;
#5019 = DIRECTION ( 'NONE',  ( 0.000000000000000000, 0.000000000000000000, 1.000000000000000000 ) ) ;
#5020 = B_SPLINE_CURVE_WITH_KNOTS ( 'NONE', 3,
 ( #1474, #4189, #5486, #6445, #2062, #3135, #5410, #6482, #921, #1405, #2623 ),
 .UNSPECIFIED., .F., .F.,
 ( 4, 1, 1, 1, 1, 1, 1, 1, 4 ),
 ( 0.000000000000000000, 0.1289191318119614349, 0.2552377249249067059, 0.3786785959785508027, 0.5010878871851330851, 0.6227136794297769562, 0.7462407949383831340, 0.8715890472316694115, 0.9999999999999998890 ),
 .UNSPECIFIED. ) ;
#5021 = CARTESIAN_POINT ( 'NONE',  ( 173.4606693568071591, 13.00000000000000178, 28.86930890873650668 ) ) ;
#5022 = CARTESIAN_POINT ( 'NONE',  ( 226.8589903364968450, 10.00000000000000178, 24.46670660611007264 ) ) ;
#5023 = ORIENTED_EDGE ( 'NONE', *, *, #5265, .T. ) ;
#5024 = ORIENTED_EDGE ( 'NONE', *, *, #5311, .F. ) ;
#5025 = LINE ( 'NONE', #6760, #154 ) ;
#5026 = CARTESIAN_POINT ( 'NONE',  ( 259.4528928967475849, 10.00000000000000178, 54.45387583687739408 ) ) ;
#5027 = CARTESIAN_POINT ( 'NONE',  ( 41.68103140706259779, 13.00000000000000533, 15.72197958160596443 ) ) ;
#5028 = CARTESIAN_POINT ( 'NONE',  ( 44.55331231344702303, 12.99999999999999822, 11.87412789388539913 ) ) ;
#5029 = DIRECTION ( 'NONE',  ( -0.000000000000000000, -1.000000000000000000, -0.000000000000000000 ) ) ;
#5030 = FACE_OUTER_BOUND ( 'NONE', #4194, .T. ) ;
#5031 = EDGE_CURVE ( 'NONE', #1011, #1464, #6439, .T. ) ;
#5032 = CARTESIAN_POINT ( 'NONE',  ( 131.8955394542304589, 9.999999999999998224, 39.29944843878527649 ) ) ;
#5033 = DIRECTION ( 'NONE',  ( -0.000000000000000000, -1.000000000000000000, -0.000000000000000000 ) ) ;
#5034 = CARTESIAN_POINT ( 'NONE',  ( 223.4347657930520370, 13.00000000000000178, 33.04202321345710658 ) ) ;
#5035 = CARTESIAN_POINT ( 'NONE',  ( 275.2063624120012264, 13.00000000000000178, 44.06071289298131433 ) ) ;
#5036 = DIRECTION ( 'NONE',  ( 0.000000000000000000, 1.000000000000000000, 0.000000000000000000 ) ) ;
#5037 = CARTESIAN_POINT ( 'NONE',  ( 61.04161329092845989, 10.00000000000000000, 47.15415927008318420 ) ) ;
#5038 = B_SPLINE_CURVE_WITH_KNOTS ( 'NONE', 3,
 ( #5909, #4801, #7053, #673, #2925, #5196, #4653, #2074, #6565, #2709, #1419, #4879, #7132, #346, #3785, #4388, #6057, #6095, #1484 ),
 .UNSPECIFIED., .F., .F.,
 ( 4, 1, 1, 1, 1, 1, 1, 1, 1, 1, 1, 1, 1, 1, 1, 1, 4 ),
 ( 0.000000000000000000, 0.06874226160548864428, 0.1346351922242763066, 0.1983241870671470231, 0.2608250125604206771, 0.3227135881590239563, 0.3845545346076190696, 0.4469128577247555856, 0.5109576325148286191, 0.5749307010013358088, 0.6366845377960934638, 0.6974831152940621504, 0.7571338075238547294, 0.8169656636752641310, 0.8768183516571963487, 0.9376625803840034079, 1.000000000000000000 ),
 .UNSPECIFIED. ) ;
#5039 = EDGE_CURVE ( 'NONE', #857, #5352, #433, .T. ) ;
#5040 = CARTESIAN_POINT ( 'NONE',  ( 27.47246253115355330, 13.00000000000000178, 30.29403978493913030 ) ) ;
#5041 = ORIENTED_EDGE ( 'NONE', *, *, #1353, .T. ) ;
#5042 = CARTESIAN_POINT ( 'NONE',  ( 79.83918401535144937, 12.99999999999999822, 22.53135216543616437 ) ) ;
#5043 = CARTESIAN_POINT ( 'NONE',  ( 258.2416933003842701, 10.00000000000000000, 30.84391959263143335 ) ) ;
#5044 = ADVANCED_FACE ( 'NONE', ( #6919 ), #177, .T. ) ;
#5045 = ORIENTED_EDGE ( 'NONE', *, *, #492, .T. ) ;
#5046 = CARTESIAN_POINT ( 'NONE',  ( 159.8763086849996853, 13.00000000000000178, 52.21711670801605010 ) ) ;
#5047 = ORIENTED_EDGE ( 'NONE', *, *, #5086, .F. ) ;
#5048 = CARTESIAN_POINT ( 'NONE',  ( 38.69967438424742312, 12.99999999999999467, 10.82012270343996185 ) ) ;
#5049 = CARTESIAN_POINT ( 'NONE',  ( 259.4528928967475849, 13.00000000000000178, 54.45387583687739408 ) ) ;
#5050 = VECTOR ( 'NONE', #2888, 1000.000000000000000 ) ;
#5051 = CARTESIAN_POINT ( 'NONE',  ( 59.21584895763181322, 13.00000000000000178, 39.88320673285893747 ) ) ;
#5052 = FACE_OUTER_BOUND ( 'NONE', #598, .T. ) ;
#5053 = CARTESIAN_POINT ( 'NONE',  ( 93.20414394236230748, 13.00000000000000533, 40.98330159229981717 ) ) ;
#5054 = AXIS2_PLACEMENT_3D ( 'NONE', #922, #4377, #1887 ) ;
#5055 = ORIENTED_EDGE ( 'NONE', *, *, #2821, .T. ) ;
#5056 = ORIENTED_EDGE ( 'NONE', *, *, #7137, .T. ) ;
#5057 = CARTESIAN_POINT ( 'NONE',  ( 236.2645298388458457, 10.00000000000000533, 22.21711670801605365 ) ) ;
#5058 = CARTESIAN_POINT ( 'NONE',  ( 128.0091013902922441, 13.00000000000000178, 48.50953066810457415 ) ) ;
#5059 = AXIS2_PLACEMENT_3D ( 'NONE', #4946, #4315, #3713 ) ;
#5060 = CARTESIAN_POINT ( 'NONE',  ( 38.16127003010635121, 10.00000000000000000, 15.33293204673645249 ) ) ;
#5061 = FACE_OUTER_BOUND ( 'NONE', #2724, .T. ) ;
#5062 = CARTESIAN_POINT ( 'NONE',  ( 68.27189422678127073, 13.00000000000000178, 49.69216112844426192 ) ) ;
#5063 = CARTESIAN_POINT ( 'NONE',  ( 235.9940971465381949, 13.00000000000000178, 52.21711670801605720 ) ) ;
#5064 = CARTESIAN_POINT ( 'NONE',  ( 220.2442368028739281, 10.00000000000000000, 30.76327442176457794 ) ) ;
#5065 = DIRECTION ( 'NONE',  ( -1.000000000000000000, 0.000000000000000000, 0.000000000000000000 ) ) ;
#5066 = CARTESIAN_POINT ( 'NONE',  ( 128.0091013902922441, 9.999999999999998224, 48.50953066810457415 ) ) ;
#5067 = FACE_OUTER_BOUND ( 'NONE', #5307, .T. ) ;
#5068 = CC_DESIGN_PERSON_AND_ORGANIZATION_ASSIGNMENT ( #6345, #3029, ( #79 ) ) ;
#5069 = CARTESIAN_POINT ( 'NONE',  ( 222.4270084482809580, 10.00000000000000355, 35.33738058389580772 ) ) ;
#5070 = CARTESIAN_POINT ( 'NONE',  ( 93.22734856839613826, 10.00000000000000355, 38.77298486588564685 ) ) ;
#5071 = CARTESIAN_POINT ( 'NONE',  ( 274.7170418432817200, 13.00000000000000178, 42.81076168300216978 ) ) ;
#5072 = CARTESIAN_POINT ( 'NONE',  ( 146.4924166026479782, 10.00000000000000000, 49.91278953776419058 ) ) ;
#5073 = ORIENTED_EDGE ( 'NONE', *, *, #5321, .T. ) ;
#5074 = CARTESIAN_POINT ( 'NONE',  ( 83.37208689388229743, 10.00000000000000000, 28.39871079207990334 ) ) ;
#5075 = ADVANCED_FACE ( 'NONE', ( #3014 ), #4682, .T. ) ;
#5076 = CARTESIAN_POINT ( 'NONE',  ( 235.2931419662139945, 13.00000000000000178, 56.24411893476267466 ) ) ;
#5077 = CARTESIAN_POINT ( 'NONE',  ( 266.5529913773073645, 13.00000000000000178, 22.21711670801605010 ) ) ;
#5078 = ORIENTED_EDGE ( 'NONE', *, *, #5999, .T. ) ;
#5079 = CARTESIAN_POINT ( 'NONE',  ( 87.04944269577279670, 13.00000000000000533, 32.08992724252956918 ) ) ;
#5080 = ORIENTED_EDGE ( 'NONE', *, *, #7077, .F. ) ;
#5081 = CARTESIAN_POINT ( 'NONE',  ( 37.34941930731281445, 13.00000000000000533, 10.76729805873414492 ) ) ;
#5082 = CARTESIAN_POINT ( 'NONE',  ( 147.2906562266237813, 13.00000000000000178, 42.75280354557251883 ) ) ;
#5083 = CARTESIAN_POINT ( 'NONE',  ( 176.8829222601431184, 12.99999999999999822, 39.88320673530080995 ) ) ;
#5084 = CARTESIAN_POINT ( 'NONE',  ( 247.9382077234612325, 13.00000000000000178, 32.02480901570835670 ) ) ;
#5085 = VERTEX_POINT ( 'NONE', #4995 ) ;
#5086 = EDGE_CURVE ( 'NONE', #3978, #5474, #400, .T. ) ;
#5087 = CARTESIAN_POINT ( 'NONE',  ( 176.8955394542304589, 13.00000000000000178, 39.32649170801605010 ) ) ;
#5088 = CARTESIAN_POINT ( 'NONE',  ( 144.6954594447745137, 12.99999999999999467, 47.15415927008314867 ) ) ;
#5089 = CARTESIAN_POINT ( 'NONE',  ( 173.4606693568071591, 10.00000000000000000, 28.86930890873650668 ) ) ;
#5090 = VERTEX_POINT ( 'NONE', #326 ) ;
#5091 = ORIENTED_EDGE ( 'NONE', *, *, #5000, .F. ) ;
#5092 = CARTESIAN_POINT ( 'NONE',  ( 249.3275743253719838, 12.99999999999999822, 51.15151690515788374 ) ) ;
#5093 = CARTESIAN_POINT ( 'NONE',  ( 63.76225640670353556, 13.00000000000000178, 35.50224961940690349 ) ) ;
#5094 = CARTESIAN_POINT ( 'NONE',  ( 40.09719936851701760, 10.00000000000000000, 15.48473276982536717 ) ) ;
#5095 = CARTESIAN_POINT ( 'NONE',  ( 118.6443375311535391, 10.00000000000000000, 56.25557824647759020 ) ) ;
#5096 = CARTESIAN_POINT ( 'NONE',  ( 74.49305208298639513, 13.00000000000000178, 52.16730602032075836 ) ) ;
#5097 = LINE ( 'NONE', #577, #7284 ) ;
#5098 = B_SPLINE_CURVE_WITH_KNOTS ( 'NONE', 3,
 ( #6550, #2434, #1327, #1470, #2473, #6998, #2587, #4186, #6961, #1877, #293, #4858, #4152, #1363, #2022, #766, #5892, #3583, #1950 ),
 .UNSPECIFIED., .F., .F.,
 ( 4, 1, 1, 1, 1, 1, 1, 1, 1, 1, 1, 1, 1, 1, 1, 1, 4 ),
 ( 0.000000000000000000, 0.06518479598607235248, 0.1282737271139272328, 0.1902702203927575664, 0.2517683137756830392, 0.3127686945781245620, 0.3747932794097872389, 0.4379695860627115245, 0.5030473998633705479, 0.5681252136640309036, 0.6309497487122626147, 0.6923691093867017088, 0.7529731677502620180, 0.8136410669177471799, 0.8743552086918136013, 0.9365729684654825471, 1.000000000000000000 ),
 .UNSPECIFIED. ) ;
#5099 = CARTESIAN_POINT ( 'NONE',  ( 219.1983424029278922, 12.99999999999999822, 32.82096245303630155 ) ) ;
#5100 = DIRECTION ( 'NONE',  ( -0.000000000000000000, -1.000000000000000000, -0.000000000000000000 ) ) ;
#5101 = CARTESIAN_POINT ( 'NONE',  ( 159.8763086849996853, 9.999999999999996447, 52.21711670801605010 ) ) ;
#5102 = CARTESIAN_POINT ( 'NONE',  ( 76.24049137730740711, 10.00000000000000000, 22.21711670801605010 ) ) ;
#5103 = CARTESIAN_POINT ( 'NONE',  ( 234.5025497116842246, 10.00000000000000000, 26.29592735769260869 ) ) ;
#5104 = CARTESIAN_POINT ( 'NONE',  ( 27.47246253115355330, 13.00000000000000178, 55.67865516955451000 ) ) ;
#5105 = CARTESIAN_POINT ( 'NONE',  ( 147.2906562266237813, 10.00000000000000178, 42.75280354557251883 ) ) ;
#5106 = CARTESIAN_POINT ( 'NONE',  ( 150.7053806740715913, 9.999999999999998224, 30.07167115841680527 ) ) ;
#5107 = B_SPLINE_CURVE_WITH_KNOTS ( 'NONE', 3,
 ( #1998, #850, #7164, #3103, #5380, #4237, #2597 ),
 .UNSPECIFIED., .F., .F.,
 ( 4, 1, 1, 1, 4 ),
 ( 0.000000000000000000, 0.2488386141270695351, 0.4952350254576698418, 0.7433356038750061900, 1.000000000000000000 ),
 .UNSPECIFIED. ) ;
#5108 = EDGE_LOOP ( 'NONE', ( #5288, #6726, #3214, #4702 ) ) ;
#5109 = AXIS2_PLACEMENT_3D ( 'NONE', #4135, #750, #6319 ) ;
#5110 = DIRECTION ( 'NONE',  ( -0.000000000000000000, -1.000000000000000000, -0.000000000000000000 ) ) ;
#5111 = DIRECTION ( 'NONE',  ( -1.000000000000000000, 0.000000000000000000, 0.000000000000000000 ) ) ;
#5112 = B_SPLINE_CURVE_WITH_KNOTS ( 'NONE', 3,
 ( #5469, #392, #5432, #4396, #3793, #868, #3118, #4918, #6029, #5990, #1017 ),
 .UNSPECIFIED., .F., .F.,
 ( 4, 1, 1, 1, 1, 1, 1, 1, 4 ),
 ( 0.000000000000000000, 0.1474758177483605492, 0.2859041715443760845, 0.4171716482444371987, 0.5405007435864958021, 0.6592377183802409224, 0.7750060983159576811, 0.8872285734286385894, 1.000000000000000000 ),
 .UNSPECIFIED. ) ;
#5113 = CARTESIAN_POINT ( 'NONE',  ( 235.9309961849996853, 13.00000000000000178, 56.25557824647759020 ) ) ;
#5114 = ORIENTED_EDGE ( 'NONE', *, *, #6043, .T. ) ;
#5115 = CARTESIAN_POINT ( 'NONE',  ( 89.20323176192277970, 13.00000000000000178, 39.35353497724682370 ) ) ;
#5116 = ADVANCED_FACE ( 'NONE', ( #5480 ), #1575, .T. ) ;
#5117 = ORIENTED_EDGE ( 'NONE', *, *, #5823, .F. ) ;
#5118 = CARTESIAN_POINT ( 'NONE',  ( 146.8955394542304589, 13.00000000000000178, 39.35353497724682370 ) ) ;
#5120 = VECTOR ( 'NONE', #1954, 1000.000000000000000 ) ;
#5119 = CARTESIAN_POINT ( 'NONE',  ( 176.8579900962084537, 9.999999999999996447, 40.98330159229981717 ) ) ;
#5121 = DIRECTION ( 'NONE',  ( 0.000000000000000000, 0.000000000000000000, -1.000000000000000000 ) ) ;
#5122 = ORIENTED_EDGE ( 'NONE', *, *, #559, .F. ) ;
#5123 = CARTESIAN_POINT ( 'NONE',  ( 100.0000000000000142, 20.00000000000000000, 96.43724644492834841 ) ) ;
#5124 = CARTESIAN_POINT ( 'NONE',  ( 156.3206746020041749, 12.99999999999999822, 55.97156070231797287 ) ) ;
#5125 = B_SPLINE_CURVE_WITH_KNOTS ( 'NONE', 3,
 ( #702, #2991, #1849, #2918, #5864, #4039, #6342, #5187, #188, #1885, #1337, #111, #5789, #2953, #2482, #5230, #3063, #1300, #2445 ),
 .UNSPECIFIED., .F., .F.,
 ( 4, 1, 1, 1, 1, 1, 1, 1, 1, 1, 1, 1, 1, 1, 1, 1, 4 ),
 ( 0.000000000000000000, 0.06401525239330971284, 0.1262279962525581223, 0.1872887630524866509, 0.2478694726159619277, 0.3085112057878219849, 0.3697268830978143184, 0.4325358014028972131, 0.4971982300414929945, 0.5619230290139897166, 0.6251330703809985234, 0.6868547425652855587, 0.7481170910764592952, 0.8095301916518806706, 0.8714874851012563983, 0.9349814827971771880, 1.000000000000000000 ),
 .UNSPECIFIED. ) ;
#5126 = ADVANCED_FACE ( 'NONE', ( #3166 ), #4870, .T. ) ;
#5127 = ORIENTED_EDGE ( 'NONE', *, *, #4190, .T. ) ;
#5128 = CARTESIAN_POINT ( 'NONE',  ( 259.7471019542304589, 10.00000000000000000, 35.91002536186220340 ) ) ;
#5129 = ORIENTED_EDGE ( 'NONE', *, *, #3979, .T. ) ;
#5130 = CARTESIAN_POINT ( 'NONE',  ( 246.8666655442456488, 13.00000000000000178, 53.17301955471550912 ) ) ;
#5131 = CARTESIAN_POINT ( 'NONE',  ( 263.7182505564711619, 13.00000000000000178, 34.05898908707817441 ) ) ;
#5132 = DIRECTION ( 'NONE',  ( -0.000000000000000000, -1.000000000000000000, -0.000000000000000000 ) ) ;
#5133 = CARTESIAN_POINT ( 'NONE',  ( 51.69709156042643627, 10.00000000000000000, 22.35201736146614593 ) ) ;
#5134 = DIRECTION ( 'NONE',  ( 0.000000000000000000, 1.000000000000000000, 0.000000000000000000 ) ) ;
#5135 = CARTESIAN_POINT ( 'NONE',  ( 266.7852382077121547, 13.00000000000000178, 26.26640227114605253 ) ) ;
#5136 = EDGE_CURVE ( 'NONE', #2219, #3488, #3281, .T. ) ;
#5137 = CARTESIAN_POINT ( 'NONE',  ( 217.8740271017735779, 10.00000000000000000, 38.34695888815721077 ) ) ;
#5138 = LINE ( 'NONE', #3461, #2042 ) ;
#5139 = CARTESIAN_POINT ( 'NONE',  ( 272.2320779157688548, 10.00000000000000000, 29.71711670801606431 ) ) ;
#5140 = CARTESIAN_POINT ( 'NONE',  ( 158.1468982368325555, 13.00000000000000178, 52.16730602032075126 ) ) ;
#5141 = CARTESIAN_POINT ( 'NONE',  ( 81.53047862024688186, 9.999999999999998224, 22.95238970753694119 ) ) ;
#5142 = CARTESIAN_POINT ( 'NONE',  ( 189.0109240696151005, 10.00000000000000000, 9.524809015708360249 ) ) ;
#5143 = CARTESIAN_POINT ( 'NONE',  ( 41.47012953672984281, 10.00000000000000000, 29.89934156597810500 ) ) ;
#5144 = CARTESIAN_POINT ( 'NONE',  ( 166.6666666666666288, 20.00000000000000000, 96.43724644492834841 ) ) ;
#5145 = CARTESIAN_POINT ( 'NONE',  ( 36.84196288684886156, 12.99999999999999822, 30.35764080010515542 ) ) ;
#5146 = CARTESIAN_POINT ( 'NONE',  ( 147.1181637000286457, 13.00000000000000178, 36.74271487803989089 ) ) ;
#5147 = CARTESIAN_POINT ( 'NONE',  ( 235.2931419662139945, 10.00000000000000000, 56.24411893476267466 ) ) ;
#5148 = CARTESIAN_POINT ( 'NONE',  ( 210.9203943615260926, 13.00000000000000178, 12.19430987633862884 ) ) ;
#5149 = CARTESIAN_POINT ( 'NONE',  ( 235.9940971465381665, 13.00000000000000178, 52.21711670801605010 ) ) ;
#5150 = VERTEX_POINT ( 'NONE', #992 ) ;
#5151 = CARTESIAN_POINT ( 'NONE',  ( 35.90996253115355330, 13.00000000000000178, 15.29403978493913030 ) ) ;
#5152 = CARTESIAN_POINT ( 'NONE',  ( 265.4171740696150437, 10.00000000000000355, 40.39920805416989680 ) ) ;
#5153 = FACE_OUTER_BOUND ( 'NONE', #3742, .T. ) ;
#5154 = LINE ( 'NONE', #2335, #913 ) ;
#5155 = CARTESIAN_POINT ( 'NONE',  ( 144.5963012334211726, 13.00000000000000178, 31.60074629319677797 ) ) ;
#5156 = ORIENTED_EDGE ( 'NONE', *, *, #6, .F. ) ;
#5157 = ADVANCED_FACE ( 'NONE', ( #2169 ), #3730, .T. ) ;
#5158 = CARTESIAN_POINT ( 'NONE',  ( 193.0493856080766193, 13.00000000000000178, 55.67865516955451000 ) ) ;
#5159 = CARTESIAN_POINT ( 'NONE',  ( 151.5588637738837861, 13.00000000000000533, 54.30116045740354025 ) ) ;
#5160 = ORIENTED_EDGE ( 'NONE', *, *, #6000, .F. ) ;
#5161 = VECTOR ( 'NONE', #5359, 1000.000000000000000 ) ;
#5162 = ORIENTED_EDGE ( 'NONE', *, *, #6043, .F. ) ;
#5163 = CARTESIAN_POINT ( 'NONE',  ( 204.0434651812678055, 12.99999999999999822, 14.34456684547191152 ) ) ;
#5164 = CARTESIAN_POINT ( 'NONE',  ( 68.02073247772466402, 13.00000000000000178, 29.17857966628769262 ) ) ;
#5165 = CARTESIAN_POINT ( 'NONE',  ( 183.2416933003842985, 13.00000000000000178, 22.79403978493913030 ) ) ;
#5166 = EDGE_CURVE ( 'NONE', #822, #1780, #2863, .T. ) ;
#5167 = CIRCLE ( 'NONE', #1971, 1.500000000000001332 ) ;
#5168 = CARTESIAN_POINT ( 'NONE',  ( 49.78931168433383903, 9.999999999999996447, 16.02190394536005158 ) ) ;
#5169 = DIRECTION ( 'NONE',  ( -0.000000000000000000, 1.000000000000000000, -0.000000000000000000 ) ) ;
#5170 = CARTESIAN_POINT ( 'NONE',  ( 237.8772139664640122, 12.99999999999999822, 22.25261611704796039 ) ) ;
#5171 = CARTESIAN_POINT ( 'NONE',  ( 227.9213080536100335, 12.99999999999999822, 23.93494244072856247 ) ) ;
#5172 = DIRECTION ( 'NONE',  ( 0.6227882322439379781, 0.000000000000000000, 0.7823904509760268855 ) ) ;
#5173 = VECTOR ( 'NONE', #4191, 1000.000000000000000 ) ;
#5174 = CARTESIAN_POINT ( 'NONE',  ( 272.2320779157689117, 13.00000000000000178, 29.71711670801605010 ) ) ;
#5175 = CARTESIAN_POINT ( 'NONE',  ( 154.8567937562772272, 10.00000000000000000, 51.32296885885604354 ) ) ;
#5176 = CARTESIAN_POINT ( 'NONE',  ( 118.6713808003843127, 9.999999999999998224, 26.25557824647759020 ) ) ;
#5177 = ADVANCED_FACE ( 'NONE', ( #5061 ), #2607, .T. ) ;
#5178 = CARTESIAN_POINT ( 'NONE',  ( 223.4347657930520370, 10.00000000000000178, 33.04202321345710658 ) ) ;
#5179 = DIRECTION ( 'NONE',  ( -0.000000000000000000, -1.000000000000000000, -0.000000000000000000 ) ) ;
#5180 = CARTESIAN_POINT ( 'NONE',  ( 274.0169336849996853, 13.00000000000000178, 41.67024170801604299 ) ) ;
#5181 = DIRECTION ( 'NONE',  ( 0.000000000000000000, -0.000000000000000000, 1.000000000000000000 ) ) ;
#5182 = CARTESIAN_POINT ( 'NONE',  ( 266.8570450479048191, 9.999999999999994671, 52.16505573634634629 ) ) ;
#5183 = CARTESIAN_POINT ( 'NONE',  ( 147.8263378360640274, 13.00000000000000178, 34.30791858351526713 ) ) ;
#5184 = CARTESIAN_POINT ( 'NONE',  ( 224.7098990450724045, 13.00000000000000178, 47.19694099238370910 ) ) ;
#5185 = CARTESIAN_POINT ( 'NONE',  ( 126.8578172136396489, 10.00000000000000178, 24.14594302449774332 ) ) ;
#5186 = ORIENTED_EDGE ( 'NONE', *, *, #1282, .F. ) ;
#5187 = CARTESIAN_POINT ( 'NONE',  ( 133.0876934317742268, 13.00000000000000178, 48.69975870756731950 ) ) ;
#5188 = B_SPLINE_CURVE_WITH_KNOTS ( 'NONE', 3,
 ( #7072, #3838, #6619, #3800, #1536, #2584, #6109, #991, #4441, #325, #1467, #3729, #2019, #5440, #1025, #3165, #7109, #4854, #5516 ),
 .UNSPECIFIED., .F., .F.,
 ( 4, 1, 1, 1, 1, 1, 1, 1, 1, 1, 1, 1, 1, 1, 1, 1, 4 ),
 ( 0.000000000000000000, 0.06421684263143051519, 0.1270637656931288828, 0.1887445383478295602, 0.2491321028350408917, 0.3094525327106273371, 0.3698266762476814518, 0.4306501418384681701, 0.4923519318794689070, 0.5540721062625165727, 0.6156897837449746280, 0.6767977025065380348, 0.7384390482469416206, 0.8013169100648929177, 0.8651845117115410932, 0.9316413244190752119, 1.000000000000000000 ),
 .UNSPECIFIED. ) ;
#5189 = EDGE_LOOP ( 'NONE', ( #797, #2254, #5529, #349, #2807, #1479, #5041, #2483, #1531, #3001, #4044, #2525, #5884, #974, #4882, #3025, #5790, #3 ) ) ;
#5190 = CARTESIAN_POINT ( 'NONE',  ( 266.6666666666666856, 20.00000000000000000, 96.43724644492834841 ) ) ;
#5191 = ORIENTED_EDGE ( 'NONE', *, *, #455, .T. ) ;
#5192 = CARTESIAN_POINT ( 'NONE',  ( 166.7034654335570849, 13.00000000000000533, 55.01393715378532789 ) ) ;
#5193 = CARTESIAN_POINT ( 'NONE',  ( 265.4582465117862284, 13.00000000000000178, 56.24281495657763230 ) ) ;
#5194 = ORIENTED_EDGE ( 'NONE', *, *, #6172, .T. ) ;
#5195 = CARTESIAN_POINT ( 'NONE',  ( 266.9111384130679880, 13.00000000000000178, 56.22870775773573371 ) ) ;
#5196 = CARTESIAN_POINT ( 'NONE',  ( 153.0650118061635396, 12.99999999999999822, 55.01209030561050639 ) ) ;
#5197 = VERTEX_POINT ( 'NONE', #5624 ) ;
#5198 = LINE ( 'NONE', #2381, #4113 ) ;
#5199 = ORIENTED_EDGE ( 'NONE', *, *, #1060, .F. ) ;
#5200 = EDGE_CURVE ( 'NONE', #677, #7089, #539, .T. ) ;
#5201 = CARTESIAN_POINT ( 'NONE',  ( 258.3583524375931688, 13.00000000000000178, 53.68164506219692811 ) ) ;
#5202 = B_SPLINE_SURFACE_WITH_KNOTS ( 'NONE', 3, 1, ( 
 ( #5637, #4492 ),
 ( #7348, #6089 ),
 ( #7273, #588 ),
 ( #5042, #2220 ),
 ( #2705, #5006 ),
 ( #2774, #3329 ),
 ( #2181, #2742 ),
 ( #1041, #1114 ),
 ( #7311, #4456 ),
 ( #554, #6121 ),
 ( #7236, #520 ) ),
 .UNSPECIFIED., .F., .F., .F.,
 ( 4, 1, 1, 1, 1, 1, 1, 1, 4 ),
 ( 2, 2 ),
 ( 0.000000000000000000, 0.1317514273024040505, 0.2583323505141578158, 0.3821339760925441809, 0.5038043916000845002, 0.6246929865409320826, 0.7468705897275771388, 0.8715135042348155503, 1.000000000000000000 ),
 ( 0.000000000000000000, 1.000000000000000000 ),
 .UNSPECIFIED. ) ;
#5203 = CARTESIAN_POINT ( 'NONE',  ( 74.92470444557307019, 9.999999999999996447, 26.29246377247113031 ) ) ;
#5204 = CARTESIAN_POINT ( 'NONE',  ( 169.0286698256967952, 10.00000000000000000, 30.07482484030007086 ) ) ;
#5205 = LINE ( 'NONE', #3572, #5161 ) ;
#5206 = B_SPLINE_CURVE_WITH_KNOTS ( 'NONE', 3,
 ( #5584, #2329, #2193, #2951, #2753, #6818, #1741, #6858, #735, #1774, #6340, #4567, #6269, #1259, #1191 ),
 .UNSPECIFIED., .F., .F.,
 ( 4, 1, 1, 1, 1, 1, 1, 1, 1, 1, 1, 1, 4 ),
 ( 0.000000000000000000, 0.08206627227095460164, 0.1638049146802433575, 0.2466175023921720333, 0.3319829739590866025, 0.4174662413505369485, 0.5009071450388554725, 0.5841030515758436348, 0.6682541715553398376, 0.7520560821096481385, 0.8345695599471747439, 0.9166521793834925269, 1.000000000000000000 ),
 .UNSPECIFIED. ) ;
#5207 = CARTESIAN_POINT ( 'NONE',  ( 152.9678428380428556, 12.99999999999999822, 23.55117533247614858 ) ) ;
#5208 = CARTESIAN_POINT ( 'NONE',  ( 296.5030604351463808, 10.00000000000000000, 91.13552925583975650 ) ) ;
#5209 = CARTESIAN_POINT ( 'NONE',  ( 223.9539092659479422, 12.99999999999999822, 26.41263685850153564 ) ) ;
#5210 = ADVANCED_FACE ( 'NONE', ( #2933 ), #166, .T. ) ;
#5211 = DIRECTION ( 'NONE',  ( -0.000000000000000000, -0.000000000000000000, -1.000000000000000000 ) ) ;
#5212 = CARTESIAN_POINT ( 'NONE',  ( 270.8168059259391498, 13.00000000000000178, 28.20846663796509901 ) ) ;
#5213 = CARTESIAN_POINT ( 'NONE',  ( 172.7955769004243223, 10.00000000000000000, 41.07102214826944930 ) ) ;
#5214 = FACE_OUTER_BOUND ( 'NONE', #2341, .T. ) ;
#5215 = CARTESIAN_POINT ( 'NONE',  ( 42.00856045494897728, 12.99999999999999822, 34.33486914100114262 ) ) ;
#5216 = LOCAL_TIME ( 17, 47, 23.00000000000000000, #3634 ) ;
#5217 = CARTESIAN_POINT ( 'NONE',  ( 262.5343033888016180, 9.999999999999996447, 23.17090003128194553 ) ) ;
#5218 = CARTESIAN_POINT ( 'NONE',  ( 269.8296901554047054, 10.00000000000000000, 50.66679048186778545 ) ) ;
#5219 = CARTESIAN_POINT ( 'NONE',  ( 146.9078643122339543, 10.00000000000000000, 38.90819761102306273 ) ) ;
#5220 = EDGE_CURVE ( 'NONE', #6566, #5277, #5205, .T. ) ;
#5221 = EDGE_CURVE ( 'NONE', #6648, #5366, #5476, .T. ) ;
#5222 = CARTESIAN_POINT ( 'NONE',  ( 268.9551042844478275, 9.999999999999998224, 51.36216517249793867 ) ) ;
#5223 = CARTESIAN_POINT ( 'NONE',  ( 35.90996253115355330, 10.00000000000000000, 15.29403978493913030 ) ) ;
#5224 = FACE_OUTER_BOUND ( 'NONE', #4144, .T. ) ;
#5225 = CARTESIAN_POINT ( 'NONE',  ( 106.6256979586340776, 13.00000000000000178, 51.20966041518818912 ) ) ;
#5226 = CARTESIAN_POINT ( 'NONE',  ( 259.7471019542304589, 13.00000000000000178, 35.91002536186220340 ) ) ;
#5227 = DIRECTION ( 'NONE',  ( 0.000000000000000000, 0.000000000000000000, -1.000000000000000000 ) ) ;
#5228 = ORIENTED_EDGE ( 'NONE', *, *, #4234, .F. ) ;
#5229 = VECTOR ( 'NONE', #4538, 1000.000000000000000 ) ;
#5230 = CARTESIAN_POINT ( 'NONE',  ( 122.0794282128132124, 12.99999999999999822, 55.97938366380669351 ) ) ;
#5231 = EDGE_CURVE ( 'NONE', #4052, #6455, #4939, .T. ) ;
#5232 = EDGE_LOOP ( 'NONE', ( #3252, #6435, #2649, #6069 ) ) ;
#5233 = PERSON_AND_ORGANIZATION ( #371, #368 ) ;
#5234 = CARTESIAN_POINT ( 'NONE',  ( 161.7011416803422605, 9.999999999999996447, 56.20928373187776828 ) ) ;
#5235 = CARTESIAN_POINT ( 'NONE',  ( 274.9724625311535533, 10.00000000000000000, 26.89560228493913030 ) ) ;
#5236 = ORIENTED_EDGE ( 'NONE', *, *, #6563, .T. ) ;
#5237 = CARTESIAN_POINT ( 'NONE',  ( 263.2278837816181181, 10.00000000000000178, 33.42983740612231003 ) ) ;
#5238 = CARTESIAN_POINT ( 'NONE',  ( 143.1304737516075818, 10.00000000000000000, 42.60355060907562574 ) ) ;
#5239 = VECTOR ( 'NONE', #5211, 1000.000000000000000 ) ;
#5240 = DIRECTION ( 'NONE',  ( 0.7173448312365564572, -0.000000000000000000, 0.6967183025428543841 ) ) ;
#5241 = ORIENTED_EDGE ( 'NONE', *, *, #3626, .F. ) ;
#5242 = ORIENTED_EDGE ( 'NONE', *, *, #3679, .T. ) ;
#5243 = CARTESIAN_POINT ( 'NONE',  ( 256.7945415436331587, 10.00000000000000000, 52.13746481522456833 ) ) ;
#5244 = CARTESIAN_POINT ( 'NONE',  ( 72.43607923448288943, 13.00000000000000178, 26.77372474248330647 ) ) ;
#5245 = CARTESIAN_POINT ( 'NONE',  ( 160.3096044755128844, 10.00000000000000000, 26.26821605790786762 ) ) ;
#5246 = AXIS2_PLACEMENT_3D ( 'NONE', #1905, #7029, #1499 ) ;
#5247 = CARTESIAN_POINT ( 'NONE',  ( 247.9382077234612325, 10.00000000000000000, 32.02480901570833538 ) ) ;
#5248 = CARTESIAN_POINT ( 'NONE',  ( 224.1410977912524629, 13.00000000000000178, 31.97848175508527646 ) ) ;
#5249 = PRODUCT_RELATED_PRODUCT_CATEGORY ( 'detail', '', ( #79 ) ) ;
#5250 = CARTESIAN_POINT ( 'NONE',  ( 118.6082798388458457, 13.00000000000000178, 52.21711670801605010 ) ) ;
#5251 = CARTESIAN_POINT ( 'NONE',  ( 246.8666655442456488, 13.00000000000000178, 53.17301955471550912 ) ) ;
#5252 = ORIENTED_EDGE ( 'NONE', *, *, #5221, .F. ) ;
#5253 = DIRECTION ( 'NONE',  ( 0.000000000000000000, 0.000000000000000000, 1.000000000000000000 ) ) ;
#5254 = DIRECTION ( 'NONE',  ( -0.000000000000000000, -1.000000000000000000, -0.000000000000000000 ) ) ;
#5255 = CARTESIAN_POINT ( 'NONE',  ( 210.9340009926920345, 13.00000000000000178, 12.42745324647759553 ) ) ;
#5256 = CARTESIAN_POINT ( 'NONE',  ( 163.4528640129408643, 12.99999999999999822, 55.97063351189586200 ) ) ;
#5257 = CARTESIAN_POINT ( 'NONE',  ( 163.2829519359812593, 10.00000000000000000, 51.83634526286678579 ) ) ;
#5258 = EDGE_CURVE ( 'NONE', #388, #4945, #5325, .T. ) ;
#5259 = DIRECTION ( 'NONE',  ( -1.000000000000000000, 0.000000000000000000, 0.000000000000000000 ) ) ;
#5260 = CARTESIAN_POINT ( 'NONE',  ( 217.8719614761093339, 13.00000000000000178, 40.07864202216584459 ) ) ;
#5261 = CARTESIAN_POINT ( 'NONE',  ( 259.8818887850852093, 10.00000000000000000, 36.09609179393995504 ) ) ;
#5262 = DIRECTION ( 'NONE',  ( -0.000000000000000000, -1.000000000000000000, -0.000000000000000000 ) ) ;
#5263 = CARTESIAN_POINT ( 'NONE',  ( 207.9072970221909884, 13.00000000000000533, 15.83657083459854853 ) ) ;
#5264 = CARTESIAN_POINT ( 'NONE',  ( 256.5109240696150437, 13.00000000000000178, 51.80245324647758309 ) ) ;
#5265 = EDGE_CURVE ( 'NONE', #2271, #4563, #5527, .T. ) ;
#5266 = CARTESIAN_POINT ( 'NONE',  ( 23.43400099269201675, 13.00000000000000178, 10.67865516955451177 ) ) ;
#5267 = CARTESIAN_POINT ( 'NONE',  ( 262.5343033888016180, 12.99999999999999822, 23.17090003128194553 ) ) ;
#5268 = ORIENTED_EDGE ( 'NONE', *, *, #2821, .F. ) ;
#5269 = B_SPLINE_SURFACE_WITH_KNOTS ( 'NONE', 3, 1, ( 
 ( #4976, #3547 ),
 ( #2944, #4673 ),
 ( #6921, #1836 ),
 ( #7239, #4263 ),
 ( #7113, #5854 ),
 ( #4784, #4298 ),
 ( #5966, #5336 ),
 ( #6515, #840 ),
 ( #1437, #7075 ),
 ( #5819, #3698 ),
 ( #179, #254 ) ),
 .UNSPECIFIED., .F., .F., .F.,
 ( 4, 1, 1, 1, 1, 1, 1, 1, 4 ),
 ( 2, 2 ),
 ( 0.000000000000000000, 0.1057142614175138468, 0.2134116126389964396, 0.3261267300734695951, 0.4444516715568714860, 0.5690610798550849170, 0.7027122044812185164, 0.8463179465861979667, 1.000000000000000000 ),
 ( 0.000000000000000000, 1.000000000000000000 ),
 .UNSPECIFIED. ) ;
#5270 = CARTESIAN_POINT ( 'NONE',  ( 159.8943375311535249, 10.00000000000000000, 22.21711670801605010 ) ) ;
#5271 = ORIENTED_EDGE ( 'NONE', *, *, #2594, .F. ) ;
#5272 = CARTESIAN_POINT ( 'NONE',  ( 148.3771398795517200, 9.999999999999996447, 33.17324729743002365 ) ) ;
#5273 = ORIENTED_EDGE ( 'NONE', *, *, #5977, .T. ) ;
#5274 = EDGE_CURVE ( 'NONE', #6666, #3928, #1315, .T. ) ;
#5275 = DIRECTION ( 'NONE',  ( 0.000000000000000000, 1.000000000000000000, 0.000000000000000000 ) ) ;
#5276 = CARTESIAN_POINT ( 'NONE',  ( 143.1304737516075818, 13.00000000000000533, 42.60355060907562574 ) ) ;
#5277 = VERTEX_POINT ( 'NONE', #752 ) ;
#5278 = ORIENTED_EDGE ( 'NONE', *, *, #5412, .F. ) ;
#5279 = CARTESIAN_POINT ( 'NONE',  ( 270.0965024514122206, 9.999999999999998224, 27.61527742299202970 ) ) ;
#5280 = CARTESIAN_POINT ( 'NONE',  ( 203.4340009926919777, 10.00000000000000000, 12.42745324647759375 ) ) ;
#5281 = DIRECTION ( 'NONE',  ( 0.000000000000000000, 0.000000000000000000, 1.000000000000000000 ) ) ;
#5282 = CARTESIAN_POINT ( 'NONE',  ( 47.66477022346124670, 13.00000000000000178, 22.70389555416990035 ) ) ;
#5283 = CARTESIAN_POINT ( 'NONE',  ( 89.80682320296098453, 9.999999999999998224, 28.86930890873650313 ) ) ;
#5284 = CARTESIAN_POINT ( 'NONE',  ( 105.5792361553261145, 13.00000000000000178, 41.83495175476048189 ) ) ;
#5285 = VECTOR ( 'NONE', #567, 1000.000000000000000 ) ;
#5286 = CYLINDRICAL_SURFACE ( 'NONE', #1391, 1.500000000000001332 ) ;
#5287 = B_SPLINE_CURVE_WITH_KNOTS ( 'NONE', 3,
 ( #2377, #3638, #1855, #3070, #5348, #5237, #270 ),
 .UNSPECIFIED., .F., .F.,
 ( 4, 1, 1, 1, 4 ),
 ( 0.000000000000000000, 0.2400399314959810460, 0.4794031936060945687, 0.7317567388575658693, 1.000000000000000000 ),
 .UNSPECIFIED. ) ;
#5288 = ORIENTED_EDGE ( 'NONE', *, *, #5231, .F. ) ;
#5289 = CARTESIAN_POINT ( 'NONE',  ( 166.4091065566516363, 12.99999999999999822, 50.60172692682643003 ) ) ;
#5290 = CARTESIAN_POINT ( 'NONE',  ( 270.8168059259391498, 9.999999999999998224, 28.20846663796509901 ) ) ;
#5291 = VECTOR ( 'NONE', #1071, 1000.000000000000000 ) ;
#5292 = CARTESIAN_POINT ( 'NONE',  ( 172.8570779157689401, 10.00000000000000000, 39.35353497724682370 ) ) ;
#5293 = CARTESIAN_POINT ( 'NONE',  ( 250.5738780908943681, 9.999999999999996447, 28.72754176944540205 ) ) ;
#5294 = CARTESIAN_POINT ( 'NONE',  ( 266.3211023047935555, 13.00000000000000178, 40.88512705964600968 ) ) ;
#5295 = LINE ( 'NONE', #3093, #453 ) ;
#5296 = CARTESIAN_POINT ( 'NONE',  ( 262.5343033888016180, 9.999999999999996447, 23.17090003128194553 ) ) ;
#5297 = VECTOR ( 'NONE', #4175, 1000.000000000000000 ) ;
#5298 = CARTESIAN_POINT ( 'NONE',  ( 172.8447573011493716, 12.99999999999999822, 38.90819494952972235 ) ) ;
#5299 = CARTESIAN_POINT ( 'NONE',  ( 265.4171740696150437, 13.00000000000000178, 40.39920805416989680 ) ) ;
#5300 = ADVANCED_FACE ( 'NONE', ( #1935 ), #5767, .T. ) ;
#5301 = CARTESIAN_POINT ( 'NONE',  ( 175.0571588856395238, 9.999999999999996447, 47.15416071621454819 ) ) ;
#5302 = VECTOR ( 'NONE', #7095, 1000.000000000000000 ) ;
#5303 = CARTESIAN_POINT ( 'NONE',  ( 218.5471922594500427, 10.00000000000000000, 44.45592542854242879 ) ) ;
#5304 = CARTESIAN_POINT ( 'NONE',  ( 109.7494566781209784, 10.00000000000000000, 24.74786474942435177 ) ) ;
#5305 = VERTEX_POINT ( 'NONE', #3005 ) ;
#5306 = CARTESIAN_POINT ( 'NONE',  ( 205.1647702234612041, 13.00000000000000178, 55.67865516955451000 ) ) ;
#5307 = EDGE_LOOP ( 'NONE', ( #5834, #3668, #1201, #2651 ) ) ;
#5308 = CARTESIAN_POINT ( 'NONE',  ( 70.13369902172451020, 12.99999999999999822, 27.73419130896915874 ) ) ;
#5309 = APPROVAL_STATUS ( 'not_yet_approved' ) ;
#5310 = ORIENTED_EDGE ( 'NONE', *, *, #5086, .T. ) ;
#5311 = EDGE_CURVE ( 'NONE', #5788, #1498, #1390, .T. ) ;
#5312 = LINE ( 'NONE', #5522, #1853 ) ;
#5313 = FACE_OUTER_BOUND ( 'NONE', #7172, .T. ) ;
#5314 = ORIENTED_EDGE ( 'NONE', *, *, #1098, .F. ) ;
#5315 = CARTESIAN_POINT ( 'NONE',  ( 269.7011859578911981, 10.00000000000000000, 55.57680496823707017 ) ) ;
#5316 = CARTESIAN_POINT ( 'NONE',  ( 36.21955152032931835, 9.999999999999998224, 34.90385523835566062 ) ) ;
#5317 = CARTESIAN_POINT ( 'NONE',  ( 222.9030206655998541, 12.99999999999999822, 44.18499723307300542 ) ) ;
#5318 = VERTEX_POINT ( 'NONE', #2463 ) ;
#5319 = CARTESIAN_POINT ( 'NONE',  ( 262.3333159619622847, 12.99999999999999822, 51.36201978883899244 ) ) ;
#5320 = EDGE_LOOP ( 'NONE', ( #5398, #1161, #534, #396 ) ) ;
#5321 = EDGE_CURVE ( 'NONE', #965, #3726, #4322, .T. ) ;
#5322 = CARTESIAN_POINT ( 'NONE',  ( 47.79074439306906186, 10.00000000000000000, 31.71736121174581413 ) ) ;
#5323 = DIRECTION ( 'NONE',  ( 0.000000000000000000, 0.000000000000000000, 1.000000000000000000 ) ) ;
#5324 = FACE_OUTER_BOUND ( 'NONE', #3593, .T. ) ;
#5325 = LINE ( 'NONE', #2537, #7187 ) ;
#5326 = CARTESIAN_POINT ( 'NONE',  ( 93.24169330038432690, 9.999999999999998224, 39.32649170801605720 ) ) ;
#5327 = CARTESIAN_POINT ( 'NONE',  ( 110.1413525189585272, 12.99999999999999822, 49.37217687555405377 ) ) ;
#5328 = FACE_OUTER_BOUND ( 'NONE', #2457, .T. ) ;
#5329 = EDGE_LOOP ( 'NONE', ( #7050, #2068, #3110, #1268 ) ) ;
#5330 = CARTESIAN_POINT ( 'NONE',  ( 92.60146919891232642, 9.999999999999992895, 44.17462687267799737 ) ) ;
#5331 = CARTESIAN_POINT ( 'NONE',  ( 251.1182030630773170, 10.00000000000000178, 48.95974336179072850 ) ) ;
#5332 = CARTESIAN_POINT ( 'NONE',  ( 172.7955769004243223, 13.00000000000000178, 41.07102214826944930 ) ) ;
#5333 = B_SPLINE_SURFACE_WITH_KNOTS ( 'NONE', 3, 1, ( 
 ( #3981, #1755 ),
 ( #679, #606 ),
 ( #5131, #4095 ),
 ( #6284, #5804 ),
 ( #50, #714 ),
 ( #2306, #3454 ),
 ( #6429, #3718 ),
 ( #1933, #4321 ),
 ( #865, #6984 ),
 ( #3682, #2498 ),
 ( #3114, #241 ) ),
 .UNSPECIFIED., .F., .F., .F.,
 ( 4, 1, 1, 1, 1, 1, 1, 1, 4 ),
 ( 2, 2 ),
 ( 0.000000000000000000, 0.08342510498563594779, 0.1775598214659742380, 0.2839823599504442964, 0.4022167468072165852, 0.5335684803800554432, 0.6761209941988138850, 0.8316493725539840787, 1.000000000000000000 ),
 ( 0.000000000000000000, 1.000000000000000000 ),
 .UNSPECIFIED. ) ;
#5334 = CARTESIAN_POINT ( 'NONE',  ( 251.0683215237443733, 10.00000000000000355, 29.52218688597317353 ) ) ;
#5335 = CARTESIAN_POINT ( 'NONE',  ( 275.3951574842833452, 13.00000000000000178, 48.66237103988067503 ) ) ;
#5336 = CARTESIAN_POINT ( 'NONE',  ( 271.8348071414482661, 10.00000000000000000, 24.04894639473061702 ) ) ;
#5337 = CARTESIAN_POINT ( 'NONE',  ( 219.8423497245663327, 13.00000000000000178, 47.44231698191050128 ) ) ;
#5338 = CARTESIAN_POINT ( 'NONE',  ( 76.24049137730740711, 13.00000000000000178, 56.25557824647759020 ) ) ;
#5339 = CARTESIAN_POINT ( 'NONE',  ( 135.6449239144246235, 13.00000000000000533, 35.88015058724720063 ) ) ;
#5340 = CARTESIAN_POINT ( 'NONE',  ( 258.2416933003842701, 13.00000000000000178, 30.84391959263143335 ) ) ;
#5341 = CARTESIAN_POINT ( 'NONE',  ( 118.7705394542304731, 10.00000000000000178, 22.21711670801605010 ) ) ;
#5342 = CARTESIAN_POINT ( 'NONE',  ( 271.5109240696151574, 13.00000000000000178, 46.92565036186221050 ) ) ;
#5343 = CARTESIAN_POINT ( 'NONE',  ( 300.0000000000000000, 10.00000000000000000, 100.0000000000000000 ) ) ;
#5344 = EDGE_LOOP ( 'NONE', ( #5974, #5948, #1751, #6122 ) ) ;
#5345 = DATE_TIME_ROLE ( 'creation_date' ) ;
#5346 = CARTESIAN_POINT ( 'NONE',  ( 210.8925821990177099, 13.00000000000000178, 13.10347703733617841 ) ) ;
#5347 = ORIENTED_EDGE ( 'NONE', *, *, #3532, .F. ) ;
#5348 = CARTESIAN_POINT ( 'NONE',  ( 262.8978384265567456, 10.00000000000000355, 32.97260003872167289 ) ) ;
#5349 = EDGE_CURVE ( 'NONE', #1203, #1597, #4952, .T. ) ;
#5350 = EDGE_LOOP ( 'NONE', ( #6348, #3520, #430, #187 ) ) ;
#5351 = CARTESIAN_POINT ( 'NONE',  ( 33.33333333333334991, 20.00000000000000000, 97.93724644492834841 ) ) ;
#5352 = VERTEX_POINT ( 'NONE', #5431 ) ;
#5353 = CARTESIAN_POINT ( 'NONE',  ( 189.0109240696151005, 10.00000000000000000, 55.67865516955451000 ) ) ;
#5354 = VERTEX_POINT ( 'NONE', #4917 ) ;
#5355 = VECTOR ( 'NONE', #3901, 1000.000000000000000 ) ;
#5356 = CARTESIAN_POINT ( 'NONE',  ( 48.97777742154077174, 12.99999999999999822, 30.55519821498161548 ) ) ;
#5357 = CARTESIAN_POINT ( 'NONE',  ( 221.8955394542304589, 13.00000000000000178, 39.14620324647759020 ) ) ;
#5358 = CARTESIAN_POINT ( 'NONE',  ( 262.9693497881469284, 9.999999999999996447, 28.25415800146560485 ) ) ;
#5359 = DIRECTION ( 'NONE',  ( 0.000000000000000000, 0.000000000000000000, -1.000000000000000000 ) ) ;
#5360 = CARTESIAN_POINT ( 'NONE',  ( 230.4192597983677899, 12.99999999999999822, 27.16768610790549587 ) ) ;
#5361 = EDGE_CURVE ( 'NONE', #4851, #3784, #4847, .T. ) ;
#5362 = VECTOR ( 'NONE', #145, 1000.000000000000000 ) ;
#5363 = CARTESIAN_POINT ( 'NONE',  ( 207.1659721465381665, 10.00000000000000178, 8.947885938785283599 ) ) ;
#5364 = CARTESIAN_POINT ( 'NONE',  ( 129.1302987590250666, 9.999999999999998224, 31.31908693517946318 ) ) ;
#5365 = CARTESIAN_POINT ( 'NONE',  ( 189.0109240696151005, 10.00000000000000000, 22.79403978493913030 ) ) ;
#5366 = VERTEX_POINT ( 'NONE', #7138 ) ;
#5367 = CARTESIAN_POINT ( 'NONE',  ( 69.68124922928032561, 10.00000000000000000, 50.60091485706210790 ) ) ;
#5368 = CARTESIAN_POINT ( 'NONE',  ( 169.7739870391189356, 13.00000000000000178, 25.24562575570682554 ) ) ;
#5369 = CARTESIAN_POINT ( 'NONE',  ( 242.5598240180543712, 13.00000000000000178, 23.19617481080147670 ) ) ;
#5370 = CARTESIAN_POINT ( 'NONE',  ( 269.6621789263352298, 13.00000000000000178, 43.05393897793086921 ) ) ;
#5371 = EDGE_CURVE ( 'NONE', #4051, #6401, #2575, .T. ) ;
#5372 = CARTESIAN_POINT ( 'NONE',  ( 76.24049137730740711, 13.00000000000000178, 22.21711670801605010 ) ) ;
#5373 = DIRECTION ( 'NONE',  ( -0.000000000000000000, -1.000000000000000000, -0.000000000000000000 ) ) ;
#5374 = DIRECTION ( 'NONE',  ( 1.000000000000000000, 0.000000000000000000, -0.000000000000000000 ) ) ;
#5375 = CARTESIAN_POINT ( 'NONE',  ( 32.43940964653816650, 10.00000000000000000, 10.67865516955451177 ) ) ;
#5376 = CARTESIAN_POINT ( 'NONE',  ( 209.2630086068790547, 12.99999999999999822, 15.31116528254609577 ) ) ;
#5377 = CARTESIAN_POINT ( 'NONE',  ( 247.9382077234612325, 13.00000000000000178, 46.44788593878527649 ) ) ;
#5378 = ORIENTED_EDGE ( 'NONE', *, *, #2045, .T. ) ;
#5379 = ORIENTED_EDGE ( 'NONE', *, *, #4127, .F. ) ;
#5380 = CARTESIAN_POINT ( 'NONE',  ( 275.4899945171229092, 10.00000000000000000, 45.38641935288826090 ) ) ;
#5381 = LINE ( 'NONE', #5235, #2744 ) ;
#5382 = ORIENTED_EDGE ( 'NONE', *, *, #1331, .F. ) ;
#5383 = CARTESIAN_POINT ( 'NONE',  ( 89.16666605864905648, 12.99999999999999822, 38.03183376247472580 ) ) ;
#5384 = ORIENTED_EDGE ( 'NONE', *, *, #5716, .T. ) ;
#5385 = DIRECTION ( 'NONE',  ( 0.000000000000000000, 1.000000000000000000, 0.000000000000000000 ) ) ;
#5386 = VERTEX_POINT ( 'NONE', #391 ) ;
#5387 = DIRECTION ( 'NONE',  ( 0.000000000000000000, 0.000000000000000000, 1.000000000000000000 ) ) ;
#5388 = ORIENTED_EDGE ( 'NONE', *, *, #3896, .T. ) ;
#5389 = CARTESIAN_POINT ( 'NONE',  ( 48.97777742154077174, 9.999999999999996447, 30.55519821498161548 ) ) ;
#5390 = B_SPLINE_SURFACE_WITH_KNOTS ( 'NONE', 3, 1, ( 
 ( #5731, #3317 ),
 ( #1687, #208 ),
 ( #1392, #5283 ),
 ( #1829, #3650 ),
 ( #5919, #1866 ),
 ( #2538, #5845 ),
 ( #6323, #2464 ),
 ( #831, #1243 ),
 ( #4738, #6987 ),
 ( #6948, #3493 ),
 ( #1351, #5326 ) ),
 .UNSPECIFIED., .F., .F., .F.,
 ( 4, 1, 1, 1, 1, 1, 1, 1, 4 ),
 ( 2, 2 ),
 ( 0.000000000000000000, 0.1281572795931862352, 0.2538343627967346028, 0.3765056225222090380, 0.4985336856679095652, 0.6213677287324633758, 0.7445647449043578670, 0.8706337982552828647, 1.000000000000000000 ),
 ( 0.000000000000000000, 1.000000000000000000 ),
 .UNSPECIFIED. ) ;
#5391 = EDGE_CURVE ( 'NONE', #1697, #4536, #6610, .T. ) ;
#5392 = DIRECTION ( 'NONE',  ( 0.000000000000000000, 0.000000000000000000, 1.000000000000000000 ) ) ;
#5393 = CARTESIAN_POINT ( 'NONE',  ( 150.6575156616756033, 13.00000000000000533, 48.59691498126267106 ) ) ;
#5394 = CARTESIAN_POINT ( 'NONE',  ( 207.9073028617889065, 10.00000000000000000, 8.982274378719770525 ) ) ;
#5395 = CARTESIAN_POINT ( 'NONE',  ( 66.32832707672262984, 10.00000000000000355, 25.26621905222125619 ) ) ;
#5396 = CARTESIAN_POINT ( 'NONE',  ( 199.9999999999999432, 10.00000000000000000, 94.93724644492834841 ) ) ;
#5397 = LINE ( 'NONE', #796, #4594 ) ;
#5398 = ORIENTED_EDGE ( 'NONE', *, *, #3542, .F. ) ;
#5399 = ORIENTED_EDGE ( 'NONE', *, *, #3756, .F. ) ;
#5400 = CARTESIAN_POINT ( 'NONE',  ( 64.94789869609790856, 13.00000000000000178, 45.90535232193055037 ) ) ;
#5401 = ADVANCED_FACE ( 'NONE', ( #1016 ), #1478, .T. ) ;
#5402 = DIRECTION ( 'NONE',  ( -0.000000000000000000, -1.000000000000000000, -0.000000000000000000 ) ) ;
#5403 = CARTESIAN_POINT ( 'NONE',  ( 46.94576747071209866, 12.99999999999999822, 19.58416547497010640 ) ) ;
#5404 = CARTESIAN_POINT ( 'NONE',  ( 176.8955394542304589, 13.00000000000000178, 39.32649170801605010 ) ) ;
#5405 = DIRECTION ( 'NONE',  ( 1.224646799147353454E-16, 0.000000000000000000, 1.000000000000000000 ) ) ;
#5406 = DIRECTION ( 'NONE',  ( -0.000000000000000000, -1.000000000000000000, -0.000000000000000000 ) ) ;
#5407 = CARTESIAN_POINT ( 'NONE',  ( 267.6083864737630051, 9.999999999999998224, 22.25997905858050174 ) ) ;
#5408 = CARTESIAN_POINT ( 'NONE',  ( 3.535533905932737309, 0.000000000000000000, 5.185533905932738108 ) ) ;
#5409 = CARTESIAN_POINT ( 'NONE',  ( 189.0109240696151005, 13.00000000000000178, 26.83250132340066685 ) ) ;
#5410 = CARTESIAN_POINT ( 'NONE',  ( 144.5963012334211726, 10.00000000000000178, 31.60074629319677797 ) ) ;
#5411 = CIRCLE ( 'NONE', #1144, 1.500000000000029088 ) ;
#5412 = EDGE_CURVE ( 'NONE', #3835, #677, #4287, .T. ) ;
#5413 = CIRCLE ( 'NONE', #6359, 1.500000000000001332 ) ;
#5414 = CARTESIAN_POINT ( 'NONE',  ( 210.9340009926920061, 9.999999999999998224, 12.42745324647759375 ) ) ;
#5415 = CARTESIAN_POINT ( 'NONE',  ( 217.8719614761093339, 13.00000000000000178, 40.07864202216584459 ) ) ;
#5416 = VECTOR ( 'NONE', #959, 1000.000000000000000 ) ;
#5417 = CARTESIAN_POINT ( 'NONE',  ( 77.95177350855614407, 9.999999999999996447, 52.16701580221901935 ) ) ;
#5418 = CARTESIAN_POINT ( 'NONE',  ( 133.3333333333333428, 20.00000000000000000, 96.43724644492834841 ) ) ;
#5419 = ORIENTED_EDGE ( 'NONE', *, *, #1331, .T. ) ;
#5420 = LINE ( 'NONE', #7047, #6777 ) ;
#5421 = CARTESIAN_POINT ( 'NONE',  ( 76.22246253115355330, 10.00000000000000000, 52.21711670801605010 ) ) ;
#5422 = CARTESIAN_POINT ( 'NONE',  ( 41.47012953672984281, 13.00000000000000178, 29.89934156597810500 ) ) ;
#5423 = VECTOR ( 'NONE', #6173, 1000.000000000000000 ) ;
#5424 = CARTESIAN_POINT ( 'NONE',  ( 85.37482367185066323, 13.00000000000000533, 30.07482484030009218 ) ) ;
#5425 = ORIENTED_EDGE ( 'NONE', *, *, #3663, .F. ) ;
#5426 = FACE_OUTER_BOUND ( 'NONE', #676, .T. ) ;
#5427 = ORIENTED_EDGE ( 'NONE', *, *, #4418, .F. ) ;
#5428 = CARTESIAN_POINT ( 'NONE',  ( 271.7422441624358953, 9.999999999999994671, 39.37558985234923625 ) ) ;
#5429 = ORIENTED_EDGE ( 'NONE', *, *, #4582, .F. ) ;
#5430 = DIRECTION ( 'NONE',  ( 3.425612846546011993E-14, 1.000000000000000000, 3.305772355016178712E-14 ) ) ;
#5431 = CARTESIAN_POINT ( 'NONE',  ( 159.8943375311535249, 13.00000000000000178, 56.25557824647759020 ) ) ;
#5432 = CARTESIAN_POINT ( 'NONE',  ( 259.9352620472884041, 9.999999999999998224, 49.56241801832604921 ) ) ;
#5433 = DIRECTION ( 'NONE',  ( 0.000000000000000000, 1.000000000000000000, 0.000000000000000000 ) ) ;
#5434 = CARTESIAN_POINT ( 'NONE',  ( 217.8740271017735779, 10.00000000000000178, 38.34695888815721077 ) ) ;
#5435 = VERTEX_POINT ( 'NONE', #2609 ) ;
#5436 = CARTESIAN_POINT ( 'NONE',  ( 269.7011859578911981, 10.00000000000000178, 55.57680496823707017 ) ) ;
#5437 = VERTEX_POINT ( 'NONE', #6642 ) ;
#5438 = CARTESIAN_POINT ( 'NONE',  ( 92.96829744590573341, 13.00000000000000178, 42.60355058100879688 ) ) ;
#5439 = CARTESIAN_POINT ( 'NONE',  ( 235.9309961849996853, 10.00000000000000000, 56.25557824647759020 ) ) ;
#5440 = CARTESIAN_POINT ( 'NONE',  ( 51.08641255434663009, 9.999999999999998224, 18.64055297262591182 ) ) ;
#5441 = CARTESIAN_POINT ( 'NONE',  ( 135.6473405187121273, 13.00000000000000178, 42.67506518748617594 ) ) ;
#5442 = CARTESIAN_POINT ( 'NONE',  ( 30.75371253115355330, 10.00000000000000000, 34.90942440032374350 ) ) ;
#5443 = CARTESIAN_POINT ( 'NONE',  ( 159.8763086849996853, 13.00000000000000178, 26.25557824647759020 ) ) ;
#5444 = CARTESIAN_POINT ( 'NONE',  ( 189.0109240696151005, 13.00000000000000178, 26.83250132340066685 ) ) ;
#5445 = EDGE_CURVE ( 'NONE', #4536, #4719, #3719, .T. ) ;
#5446 = CARTESIAN_POINT ( 'NONE',  ( 172.3366914462222610, 12.99999999999999822, 35.50213883103626245 ) ) ;
#5447 = CARTESIAN_POINT ( 'NONE',  ( 266.6666666666666856, 10.00000000000000000, 97.93724644492837683 ) ) ;
#5448 = DIRECTION ( 'NONE',  ( 0.000000000000000000, 0.000000000000000000, 1.000000000000000000 ) ) ;
#5449 = CARTESIAN_POINT ( 'NONE',  ( 275.5493856080766477, 13.00000000000000178, 46.75437632340067040 ) ) ;
#5450 = CARTESIAN_POINT ( 'NONE',  ( 239.5449888779872367, 10.00000000000000000, 26.58260048135763043 ) ) ;
#5451 = PLANE ( 'NONE',  #1154 ) ;
#5452 = EDGE_CURVE ( 'NONE', #304, #5654, #7059, .T. ) ;
#5453 = ORIENTED_EDGE ( 'NONE', *, *, #2343, .T. ) ;
#5454 = ORIENTED_EDGE ( 'NONE', *, *, #5988, .F. ) ;
#5455 = CARTESIAN_POINT ( 'NONE',  ( 165.9486976088024051, 10.00000000000000355, 27.73711313570966297 ) ) ;
#5456 = VERTEX_POINT ( 'NONE', #1427 ) ;
#5457 = CARTESIAN_POINT ( 'NONE',  ( 35.71164522346123960, 10.00000000000000000, 30.35714074647759020 ) ) ;
#5458 = DIRECTION ( 'NONE',  ( -0.000000000000000000, -1.000000000000000000, -0.000000000000000000 ) ) ;
#5459 = B_SPLINE_CURVE_WITH_KNOTS ( 'NONE', 3,
 ( #5630, #60, #6222, #99, #6188, #1214, #2800, #4025, #2315, #4597, #2834 ),
 .UNSPECIFIED., .F., .F.,
 ( 4, 1, 1, 1, 1, 1, 1, 1, 4 ),
 ( 0.000000000000000000, 0.1249584925460641704, 0.2459006286062657143, 0.3691660295860723640, 0.4985108411773572779, 0.6285038663666056014, 0.7510283288509922439, 0.8737241742784331855, 1.000000000000000000 ),
 .UNSPECIFIED. ) ;
#5460 = EDGE_CURVE ( 'NONE', #744, #873, #3684, .T. ) ;
#5461 = ORIENTED_EDGE ( 'NONE', *, *, #3578, .T. ) ;
#5462 = LINE ( 'NONE', #6022, #563 ) ;
#5463 = ORIENTED_EDGE ( 'NONE', *, *, #671, .F. ) ;
#5464 = CARTESIAN_POINT ( 'NONE',  ( 274.0169336849996853, 13.00000000000000178, 41.67024170801604299 ) ) ;
#5465 = VERTEX_POINT ( 'NONE', #1709 ) ;
#5466 = CARTESIAN_POINT ( 'NONE',  ( 148.6019753026347416, 10.00000000000000000, 26.36592293333921688 ) ) ;
#5467 = CARTESIAN_POINT ( 'NONE',  ( 62.83857044880185327, 13.00000000000000178, 49.91278953776419058 ) ) ;
#5468 = CARTESIAN_POINT ( 'NONE',  ( 79.83918401535144937, 12.99999999999999822, 22.53135216543616437 ) ) ;
#5469 = CARTESIAN_POINT ( 'NONE',  ( 259.1882077234612325, 10.00000000000000000, 48.75557824647756888 ) ) ;
#5470 = CARTESIAN_POINT ( 'NONE',  ( 101.3186163773073929, 13.00000000000000178, 55.67865516955451000 ) ) ;
#5471 = VECTOR ( 'NONE', #6291, 1000.000000000000000 ) ;
#5472 = CARTESIAN_POINT ( 'NONE',  ( 221.5629936674940836, 9.999999999999996447, 28.86423322548643000 ) ) ;
#5473 = EDGE_LOOP ( 'NONE', ( #3824, #946, #2295, #238 ) ) ;
#5474 = VERTEX_POINT ( 'NONE', #4010 ) ;
#5475 = CARTESIAN_POINT ( 'NONE',  ( 76.85123125178793657, 13.00000000000000178, 56.23992967380382879 ) ) ;
#5476 = B_SPLINE_CURVE_WITH_KNOTS ( 'NONE', 3,
 ( #5282, #4174, #4737, #3649, #6986, #5844, #3607, #2500, #5918, #281, #6947, #4662, #6910, #2968, #5806, #1280, #716, #5879, #243 ),
 .UNSPECIFIED., .F., .F.,
 ( 4, 1, 1, 1, 1, 1, 1, 1, 1, 1, 1, 1, 1, 1, 1, 1, 4 ),
 ( 0.000000000000000000, 0.06881429582430950709, 0.1363648245522150748, 0.2040193535112468648, 0.2730637386246115850, 0.3429133195614897933, 0.4109654441389579138, 0.4791687665134468643, 0.5493080065097825093, 0.5876515764176500900, 0.6306466687627908518, 0.6788787856966489453, 0.7319342992295831962, 0.7911114229480469273, 0.8552831895130774686, 0.9250859386773849780, 1.000000000000000000 ),
 .UNSPECIFIED. ) ;
#5477 = CARTESIAN_POINT ( 'NONE',  ( 270.9106605663886853, 13.00000000000000178, 44.47537984138838141 ) ) ;
#5478 = CARTESIAN_POINT ( 'NONE',  ( 47.64931438089493554, 10.00000000000000000, 22.34201103478820372 ) ) ;
#5479 = VECTOR ( 'NONE', #3642, 1000.000000000000000 ) ;
#5480 = FACE_OUTER_BOUND ( 'NONE', #5579, .T. ) ;
#5481 = LINE ( 'NONE', #5558, #1843 ) ;
#5482 = CARTESIAN_POINT ( 'NONE',  ( 106.6999735527939066, 10.00000000000000000, 27.21515209880041652 ) ) ;
#5483 = CARTESIAN_POINT ( 'NONE',  ( 116.6661422007914410, 9.999999999999998224, 56.20073752020287827 ) ) ;
#5484 = CARTESIAN_POINT ( 'NONE',  ( 210.8925821990177099, 10.00000000000000000, 13.10347703733617841 ) ) ;
#5485 = VECTOR ( 'NONE', #3780, 1000.000000000000000 ) ;
#5486 = CARTESIAN_POINT ( 'NONE',  ( 142.9001142675031417, 10.00000000000000000, 37.68610094412793643 ) ) ;
#5487 = CARTESIAN_POINT ( 'NONE',  ( 221.9184155540920358, 10.00000000000000178, 39.72180738830673619 ) ) ;
#5488 = ADVANCED_FACE ( 'NONE', ( #2338 ), #4469, .T. ) ;
#5489 = DIRECTION ( 'NONE',  ( 0.000000000000000000, -1.000000000000000000, 0.000000000000000000 ) ) ;
#5490 = FACE_BOUND ( 'NONE', #3187, .T. ) ;
#5491 = CARTESIAN_POINT ( 'NONE',  ( 271.1132230400869503, 13.00000000000000178, 48.94560872886750502 ) ) ;
#5492 = ORIENTED_EDGE ( 'NONE', *, *, #3999, .T. ) ;
#5493 = CARTESIAN_POINT ( 'NONE',  ( 0.000000000000000000, 10.00000000000000000, 0.000000000000000000 ) ) ;
#5494 = CARTESIAN_POINT ( 'NONE',  ( 37.92068572013813821, 10.00000000000000355, 30.30629224840227209 ) ) ;
#5495 = EDGE_CURVE ( 'NONE', #2488, #6469, #6355, .T. ) ;
#5496 = CARTESIAN_POINT ( 'NONE',  ( 47.66477022346124670, 10.00000000000000000, 22.70389555416990035 ) ) ;
#5497 = CARTESIAN_POINT ( 'NONE',  ( 274.0169336849996853, 13.00000000000000178, 41.67024170801604299 ) ) ;
#5498 = ORIENTED_EDGE ( 'NONE', *, *, #7224, .F. ) ;
#5499 = LINE ( 'NONE', #3749, #3154 ) ;
#5500 = ORIENTED_EDGE ( 'NONE', *, *, #333, .T. ) ;
#5501 = DIRECTION ( 'NONE',  ( -0.000000000000000000, -1.000000000000000000, -0.000000000000000000 ) ) ;
#5502 = VERTEX_POINT ( 'NONE', #6723 ) ;
#5503 = FACE_OUTER_BOUND ( 'NONE', #5830, .T. ) ;
#5504 = DIRECTION ( 'NONE',  ( 0.000000000000000000, 0.000000000000000000, -1.000000000000000000 ) ) ;
#5505 = EDGE_CURVE ( 'NONE', #3779, #5679, #600, .T. ) ;
#5506 = VECTOR ( 'NONE', #1102, 1000.000000000000000 ) ;
#5507 = CARTESIAN_POINT ( 'NONE',  ( 210.8936700793861121, 13.00000000000000178, 11.73640158686757395 ) ) ;
#5508 = CARTESIAN_POINT ( 'NONE',  ( 107.0283081417104825, 10.00000000000000355, 32.60118251859611149 ) ) ;
#5509 = FACE_OUTER_BOUND ( 'NONE', #6120, .T. ) ;
#5510 = CARTESIAN_POINT ( 'NONE',  ( 172.7480958966039850, 10.00000000000000000, 28.04896479453953617 ) ) ;
#5511 = CARTESIAN_POINT ( 'NONE',  ( 236.3489195411649177, 9.999999999999996447, 56.25228377082063957 ) ) ;
#5512 = ORIENTED_EDGE ( 'NONE', *, *, #2930, .F. ) ;
#5513 = ORIENTED_EDGE ( 'NONE', *, *, #628, .F. ) ;
#5514 = CARTESIAN_POINT ( 'NONE',  ( 91.40331273179337757, 12.99999999999999822, 47.15416071621452687 ) ) ;
#5515 = CARTESIAN_POINT ( 'NONE',  ( 120.3638195993663089, 13.00000000000000178, 52.15465474762196152 ) ) ;
#5516 = CARTESIAN_POINT ( 'NONE',  ( 51.70323176192278680, 10.00000000000000000, 22.71290997724682015 ) ) ;
#5517 = CARTESIAN_POINT ( 'NONE',  ( 133.9762669757442097, 13.00000000000000178, 47.29729636901898715 ) ) ;
#5518 = CARTESIAN_POINT ( 'NONE',  ( 205.7370729712422701, 10.00000000000000178, 9.181031969797093240 ) ) ;
#5519 = PLANE ( 'NONE',  #1738 ) ;
#5520 = CARTESIAN_POINT ( 'NONE',  ( 217.8570779157689117, 10.00000000000000000, 39.50678016955451710 ) ) ;
#5521 = CARTESIAN_POINT ( 'NONE',  ( 271.5109240696151005, 13.00000000000000178, 46.92565036186220340 ) ) ;
#5522 = CARTESIAN_POINT ( 'NONE',  ( 47.28616445423048020, 13.00000000000000178, 55.67865516955451000 ) ) ;
#5523 = CARTESIAN_POINT ( 'NONE',  ( 125.2775580052912545, 10.00000000000000000, 55.03414436465572379 ) ) ;
#5524 = CARTESIAN_POINT ( 'NONE',  ( 189.0109240696151005, 10.00000000000000000, 26.83250132340066685 ) ) ;
#5525 = CARTESIAN_POINT ( 'NONE',  ( 60.36843638387272648, 9.999999999999998224, 45.68995332084483607 ) ) ;
#5526 = CARTESIAN_POINT ( 'NONE',  ( 49.78931168433383903, 12.99999999999999822, 16.02190394536005158 ) ) ;
#5527 = CIRCLE ( 'NONE', #6233, 1.500000000000001332 ) ;
#5528 = ADVANCED_FACE ( 'NONE', ( #3902 ), #3341, .T. ) ;
#5529 = ORIENTED_EDGE ( 'NONE', *, *, #1260, .T. ) ;
#5530 = CARTESIAN_POINT ( 'NONE',  ( 270.4021500311535533, 13.00000000000000178, 43.78863113109296989 ) ) ;
#5531 = CARTESIAN_POINT ( 'NONE',  ( 0.000000000000000000, 10.00000000000000000, 0.000000000000000000 ) ) ;
#5532 = CIRCLE ( 'NONE', #3506, 1.500000000000001332 ) ;
#5533 = CARTESIAN_POINT ( 'NONE',  ( 268.0944577234612325, 9.999999999999998224, 37.05485709263143690 ) ) ;
#5534 = ORIENTED_EDGE ( 'NONE', *, *, #3775, .F. ) ;
#5535 = CARTESIAN_POINT ( 'NONE',  ( 109.7494566781209784, 13.00000000000000178, 24.74786474942435177 ) ) ;
#5536 = EDGE_CURVE ( 'NONE', #1298, #276, #43, .T. ) ;
#5537 = EDGE_LOOP ( 'NONE', ( #1486, #2999 ) ) ;
#5538 = LINE ( 'NONE', #2258, #3269 ) ;
#5539 = CARTESIAN_POINT ( 'NONE',  ( 67.00366950782941444, 10.00000000000000000, 48.59691498126267106 ) ) ;
#5540 = AXIS2_PLACEMENT_3D ( 'NONE', #6574, #5433, #3193 ) ;
#5541 = VERTEX_POINT ( 'NONE', #2783 ) ;
#5542 = CARTESIAN_POINT ( 'NONE',  ( 258.2416933003842701, 13.00000000000000178, 30.84391959263143335 ) ) ;
#5543 = LINE ( 'NONE', #4503, #5355 ) ;
#5544 = CARTESIAN_POINT ( 'NONE',  ( 87.49350242807891220, 13.00000000000000178, 26.34854481581942665 ) ) ;
#5545 = VECTOR ( 'NONE', #5406, 1000.000000000000000 ) ;
#5546 = CARTESIAN_POINT ( 'NONE',  ( 64.94812914878859544, 9.999999999999998224, 26.36592293333920978 ) ) ;
#5547 = LINE ( 'NONE', #3870, #3398 ) ;
#5548 = CARTESIAN_POINT ( 'NONE',  ( 172.7480958966039850, 13.00000000000000178, 28.04896479453953617 ) ) ;
#5549 = ADVANCED_FACE ( 'NONE', ( #2853 ), #3415, .T. ) ;
#5550 = CARTESIAN_POINT ( 'NONE',  ( 245.9490562539961047, 9.999999999999996447, 53.75332441820584251 ) ) ;
#5551 = ORIENTED_EDGE ( 'NONE', *, *, #6748, .F. ) ;
#5552 = EDGE_CURVE ( 'NONE', #2088, #6281, #4504, .T. ) ;
#5553 = ORIENTED_EDGE ( 'NONE', *, *, #1068, .T. ) ;
#5554 = CARTESIAN_POINT ( 'NONE',  ( 78.04729552649608593, 13.00000000000000178, 56.20928373187776828 ) ) ;
#5555 = CARTESIAN_POINT ( 'NONE',  ( 171.1473485819250868, 10.00000000000000000, 26.34854481581940888 ) ) ;
#5556 = CARTESIAN_POINT ( 'NONE',  ( 47.36863094529508800, 10.00000000000000000, 20.57502626236576049 ) ) ;
#5557 = CARTESIAN_POINT ( 'NONE',  ( 135.6473405187121273, 10.00000000000000000, 42.67506518748617594 ) ) ;
#5558 = CARTESIAN_POINT ( 'NONE',  ( 193.0493856080766193, 13.00000000000000178, 9.524809015708360249 ) ) ;
#5559 = CARTESIAN_POINT ( 'NONE',  ( 118.7705394542304731, 10.00000000000000000, 22.21711670801605010 ) ) ;
#5560 = EDGE_CURVE ( 'NONE', #1305, #6991, #5650, .T. ) ;
#5561 = CARTESIAN_POINT ( 'NONE',  ( 156.2837269871184276, 10.00000000000000178, 22.53026633880274687 ) ) ;
#5562 = CARTESIAN_POINT ( 'NONE',  ( 193.0493856080766193, 13.00000000000000178, 26.83250132340066685 ) ) ;
#5563 = CARTESIAN_POINT ( 'NONE',  ( 262.2958361164197640, 10.00000000000000178, 30.39454091053102402 ) ) ;
#5564 = CARTESIAN_POINT ( 'NONE',  ( 235.3437635842096824, 10.00000000000000533, 52.19642844095195500 ) ) ;
#5565 = CARTESIAN_POINT ( 'NONE',  ( 134.6868161877517878, 10.00000000000000178, 45.81846891216865458 ) ) ;
#5566 = CARTESIAN_POINT ( 'NONE',  ( 241.2037512512108037, 12.99999999999999822, 27.03041740925283776 ) ) ;
#5567 = CARTESIAN_POINT ( 'NONE',  ( 65.16662088834154076, 10.00000000000000000, 52.38323673833289718 ) ) ;
#5568 = CARTESIAN_POINT ( 'NONE',  ( 268.5883243174824884, 10.00000000000000178, 42.24432870246182858 ) ) ;
#5569 = ORIENTED_EDGE ( 'NONE', *, *, #4378, .F. ) ;
#5570 = CARTESIAN_POINT ( 'NONE',  ( 76.22246253115355330, 10.00000000000000355, 26.25557824647759020 ) ) ;
#5571 = CARTESIAN_POINT ( 'NONE',  ( 74.49305208298639513, 10.00000000000000000, 52.16730602032075836 ) ) ;
#5572 = VERTEX_POINT ( 'NONE', #6242 ) ;
#5573 = LINE ( 'NONE', #5531, #1909 ) ;
#5574 = CARTESIAN_POINT ( 'NONE',  ( 258.2620036164829003, 9.999999999999996447, 29.94567267777109620 ) ) ;
#5575 = ORIENTED_EDGE ( 'NONE', *, *, #3445, .T. ) ;
#5576 = FACE_OUTER_BOUND ( 'NONE', #6906, .T. ) ;
#5577 = CYLINDRICAL_SURFACE ( 'NONE', #1032, 1.500000000000001332 ) ;
#5578 = CARTESIAN_POINT ( 'NONE',  ( 63.30335703289843963, 9.999999999999998224, 41.07094625453101600 ) ) ;
#5579 = EDGE_LOOP ( 'NONE', ( #1483, #3481, #4576, #2640 ) ) ;
#5580 = CARTESIAN_POINT ( 'NONE',  ( 266.5529913773073645, 13.00000000000000178, 26.25557824647759020 ) ) ;
#5581 = DIRECTION ( 'NONE',  ( 0.000000000000000000, 0.000000000000000000, -1.000000000000000000 ) ) ;
#5582 = EDGE_CURVE ( 'NONE', #4038, #4249, #4577, .T. ) ;
#5583 = CARTESIAN_POINT ( 'NONE',  ( 175.1615058004088326, 13.00000000000000178, 31.57696808300281077 ) ) ;
#5584 = CARTESIAN_POINT ( 'NONE',  ( 131.8955394542304589, 13.00000000000000178, 39.29944843878527649 ) ) ;
#5585 = CARTESIAN_POINT ( 'NONE',  ( 148.8204670421877438, 13.00000000000000178, 52.38323673833290428 ) ) ;
#5586 = CARTESIAN_POINT ( 'NONE',  ( 239.5814028354742788, 10.00000000000000000, 55.99083570481851524 ) ) ;
#5587 = ORIENTED_EDGE ( 'NONE', *, *, #2802, .T. ) ;
#5588 = ORIENTED_EDGE ( 'NONE', *, *, #6835, .T. ) ;
#5589 = LINE ( 'NONE', #3836, #742 ) ;
#5590 = CARTESIAN_POINT ( 'NONE',  ( 169.7739870391189356, 13.00000000000000178, 25.24562575570682554 ) ) ;
#5591 = CARTESIAN_POINT ( 'NONE',  ( 106.8366697457079226, 9.999999999999996447, 45.43243853591649639 ) ) ;
#5592 = EDGE_CURVE ( 'NONE', #3971, #482, #1676, .T. ) ;
#5593 = CARTESIAN_POINT ( 'NONE',  ( 49.78931168433383903, 12.99999999999999822, 16.02190394536005158 ) ) ;
#5594 = CARTESIAN_POINT ( 'NONE',  ( 193.0493856080766193, 13.00000000000000178, 26.83250132340066685 ) ) ;
#5595 = VECTOR ( 'NONE', #1052, 1000.000000000000000 ) ;
#5596 = CARTESIAN_POINT ( 'NONE',  ( 176.6428245551872465, 10.00000000000000178, 36.07084819850649637 ) ) ;
#5597 = CARTESIAN_POINT ( 'NONE',  ( 123.7112795986707852, 10.00000000000000178, 51.29248384434450259 ) ) ;
#5598 = LINE ( 'NONE', #475, #669 ) ;
#5599 = CARTESIAN_POINT ( 'NONE',  ( 125.2662620838816991, 9.999999999999998224, 50.55597902127106380 ) ) ;
#5600 = CARTESIAN_POINT ( 'NONE',  ( 158.1468982368325555, 9.999999999999996447, 52.16730602032075126 ) ) ;
#5601 = CARTESIAN_POINT ( 'NONE',  ( 23.43400099269201675, 10.00000000000000000, 55.67865516955451000 ) ) ;
#5602 = EDGE_CURVE ( 'NONE', #3452, #857, #7332, .T. ) ;
#5603 = CARTESIAN_POINT ( 'NONE',  ( 126.7852265911883762, 10.00000000000000178, 54.34428860929323690 ) ) ;
#5604 = FACE_BOUND ( 'NONE', #5750, .T. ) ;
#5605 = CARTESIAN_POINT ( 'NONE',  ( 267.9198883782851226, 9.999999999999998224, 41.81234663441988886 ) ) ;
#5606 = VECTOR ( 'NONE', #5100, 1000.000000000000000 ) ;
#5607 = VERTEX_POINT ( 'NONE', #2752 ) ;
#5608 = CARTESIAN_POINT ( 'NONE',  ( 89.20323176192279391, 10.00000000000000355, 39.35353497724683081 ) ) ;
#5609 = VECTOR ( 'NONE', #2146, 1000.000000000000000 ) ;
#5610 = CARTESIAN_POINT ( 'NONE',  ( 262.5343033888016180, 12.99999999999999822, 23.17090003128194553 ) ) ;
#5611 = EDGE_LOOP ( 'NONE', ( #3065, #2494, #3301, #523 ) ) ;
#5612 = PLANE ( 'NONE',  #6131 ) ;
#5613 = CARTESIAN_POINT ( 'NONE',  ( 158.1468982368325555, 13.00000000000000178, 52.16730602032075126 ) ) ;
#5614 = CARTESIAN_POINT ( 'NONE',  ( 233.3333333333332860, 20.00000000000000000, 94.93724644492834841 ) ) ;
#5615 = CARTESIAN_POINT ( 'NONE',  ( 61.86306034142900501, 10.00000000000000000, 48.56086047141886297 ) ) ;
#5616 = DIRECTION ( 'NONE',  ( -1.000000000000000000, 0.000000000000000000, 0.000000000000000000 ) ) ;
#5617 = CARTESIAN_POINT ( 'NONE',  ( 151.5588637738837861, 10.00000000000000000, 54.30116045740354025 ) ) ;
#5618 = VERTEX_POINT ( 'NONE', #82 ) ;
#5619 = ORIENTED_EDGE ( 'NONE', *, *, #6034, .F. ) ;
#5620 = APPROVAL ( #5309, 'UNSPECIFIED' ) ;
#5621 = CARTESIAN_POINT ( 'NONE',  ( 176.8955394542304589, 10.00000000000000000, 39.32649170801605010 ) ) ;
#5622 = CARTESIAN_POINT ( 'NONE',  ( 159.8943375311535249, 10.00000000000000000, 22.21711670801605010 ) ) ;
#5623 = CARTESIAN_POINT ( 'NONE',  ( 43.95591088987214334, 10.00000000000000000, 16.49887755034813352 ) ) ;
#5624 = CARTESIAN_POINT ( 'NONE',  ( 235.9940971465381949, 10.00000000000000178, 52.21711670801605720 ) ) ;
#5625 = DIRECTION ( 'NONE',  ( -0.000000000000000000, -1.000000000000000000, -0.000000000000000000 ) ) ;
#5626 = CARTESIAN_POINT ( 'NONE',  ( 245.3663064204505986, 13.00000000000000178, 24.33887099780256236 ) ) ;
#5627 = CARTESIAN_POINT ( 'NONE',  ( 217.8627481232386742, 10.00000000000000000, 39.11877172528046742 ) ) ;
#5628 = EDGE_CURVE ( 'NONE', #2952, #2040, #3304, .T. ) ;
#5629 = CARTESIAN_POINT ( 'NONE',  ( 123.7112795986707852, 9.999999999999998224, 51.29248384434450259 ) ) ;
#5630 = CARTESIAN_POINT ( 'NONE',  ( 266.5529913773073645, 13.00000000000000178, 26.25557824647759020 ) ) ;
#5631 = CARTESIAN_POINT ( 'NONE',  ( 268.0944577234612325, 13.00000000000000178, 37.05485709263143690 ) ) ;
#5632 = CARTESIAN_POINT ( 'NONE',  ( 89.80682320296098453, 10.00000000000000000, 28.86930890873650313 ) ) ;
#5633 = CARTESIAN_POINT ( 'NONE',  ( 275.4899945171229092, 13.00000000000000178, 45.38641935288826090 ) ) ;
#5634 = CARTESIAN_POINT ( 'NONE',  ( 143.4973020859146118, 9.999999999999998224, 44.17462676927347331 ) ) ;
#5635 = ADVANCED_FACE ( 'NONE', ( #5052 ), #2192, .T. ) ;
#5636 = ORIENTED_EDGE ( 'NONE', *, *, #4232, .F. ) ;
#5637 = CARTESIAN_POINT ( 'NONE',  ( 76.24049137730740711, 13.00000000000000178, 22.21711670801605010 ) ) ;
#5638 = CARTESIAN_POINT ( 'NONE',  ( 147.4161025605496604, 13.00000000000000178, 35.50224961940690349 ) ) ;
#5639 = CARTESIAN_POINT ( 'NONE',  ( 105.7871960476222313, 9.999999999999998224, 50.14172697441270543 ) ) ;
#5640 = CARTESIAN_POINT ( 'NONE',  ( 266.2580605849502717, 13.00000000000000178, 22.22278583390078666 ) ) ;
#5641 = VERTEX_POINT ( 'NONE', #10 ) ;
#5642 = DIRECTION ( 'NONE',  ( -1.000000000000000000, 0.000000000000000000, 0.000000000000000000 ) ) ;
#5643 = CARTESIAN_POINT ( 'NONE',  ( 265.9129673388458173, 10.00000000000000178, 56.25557824647759020 ) ) ;
#5644 = CARTESIAN_POINT ( 'NONE',  ( 148.6017448499440263, 13.00000000000000178, 45.90535232193055037 ) ) ;
#5645 = CARTESIAN_POINT ( 'NONE',  ( 173.2602149682571735, 9.999999999999992895, 49.91281092058346047 ) ) ;
#5646 = CARTESIAN_POINT ( 'NONE',  ( 147.3642894542304589, 13.00000000000000178, 27.66182824647758665 ) ) ;
#5647 = VECTOR ( 'NONE', #4018, 1000.000000000000000 ) ;
#5648 = EDGE_LOOP ( 'NONE', ( #1968, #6832, #3140, #5114 ) ) ;
#5649 = CIRCLE ( 'NONE', #81, 1.500000000000001332 ) ;
#5650 = LINE ( 'NONE', #2265, #4826 ) ;
#5651 = CARTESIAN_POINT ( 'NONE',  ( 144.0222825377189224, 13.00000000000000533, 45.68995332084485739 ) ) ;
#5652 = CARTESIAN_POINT ( 'NONE',  ( 32.43940964653817360, 10.00000000000000000, 10.67865516955451355 ) ) ;
#5653 = LINE ( 'NONE', #569, #5001 ) ;
#5654 = VERTEX_POINT ( 'NONE', #1269 ) ;
#5655 = ORIENTED_EDGE ( 'NONE', *, *, #5505, .T. ) ;
#5656 = CARTESIAN_POINT ( 'NONE',  ( 256.5109240696150437, 10.00000000000000000, 51.80245324647758309 ) ) ;
#5657 = DIRECTION ( 'NONE',  ( 0.000000000000000000, 0.000000000000000000, -1.000000000000000000 ) ) ;
#5658 = VECTOR ( 'NONE', #474, 1000.000000000000000 ) ;
#5659 = FACE_OUTER_BOUND ( 'NONE', #4389, .T. ) ;
#5660 = CARTESIAN_POINT ( 'NONE',  ( 50.29830831076985476, 9.999999999999996447, 16.85380939046093118 ) ) ;
#5661 = DIRECTION ( 'NONE',  ( 0.000000000000000000, 0.000000000000000000, -1.000000000000000000 ) ) ;
#5662 = CARTESIAN_POINT ( 'NONE',  ( 270.0965024514122206, 12.99999999999999822, 27.61527742299202970 ) ) ;
#5663 = CARTESIAN_POINT ( 'NONE',  ( 223.9539092659479422, 9.999999999999996447, 26.41263685850153564 ) ) ;
#5664 = CARTESIAN_POINT ( 'NONE',  ( 122.1873179283333428, 10.00000000000000000, 22.50417641442074768 ) ) ;
#5665 = CARTESIAN_POINT ( 'NONE',  ( 130.1193633460603394, 13.00000000000000178, 45.78722085366260330 ) ) ;
#5666 = CARTESIAN_POINT ( 'NONE',  ( 226.9123863086220751, 10.00000000000000000, 29.11695864696411107 ) ) ;
#5667 = FACE_OUTER_BOUND ( 'NONE', #5473, .T. ) ;
#5668 = DIRECTION ( 'NONE',  ( 0.000000000000000000, -0.000000000000000000, 1.000000000000000000 ) ) ;
#5669 = ADVANCED_FACE ( 'NONE', ( #5907 ), #4015, .T. ) ;
#5670 = CARTESIAN_POINT ( 'NONE',  ( 36.84196288684886156, 9.999999999999996447, 30.35764080010515542 ) ) ;
#5671 = CARTESIAN_POINT ( 'NONE',  ( 148.8204670421877438, 10.00000000000000178, 52.38323673833290428 ) ) ;
#5672 = ORIENTED_EDGE ( 'NONE', *, *, #6757, .F. ) ;
#5673 = CARTESIAN_POINT ( 'NONE',  ( 88.27178164196692478, 10.00000000000000000, 34.30832736025862317 ) ) ;
#5674 = CARTESIAN_POINT ( 'NONE',  ( 120.3804970088778532, 13.00000000000000178, 26.31530617099733149 ) ) ;
#5675 = CARTESIAN_POINT ( 'NONE',  ( 118.6443375311535391, 13.00000000000000178, 56.25557824647759020 ) ) ;
#5676 = EDGE_CURVE ( 'NONE', #1961, #4077, #5287, .T. ) ;
#5677 = ORIENTED_EDGE ( 'NONE', *, *, #5349, .T. ) ;
#5678 = DIRECTION ( 'NONE',  ( 0.000000000000000000, 0.000000000000000000, 1.000000000000000000 ) ) ;
#5679 = VERTEX_POINT ( 'NONE', #745 ) ;
#5680 = CARTESIAN_POINT ( 'NONE',  ( 105.3778839498104531, 12.99999999999999822, 38.57990510715021770 ) ) ;
#5681 = FACE_OUTER_BOUND ( 'NONE', #1009, .T. ) ;
#5682 = ORIENTED_EDGE ( 'NONE', *, *, #3914, .T. ) ;
#5683 = CARTESIAN_POINT ( 'NONE',  ( 176.6221435997519222, 13.00000000000000178, 42.60355058100880399 ) ) ;
#5684 = PLANE ( 'NONE',  #3809 ) ;
#5685 = VERTEX_POINT ( 'NONE', #4616 ) ;
#5686 = EDGE_CURVE ( 'NONE', #4508, #1456, #416, .T. ) ;
#5687 = CARTESIAN_POINT ( 'NONE',  ( 105.3570779157689259, 13.00000000000000178, 49.59391959263142979 ) ) ;
#5688 = DIRECTION ( 'NONE',  ( 1.000000000000000000, 0.000000000000000000, 0.000000000000000000 ) ) ;
#5689 = ORIENTED_EDGE ( 'NONE', *, *, #3262, .T. ) ;
#5690 = ORIENTED_EDGE ( 'NONE', *, *, #4467, .F. ) ;
#5691 = CARTESIAN_POINT ( 'NONE',  ( 263.2193982049485612, 13.00000000000000178, 55.97953064951546764 ) ) ;
#5692 = CARTESIAN_POINT ( 'NONE',  ( 64.17249168221790967, 13.00000000000000533, 34.30791858351527424 ) ) ;
#5693 = LINE ( 'NONE', #1206, #5647 ) ;
#5694 = CARTESIAN_POINT ( 'NONE',  ( 119.2279438588026039, 13.00000000000000178, 56.23869451826254107 ) ) ;
#5695 = DIRECTION ( 'NONE',  ( -0.000000000000000000, -1.000000000000000000, -0.000000000000000000 ) ) ;
#5696 = CARTESIAN_POINT ( 'NONE',  ( 271.5397821102559988, 12.99999999999999822, 28.91480035015274908 ) ) ;
#5697 = CARTESIAN_POINT ( 'NONE',  ( 231.3171346164980946, 10.00000000000000355, 22.77529587378441178 ) ) ;
#5698 = CARTESIAN_POINT ( 'NONE',  ( 106.6256979586340776, 13.00000000000000178, 51.20966041518818912 ) ) ;
#5699 = LINE ( 'NONE', #723, #1324 ) ;
#5700 = CARTESIAN_POINT ( 'NONE',  ( 222.4270084482809580, 10.00000000000000355, 35.33738058389580772 ) ) ;
#5701 = FACE_OUTER_BOUND ( 'NONE', #2152, .T. ) ;
#5702 = CARTESIAN_POINT ( 'NONE',  ( 92.13846914496305374, 9.999999999999998224, 33.02014799734765660 ) ) ;
#5703 = CARTESIAN_POINT ( 'NONE',  ( 153.3350953831264576, 10.00000000000000000, 50.60091485706211500 ) ) ;
#5704 = CARTESIAN_POINT ( 'NONE',  ( 259.1882077234612325, 10.00000000000000000, 48.75557824647756888 ) ) ;
#5705 = VECTOR ( 'NONE', #7031, 1000.000000000000000 ) ;
#5706 = CARTESIAN_POINT ( 'NONE',  ( 265.7056356080765909, 9.999999999999998224, 52.21711670801605010 ) ) ;
#5707 = ADVANCED_FACE ( 'NONE', ( #6349, #4689, #4126, #3563 ), #5835, .F. ) ;
#5708 = CARTESIAN_POINT ( 'NONE',  ( 127.9859363698049037, 9.999999999999998224, 30.01421387329537893 ) ) ;
#5709 = CARTESIAN_POINT ( 'NONE',  ( 232.2052510873186293, 13.00000000000000178, 51.83375009761790153 ) ) ;
#5710 = DIRECTION ( 'NONE',  ( -0.000000000000000000, -1.000000000000000000, -0.000000000000000000 ) ) ;
#5711 = ORIENTED_EDGE ( 'NONE', *, *, #5726, .T. ) ;
#5712 = CARTESIAN_POINT ( 'NONE',  ( 84.40663738479717892, 10.00000000000000000, 29.17823151293043438 ) ) ;
#5713 = ORIENTED_EDGE ( 'NONE', *, *, #4330, .T. ) ;
#5714 = DIRECTION ( 'NONE',  ( -0.000000000000000000, -1.000000000000000000, -0.000000000000000000 ) ) ;
#5715 = ORIENTED_EDGE ( 'NONE', *, *, #5495, .F. ) ;
#5716 = EDGE_CURVE ( 'NONE', #6015, #2180, #2071, .T. ) ;
#5718 = AXIS2_PLACEMENT_3D ( 'NONE', #5418, #260, #1996 ) ;
#5717 = CARTESIAN_POINT ( 'NONE',  ( 176.8829222601431184, 9.999999999999992895, 39.88320673530080995 ) ) ;
#5719 = CARTESIAN_POINT ( 'NONE',  ( 63.71044330038431980, 10.00000000000000355, 27.66182824647758665 ) ) ;
#5720 = VERTEX_POINT ( 'NONE', #6020 ) ;
#5721 = CARTESIAN_POINT ( 'NONE',  ( 176.6428245551872465, 13.00000000000000178, 36.07084819850649637 ) ) ;
#5722 = LINE ( 'NONE', #2301, #5423 ) ;
#5723 = CARTESIAN_POINT ( 'NONE',  ( 85.44131972110812967, 12.99999999999999822, 48.60309960312777378 ) ) ;
#5724 = ORIENTED_EDGE ( 'NONE', *, *, #5039, .T. ) ;
#5725 = ORIENTED_EDGE ( 'NONE', *, *, #835, .F. ) ;
#5726 = EDGE_CURVE ( 'NONE', #1860, #5788, #4877, .T. ) ;
#5727 = DIRECTION ( 'NONE',  ( -0.000000000000000000, -1.000000000000000000, -0.000000000000000000 ) ) ;
#5728 = CARTESIAN_POINT ( 'NONE',  ( 74.92470444557307019, 12.99999999999999822, 26.29246377247113031 ) ) ;
#5729 = CARTESIAN_POINT ( 'NONE',  ( 36.30362231142861873, 10.00000000000000000, 15.29496550833773227 ) ) ;
#5730 = CARTESIAN_POINT ( 'NONE',  ( 43.61538289293413584, 10.00000000000000000, 11.53393302615286231 ) ) ;
#5731 = CARTESIAN_POINT ( 'NONE',  ( 88.73448176192277970, 13.00000000000000178, 27.63478497724682015 ) ) ;
#5732 = CARTESIAN_POINT ( 'NONE',  ( 118.6082798388458457, 13.00000000000000178, 52.21711670801605010 ) ) ;
#5733 = CARTESIAN_POINT ( 'NONE',  ( 205.1647702234612041, 13.00000000000000178, 22.79403978493913030 ) ) ;
#5734 = CARTESIAN_POINT ( 'NONE',  ( 203.6952226989693031, 13.00000000000000178, 11.07956162337321970 ) ) ;
#5735 = DIRECTION ( 'NONE',  ( 0.000000000000000000, 0.000000000000000000, 1.000000000000000000 ) ) ;
#5736 = CARTESIAN_POINT ( 'NONE',  ( 230.4192597983677899, 12.99999999999999822, 27.16768610790549587 ) ) ;
#5737 = B_SPLINE_CURVE_WITH_KNOTS ( 'NONE', 3,
 ( #4488, #1799, #6331, #2286, #3501, #5777, #3431, #2770, #6190, #7305, #1110, #3658, #5215, #2433, #4707, #217, #3697, #4747, #5891 ),
 .UNSPECIFIED., .F., .F.,
 ( 4, 1, 1, 1, 1, 1, 1, 1, 1, 1, 1, 1, 1, 1, 1, 1, 4 ),
 ( 0.000000000000000000, 0.07878023558213927136, 0.1537206442085843616, 0.2267135303087810527, 0.2991911660659364869, 0.3711899968376684567, 0.4430064143534094279, 0.5166891732948806215, 0.5932172166234125354, 0.6338729178078459370, 0.6769891422899794176, 0.7228995063258274456, 0.7719586105061445602, 0.8242113233348360435, 0.8793786506272024406, 0.9379481193304185505, 1.000000000000000000 ),
 .UNSPECIFIED. ) ;
#5738 = B_SPLINE_SURFACE_WITH_KNOTS ( 'NONE', 3, 1, ( 
 ( #6909, #4096 ),
 ( #1241, #5765 ),
 ( #1826, #2386 ),
 ( #165, #2423 ),
 ( #5954, #866 ),
 ( #3115, #313 ),
 ( #1426, #3683 ),
 ( #5393, #2574 ),
 ( #7060, #1976 ),
 ( #4252, #6504 ),
 ( #3358, #5175 ),
 ( #513, #1728 ),
 ( #5140, #5600 ),
 ( #1692, #6292 ),
 ( #3428, #5101 ) ),
 .UNSPECIFIED., .F., .F., .F.,
 ( 4, 1, 1, 1, 1, 1, 1, 1, 1, 1, 1, 1, 4 ),
 ( 2, 2 ),
 ( 0.000000000000000000, 0.08473274469801546360, 0.1681786536463128756, 0.2514881976122798068, 0.3358406713894906970, 0.4198344941507962114, 0.5023448759880101422, 0.5836490197324396556, 0.6659310052762728027, 0.7487165252643913638, 0.8310473361373631462, 0.9144098067945619635, 1.000000000000000000 ),
 ( 0.000000000000000000, 1.000000000000000000 ),
 .UNSPECIFIED. ) ;
#5739 = CARTESIAN_POINT ( 'NONE',  ( 0.000000000000000000, 10.00000000000000000, 0.000000000000000000 ) ) ;
#5740 = PLANE ( 'NONE',  #7069 ) ;
#5741 = VECTOR ( 'NONE', #6040, 1000.000000000000000 ) ;
#5742 = CARTESIAN_POINT ( 'NONE',  ( 265.7056356080765909, 10.00000000000000000, 52.21711670801605010 ) ) ;
#5743 = CARTESIAN_POINT ( 'NONE',  ( 261.2525447605273712, 12.99999999999999822, 37.60082151887352353 ) ) ;
#5744 = CARTESIAN_POINT ( 'NONE',  ( 265.7056356080765909, 13.00000000000000178, 52.21711670801605010 ) ) ;
#5745 = CARTESIAN_POINT ( 'NONE',  ( 235.3437635842096824, 13.00000000000000533, 52.19642844095195500 ) ) ;
#5746 = CARTESIAN_POINT ( 'NONE',  ( 133.1217827999018652, 9.999999999999998224, 29.80199155387397170 ) ) ;
#5747 = EDGE_CURVE ( 'NONE', #4077, #4009, #2089, .T. ) ;
#5748 = ORIENTED_EDGE ( 'NONE', *, *, #955, .F. ) ;
#5749 = CARTESIAN_POINT ( 'NONE',  ( 296.4644660940673475, 10.00000000000000000, 3.535533905932737309 ) ) ;
#5750 = EDGE_LOOP ( 'NONE', ( #4495, #3822, #3414, #2496, #2595, #3558, #410, #7220, #419, #1854 ) ) ;
#5751 = CARTESIAN_POINT ( 'NONE',  ( 109.1224195061270592, 10.00000000000000000, 29.96179481901007335 ) ) ;
#5752 = ORIENTED_EDGE ( 'NONE', *, *, #3074, .F. ) ;
#5753 = CARTESIAN_POINT ( 'NONE',  ( 168.2031656899459051, 10.00000000000000000, 54.30118323873841746 ) ) ;
#5754 = CARTESIAN_POINT ( 'NONE',  ( 259.7471019542304589, 10.00000000000000000, 35.91002536186220340 ) ) ;
#5755 = EDGE_LOOP ( 'NONE', ( #5271, #2722, #860, #3716, #3923, #2332, #417, #3781, #6417, #6310, #571, #897, #4310, #5863, #5811, #7219, #5425, #7011 ) ) ;
#5756 = CARTESIAN_POINT ( 'NONE',  ( 275.3951574842833452, 10.00000000000000000, 48.66237103988067503 ) ) ;
#5757 = ADVANCED_FACE ( 'NONE', ( #934 ), #3673, .T. ) ;
#5758 = CARTESIAN_POINT ( 'NONE',  ( 45.11246104041235583, 9.999999999999998224, 33.36426757693273260 ) ) ;
#5759 = ORIENTED_EDGE ( 'NONE', *, *, #4444, .F. ) ;
#5760 = AXIS2_PLACEMENT_3D ( 'NONE', #1350, #6431, #6362 ) ;
#5761 = ORIENTED_EDGE ( 'NONE', *, *, #3626, .T. ) ;
#5762 = CARTESIAN_POINT ( 'NONE',  ( 257.3617764916692749, 9.999999999999996447, 52.80748795271852458 ) ) ;
#5763 = DIRECTION ( 'NONE',  ( -0.000000000000000000, -1.000000000000000000, -0.000000000000000000 ) ) ;
#5764 = AXIS2_PLACEMENT_3D ( 'NONE', #6875, #21, #2864 ) ;
#5765 = CARTESIAN_POINT ( 'NONE',  ( 146.9161986152586223, 9.999999999999996447, 39.92891818358810241 ) ) ;
#5766 = AXIS2_PLACEMENT_3D ( 'NONE', #6267, #5111, #4606 ) ;
#5767 = CYLINDRICAL_SURFACE ( 'NONE', #2906, 1.500000000000001332 ) ;
#5768 = LINE ( 'NONE', #4138, #5297 ) ;
#5769 = EDGE_CURVE ( 'NONE', #6246, #1045, #3257, .T. ) ;
#5770 = CARTESIAN_POINT ( 'NONE',  ( 250.5738780908943681, 12.99999999999999822, 28.72754176944540205 ) ) ;
#5771 = LINE ( 'NONE', #3950, #2455 ) ;
#5772 = CARTESIAN_POINT ( 'NONE',  ( 128.2857193752618628, 10.00000000000000178, 25.00147412358686694 ) ) ;
#5773 = CARTESIAN_POINT ( 'NONE',  ( 217.8570779157689401, 10.00000000000000000, 39.50678016955452421 ) ) ;
#5774 = AXIS2_PLACEMENT_3D ( 'NONE', #5739, #4487, #6849 ) ;
#5775 = CARTESIAN_POINT ( 'NONE',  ( 3.535533905932737309, 0.000000000000000000, 5.185533905932738108 ) ) ;
#5776 = LINE ( 'NONE', #1215, #3877 ) ;
#5777 = CARTESIAN_POINT ( 'NONE',  ( 49.96545639499984759, 13.00000000000000178, 29.23206134606567375 ) ) ;
#5778 = EDGE_CURVE ( 'NONE', #2129, #301, #1563, .T. ) ;
#5779 = CARTESIAN_POINT ( 'NONE',  ( 105.3570779157689259, 10.00000000000000000, 9.524809015708360249 ) ) ;
#5780 = CARTESIAN_POINT ( 'NONE',  ( 45.69241421349497756, 9.999999999999998224, 27.70855739275328133 ) ) ;
#5781 = CARTESIAN_POINT ( 'NONE',  ( 260.1640697930581041, 13.00000000000000178, 36.48562846470097298 ) ) ;
#5782 = CARTESIAN_POINT ( 'NONE',  ( 268.9551042844478275, 13.00000000000000178, 51.36216517249793867 ) ) ;
#5783 = CARTESIAN_POINT ( 'NONE',  ( 198.8186163773073929, 10.00000000000000000, 22.79403978493913030 ) ) ;
#5784 = CARTESIAN_POINT ( 'NONE',  ( 159.8943375311535249, 13.00000000000000178, 22.21711670801605010 ) ) ;
#5785 = CARTESIAN_POINT ( 'NONE',  ( 225.8949748589135709, 9.999999999999998224, 48.49529969162086473 ) ) ;
#5786 = CARTESIAN_POINT ( 'NONE',  ( 198.8186163773073929, 10.00000000000000000, 26.83250132340066685 ) ) ;
#5787 = DIRECTION ( 'NONE',  ( -0.000000000000000000, -1.000000000000000000, -0.000000000000000000 ) ) ;
#5788 = VERTEX_POINT ( 'NONE', #4386 ) ;
#5789 = CARTESIAN_POINT ( 'NONE',  ( 126.7852265911883762, 13.00000000000000178, 54.34428860929323690 ) ) ;
#5790 = ORIENTED_EDGE ( 'NONE', *, *, #1416, .T. ) ;
#5791 = DATE_AND_TIME ( #2955, #2016 ) ;
#5792 = CARTESIAN_POINT ( 'NONE',  ( 163.4528640129408643, 9.999999999999992895, 55.97063351189586200 ) ) ;
#5793 = CARTESIAN_POINT ( 'NONE',  ( 258.2559080887428422, 10.00000000000000000, 31.30858997844741864 ) ) ;
#5794 = VERTEX_POINT ( 'NONE', #2637 ) ;
#5795 = CARTESIAN_POINT ( 'NONE',  ( 275.5219040591982775, 13.00000000000000178, 47.71949465801036183 ) ) ;
#5796 = CARTESIAN_POINT ( 'NONE',  ( 251.3186163773073361, 13.00000000000000178, 48.66543401570835670 ) ) ;
#5797 = DIRECTION ( 'NONE',  ( 0.6967183025428543841, 0.000000000000000000, -0.7173448312365564572 ) ) ;
#5798 = ORIENTED_EDGE ( 'NONE', *, *, #2098, .F. ) ;
#5799 = FACE_OUTER_BOUND ( 'NONE', #420, .T. ) ;
#5800 = EDGE_LOOP ( 'NONE', ( #4989, #5186 ) ) ;
#5801 = CARTESIAN_POINT ( 'NONE',  ( 238.3946932500159051, 13.00000000000000178, 56.13681186778541843 ) ) ;
#5802 = B_SPLINE_SURFACE_WITH_KNOTS ( 'NONE', 3, 1, ( 
 ( #7102, #2680 ),
 ( #1459, #3155 ),
 ( #4254, #3192 ),
 ( #4288, #315 ),
 ( #2011, #353 ),
 ( #2610, #2084 ),
 ( #2647, #4363 ),
 ( #4848, #6611 ),
 ( #6643, #982 ),
 ( #3232, #5508 ),
 ( #1565, #425 ),
 ( #3829, #1494 ),
 ( #7140, #6101 ),
 ( #4953, #7216 ),
 ( #2124, #4885 ) ),
 .UNSPECIFIED., .F., .F., .F.,
 ( 4, 1, 1, 1, 1, 1, 1, 1, 1, 1, 1, 1, 4 ),
 ( 2, 2 ),
 ( 0.000000000000000000, 0.08473500127964631035, 0.1681817837855204001, 0.2524185281181411389, 0.3386177966878027856, 0.4240141020386694048, 0.5064019712145100272, 0.5875451741389956517, 0.6688007216827558388, 0.7500995272674227943, 0.8310222701893099639, 0.9139596201585747925, 1.000000000000000000 ),
 ( 0.000000000000000000, 1.000000000000000000 ),
 .UNSPECIFIED. ) ;
#5803 = EDGE_CURVE ( 'NONE', #4971, #7131, #6080, .T. ) ;
#5804 = CARTESIAN_POINT ( 'NONE',  ( 264.1272171776011533, 9.999999999999998224, 34.43061005958961118 ) ) ;
#5805 = CARTESIAN_POINT ( 'NONE',  ( 262.9693497881469284, 12.99999999999999822, 28.25415800146560485 ) ) ;
#5806 = CARTESIAN_POINT ( 'NONE',  ( 39.17454982985436374, 13.00000000000000178, 15.39402634376950196 ) ) ;
#5807 = CARTESIAN_POINT ( 'NONE',  ( 156.2837269871184276, 13.00000000000000178, 22.53026633880274687 ) ) ;
#5808 = CARTESIAN_POINT ( 'NONE',  ( 108.2787514734246059, 10.00000000000000000, 47.54228742990625989 ) ) ;
#5809 = CARTESIAN_POINT ( 'NONE',  ( 247.7451672390477313, 10.00000000000000000, 52.55778502527891050 ) ) ;
#5810 = CARTESIAN_POINT ( 'NONE',  ( 275.5401344590210897, 10.00000000000000000, 47.07926534654830419 ) ) ;
#5811 = ORIENTED_EDGE ( 'NONE', *, *, #5321, .F. ) ;
#5812 = CARTESIAN_POINT ( 'NONE',  ( 203.4340009926919777, 13.00000000000000178, 12.42745324647759375 ) ) ;
#5813 = B_SPLINE_CURVE_WITH_KNOTS ( 'NONE', 3,
 ( #4658, #1171, #572, #4053, #6249, #6357, #5163, #605, #1276, #6318, #2826 ),
 .UNSPECIFIED., .F., .F.,
 ( 4, 1, 1, 1, 1, 1, 1, 1, 4 ),
 ( 0.000000000000000000, 0.1318667517023319469, 0.2566614034533629685, 0.3842132129425019360, 0.5133652331525840884, 0.6404431518253903555, 0.7610850047778827676, 0.8791455246531608703, 1.000000000000000000 ),
 .UNSPECIFIED. ) ;
#5814 = EDGE_CURVE ( 'NONE', #712, #6577, #5411, .T. ) ;
#5815 = CARTESIAN_POINT ( 'NONE',  ( 133.3333333333333428, 10.00000000000000000, 96.43724644492834841 ) ) ;
#5816 = CARTESIAN_POINT ( 'NONE',  ( 167.8178200293728537, 10.00000000000000000, 49.68871016550137654 ) ) ;
#5817 = CARTESIAN_POINT ( 'NONE',  ( 262.2801548388458173, 10.00000000000000000, 30.68165997724681660 ) ) ;
#5818 = CARTESIAN_POINT ( 'NONE',  ( 272.0961087199938220, 13.00000000000000178, 54.15141535856031396 ) ) ;
#5819 = CARTESIAN_POINT ( 'NONE',  ( 274.6271368565988382, 13.00000000000000178, 26.52274089998386586 ) ) ;
#5820 = CARTESIAN_POINT ( 'NONE',  ( 235.9309961849996853, 13.00000000000000178, 56.25557824647759020 ) ) ;
#5821 = DIRECTION ( 'NONE',  ( -0.8493950987732619140, 0.000000000000000000, 0.5277574880377926547 ) ) ;
#5822 = CARTESIAN_POINT ( 'NONE',  ( 251.3186163773073361, 10.00000000000000000, 29.92444843878528005 ) ) ;
#5823 = EDGE_CURVE ( 'NONE', #1697, #5939, #1482, .T. ) ;
#5824 = CARTESIAN_POINT ( 'NONE',  ( 208.6169527888063158, 12.99999999999999822, 15.64165478275355703 ) ) ;
#5825 = CARTESIAN_POINT ( 'NONE',  ( 268.5883243174824884, 13.00000000000000178, 42.24432870246182858 ) ) ;
#5826 = CYLINDRICAL_SURFACE ( 'NONE', #1500, 1.500000000000001332 ) ;
#5827 = ORIENTED_EDGE ( 'NONE', *, *, #3085, .T. ) ;
#5828 = AXIS2_PLACEMENT_3D ( 'NONE', #2608, #7100, #1897 ) ;
#5829 = CARTESIAN_POINT ( 'NONE',  ( 62.64155120009247213, 9.999999999999996447, 28.89569817435987886 ) ) ;
#5830 = EDGE_LOOP ( 'NONE', ( #232, #5839, #1552, #2289 ) ) ;
#5831 = PERSON_AND_ORGANIZATION_ROLE ( 'design_supplier' ) ;
#5832 = CARTESIAN_POINT ( 'NONE',  ( 207.1659721465381381, 13.00000000000000178, 15.87096286186220873 ) ) ;
#5833 = B_SPLINE_CURVE_WITH_KNOTS ( 'NONE', 3,
 ( #6811, #30, #1800, #5105, #102, #1768, #4030, #4561, #6775, #5703, #1837, #4674, #4069, #6333, #2287 ),
 .UNSPECIFIED., .F., .F.,
 ( 4, 1, 1, 1, 1, 1, 1, 1, 1, 1, 1, 1, 4 ),
 ( 0.000000000000000000, 0.08473274469801546360, 0.1681786536463128756, 0.2514881976122798068, 0.3358406713894906970, 0.4198344941507962114, 0.5023448759880101422, 0.5836490197324396556, 0.6659310052762728027, 0.7487165252643913638, 0.8310473361373631462, 0.9144098067945619635, 1.000000000000000000 ),
 .UNSPECIFIED. ) ;
#5834 = ORIENTED_EDGE ( 'NONE', *, *, #4914, .F. ) ;
#5835 = PLANE ( 'NONE',  #317 ) ;
#5836 = FACE_OUTER_BOUND ( 'NONE', #2116, .T. ) ;
#5837 = AXIS2_PLACEMENT_3D ( 'NONE', #4869, #7124, #4233 ) ;
#5838 = CARTESIAN_POINT ( 'NONE',  ( 221.9638595182215397, 10.00000000000000178, 40.86525990566887856 ) ) ;
#5839 = ORIENTED_EDGE ( 'NONE', *, *, #4224, .F. ) ;
#5840 = ORIENTED_EDGE ( 'NONE', *, *, #784, .F. ) ;
#5841 = CARTESIAN_POINT ( 'NONE',  ( 270.8168059259391498, 10.00000000000000178, 28.20846663796509901 ) ) ;
#5842 = CARTESIAN_POINT ( 'NONE',  ( 76.22246253115355330, 10.00000000000000000, 26.25557824647759020 ) ) ;
#5843 = CARTESIAN_POINT ( 'NONE',  ( 168.0604835386433251, 10.00000000000000000, 29.17823151293044859 ) ) ;
#5844 = CARTESIAN_POINT ( 'NONE',  ( 46.37591012596498530, 13.00000000000000178, 18.65633638221967772 ) ) ;
#5845 = CARTESIAN_POINT ( 'NONE',  ( 92.13846914496305374, 9.999999999999994671, 33.02014799734765660 ) ) ;
#5846 = CARTESIAN_POINT ( 'NONE',  ( 117.2502220698011399, 12.99999999999999822, 52.19268125601177388 ) ) ;
#5847 = EDGE_CURVE ( 'NONE', #3376, #458, #486, .T. ) ;
#5848 = CARTESIAN_POINT ( 'NONE',  ( 82.75526040280549012, 13.00000000000000178, 50.60172692682643003 ) ) ;
#5849 = ORIENTED_EDGE ( 'NONE', *, *, #4457, .T. ) ;
#5850 = CARTESIAN_POINT ( 'NONE',  ( 93.24169330038431269, 10.00000000000000000, 39.32649170801605010 ) ) ;
#5851 = CARTESIAN_POINT ( 'NONE',  ( 236.5900923742565851, 10.00000000000000178, 52.20040888692626879 ) ) ;
#5852 = CARTESIAN_POINT ( 'NONE',  ( 170.9323537451313655, 13.00000000000000178, 52.38354303117320399 ) ) ;
#5853 = CARTESIAN_POINT ( 'NONE',  ( 266.2498980228124310, 13.00000000000000178, 56.24650816582295931 ) ) ;
#5854 = CARTESIAN_POINT ( 'NONE',  ( 269.7245174926487152, 10.00000000000000000, 22.86219213334891975 ) ) ;
#5855 = DIRECTION ( 'NONE',  ( 0.000000000000000000, -1.000000000000000000, 0.000000000000000000 ) ) ;
#5856 = EDGE_CURVE ( 'NONE', #5090, #7146, #3295, .T. ) ;
#5857 = CARTESIAN_POINT ( 'NONE',  ( 263.3979433003842701, 13.00000000000000178, 33.66543401570835670 ) ) ;
#5858 = CARTESIAN_POINT ( 'NONE',  ( 271.4510595817270087, 9.999999999999998224, 47.95829000000606612 ) ) ;
#5859 = FACE_OUTER_BOUND ( 'NONE', #1051, .T. ) ;
#5860 = LINE ( 'NONE', #5264, #2155 ) ;
#5861 = CARTESIAN_POINT ( 'NONE',  ( 264.0286748640971268, 12.99999999999999822, 22.54390161889068622 ) ) ;
#5862 = EDGE_CURVE ( 'NONE', #3653, #5150, #7276, .T. ) ;
#5863 = ORIENTED_EDGE ( 'NONE', *, *, #297, .F. ) ;
#5864 = CARTESIAN_POINT ( 'NONE',  ( 135.2520314021266472, 12.99999999999999822, 44.28013417523501971 ) ) ;
#5865 = VERTEX_POINT ( 'NONE', #6161 ) ;
#5866 = CARTESIAN_POINT ( 'NONE',  ( 63.76225640670353556, 13.00000000000000178, 35.50224961940690349 ) ) ;
#5867 = APPROVAL_DATE_TIME ( #5791, #6968 ) ;
#5868 = CARTESIAN_POINT ( 'NONE',  ( 152.7087100018162289, 9.999999999999992895, 28.39901308298622240 ) ) ;
#5869 = ORIENTED_EDGE ( 'NONE', *, *, #2579, .T. ) ;
#5870 = CARTESIAN_POINT ( 'NONE',  ( 274.0094030514002839, 10.00000000000000000, 52.05183572214823329 ) ) ;
#5871 = CARTESIAN_POINT ( 'NONE',  ( 38.47193293297090122, 10.00000000000000355, 34.82033454937707972 ) ) ;
#5872 = LINE ( 'NONE', #6424, #268 ) ;
#5873 = ORIENTED_EDGE ( 'NONE', *, *, #681, .T. ) ;
#5874 = CARTESIAN_POINT ( 'NONE',  ( 261.5254414202927364, 13.00000000000000533, 50.86517588437056503 ) ) ;
#5875 = ORIENTED_EDGE ( 'NONE', *, *, #3021, .F. ) ;
#5876 = LINE ( 'NONE', #1348, #6298 ) ;
#5877 = CARTESIAN_POINT ( 'NONE',  ( 296.4644660940673475, 10.00000000000000000, 3.535533905932737309 ) ) ;
#5878 = CARTESIAN_POINT ( 'NONE',  ( 262.2801548388458173, 13.00000000000000178, 30.68165997724681660 ) ) ;
#5879 = CARTESIAN_POINT ( 'NONE',  ( 36.30362231142861873, 13.00000000000000178, 15.29496550833773227 ) ) ;
#5880 = CARTESIAN_POINT ( 'NONE',  ( 226.9123863086220751, 13.00000000000000178, 29.11695864696411107 ) ) ;
#5881 = CARTESIAN_POINT ( 'NONE',  ( 105.5792361553261145, 10.00000000000000000, 41.83495175476048189 ) ) ;
#5882 = VECTOR ( 'NONE', #6731, 1000.000000000000000 ) ;
#5883 = CARTESIAN_POINT ( 'NONE',  ( 131.4837190247380931, 10.00000000000000000, 35.94474511040634468 ) ) ;
#5884 = ORIENTED_EDGE ( 'NONE', *, *, #3348, .T. ) ;
#5885 = CARTESIAN_POINT ( 'NONE',  ( 93.22907610629701480, 10.00000000000000000, 39.88320673530081706 ) ) ;
#5886 = VECTOR ( 'NONE', #5625, 1000.000000000000000 ) ;
#5887 = CARTESIAN_POINT ( 'NONE',  ( 250.0491150187189078, 10.00000000000000533, 50.37595241841441407 ) ) ;
#5888 = VECTOR ( 'NONE', #5132, 1000.000000000000000 ) ;
#5889 = CARTESIAN_POINT ( 'NONE',  ( 164.8889887171492887, 13.00000000000000178, 51.32072676809576706 ) ) ;
#5890 = CARTESIAN_POINT ( 'NONE',  ( 248.7599134108042733, 10.00000000000000000, 26.67470044327429690 ) ) ;
#5891 = CARTESIAN_POINT ( 'NONE',  ( 35.74770291576894010, 13.00000000000000178, 34.90942440032374350 ) ) ;
#5892 = CARTESIAN_POINT ( 'NONE',  ( 161.1679350304296463, 13.00000000000000178, 26.29325073383914457 ) ) ;
#5893 = CARTESIAN_POINT ( 'NONE',  ( 260.5859361830338798, 10.00000000000000000, 24.66765543367463920 ) ) ;
#5894 = AXIS2_PLACEMENT_3D ( 'NONE', #6962, #841, #2552 ) ;
#5895 = CARTESIAN_POINT ( 'NONE',  ( 198.8186163773073929, 13.00000000000000178, 22.79403978493913030 ) ) ;
#5896 = CARTESIAN_POINT ( 'NONE',  ( 128.2857193752618628, 13.00000000000000178, 25.00147412358686694 ) ) ;
#5897 = ADVANCED_FACE ( 'NONE', ( #3856 ), #1765, .T. ) ;
#5898 = VECTOR ( 'NONE', #4628, 1000.000000000000000 ) ;
#5899 = CARTESIAN_POINT ( 'NONE',  ( 269.1686978408969821, 12.99999999999999822, 42.66002056024557021 ) ) ;
#5900 = CARTESIAN_POINT ( 'NONE',  ( 88.25226347649326897, 10.00000000000000000, 44.36981161685033470 ) ) ;
#5901 = CARTESIAN_POINT ( 'NONE',  ( 270.5741465119877489, 13.00000000000000178, 49.85736169130058926 ) ) ;
#5902 = CARTESIAN_POINT ( 'NONE',  ( 247.9382077234612325, 13.00000000000000178, 46.44788593878527649 ) ) ;
#5903 = ORIENTED_EDGE ( 'NONE', *, *, #6625, .F. ) ;
#5904 = CARTESIAN_POINT ( 'NONE',  ( 209.2630086068790547, 12.99999999999999822, 15.31116528254609577 ) ) ;
#5905 = ORIENTED_EDGE ( 'NONE', *, *, #2634, .F. ) ;
#5906 = EDGE_CURVE ( 'NONE', #377, #3027, #6484, .T. ) ;
#5907 = FACE_OUTER_BOUND ( 'NONE', #2840, .T. ) ;
#5908 = EDGE_LOOP ( 'NONE', ( #319, #788, #32, #5310 ) ) ;
#5909 = CARTESIAN_POINT ( 'NONE',  ( 159.8943375311535249, 13.00000000000000178, 56.25557824647759020 ) ) ;
#5910 = CARTESIAN_POINT ( 'NONE',  ( 221.9184155540920358, 10.00000000000000178, 39.72180738830673619 ) ) ;
#5911 = ORIENTED_EDGE ( 'NONE', *, *, #1850, .F. ) ;
#5912 = CARTESIAN_POINT ( 'NONE',  ( 203.6950581404549325, 10.00000000000000000, 13.74893021016607797 ) ) ;
#5913 = ORIENTED_EDGE ( 'NONE', *, *, #4532, .T. ) ;
#5914 = PLANE ( 'NONE',  #2852 ) ;
#5915 = CARTESIAN_POINT ( 'NONE',  ( 221.9184155540920358, 13.00000000000000178, 39.72180738830673619 ) ) ;
#5916 = EDGE_CURVE ( 'NONE', #4082, #6379, #2398, .T. ) ;
#5917 = CARTESIAN_POINT ( 'NONE',  ( 262.2958361164197640, 10.00000000000000000, 30.39454091053102402 ) ) ;
#5918 = CARTESIAN_POINT ( 'NONE',  ( 43.95591088987214334, 13.00000000000000178, 16.49887755034813352 ) ) ;
#5919 = CARTESIAN_POINT ( 'NONE',  ( 91.50765964656274321, 13.00000000000000178, 31.57696808300281077 ) ) ;
#5920 = CARTESIAN_POINT ( 'NONE',  ( 113.4486084953413325, 13.00000000000000533, 51.29737018905132118 ) ) ;
#5921 = CARTESIAN_POINT ( 'NONE',  ( 81.23514256330312833, 12.99999999999999822, 51.32072676809576706 ) ) ;
#5922 = VERTEX_POINT ( 'NONE', #6332 ) ;
#5923 = CARTESIAN_POINT ( 'NONE',  ( 64.19463367126532205, 10.00000000000000000, 44.36742735852764241 ) ) ;
#5924 = B_SPLINE_CURVE_WITH_KNOTS ( 'NONE', 3,
 ( #6637, #1557, #3823, #3259, #5535, #457, #6498, #4978, #4246, #3675, #5946 ),
 .UNSPECIFIED., .F., .F.,
 ( 4, 1, 1, 1, 1, 1, 1, 1, 4 ),
 ( 0.000000000000000000, 0.1346362256586962625, 0.2626808261854779447, 0.3871896540458341640, 0.5083896927558585466, 0.6289661928681576919, 0.7497231883803496810, 0.8732482727673928080, 1.000000000000000000 ),
 .UNSPECIFIED. ) ;
#5925 = CARTESIAN_POINT ( 'NONE',  ( 240.7337100994547257, 10.00000000000000000, 55.77083921006921230 ) ) ;
#5926 = DIRECTION ( 'NONE',  ( 0.000000000000000000, 1.000000000000000000, 0.000000000000000000 ) ) ;
#5927 = B_SPLINE_SURFACE_WITH_KNOTS ( 'NONE', 3, 1, ( 
 ( #807, #4825 ),
 ( #7080, #2698 ),
 ( #476, #2102 ),
 ( #2210, #6187 ),
 ( #1690, #5629 ),
 ( #1580, #5599 ),
 ( #1070, #7193 ),
 ( #6220, #5066 ),
 ( #3843, #4484 ),
 ( #5665, #1105 ),
 ( #3951, #442 ),
 ( #4931, #7339 ),
 ( #6152, #2174 ),
 ( #4448, #1141 ),
 ( #4376, #4411 ) ),
 .UNSPECIFIED., .F., .F., .F.,
 ( 4, 1, 1, 1, 1, 1, 1, 1, 1, 1, 1, 1, 4 ),
 ( 2, 2 ),
 ( 0.000000000000000000, 0.08599252871053628122, 0.1697355739746239656, 0.2526871184561421679, 0.3365262885920238811, 0.4198561141919587292, 0.5024566706100790370, 0.5852647562462206521, 0.6697998313920894287, 0.7544074688475805868, 0.8369499629815877473, 0.9179410084068618803, 1.000000000000000000 ),
 ( 0.000000000000000000, 1.000000000000000000 ),
 .UNSPECIFIED. ) ;
#5928 = CARTESIAN_POINT ( 'NONE',  ( 236.8029883708634600, 9.999999999999996447, 22.22896959312073761 ) ) ;
#5929 = CARTESIAN_POINT ( 'NONE',  ( 159.8763086849996853, 10.00000000000000000, 52.21711670801605010 ) ) ;
#5930 = LINE ( 'NONE', #2513, #6710 ) ;
#5931 = LINE ( 'NONE', #1951, #2092 ) ;
#5932 = CARTESIAN_POINT ( 'NONE',  ( 274.0169336849996853, 13.00000000000000178, 41.67024170801604299 ) ) ;
#5933 = LINE ( 'NONE', #7156, #5120 ) ;
#5934 = CARTESIAN_POINT ( 'NONE',  ( 210.3251100063822321, 13.00000000000000178, 14.34776246565331270 ) ) ;
#5935 = CARTESIAN_POINT ( 'NONE',  ( 224.2943114517068466, 12.99999999999999822, 52.54010181768143184 ) ) ;
#5936 = CARTESIAN_POINT ( 'NONE',  ( 246.7837590849377420, 13.00000000000000178, 47.81229957596300295 ) ) ;
#5937 = ORIENTED_EDGE ( 'NONE', *, *, #502, .F. ) ;
#5938 = ADVANCED_FACE ( 'NONE', ( #3502 ), #5269, .T. ) ;
#5939 = VERTEX_POINT ( 'NONE', #3619 ) ;
#5940 = CARTESIAN_POINT ( 'NONE',  ( 111.2037623907374950, 9.999999999999998224, 54.69847879739970864 ) ) ;
#5941 = CALENDAR_DATE ( 2026, 1, 9 ) ;
#5942 = CARTESIAN_POINT ( 'NONE',  ( 149.8158938034131609, 9.999999999999996447, 31.04725823106805649 ) ) ;
#5943 = ORIENTED_EDGE ( 'NONE', *, *, #2555, .F. ) ;
#5944 = CARTESIAN_POINT ( 'NONE',  ( 273.5807488035495112, 13.00000000000000178, 41.08623184644910964 ) ) ;
#5945 = ORIENTED_EDGE ( 'NONE', *, *, #5258, .T. ) ;
#5946 = CARTESIAN_POINT ( 'NONE',  ( 118.7705394542304731, 13.00000000000000178, 22.21711670801605010 ) ) ;
#5947 = EDGE_CURVE ( 'NONE', #6597, #3597, #5295, .T. ) ;
#5948 = ORIENTED_EDGE ( 'NONE', *, *, #2172, .T. ) ;
#5949 = CARTESIAN_POINT ( 'NONE',  ( 66.32832707672262984, 13.00000000000000533, 25.26621905222125619 ) ) ;
#5950 = ORIENTED_EDGE ( 'NONE', *, *, #1593, .F. ) ;
#5951 = CIRCLE ( 'NONE', #6886, 1.500000000000001332 ) ;
#5952 = CARTESIAN_POINT ( 'NONE',  ( 51.68434464338495360, 13.00000000000000178, 23.31250417938752406 ) ) ;
#5953 = CARTESIAN_POINT ( 'NONE',  ( 235.3437635842096824, 13.00000000000000533, 52.19642844095195500 ) ) ;
#5954 = CARTESIAN_POINT ( 'NONE',  ( 147.8484798251115251, 13.00000000000000178, 44.36742735852764952 ) ) ;
#5955 = CARTESIAN_POINT ( 'NONE',  ( 210.3280444245058334, 12.99999999999999467, 10.47229235292908456 ) ) ;
#5956 = CARTESIAN_POINT ( 'NONE',  ( 93.19902470771788217, 13.00000000000000178, 37.68007837632379875 ) ) ;
#5957 = CARTESIAN_POINT ( 'NONE',  ( 106.2902252998268295, 10.00000000000000355, 44.29295573976197176 ) ) ;
#5958 = EDGE_CURVE ( 'NONE', #5465, #6448, #6407, .T. ) ;
#5959 = CARTESIAN_POINT ( 'NONE',  ( 127.9859363698049037, 10.00000000000000000, 30.01421387329537893 ) ) ;
#5960 = ORIENTED_EDGE ( 'NONE', *, *, #2459, .T. ) ;
#5961 = CARTESIAN_POINT ( 'NONE',  ( 74.49305208298639513, 10.00000000000000000, 52.16730602032075836 ) ) ;
#5962 = CARTESIAN_POINT ( 'NONE',  ( 100.0000000000000142, 20.00000000000000000, 96.43724644492834841 ) ) ;
#5963 = FACE_OUTER_BOUND ( 'NONE', #5611, .T. ) ;
#5964 = CARTESIAN_POINT ( 'NONE',  ( 165.1211691742917367, 13.00000000000000178, 55.57591901493361775 ) ) ;
#5965 = CARTESIAN_POINT ( 'NONE',  ( 227.9213080536100335, 12.99999999999999822, 23.93494244072856247 ) ) ;
#5966 = CARTESIAN_POINT ( 'NONE',  ( 271.8348071414482661, 13.00000000000000178, 24.04894639473061702 ) ) ;
#5967 = DIRECTION ( 'NONE',  ( -0.000000000000000000, -1.000000000000000000, -0.000000000000000000 ) ) ;
#5968 = CARTESIAN_POINT ( 'NONE',  ( 60.36843638387272648, 12.99999999999999822, 45.68995332084483607 ) ) ;
#5969 = CARTESIAN_POINT ( 'NONE',  ( 296.5030604351463808, 10.00000000000000000, 85.13552925583971387 ) ) ;
#5970 = CARTESIAN_POINT ( 'NONE',  ( 210.3251100063822321, 9.999999999999998224, 14.34776246565331270 ) ) ;
#5971 = CARTESIAN_POINT ( 'NONE',  ( 265.4171740696150437, 13.00000000000000178, 40.39920805416989680 ) ) ;
#5972 = CARTESIAN_POINT ( 'NONE',  ( 111.3946342529318372, 9.999999999999996447, 23.81461465359438279 ) ) ;
#5973 = CARTESIAN_POINT ( 'NONE',  ( 241.2037512512108037, 12.99999999999999822, 27.03041740925283776 ) ) ;
#5974 = ORIENTED_EDGE ( 'NONE', *, *, #16, .F. ) ;
#5975 = CARTESIAN_POINT ( 'NONE',  ( 163.6494399619790272, 10.00000000000000000, 26.77753852415916569 ) ) ;
#5976 = CARTESIAN_POINT ( 'NONE',  ( 40.69981422388075032, 13.00000000000000178, 30.04337993476043422 ) ) ;
#5977 = EDGE_CURVE ( 'NONE', #6281, #6647, #3055, .T. ) ;
#5978 = CARTESIAN_POINT ( 'NONE',  ( 88.27178164196692478, 13.00000000000000178, 34.30832736025862317 ) ) ;
#5979 = ORIENTED_EDGE ( 'NONE', *, *, #2758, .T. ) ;
#5980 = CARTESIAN_POINT ( 'NONE',  ( 183.2416933003842985, 13.00000000000000178, 22.79403978493913030 ) ) ;
#5981 = ORIENTED_EDGE ( 'NONE', *, *, #671, .T. ) ;
#5982 = CARTESIAN_POINT ( 'NONE',  ( 270.0805521944698739, 9.999999999999994671, 38.21717801897731448 ) ) ;
#5983 = ORIENTED_EDGE ( 'NONE', *, *, #5495, .T. ) ;
#5984 = CARTESIAN_POINT ( 'NONE',  ( 35.74770291576894010, 13.00000000000000178, 34.90942440032374350 ) ) ;
#5985 = B_SPLINE_SURFACE_WITH_KNOTS ( 'NONE', 3, 1, ( 
 ( #2700, #2142 ),
 ( #4413, #6661 ),
 ( #5002, #6555 ),
 ( #5035, #7267 ),
 ( #1475, #3738 ),
 ( #6010, #3175 ),
 ( #5449, #3776 ) ),
 .UNSPECIFIED., .F., .F., .F.,
 ( 4, 1, 1, 1, 4 ),
 ( 2, 2 ),
 ( 0.000000000000000000, 0.2488386141270695351, 0.4952350254576698418, 0.7433356038750061900, 1.000000000000000000 ),
 ( 0.000000000000000000, 1.000000000000000000 ),
 .UNSPECIFIED. ) ;
#5986 = B_SPLINE_CURVE_WITH_KNOTS ( 'NONE', 3,
 ( #4518, #6769, #3391, #5664, #579, #3989, #1178, #5772, #6914, #3576, #4629, #648, #2903, #1355, #7027, #4062, #171, #6953, #132 ),
 .UNSPECIFIED., .F., .F.,
 ( 4, 1, 1, 1, 1, 1, 1, 1, 1, 1, 1, 1, 1, 1, 1, 1, 4 ),
 ( 0.000000000000000000, 0.06464861735468220572, 0.1278213343090064957, 0.1894192519051234591, 0.2503721856209438212, 0.3111374751755918155, 0.3728252975636848765, 0.4354631820975402023, 0.5001282495925020166, 0.5647725372671502653, 0.6273442527991455187, 0.6889194464052625921, 0.7498291996276857940, 0.8105779045174705821, 0.8721758221135882394, 0.9350171406703067234, 0.9999999999999998890 ),
 .UNSPECIFIED. ) ;
#5987 = LINE ( 'NONE', #3647, #1209 ) ;
#5988 = EDGE_CURVE ( 'NONE', #1870, #1336, #1912, .T. ) ;
#5989 = CARTESIAN_POINT ( 'NONE',  ( 210.8936700793861121, 10.00000000000000000, 11.73640158686757395 ) ) ;
#5990 = CARTESIAN_POINT ( 'NONE',  ( 265.4193679847429053, 10.00000000000000178, 52.20694585242283381 ) ) ;
#5991 = CARTESIAN_POINT ( 'NONE',  ( 63.71044330038431980, 10.00000000000000000, 27.66182824647758665 ) ) ;
#5992 = CARTESIAN_POINT ( 'NONE',  ( 244.9815670832624903, 13.00000000000000178, 54.27548991795875111 ) ) ;
#5993 = ORIENTED_EDGE ( 'NONE', *, *, #3679, .F. ) ;
#5994 = CARTESIAN_POINT ( 'NONE',  ( 274.8802452378235444, 10.00000000000000178, 50.43446901151133233 ) ) ;
#5995 = ORIENTED_EDGE ( 'NONE', *, *, #4643, .T. ) ;
#5996 = CARTESIAN_POINT ( 'NONE',  ( 64.94789869609790856, 10.00000000000000000, 45.90535232193055037 ) ) ;
#5997 = CARTESIAN_POINT ( 'NONE',  ( 246.8666655442456488, 10.00000000000000000, 53.17301955471550912 ) ) ;
#5998 = CARTESIAN_POINT ( 'NONE',  ( 203.4744383486179231, 10.00000000000000000, 11.73649776086060470 ) ) ;
#5999 = EDGE_CURVE ( 'NONE', #1336, #5572, #5930, .T. ) ;
#6000 = EDGE_CURVE ( 'NONE', #1093, #566, #4830, .T. ) ;
#6001 = DIRECTION ( 'NONE',  ( -0.000000000000000000, -1.000000000000000000, -0.000000000000000000 ) ) ;
#6002 = CARTESIAN_POINT ( 'NONE',  ( 217.8627481232386742, 13.00000000000000178, 39.11877172528046742 ) ) ;
#6003 = CARTESIAN_POINT ( 'NONE',  ( 157.3105845103161187, 13.00000000000000178, 26.47868540446017604 ) ) ;
#6004 = DIRECTION ( 'NONE',  ( 1.000000000000000000, 0.000000000000000000, -0.000000000000000000 ) ) ;
#6005 = CARTESIAN_POINT ( 'NONE',  ( 266.4843525693346464, 12.99999999999999822, 36.12149079560631293 ) ) ;
#6006 = AXIS2_PLACEMENT_3D ( 'NONE', #4020, #4515, #6764 ) ;
#6007 = CARTESIAN_POINT ( 'NONE',  ( 120.4994046074226475, 13.00000000000000178, 22.26459004521377238 ) ) ;
#6008 = VECTOR ( 'NONE', #4574, 1000.000000000000000 ) ;
#6009 = EDGE_CURVE ( 'NONE', #304, #5386, #4748, .T. ) ;
#6010 = CARTESIAN_POINT ( 'NONE',  ( 275.5293659199977583, 13.00000000000000178, 46.29326218296000661 ) ) ;
#6011 = CARTESIAN_POINT ( 'NONE',  ( 247.5675380257444260, 12.99999999999999822, 31.56415823778486995 ) ) ;
#6012 = CIRCLE ( 'NONE', #4351, 1.650000000000000355 ) ;
#6013 = CARTESIAN_POINT ( 'NONE',  ( 76.22246253115355330, 10.00000000000000000, 52.21711670801605010 ) ) ;
#6014 = CARTESIAN_POINT ( 'NONE',  ( 265.7056356080765909, 13.00000000000000178, 52.21711670801605010 ) ) ;
#6015 = VERTEX_POINT ( 'NONE', #6441 ) ;
#6016 = CARTESIAN_POINT ( 'NONE',  ( 167.0259330477284152, 10.00000000000000355, 28.39871079207991755 ) ) ;
#6017 = CARTESIAN_POINT ( 'NONE',  ( 203.6950581404549325, 10.00000000000000000, 13.74893021016607797 ) ) ;
#6018 = VECTOR ( 'NONE', #3109, 1000.000000000000000 ) ;
#6019 = B_SPLINE_CURVE_WITH_KNOTS ( 'NONE', 3,
 ( #1101, #1208, #3948, #644, #6217, #3985, #6842, #7296, #5062, #2348, #6287, #2240, #5096, #1136, #576 ),
 .UNSPECIFIED., .F., .F.,
 ( 4, 1, 1, 1, 1, 1, 1, 1, 1, 1, 1, 1, 4 ),
 ( 0.000000000000000000, 0.08473274469801539421, 0.1681786536463126258, 0.2514881976122797513, 0.3358406713894905860, 0.4198344941507963779, 0.5023448759880098091, 0.5836490197324397666, 0.6659310052762729137, 0.7487165252643914748, 0.8310473361373631462, 0.9144098067945605202, 0.9999999999999998890 ),
 .UNSPECIFIED. ) ;
#6020 = CARTESIAN_POINT ( 'NONE',  ( 35.90996253115355330, 10.00000000000000000, 15.29403978493913030 ) ) ;
#6021 = EDGE_LOOP ( 'NONE', ( #1395, #2923, #7144, #466 ) ) ;
#6022 = CARTESIAN_POINT ( 'NONE',  ( 147.3642894542304589, 13.00000000000000178, 27.66182824647758665 ) ) ;
#6023 = ORIENTED_EDGE ( 'NONE', *, *, #6655, .T. ) ;
#6024 = CARTESIAN_POINT ( 'NONE',  ( 273.8758707181020782, 9.999999999999998224, 41.48137187947865101 ) ) ;
#6025 = VERTEX_POINT ( 'NONE', #2551 ) ;
#6026 = CARTESIAN_POINT ( 'NONE',  ( 271.7422441624358953, 9.999999999999998224, 39.37558985234923625 ) ) ;
#6027 = FACE_OUTER_BOUND ( 'NONE', #706, .T. ) ;
#6028 = CARTESIAN_POINT ( 'NONE',  ( 210.9340009926920345, 10.00000000000000000, 12.42745324647759553 ) ) ;
#6029 = CARTESIAN_POINT ( 'NONE',  ( 264.8482262384876549, 10.00000000000000000, 52.18665365117152533 ) ) ;
#6030 = CARTESIAN_POINT ( 'NONE',  ( 262.3333159619622847, 12.99999999999999822, 51.36201978883899244 ) ) ;
#6031 = CARTESIAN_POINT ( 'NONE',  ( 243.9742009659532869, 10.00000000000000000, 54.74485690923872738 ) ) ;
#6032 = ORIENTED_EDGE ( 'NONE', *, *, #730, .T. ) ;
#6033 = EDGE_LOOP ( 'NONE', ( #3158, #6727, #7067, #4196 ) ) ;
#6034 = EDGE_CURVE ( 'NONE', #1011, #5641, #5098, .T. ) ;
#6035 = CARTESIAN_POINT ( 'NONE',  ( 90.58186103493318342, 10.00000000000000355, 48.56085492135777315 ) ) ;
#6036 = CARTESIAN_POINT ( 'NONE',  ( 271.4693821640726128, 12.99999999999999822, 46.07248926358627017 ) ) ;
#6037 = CARTESIAN_POINT ( 'NONE',  ( 166.6666666666666288, 10.00000000000000000, 97.93724644492834841 ) ) ;
#6038 = CARTESIAN_POINT ( 'NONE',  ( 145.3723749355607140, 9.999999999999996447, 30.21982703765839418 ) ) ;
#6039 = CARTESIAN_POINT ( 'NONE',  ( 218.4537060156363850, 13.00000000000000178, 34.97052748497538488 ) ) ;
#6040 = DIRECTION ( 'NONE',  ( -0.000000000000000000, 1.000000000000000000, -0.000000000000000000 ) ) ;
#6041 = CARTESIAN_POINT ( 'NONE',  ( 162.4304911582253794, 10.00000000000000000, 26.47698183340407141 ) ) ;
#6042 = CARTESIAN_POINT ( 'NONE',  ( 119.1986072282641800, 9.999999999999998224, 52.19611290801866943 ) ) ;
#6043 = EDGE_CURVE ( 'NONE', #5090, #6566, #4821, .T. ) ;
#6044 = CARTESIAN_POINT ( 'NONE',  ( 40.94836225784499817, 9.999999999999996447, 11.00851312627788303 ) ) ;
#6045 = LINE ( 'NONE', #1106, #5291 ) ;
#6046 = FACE_OUTER_BOUND ( 'NONE', #1524, .T. ) ;
#6047 = CARTESIAN_POINT ( 'NONE',  ( 35.71164522346123960, 10.00000000000000355, 30.35714074647759020 ) ) ;
#6048 = FACE_OUTER_BOUND ( 'NONE', #2710, .T. ) ;
#6049 = ADVANCED_FACE ( 'NONE', ( #4222 ), #1402, .T. ) ;
#6050 = ORIENTED_EDGE ( 'NONE', *, *, #3389, .F. ) ;
#6051 = CARTESIAN_POINT ( 'NONE',  ( 3.535533905932737309, 10.00000000000000000, 5.185533905932738108 ) ) ;
#6052 = LOCAL_TIME ( 17, 47, 23.00000000000000000, #4648 ) ;
#6053 = CARTESIAN_POINT ( 'NONE',  ( 47.66477022346124670, 13.00000000000000178, 22.70389555416990035 ) ) ;
#6054 = CARTESIAN_POINT ( 'NONE',  ( 208.6169305890552437, 13.00000000000000178, 9.177207655444895806 ) ) ;
#6055 = CARTESIAN_POINT ( 'NONE',  ( 89.19091114730322545, 13.00000000000000178, 38.90819494952972235 ) ) ;
#6056 = ORIENTED_EDGE ( 'NONE', *, *, #5958, .T. ) ;
#6057 = CARTESIAN_POINT ( 'NONE',  ( 142.8946272786172926, 13.00000000000000178, 40.98330158503264897 ) ) ;
#6058 = ORIENTED_EDGE ( 'NONE', *, *, #550, .T. ) ;
#6059 = CARTESIAN_POINT ( 'NONE',  ( 205.7370511764878245, 10.00000000000000000, 15.63783027236972245 ) ) ;
#6060 = EDGE_LOOP ( 'NONE', ( #7252, #5347, #663, #1005 ) ) ;
#6061 = CARTESIAN_POINT ( 'NONE',  ( 159.2773215999694969, 13.00000000000000178, 22.23054663170285394 ) ) ;
#6062 = CARTESIAN_POINT ( 'NONE',  ( 69.41116565231746449, 10.00000000000000355, 55.01209030561052771 ) ) ;
#6063 = CARTESIAN_POINT ( 'NONE',  ( 189.0109240696151005, 10.00000000000000000, 9.524809015708360249 ) ) ;
#6064 = CARTESIAN_POINT ( 'NONE',  ( 74.40770888918015658, 10.00000000000000000, 22.25700891777282564 ) ) ;
#6065 = CARTESIAN_POINT ( 'NONE',  ( 64.12763947071891835, 9.999999999999996447, 27.22500759893230438 ) ) ;
#6066 = AXIS2_PLACEMENT_3D ( 'NONE', #828, #6462, #2573 ) ;
#6067 = CARTESIAN_POINT ( 'NONE',  ( 240.7337100994547257, 10.00000000000000000, 55.77083921006921230 ) ) ;
#6068 = VERTEX_POINT ( 'NONE', #3734 ) ;
#6069 = ORIENTED_EDGE ( 'NONE', *, *, #5031, .T. ) ;
#6070 = CARTESIAN_POINT ( 'NONE',  ( 236.8029883708634600, 9.999999999999996447, 22.22896959312073761 ) ) ;
#6071 = FACE_OUTER_BOUND ( 'NONE', #6033, .T. ) ;
#6072 = CARTESIAN_POINT ( 'NONE',  ( 206.4360476775383972, 10.00000000000000000, 8.980829035036393293 ) ) ;
#6073 = AXIS2_PLACEMENT_3D ( 'NONE', #4089, #3525, #2529 ) ;
#6074 = CARTESIAN_POINT ( 'NONE',  ( 134.6868161877517878, 13.00000000000000178, 45.81846891216865458 ) ) ;
#6075 = CARTESIAN_POINT ( 'NONE',  ( 235.8345657658584855, 13.00000000000000178, 22.22356585556766717 ) ) ;
#6076 = EDGE_CURVE ( 'NONE', #5641, #2219, #4581, .T. ) ;
#6077 = CARTESIAN_POINT ( 'NONE',  ( 111.3946342529318372, 12.99999999999999822, 23.81461465359438279 ) ) ;
#6078 = CARTESIAN_POINT ( 'NONE',  ( 0.000000000000000000, 10.00000000000000000, 0.000000000000000000 ) ) ;
#6079 = CARTESIAN_POINT ( 'NONE',  ( 270.4021500311535533, 13.00000000000000178, 43.78863113109296989 ) ) ;
#6080 = B_SPLINE_CURVE_WITH_KNOTS ( 'NONE', 3,
 ( #4943, #6055, #5383, #7092, #4799, #5978, #3144, #3222, #2001, #5424, #344, #1519, #7130, #6635, #415, #1555, #1967, #4313, #2039 ),
 .UNSPECIFIED., .F., .F.,
 ( 4, 1, 1, 1, 1, 1, 1, 1, 1, 1, 1, 1, 1, 1, 1, 1, 4 ),
 ( 0.000000000000000000, 0.06518479598607239411, 0.1282737271139273993, 0.1902702203927576219, 0.2517683137756831502, 0.3127686945781244510, 0.3747932794097871279, 0.4379695860627114690, 0.5030473998633714361, 0.5681252136640307926, 0.6309497487122625037, 0.6923691093867028190, 0.7529731677502620180, 0.8136410669177478461, 0.8743552086918150446, 0.9365729684654833243, 1.000000000000000000 ),
 .UNSPECIFIED. ) ;
#6081 = DIRECTION ( 'NONE',  ( 0.000000000000000000, 1.000000000000000000, 0.000000000000000000 ) ) ;
#6082 = CARTESIAN_POINT ( 'NONE',  ( 63.24169330038431269, 10.00000000000000000, 39.35353497724682370 ) ) ;
#6083 = CARTESIAN_POINT ( 'NONE',  ( 83.04961927971092450, 10.00000000000000178, 55.01393715378530658 ) ) ;
#6084 = ADVANCED_FACE ( 'NONE', ( #106 ), #2843, .T. ) ;
#6085 = B_SPLINE_CURVE_WITH_KNOTS ( 'NONE', 3,
 ( #1434, #5331, #360, #5887, #837, #251, #4853, #5997, #7148, #4259, #4181, #3051, #4334, #5925, #1906, #876, #3163, #3693, #5439 ),
 .UNSPECIFIED., .F., .F.,
 ( 4, 1, 1, 1, 1, 1, 1, 1, 1, 1, 1, 1, 1, 1, 1, 1, 4 ),
 ( 0.000000000000000000, 0.05963339613625135566, 0.1190688615049892429, 0.1781965462156700486, 0.2369566475521780180, 0.2959319880758021215, 0.3558557687429114158, 0.4164733051171455314, 0.4777415997317956964, 0.5399029904536086777, 0.6025375151243940186, 0.6654223850767744253, 0.7297652560446461489, 0.7948287708416039710, 0.8618265399701645624, 0.9300109324340660732, 1.000000000000000000 ),
 .UNSPECIFIED. ) ;
#6086 = CARTESIAN_POINT ( 'NONE',  ( 35.71164522346123960, 10.00000000000000355, 30.35714074647759020 ) ) ;
#6087 = CARTESIAN_POINT ( 'NONE',  ( 151.5588637738837861, 10.00000000000000355, 54.30116045740354025 ) ) ;
#6088 = ORIENTED_EDGE ( 'NONE', *, *, #3339, .F. ) ;
#6089 = CARTESIAN_POINT ( 'NONE',  ( 76.85752202814927614, 9.999999999999994671, 22.23025530837256269 ) ) ;
#6090 = CARTESIAN_POINT ( 'NONE',  ( 275.5493856080766477, 10.00000000000000000, 46.75437632340067040 ) ) ;
#6091 = CARTESIAN_POINT ( 'NONE',  ( 45.68163527644686894, 9.999999999999998224, 17.81411977837750982 ) ) ;
#6092 = ADVANCED_FACE ( 'NONE', ( #5224 ), #4640, .F. ) ;
#6093 = CARTESIAN_POINT ( 'NONE',  ( 264.5903636429478638, 10.00000000000000000, 34.84129614355612858 ) ) ;
#6094 = VERTEX_POINT ( 'NONE', #3403 ) ;
#6095 = CARTESIAN_POINT ( 'NONE',  ( 142.8696951114779665, 13.00000000000000178, 39.88320673285893747 ) ) ;
#6096 = ORIENTED_EDGE ( 'NONE', *, *, #5452, .F. ) ;
#6097 = CARTESIAN_POINT ( 'NONE',  ( 34.19427172697214701, 13.00000000000000178, 10.68449653366641527 ) ) ;
#6098 = DIRECTION ( 'NONE',  ( 0.000000000000000000, 0.000000000000000000, -1.000000000000000000 ) ) ;
#6099 = CARTESIAN_POINT ( 'NONE',  ( 59.47662759776143560, 13.00000000000000178, 42.60355060907559732 ) ) ;
#6100 = CARTESIAN_POINT ( 'NONE',  ( 78.06736833976000867, 13.00000000000000178, 22.25601689275960737 ) ) ;
#6101 = CARTESIAN_POINT ( 'NONE',  ( 105.4187456522481057, 10.00000000000000000, 37.41462103465290312 ) ) ;
#6102 = CARTESIAN_POINT ( 'NONE',  ( 89.20323176192279391, 10.00000000000000355, 39.35353497724683081 ) ) ;
#6103 = CARTESIAN_POINT ( 'NONE',  ( 176.8955394542304589, 10.00000000000000000, 39.32649170801605010 ) ) ;
#6104 = CARTESIAN_POINT ( 'NONE',  ( 234.9852740452518560, 10.00000000000000178, 22.23630461204677644 ) ) ;
#6105 = ORIENTED_EDGE ( 'NONE', *, *, #1039, .F. ) ;
#6106 = ORIENTED_EDGE ( 'NONE', *, *, #2686, .T. ) ;
#6107 = DIRECTION ( 'NONE',  ( 0.000000000000000000, 0.000000000000000000, -1.000000000000000000 ) ) ;
#6108 = CARTESIAN_POINT ( 'NONE',  ( 159.8943375311535249, 13.00000000000000178, 22.21711670801605010 ) ) ;
#6109 = CARTESIAN_POINT ( 'NONE',  ( 47.08668296369680917, 10.00000000000000355, 13.26473235322507094 ) ) ;
#6110 = CARTESIAN_POINT ( 'NONE',  ( 144.5963012334211726, 10.00000000000000000, 31.60074629319677797 ) ) ;
#6111 = CARTESIAN_POINT ( 'NONE',  ( 204.5224560441957635, 10.00000000000000000, 9.948043036141879014 ) ) ;
#6112 = CARTESIAN_POINT ( 'NONE',  ( 131.8955394542304589, 13.00000000000000178, 39.29944843878527649 ) ) ;
#6113 = CARTESIAN_POINT ( 'NONE',  ( 35.90996253115355330, 13.00000000000000178, 15.29403978493913030 ) ) ;
#6114 = DIRECTION ( 'NONE',  ( 0.000000000000000000, 1.000000000000000000, 0.000000000000000000 ) ) ;
#6115 = CARTESIAN_POINT ( 'NONE',  ( 262.5706024607688391, 10.00000000000000000, 29.01268217857078469 ) ) ;
#6116 = CARTESIAN_POINT ( 'NONE',  ( 135.8867573379511100, 10.00000000000000000, 41.00740946308430779 ) ) ;
#6117 = CARTESIAN_POINT ( 'NONE',  ( 244.2208578653574023, 9.999999999999992895, 28.48231285482656716 ) ) ;
#6118 = FACE_BOUND ( 'NONE', #6869, .T. ) ;
#6119 = CARTESIAN_POINT ( 'NONE',  ( 267.1606808375588571, 10.00000000000000178, 41.36634067692594385 ) ) ;
#6120 = EDGE_LOOP ( 'NONE', ( #4429, #3122, #2687, #3567 ) ) ;
#6121 = CARTESIAN_POINT ( 'NONE',  ( 88.31665566138570966, 9.999999999999998224, 27.20171998063747409 ) ) ;
#6122 = ORIENTED_EDGE ( 'NONE', *, *, #7020, .F. ) ;
#6123 = EDGE_CURVE ( 'NONE', #7146, #3907, #6337, .T. ) ;
#6124 = CARTESIAN_POINT ( 'NONE',  ( 47.64966138879052693, 10.00000000000000000, 23.07489736494541077 ) ) ;
#6125 = VECTOR ( 'NONE', #3897, 1000.000000000000000 ) ;
#6126 = CARTESIAN_POINT ( 'NONE',  ( 193.0493856080766193, 13.00000000000000178, 22.79403978493913030 ) ) ;
#6127 = VERTEX_POINT ( 'NONE', #6926 ) ;
#6128 = FACE_OUTER_BOUND ( 'NONE', #5329, .T. ) ;
#6129 = ORIENTED_EDGE ( 'NONE', *, *, #4815, .T. ) ;
#6130 = CARTESIAN_POINT ( 'NONE',  ( 32.43940964653816650, 13.00000000000000178, 10.67865516955451177 ) ) ;
#6131 = AXIS2_PLACEMENT_3D ( 'NONE', #1160, #5642, #3333 ) ;
#6132 = VERTEX_POINT ( 'NONE', #5784 ) ;
#6133 = ADVANCED_FACE ( 'NONE', ( #1255 ), #1947, .T. ) ;
#6134 = CARTESIAN_POINT ( 'NONE',  ( 3.505202749622876368, 0.000000000000000000, 91.13552925583975650 ) ) ;
#6135 = DIRECTION ( 'NONE',  ( 1.000000000000000000, 0.000000000000000000, 0.000000000000000000 ) ) ;
#6136 = CARTESIAN_POINT ( 'NONE',  ( 233.3333333333332860, 10.00000000000000000, 96.43724644492834841 ) ) ;
#6137 = CARTESIAN_POINT ( 'NONE',  ( 135.2625233354148406, 9.999999999999998224, 34.25919660438683678 ) ) ;
#6138 = CARTESIAN_POINT ( 'NONE',  ( 265.9129673388458173, 13.00000000000000178, 56.25557824647759020 ) ) ;
#6139 = CARTESIAN_POINT ( 'NONE',  ( 63.24169330038431269, 13.00000000000000178, 39.35353497724682370 ) ) ;
#6140 = CARTESIAN_POINT ( 'NONE',  ( 229.0214509580465858, 10.00000000000000178, 23.47680081112143569 ) ) ;
#6141 = ORIENTED_EDGE ( 'NONE', *, *, #5361, .T. ) ;
#6142 = ORIENTED_EDGE ( 'NONE', *, *, #2534, .T. ) ;
#6143 = EDGE_CURVE ( 'NONE', #5366, #5720, #6223, .T. ) ;
#6144 = DIRECTION ( 'NONE',  ( -0.000000000000000000, -1.000000000000000000, -0.000000000000000000 ) ) ;
#6145 = CARTESIAN_POINT ( 'NONE',  ( 265.9129673388458173, 10.00000000000000178, 56.25557824647759020 ) ) ;
#6146 = CARTESIAN_POINT ( 'NONE',  ( 30.75371253115355330, 13.00000000000000178, 34.90942440032374350 ) ) ;
#6147 = CARTESIAN_POINT ( 'NONE',  ( 263.3979433003842701, 10.00000000000000000, 33.66543401570835670 ) ) ;
#6148 = FACE_OUTER_BOUND ( 'NONE', #3009, .T. ) ;
#6149 = CARTESIAN_POINT ( 'NONE',  ( 27.47246253115355330, 10.00000000000000000, 15.29403978493913030 ) ) ;
#6150 = CARTESIAN_POINT ( 'NONE',  ( 147.7814856245650788, 10.00000000000000000, 27.22500759893230793 ) ) ;
#6151 = LINE ( 'NONE', #57, #3871 ) ;
#6152 = CARTESIAN_POINT ( 'NONE',  ( 131.8404107432124874, 13.00000000000000178, 40.98379151400499154 ) ) ;
#6153 = CARTESIAN_POINT ( 'NONE',  ( 225.8887424913839084, 12.99999999999999822, 29.99652280208668742 ) ) ;
#6154 = CARTESIAN_POINT ( 'NONE',  ( 166.6666666666666288, 10.00000000000000000, 96.43724644492834841 ) ) ;
#6155 = CARTESIAN_POINT ( 'NONE',  ( 63.76225640670353556, 10.00000000000000000, 35.50224961940690349 ) ) ;
#6156 = CARTESIAN_POINT ( 'NONE',  ( 236.5841083987627940, 10.00000000000000000, 26.27182945671576775 ) ) ;
#6157 = FACE_BOUND ( 'NONE', #1081, .T. ) ;
#6158 = LINE ( 'NONE', #481, #3099 ) ;
#6159 = ORIENTED_EDGE ( 'NONE', *, *, #383, .T. ) ;
#6160 = CARTESIAN_POINT ( 'NONE',  ( 87.04944269577279670, 10.00000000000000355, 32.08992724252956918 ) ) ;
#6161 = CARTESIAN_POINT ( 'NONE',  ( 205.1647702234612041, 13.00000000000000178, 22.79403978493913030 ) ) ;
#6162 = EDGE_CURVE ( 'NONE', #5386, #5305, #248, .T. ) ;
#6163 = VERTEX_POINT ( 'NONE', #3694 ) ;
#6164 = PLANE ( 'NONE',  #6956 ) ;
#6165 = CARTESIAN_POINT ( 'NONE',  ( 118.7705394542304731, 10.00000000000000178, 22.21711670801605010 ) ) ;
#6166 = CARTESIAN_POINT ( 'NONE',  ( 107.9738709085763873, 10.00000000000000000, 31.20610792422282387 ) ) ;
#6167 = B_SPLINE_CURVE_WITH_KNOTS ( 'NONE', 3,
 ( #5754, #2851, #6786, #6865, #4572, #5793, #631 ),
 .UNSPECIFIED., .F., .F.,
 ( 4, 1, 1, 1, 4 ),
 ( 0.000000000000000000, 0.2462523706929845291, 0.4925907964763759916, 0.7405699911180901873, 1.000000000000000000 ),
 .UNSPECIFIED. ) ;
#6168 = DIRECTION ( 'NONE',  ( 0.000000000000000000, 0.000000000000000000, 1.000000000000000000 ) ) ;
#6169 = CARTESIAN_POINT ( 'NONE',  ( 75.62675926933520998, 12.99999999999999822, 56.23987715225011641 ) ) ;
#6170 = CC_DESIGN_APPROVAL ( #5620, ( #1890 ) ) ;
#6171 = DIRECTION ( 'NONE',  ( 0.000000000000000000, 0.000000000000000000, 1.000000000000000000 ) ) ;
#6172 = EDGE_CURVE ( 'NONE', #7240, #6819, #1288, .T. ) ;
#6173 = DIRECTION ( 'NONE',  ( -0.000000000000000000, -1.000000000000000000, -0.000000000000000000 ) ) ;
#6174 = CARTESIAN_POINT ( 'NONE',  ( 176.6428245551872465, 10.00000000000000000, 36.07084819850649637 ) ) ;
#6175 = EDGE_LOOP ( 'NONE', ( #2756, #2043, #2749, #356 ) ) ;
#6176 = ORIENTED_EDGE ( 'NONE', *, *, #3756, .T. ) ;
#6177 = CARTESIAN_POINT ( 'NONE',  ( 251.3186163773073361, 10.00000000000000000, 29.92444843878528005 ) ) ;
#6178 = CARTESIAN_POINT ( 'NONE',  ( 257.3617764916692749, 9.999999999999998224, 52.80748795271852458 ) ) ;
#6179 = CARTESIAN_POINT ( 'NONE',  ( 35.90996253115355330, 10.00000000000000000, 15.29403978493913030 ) ) ;
#6180 = CARTESIAN_POINT ( 'NONE',  ( 51.70323176192278680, 10.00000000000000000, 22.71290997724682015 ) ) ;
#6181 = B_SPLINE_CURVE_WITH_KNOTS ( 'NONE', 3,
 ( #3326, #3251, #2805, #7345, #3400, #5568, #5605, #6119, #1038, #7234, #2772 ),
 .UNSPECIFIED., .F., .F.,
 ( 4, 1, 1, 1, 1, 1, 1, 1, 4 ),
 ( 0.000000000000000000, 0.07687507403504986736, 0.1674616757257262611, 0.2722700232466409576, 0.3895508405125231999, 0.5208013683480535727, 0.6662632933752226094, 0.8255449152058663698, 0.9999999999999998890 ),
 .UNSPECIFIED. ) ;
#6182 = CARTESIAN_POINT ( 'NONE',  ( 205.1647702234612041, 10.00000000000000000, 22.79403978493913030 ) ) ;
#6183 = ADVANCED_FACE ( 'NONE', ( #2508 ), #3604, .T. ) ;
#6184 = VECTOR ( 'NONE', #5735, 1000.000000000000000 ) ;
#6185 = LINE ( 'NONE', #5732, #5506 ) ;
#6186 = DIRECTION ( 'NONE',  ( -0.000000000000000000, -1.000000000000000000, -0.000000000000000000 ) ) ;
#6187 = CARTESIAN_POINT ( 'NONE',  ( 122.0743826183713168, 9.999999999999998224, 51.83099387978796813 ) ) ;
#6188 = CARTESIAN_POINT ( 'NONE',  ( 264.1604954170717292, 13.00000000000000178, 26.98473561368089335 ) ) ;
#6189 = CYLINDRICAL_SURFACE ( 'NONE', #1846, 1.500000000000001332 ) ;
#6190 = CARTESIAN_POINT ( 'NONE',  ( 46.40369510248755347, 13.00000000000000178, 32.68987437362772397 ) ) ;
#6191 = CARTESIAN_POINT ( 'NONE',  ( 258.2620036164829003, 9.999999999999998224, 29.94567267777109620 ) ) ;
#6192 = CARTESIAN_POINT ( 'NONE',  ( 156.3206746020041749, 9.999999999999996447, 55.97156070231797287 ) ) ;
#6193 = ORIENTED_EDGE ( 'NONE', *, *, #2683, .T. ) ;
#6194 = CARTESIAN_POINT ( 'NONE',  ( 89.16666605864905648, 9.999999999999998224, 38.03183376247472580 ) ) ;
#6195 = CIRCLE ( 'NONE', #5246, 1.500000000000001332 ) ;
#6196 = CARTESIAN_POINT ( 'NONE',  ( 228.7833501820015840, 10.00000000000000178, 50.55100966265519702 ) ) ;
#6197 = CARTESIAN_POINT ( 'NONE',  ( 264.8362884027120003, 13.00000000000000178, 22.35802095372460130 ) ) ;
#6198 = ORIENTED_EDGE ( 'NONE', *, *, #5862, .F. ) ;
#6199 = CARTESIAN_POINT ( 'NONE',  ( 89.19091114730322545, 10.00000000000000355, 38.90819494952972235 ) ) ;
#6200 = ORIENTED_EDGE ( 'NONE', *, *, #6486, .F. ) ;
#6201 = CARTESIAN_POINT ( 'NONE',  ( 41.84563265428914036, 13.00000000000000178, 11.12903162200723095 ) ) ;
#6202 = CARTESIAN_POINT ( 'NONE',  ( 110.4545816644673124, 10.00000000000000000, 28.87227797022667630 ) ) ;
#6203 = DIRECTION ( 'NONE',  ( -0.000000000000000000, -1.000000000000000000, -0.000000000000000000 ) ) ;
#6204 = PLANE ( 'NONE',  #2383 ) ;
#6205 = EDGE_LOOP ( 'NONE', ( #4681, #4723 ) ) ;
#6206 = DIRECTION ( 'NONE',  ( 0.000000000000000000, 0.000000000000000000, 1.000000000000000000 ) ) ;
#6207 = CARTESIAN_POINT ( 'NONE',  ( 145.5169064952752080, 13.00000000000000178, 48.56086047141887008 ) ) ;
#6208 = CARTESIAN_POINT ( 'NONE',  ( 176.2896941747619621, 10.00000000000000000, 34.51639376932214986 ) ) ;
#6209 = CARTESIAN_POINT ( 'NONE',  ( 77.95177350855614407, 12.99999999999999822, 52.16701580221901935 ) ) ;
#6210 = ORIENTED_EDGE ( 'NONE', *, *, #1585, .F. ) ;
#6211 = ORIENTED_EDGE ( 'NONE', *, *, #4224, .T. ) ;
#6212 = CARTESIAN_POINT ( 'NONE',  ( 265.9129673388458173, 13.00000000000000178, 56.25557824647759020 ) ) ;
#6213 = ADVANCED_FACE ( 'NONE', ( #3615 ), #801, .T. ) ;
#6214 = FACE_OUTER_BOUND ( 'NONE', #3566, .T. ) ;
#6215 = DIRECTION ( 'NONE',  ( 0.000000000000000000, 0.000000000000000000, -1.000000000000000000 ) ) ;
#6216 = CARTESIAN_POINT ( 'NONE',  ( 46.29293707696287896, 9.999999999999996447, 12.73019947172116062 ) ) ;
#6217 = CARTESIAN_POINT ( 'NONE',  ( 64.19463367126532205, 13.00000000000000178, 44.36742735852764241 ) ) ;
#6218 = DIRECTION ( 'NONE',  ( -0.000000000000000000, -1.000000000000000000, -0.000000000000000000 ) ) ;
#6219 = CARTESIAN_POINT ( 'NONE',  ( 219.6881403375868729, 13.00000000000000178, 31.78024523094515175 ) ) ;
#6220 = CARTESIAN_POINT ( 'NONE',  ( 128.0091013902922441, 13.00000000000000178, 48.50953066810457415 ) ) ;
#6221 = EDGE_CURVE ( 'NONE', #5354, #456, #5188, .T. ) ;
#6222 = CARTESIAN_POINT ( 'NONE',  ( 265.7081925458780916, 13.00000000000000178, 26.29659344346320538 ) ) ;
#6223 = LINE ( 'NONE', #6328, #1382 ) ;
#6224 = CARTESIAN_POINT ( 'NONE',  ( 23.43400099269201675, 10.00000000000000000, 10.67865516955451177 ) ) ;
#6225 = CARTESIAN_POINT ( 'NONE',  ( 266.9026036218654667, 12.99999999999999822, 22.23131537412526271 ) ) ;
#6226 = CARTESIAN_POINT ( 'NONE',  ( 36.09633143817075762, 10.00000000000000000, 30.35731093203106212 ) ) ;
#6227 = CARTESIAN_POINT ( 'NONE',  ( 153.0650118061635396, 9.999999999999996447, 55.01209030561050639 ) ) ;
#6228 = ORIENTED_EDGE ( 'NONE', *, *, #6617, .T. ) ;
#6229 = CARTESIAN_POINT ( 'NONE',  ( 76.65575832166673820, 10.00000000000000178, 26.26821605790787117 ) ) ;
#6230 = EDGE_CURVE ( 'NONE', #4651, #499, #5532, .T. ) ;
#6231 = CARTESIAN_POINT ( 'NONE',  ( 131.4837190247380931, 9.999999999999998224, 35.94474511040634468 ) ) ;
#6232 = FACE_OUTER_BOUND ( 'NONE', #7018, .T. ) ;
#6233 = AXIS2_PLACEMENT_3D ( 'NONE', #1977, #793, #4773 ) ;
#6234 = VERTEX_POINT ( 'NONE', #6037 ) ;
#6235 = CARTESIAN_POINT ( 'NONE',  ( 82.29485145495625886, 12.99999999999999822, 27.73711313570967718 ) ) ;
#6236 = CARTESIAN_POINT ( 'NONE',  ( 146.9161986152586223, 13.00000000000000178, 39.92891818358810241 ) ) ;
#6237 = CARTESIAN_POINT ( 'NONE',  ( 264.8482262384876549, 13.00000000000000178, 52.18665365117152533 ) ) ;
#6238 = CARTESIAN_POINT ( 'NONE',  ( 142.8570779157689685, 13.00000000000000178, 39.32649170801605720 ) ) ;
#6239 = VECTOR ( 'NONE', #7349, 1000.000000000000000 ) ;
#6240 = EDGE_LOOP ( 'NONE', ( #6509, #1422 ) ) ;
#6241 = VECTOR ( 'NONE', #3056, 1000.000000000000000 ) ;
#6242 = CARTESIAN_POINT ( 'NONE',  ( 30.75371253115355330, 13.00000000000000178, 34.90942440032374350 ) ) ;
#6243 = CARTESIAN_POINT ( 'NONE',  ( 93.22907610629701480, 13.00000000000000178, 39.88320673530081706 ) ) ;
#6244 = VECTOR ( 'NONE', #3441, 1000.000000000000000 ) ;
#6245 = CARTESIAN_POINT ( 'NONE',  ( 87.48666249879340739, 12.99999999999999822, 45.90346757233242414 ) ) ;
#6246 = VERTEX_POINT ( 'NONE', #2056 ) ;
#6247 = FACE_OUTER_BOUND ( 'NONE', #7183, .T. ) ;
#6248 = ORIENTED_EDGE ( 'NONE', *, *, #6221, .F. ) ;
#6249 = CARTESIAN_POINT ( 'NONE',  ( 205.0963991700023143, 13.00000000000000178, 15.31105218964902903 ) ) ;
#6250 = CARTESIAN_POINT ( 'NONE',  ( 67.05153452022547356, 9.999999999999996447, 30.07167115841679816 ) ) ;
#6251 = AXIS2_PLACEMENT_3D ( 'NONE', #2003, #5385, #307 ) ;
#6252 = CARTESIAN_POINT ( 'NONE',  ( 183.2416933003842985, 13.00000000000000178, 26.83250132340066685 ) ) ;
#6253 = CARTESIAN_POINT ( 'NONE',  ( 51.08641255434663009, 9.999999999999996447, 18.64055297262591182 ) ) ;
#6254 = DIRECTION ( 'NONE',  ( 0.000000000000000000, 0.000000000000000000, -1.000000000000000000 ) ) ;
#6255 = CARTESIAN_POINT ( 'NONE',  ( 266.5529913773073645, 13.00000000000000178, 26.25557824647759020 ) ) ;
#6256 = ADVANCED_FACE ( 'NONE', ( #5963 ), #1299, .T. ) ;
#6257 = CARTESIAN_POINT ( 'NONE',  ( 231.3171346164980946, 13.00000000000000533, 22.77529587378441178 ) ) ;
#6258 = LINE ( 'NONE', #6915, #5606 ) ;
#6259 = CARTESIAN_POINT ( 'NONE',  ( 266.5529913773073645, 9.999999999999998224, 26.25557824647759020 ) ) ;
#6260 = DIRECTION ( 'NONE',  ( 1.000000000000000000, 0.000000000000000000, -1.224646799147353454E-16 ) ) ;
#6261 = CARTESIAN_POINT ( 'NONE',  ( 224.1410977912524629, 10.00000000000000000, 31.97848175508527646 ) ) ;
#6262 = CARTESIAN_POINT ( 'NONE',  ( 35.71164522346123960, 13.00000000000000178, 30.35714074647759020 ) ) ;
#6263 = CARTESIAN_POINT ( 'NONE',  ( 259.1500939141004665, 10.00000000000000000, 26.69132499093964128 ) ) ;
#6264 = ADVANCED_FACE ( 'NONE', ( #1574 ), #7044, .T. ) ;
#6265 = PLANE ( 'NONE',  #3337 ) ;
#6266 = CARTESIAN_POINT ( 'NONE',  ( 205.1647702234612041, 10.00000000000000000, 22.79403978493913030 ) ) ;
#6267 = CARTESIAN_POINT ( 'NONE',  ( 183.2416933003842985, 13.00000000000000178, 26.83250132340066685 ) ) ;
#6268 = CARTESIAN_POINT ( 'NONE',  ( 235.9309961849996853, 10.00000000000000000, 56.25557824647759020 ) ) ;
#6269 = CARTESIAN_POINT ( 'NONE',  ( 120.3804970088778532, 13.00000000000000178, 26.31530617099733149 ) ) ;
#6270 = EDGE_CURVE ( 'NONE', #5474, #199, #6762, .T. ) ;
#6271 = VERTEX_POINT ( 'NONE', #2761 ) ;
#6272 = CARTESIAN_POINT ( 'NONE',  ( 88.98055937376294366, 13.00000000000000533, 36.74274507341617380 ) ) ;
#6273 = ORIENTED_EDGE ( 'NONE', *, *, #3064, .F. ) ;
#6274 = DIRECTION ( 'NONE',  ( 1.000000000000000000, 0.000000000000000000, -0.000000000000000000 ) ) ;
#6275 = B_SPLINE_CURVE_WITH_KNOTS ( 'NONE', 3,
 ( #4986, #7249, #4886, #3119, #4434, #6030, #6682, #7103, #6539, #1460, #3156 ),
 .UNSPECIFIED., .F., .F.,
 ( 4, 1, 1, 1, 1, 1, 1, 1, 4 ),
 ( 0.000000000000000000, 0.1474758177483605492, 0.2859041715443760845, 0.4171716482444371987, 0.5405007435864958021, 0.6592377183802409224, 0.7750060983159576811, 0.8872285734286385894, 1.000000000000000000 ),
 .UNSPECIFIED. ) ;
#6276 = CARTESIAN_POINT ( 'NONE',  ( 63.35129057693675492, 10.00000000000000178, 28.07641428828480556 ) ) ;
#6277 = B_SPLINE_CURVE_WITH_KNOTS ( 'NONE', 3,
 ( #6086, #6226, #5670, #1111, #6296, #3397, #3503, #5143, #3957, #64, #4601, #7343, #5780, #2320, #2359, #1148, #694, #618, #2945 ),
 .UNSPECIFIED., .F., .F.,
 ( 4, 1, 1, 1, 1, 1, 1, 1, 1, 1, 1, 1, 1, 1, 1, 1, 4 ),
 ( 0.000000000000000000, 0.07166814967960498384, 0.1389132862742047114, 0.2011845700265588455, 0.2591244282905453833, 0.3122550414262356688, 0.3606815096231100748, 0.4050861433286445101, 0.4451016585907115464, 0.5187777804882600652, 0.5894615790331972915, 0.6584622419857166786, 0.7272832183683668461, 0.7963224869047191845, 0.8631748932078809888, 0.9309493809878558457, 1.000000000000000000 ),
 .UNSPECIFIED. ) ;
#6278 = EDGE_LOOP ( 'NONE', ( #6523, #4794 ) ) ;
#6279 = CARTESIAN_POINT ( 'NONE',  ( 174.3743714555274948, 12.99999999999999822, 30.19945250396719416 ) ) ;
#6280 = CARTESIAN_POINT ( 'NONE',  ( 78.04729552649608593, 13.00000000000000178, 56.20928373187776828 ) ) ;
#6281 = VERTEX_POINT ( 'NONE', #2203 ) ;
#6282 = ORIENTED_EDGE ( 'NONE', *, *, #1312, .T. ) ;
#6283 = LINE ( 'NONE', #678, #1104 ) ;
#6284 = CARTESIAN_POINT ( 'NONE',  ( 264.1272171776011533, 13.00000000000000178, 34.43061005958961118 ) ) ;
#6285 = CARTESIAN_POINT ( 'NONE',  ( 37.06408285531841074, 10.00000000000000355, 15.29675379394490520 ) ) ;
#6286 = CARTESIAN_POINT ( 'NONE',  ( 125.2775580052912545, 13.00000000000000178, 55.03414436465572379 ) ) ;
#6287 = CARTESIAN_POINT ( 'NONE',  ( 71.20294760243108101, 13.00000000000000178, 51.32296885885602933 ) ) ;
#6288 = PLANE ( 'NONE',  #2775 ) ;
#6289 = CARTESIAN_POINT ( 'NONE',  ( 229.0214509580465858, 13.00000000000000178, 23.47680081112143569 ) ) ;
#6290 = CARTESIAN_POINT ( 'NONE',  ( 108.0490270362396501, 13.00000000000000178, 52.60938074043662027 ) ) ;
#6291 = DIRECTION ( 'NONE',  ( -0.000000000000000000, -1.000000000000000000, -0.000000000000000000 ) ) ;
#6292 = CARTESIAN_POINT ( 'NONE',  ( 159.2947933516091155, 9.999999999999996447, 52.20036783345464215 ) ) ;
#6293 = ADVANCED_FACE ( 'NONE', ( #5659 ), #1685, .T. ) ;
#6294 = CARTESIAN_POINT ( 'NONE',  ( 296.5030604351463808, 0.000000000000000000, 91.13552925583975650 ) ) ;
#6295 = FACE_OUTER_BOUND ( 'NONE', #930, .T. ) ;
#6296 = CARTESIAN_POINT ( 'NONE',  ( 38.92508715617292836, 10.00000000000000000, 30.24787815670686442 ) ) ;
#6297 = CARTESIAN_POINT ( 'NONE',  ( 263.5129453464281823, 9.999999999999996447, 39.28512083444119440 ) ) ;
#6298 = VECTOR ( 'NONE', #1311, 1000.000000000000000 ) ;
#6299 = CARTESIAN_POINT ( 'NONE',  ( 266.0954375132514542, 9.999999999999994671, 52.19949181695633200 ) ) ;
#6300 = CARTESIAN_POINT ( 'NONE',  ( 47.28616445423048020, 10.00000000000000000, 55.67865516955451000 ) ) ;
#6301 = EDGE_CURVE ( 'NONE', #5607, #2270, #4134, .T. ) ;
#6302 = CARTESIAN_POINT ( 'NONE',  ( 230.4643351058429346, 10.00000000000000000, 55.60238027904905067 ) ) ;
#6303 = CARTESIAN_POINT ( 'NONE',  ( 129.6469948906675427, 13.00000000000000178, 26.02025264189557774 ) ) ;
#6304 = ORIENTED_EDGE ( 'NONE', *, *, #4954, .F. ) ;
#6305 = DIRECTION ( 'NONE',  ( -0.000000000000000000, -1.000000000000000000, -0.000000000000000000 ) ) ;
#6306 = CARTESIAN_POINT ( 'NONE',  ( 73.65673835646992984, 12.99999999999999822, 26.47868540446016539 ) ) ;
#6308 = VECTOR ( 'NONE', #7117, 1000.000000000000000 ) ;
#6307 = CARTESIAN_POINT ( 'NONE',  ( 170.9323537451313655, 13.00000000000000178, 52.38354303117320399 ) ) ;
#6309 = CARTESIAN_POINT ( 'NONE',  ( 60.94245507957503349, 10.00000000000000178, 31.60074629319679929 ) ) ;
#6310 = ORIENTED_EDGE ( 'NONE', *, *, #1463, .F. ) ;
#6311 = EDGE_CURVE ( 'NONE', #4754, #4131, #3878, .T. ) ;
#6312 = CARTESIAN_POINT ( 'NONE',  ( 272.0961087199938220, 13.00000000000000178, 54.15141535856031396 ) ) ;
#6313 = CARTESIAN_POINT ( 'NONE',  ( 142.8696951114779665, 9.999999999999996447, 39.88320673285893747 ) ) ;
#6314 = CARTESIAN_POINT ( 'NONE',  ( 32.43940964653817360, 13.00000000000000178, 10.67865516955451355 ) ) ;
#6315 = VERTEX_POINT ( 'NONE', #3421 ) ;
#6316 = CARTESIAN_POINT ( 'NONE',  ( 258.2416933003842701, 13.00000000000000178, 30.84391959263143335 ) ) ;
#6317 = ORIENTED_EDGE ( 'NONE', *, *, #6767, .T. ) ;
#6318 = CARTESIAN_POINT ( 'NONE',  ( 203.4479491197367054, 13.00000000000000178, 12.65451322681737700 ) ) ;
#6319 = DIRECTION ( 'NONE',  ( -1.000000000000000000, 0.000000000000000000, -0.000000000000000000 ) ) ;
#6320 = EDGE_CURVE ( 'NONE', #1298, #4851, #5693, .T. ) ;
#6321 = CARTESIAN_POINT ( 'NONE',  ( 207.1659721465381381, 10.00000000000000355, 15.87096286186220873 ) ) ;
#6322 = CARTESIAN_POINT ( 'NONE',  ( 49.18580959111823603, 13.00000000000000533, 15.25257739233155441 ) ) ;
#6323 = CARTESIAN_POINT ( 'NONE',  ( 92.63584802091580173, 13.00000000000000533, 34.51639376932215697 ) ) ;
#6324 = CARTESIAN_POINT ( 'NONE',  ( 107.4950874483106134, 13.00000000000000533, 46.51881670650020340 ) ) ;
#6325 = DIRECTION ( 'NONE',  ( 1.000000000000000000, 0.000000000000000000, 0.000000000000000000 ) ) ;
#6326 = CARTESIAN_POINT ( 'NONE',  ( 176.8955394542304589, 13.00000000000000178, 39.32649170801605010 ) ) ;
#6327 = DIRECTION ( 'NONE',  ( -0.000000000000000000, -1.000000000000000000, -0.000000000000000000 ) ) ;
#6328 = CARTESIAN_POINT ( 'NONE',  ( 35.90996253115355330, 13.00000000000000178, 15.29403978493913030 ) ) ;
#6329 = B_SPLINE_SURFACE_WITH_KNOTS ( 'NONE', 3, 1, ( 
 ( #6943, #5842 ),
 ( #3530, #2273 ),
 ( #5728, #5203 ),
 ( #2895, #1205 ),
 ( #5244, #6908 ),
 ( #90, #125 ),
 ( #1863, #3420 ),
 ( #2966, #4054 ),
 ( #5164, #4583 ),
 ( #3570, #6250 ),
 ( #2345, #4548 ),
 ( #2385, #4622 ),
 ( #641, #1824 ),
 ( #5692, #6393 ),
 ( #5093, #4659 ),
 ( #164, #6837 ),
 ( #6872, #6798 ),
 ( #6358, #18 ),
 ( #1278, #1718 ) ),
 .UNSPECIFIED., .F., .F., .F.,
 ( 4, 1, 1, 1, 1, 1, 1, 1, 1, 1, 1, 1, 1, 1, 1, 1, 4 ),
 ( 2, 2 ),
 ( 0.000000000000000000, 0.06384589973478732583, 0.1260436278408440525, 0.1871653577195674933, 0.2473992895212634435, 0.3083800306041640793, 0.3697796166640497373, 0.4325839246869351284, 0.4976407859952571289, 0.5624011369620618428, 0.6255571033330410424, 0.6873320046201729649, 0.7483127457030734897, 0.8097910391226145199, 0.8717675719729280903, 0.9348361909503147826, 1.000000000000000000 ),
 ( 0.000000000000000000, 1.000000000000000000 ),
 .UNSPECIFIED. ) ;
#6330 = PLANE ( 'NONE',  #1966 ) ;
#6331 = CARTESIAN_POINT ( 'NONE',  ( 51.64749098323243715, 12.99999999999999822, 24.48246776651973278 ) ) ;
#6332 = CARTESIAN_POINT ( 'NONE',  ( 235.9670538773073645, 13.00000000000000178, 26.25557824647759020 ) ) ;
#6333 = CARTESIAN_POINT ( 'NONE',  ( 159.2947933516091155, 10.00000000000000000, 52.20036783345464215 ) ) ;
#6334 = CARTESIAN_POINT ( 'NONE',  ( 261.9231862620947595, 13.00000000000000178, 38.15909079819892469 ) ) ;
#6335 = CARTESIAN_POINT ( 'NONE',  ( 39.85132539826116727, 12.99999999999999822, 30.15852942837732797 ) ) ;
#6336 = CARTESIAN_POINT ( 'NONE',  ( 36.30362231142861873, 10.00000000000000178, 15.29496550833773227 ) ) ;
#6337 = LINE ( 'NONE', #6780, #3385 ) ;
#6338 = CARTESIAN_POINT ( 'NONE',  ( 32.43940964653816650, 13.00000000000000178, 10.67865516955451177 ) ) ;
#6339 = CARTESIAN_POINT ( 'NONE',  ( 199.9999999999999432, 10.00000000000000000, 97.93724644492834841 ) ) ;
#6340 = CARTESIAN_POINT ( 'NONE',  ( 123.6802667336064019, 13.00000000000000178, 27.18423319316368136 ) ) ;
#6341 = ORIENTED_EDGE ( 'NONE', *, *, #6320, .F. ) ;
#6342 = CARTESIAN_POINT ( 'NONE',  ( 133.9762669757442097, 13.00000000000000178, 47.29729636901898715 ) ) ;
#6343 = EDGE_CURVE ( 'NONE', #4131, #6384, #2861, .T. ) ;
#6344 = ORIENTED_EDGE ( 'NONE', *, *, #3136, .F. ) ;
#6345 = PERSON_AND_ORGANIZATION ( #371, #368 ) ;
#6346 = CARTESIAN_POINT ( 'NONE',  ( 176.8955394542304589, 13.00000000000000178, 39.32649170801605010 ) ) ;
#6347 = DIRECTION ( 'NONE',  ( 0.000000000000000000, -0.000000000000000000, 1.000000000000000000 ) ) ;
#6348 = ORIENTED_EDGE ( 'NONE', *, *, #4627, .F. ) ;
#6349 = FACE_BOUND ( 'NONE', #6969, .T. ) ;
#6350 = CARTESIAN_POINT ( 'NONE',  ( 43.03285016560958098, 10.00000000000000000, 34.10007244458153508 ) ) ;
#6351 = CARTESIAN_POINT ( 'NONE',  ( 34.19427172697214701, 13.00000000000000178, 10.68449653366641527 ) ) ;
#6352 = ADVANCED_FACE ( 'NONE', ( #2307 ), #4623, .T. ) ;
#6353 = CARTESIAN_POINT ( 'NONE',  ( 166.6666666666666288, 20.00000000000000000, 96.43724644492834841 ) ) ;
#6354 = ORIENTED_EDGE ( 'NONE', *, *, #7084, .T. ) ;
#6355 = CIRCLE ( 'NONE', #3143, 1.500000000000001332 ) ;
#6356 = ORIENTED_EDGE ( 'NONE', *, *, #2121, .F. ) ;
#6357 = CARTESIAN_POINT ( 'NONE',  ( 204.5221390929668246, 13.00000000000000178, 14.87100123842479782 ) ) ;
#6358 = CARTESIAN_POINT ( 'NONE',  ( 63.25401815838782227, 13.00000000000000178, 38.90819761102306273 ) ) ;
#6359 = AXIS2_PLACEMENT_3D ( 'NONE', #7336, #5134, #609 ) ;
#6360 = CARTESIAN_POINT ( 'NONE',  ( 169.9288899515292712, 9.999999999999998224, 31.04365736471353898 ) ) ;
#6361 = VECTOR ( 'NONE', #5065, 1000.000000000000000 ) ;
#6362 = DIRECTION ( 'NONE',  ( 1.000000000000000000, 0.000000000000000000, -0.000000000000000000 ) ) ;
#6363 = CARTESIAN_POINT ( 'NONE',  ( 231.7183546270957208, 13.00000000000000178, 26.76717380757540354 ) ) ;
#6364 = CARTESIAN_POINT ( 'NONE',  ( 159.8943375311535249, 9.999999999999996447, 56.25557824647759020 ) ) ;
#6365 = DIRECTION ( 'NONE',  ( 0.9999706738812844664, 0.000000000000000000, 0.007658418727755816717 ) ) ;
#6366 = ORIENTED_EDGE ( 'NONE', *, *, #5676, .F. ) ;
#6367 = CARTESIAN_POINT ( 'NONE',  ( 111.2037623907374950, 12.99999999999999822, 54.69847879739970864 ) ) ;
#6368 = VECTOR ( 'NONE', #1604, 1000.000000000000000 ) ;
#6369 = DIRECTION ( 'NONE',  ( 0.000000000000000000, 0.000000000000000000, 1.000000000000000000 ) ) ;
#6370 = CARTESIAN_POINT ( 'NONE',  ( 262.2801548388458173, 13.00000000000000178, 30.68165997724681660 ) ) ;
#6371 = CARTESIAN_POINT ( 'NONE',  ( 161.6056196624022903, 9.999999999999998224, 52.16701580221901224 ) ) ;
#6372 = CARTESIAN_POINT ( 'NONE',  ( 261.8459543756197263, 13.00000000000000178, 23.59655316437897454 ) ) ;
#6373 = CARTESIAN_POINT ( 'NONE',  ( 220.7403603467950859, 12.99999999999999822, 48.82627331130746029 ) ) ;
#6374 = CARTESIAN_POINT ( 'NONE',  ( 263.5129453464281823, 12.99999999999999822, 39.28512083444119440 ) ) ;
#6375 = CARTESIAN_POINT ( 'NONE',  ( 267.9478933729419055, 9.999999999999998224, 51.85240741024863098 ) ) ;
#6376 = CARTESIAN_POINT ( 'NONE',  ( 120.3804970088778532, 9.999999999999998224, 26.31530617099733149 ) ) ;
#6377 = CARTESIAN_POINT ( 'NONE',  ( 265.7274799021346894, 13.00000000000000178, 40.56601720523219257 ) ) ;
#6378 = CARTESIAN_POINT ( 'NONE',  ( 233.3333333333332860, 20.00000000000000000, 96.43724644492834841 ) ) ;
#6379 = VERTEX_POINT ( 'NONE', #1789 ) ;
#6380 = LINE ( 'NONE', #5902, #2326 ) ;
#6381 = EDGE_LOOP ( 'NONE', ( #1084, #3364, #4726, #347 ) ) ;
#6382 = APPROVAL_STATUS ( 'not_yet_approved' ) ;
#6383 = DIRECTION ( 'NONE',  ( -0.000000000000000000, -1.000000000000000000, -0.000000000000000000 ) ) ;
#6384 = VERTEX_POINT ( 'NONE', #3491 ) ;
#6385 = CC_DESIGN_PERSON_AND_ORGANIZATION_ASSIGNMENT ( #5233, #2523, ( #1890 ) ) ;
#6386 = CARTESIAN_POINT ( 'NONE',  ( 274.4793033004889367, 13.00000000000000178, 51.25679823516406941 ) ) ;
#6387 = CARTESIAN_POINT ( 'NONE',  ( 142.8946272786172926, 13.00000000000000178, 40.98330158503264897 ) ) ;
#6388 = ORIENTED_EDGE ( 'NONE', *, *, #4410, .T. ) ;
#6389 = CARTESIAN_POINT ( 'NONE',  ( 258.2837102480627323, 10.00000000000000000, 32.21742096289699475 ) ) ;
#6390 = EDGE_LOOP ( 'NONE', ( #6366, #1922, #5073, #4092 ) ) ;
#6391 = CARTESIAN_POINT ( 'NONE',  ( 271.5397821102559988, 9.999999999999998224, 28.91480035015274908 ) ) ;
#6392 = B_SPLINE_SURFACE_WITH_KNOTS ( 'NONE', 3, 1, ( 
 ( #3007, #6949 ),
 ( #4213, #209 ),
 ( #4176, #4140 ),
 ( #5284, #5881 ),
 ( #718, #1937 ),
 ( #129, #5957 ),
 ( #6989, #832 ),
 ( #6433, #754 ),
 ( #1867, #5808 ),
 ( #3047, #6398 ),
 ( #5327, #3574 ),
 ( #1352, #4775 ),
 ( #1980, #2465 ),
 ( #5920, #1283 ),
 ( #1902, #6466 ),
 ( #4099, #3609 ),
 ( #5846, #3651 ),
 ( #795, #245 ),
 ( #5250, #3084 ) ),
 .UNSPECIFIED., .F., .F., .F.,
 ( 4, 1, 1, 1, 1, 1, 1, 1, 1, 1, 1, 1, 1, 1, 1, 1, 4 ),
 ( 2, 2 ),
 ( 0.000000000000000000, 0.06564569989351910773, 0.1292115114517270458, 0.1912533534191533102, 0.2519584927837460464, 0.3125641358481264231, 0.3735621529251152428, 0.4352304980090151987, 0.4985361736141470934, 0.5619014030194714460, 0.6240980803890657791, 0.6850233969672184786, 0.7460507790253081417, 0.8075767540633218555, 0.8699430039935970305, 0.9339390434195647961, 0.9999999999999998890 ),
 ( 0.000000000000000000, 1.000000000000000000 ),
 .UNSPECIFIED. ) ;
#6393 = CARTESIAN_POINT ( 'NONE',  ( 64.17249168221790967, 10.00000000000000355, 34.30791858351527424 ) ) ;
#6394 = CARTESIAN_POINT ( 'NONE',  ( 262.2958361164197640, 13.00000000000000178, 30.39454091053102402 ) ) ;
#6395 = ADVANCED_FACE ( 'NONE', ( #6430 ), #2967, .T. ) ;
#6396 = CARTESIAN_POINT ( 'NONE',  ( 66.66666666666668561, 20.00000000000000000, 97.93724644492834841 ) ) ;
#6397 = CARTESIAN_POINT ( 'NONE',  ( 234.5025497116842246, 13.00000000000000178, 26.29592735769260869 ) ) ;
#6398 = CARTESIAN_POINT ( 'NONE',  ( 109.1646933383982656, 10.00000000000000000, 48.50034154866630587 ) ) ;
#6399 = CARTESIAN_POINT ( 'NONE',  ( 199.9999999999999432, 20.00000000000000000, 94.93724644492834841 ) ) ;
#6400 = CARTESIAN_POINT ( 'NONE',  ( 275.3951574842833452, 10.00000000000000178, 48.66237103988067503 ) ) ;
#6401 = VERTEX_POINT ( 'NONE', #1279 ) ;
#6402 = CARTESIAN_POINT ( 'NONE',  ( 235.9309961849996853, 10.00000000000000000, 56.25557824647759020 ) ) ;
#6403 = CARTESIAN_POINT ( 'NONE',  ( 268.6756971030876002, 12.99999999999999822, 26.73583078065466978 ) ) ;
#6404 = ADVANCED_FACE ( 'NONE', ( #5324 ), #6860, .T. ) ;
#6405 = CARTESIAN_POINT ( 'NONE',  ( 242.5598240180543712, 10.00000000000000000, 23.19617481080147670 ) ) ;
#6406 = CARTESIAN_POINT ( 'NONE',  ( 270.0743177426065245, 12.99999999999999822, 43.41940427758031973 ) ) ;
#6407 = LINE ( 'NONE', #3016, #5545 ) ;
#6408 = CARTESIAN_POINT ( 'NONE',  ( 159.8763086849996853, 13.00000000000000178, 26.25557824647759020 ) ) ;
#6409 = FACE_OUTER_BOUND ( 'NONE', #4533, .T. ) ;
#6410 = CARTESIAN_POINT ( 'NONE',  ( 271.1132230400869503, 13.00000000000000178, 48.94560872886750502 ) ) ;
#6411 = CARTESIAN_POINT ( 'NONE',  ( 159.8943375311535249, 9.999999999999996447, 56.25557824647759020 ) ) ;
#6412 = CARTESIAN_POINT ( 'NONE',  ( 217.9013192128259107, 9.999999999999996447, 41.20663622000718362 ) ) ;
#6413 = CARTESIAN_POINT ( 'NONE',  ( 258.2620036164829003, 12.99999999999999822, 29.94567267777109620 ) ) ;
#6414 = EDGE_LOOP ( 'NONE', ( #756, #5913, #2198, #3291 ) ) ;
#6415 = AXIS2_PLACEMENT_3D ( 'NONE', #2931, #5763, #4695 ) ;
#6416 = CARTESIAN_POINT ( 'NONE',  ( 59.20323176192278680, 10.00000000000000000, 39.32649170801605010 ) ) ;
#6417 = ORIENTED_EDGE ( 'NONE', *, *, #2414, .F. ) ;
#6418 = DIRECTION ( 'NONE',  ( 1.000000000000000000, 0.000000000000000000, 0.000000000000000000 ) ) ;
#6419 = CARTESIAN_POINT ( 'NONE',  ( 146.8955394542304589, 9.999999999999996447, 39.35353497724682370 ) ) ;
#6420 = ORIENTED_EDGE ( 'NONE', *, *, #4677, .F. ) ;
#6421 = CARTESIAN_POINT ( 'NONE',  ( 274.8802452378235444, 10.00000000000000000, 50.43446901151133233 ) ) ;
#6422 = CARTESIAN_POINT ( 'NONE',  ( 235.9309961849996853, 13.00000000000000178, 56.25557824647759020 ) ) ;
#6423 = CIRCLE ( 'NONE', #510, 1.650000000000000355 ) ;
#6424 = CARTESIAN_POINT ( 'NONE',  ( 135.9340009926920061, 13.00000000000000178, 39.29944843878528360 ) ) ;
#6425 = ORIENTED_EDGE ( 'NONE', *, *, #2858, .T. ) ;
#6426 = ORIENTED_EDGE ( 'NONE', *, *, #5391, .F. ) ;
#6427 = PLANE ( 'NONE',  #969 ) ;
#6428 = B_SPLINE_CURVE_WITH_KNOTS ( 'NONE', 3,
 ( #4055, #4771, #1314, #829, #4660, #751, #3571, #3081, #6360, #5204, #5843, #2536, #7022, #4210, #3531, #6463, #1898, #5245, #3004 ),
 .UNSPECIFIED., .F., .F.,
 ( 4, 1, 1, 1, 1, 1, 1, 1, 1, 1, 1, 1, 1, 1, 1, 1, 4 ),
 ( 0.000000000000000000, 0.06518479598607235248, 0.1282737271139272328, 0.1902702203927575664, 0.2517683137756830392, 0.3127686945781245620, 0.3747932794097872389, 0.4379695860627115245, 0.5030473998633705479, 0.5681252136640309036, 0.6309497487122626147, 0.6923691093867017088, 0.7529731677502620180, 0.8136410669177471799, 0.8743552086918136013, 0.9365729684654825471, 1.000000000000000000 ),
 .UNSPECIFIED. ) ;
#6429 = CARTESIAN_POINT ( 'NONE',  ( 265.7741332008721997, 13.00000000000000178, 35.68432051450409404 ) ) ;
#6430 = FACE_OUTER_BOUND ( 'NONE', #4777, .T. ) ;
#6431 = DIRECTION ( 'NONE',  ( 0.000000000000000000, -0.000000000000000000, 1.000000000000000000 ) ) ;
#6432 = CARTESIAN_POINT ( 'NONE',  ( 235.4738672884443815, 13.00000000000000178, 26.26916621774520877 ) ) ;
#6433 = CARTESIAN_POINT ( 'NONE',  ( 107.4950874483106134, 13.00000000000000533, 46.51881670650020340 ) ) ;
#6434 = CARTESIAN_POINT ( 'NONE',  ( 89.20323176192279391, 13.00000000000000178, 39.35353497724683081 ) ) ;
#6435 = ORIENTED_EDGE ( 'NONE', *, *, #492, .F. ) ;
#6436 = EDGE_CURVE ( 'NONE', #1464, #1705, #6428, .T. ) ;
#6437 = CARTESIAN_POINT ( 'NONE',  ( 93.22907610629701480, 13.00000000000000178, 39.88320673530081706 ) ) ;
#6438 = DIRECTION ( 'NONE',  ( 0.000000000000000000, 1.000000000000000000, 0.000000000000000000 ) ) ;
#6439 = LINE ( 'NONE', #4819, #3977 ) ;
#6440 = CARTESIAN_POINT ( 'NONE',  ( 171.1405086526396246, 10.00000000000000178, 45.90346757233245256 ) ) ;
#6441 = CARTESIAN_POINT ( 'NONE',  ( 142.8570779157689685, 13.00000000000000178, 39.32649170801605720 ) ) ;
#6442 = CARTESIAN_POINT ( 'NONE',  ( 235.2931419662139945, 13.00000000000000178, 56.24411893476267466 ) ) ;
#6443 = DIRECTION ( 'NONE',  ( -0.000000000000000000, -1.000000000000000000, -0.000000000000000000 ) ) ;
#6444 = EDGE_CURVE ( 'NONE', #7161, #3816, #2682, .T. ) ;
#6445 = CARTESIAN_POINT ( 'NONE',  ( 143.1099493841728076, 10.00000000000000178, 36.07989587861327863 ) ) ;
#6446 = CARTESIAN_POINT ( 'NONE',  ( 258.2559080887428422, 13.00000000000000178, 31.30858997844741864 ) ) ;
#6447 = CARTESIAN_POINT ( 'NONE',  ( 86.54380186426011790, 10.00000000000000355, 47.32492151431059568 ) ) ;
#6448 = VERTEX_POINT ( 'NONE', #6321 ) ;
#6449 = B_SPLINE_SURFACE_WITH_KNOTS ( 'NONE', 3, 1, ( 
 ( #2743, #7165 ),
 ( #7237, #3744 ),
 ( #7274, #967 ),
 ( #2070, #2147 ),
 ( #2283, #4874 ),
 ( #7127, #2037 ),
 ( #4312, #4350 ),
 ( #6599, #6017 ),
 ( #1518, #3782 ),
 ( #3217, #3462 ),
 ( #4104, #1213 ) ),
 .UNSPECIFIED., .F., .F., .F.,
 ( 4, 1, 1, 1, 1, 1, 1, 1, 4 ),
 ( 2, 2 ),
 ( 0.000000000000000000, 0.1318667517023319469, 0.2566614034533629685, 0.3842132129425019360, 0.5133652331525840884, 0.6404431518253903555, 0.7610850047778827676, 0.8791455246531608703, 1.000000000000000000 ),
 ( 0.000000000000000000, 1.000000000000000000 ),
 .UNSPECIFIED. ) ;
#6450 = CARTESIAN_POINT ( 'NONE',  ( 60.94245507957503349, 10.00000000000000000, 31.60074629319679929 ) ) ;
#6451 = ADVANCED_FACE ( 'NONE', ( #6985 ), #5738, .T. ) ;
#6452 = EDGE_LOOP ( 'NONE', ( #3380, #2376, #5724, #4618 ) ) ;
#6453 = CARTESIAN_POINT ( 'NONE',  ( 64.72329372570555961, 12.99999999999999822, 33.17324729743000944 ) ) ;
#6454 = CARTESIAN_POINT ( 'NONE',  ( 153.7875451755707559, 13.00000000000000533, 27.73419130896918006 ) ) ;
#6455 = VERTEX_POINT ( 'NONE', #26 ) ;
#6456 = CARTESIAN_POINT ( 'NONE',  ( 267.8835081147031474, 9.999999999999996447, 56.10048654366762833 ) ) ;
#6457 = CARTESIAN_POINT ( 'NONE',  ( 37.13676812629830692, 9.999999999999998224, 34.89302946121215854 ) ) ;
#6458 = ORIENTED_EDGE ( 'NONE', *, *, #7084, .F. ) ;
#6459 = DIRECTION ( 'NONE',  ( -3.628374251213067557E-16, 1.000000000000000000, 1.090035865784426850E-13 ) ) ;
#6460 = ORIENTED_EDGE ( 'NONE', *, *, #869, .F. ) ;
#6461 = FACE_OUTER_BOUND ( 'NONE', #6541, .T. ) ;
#6462 = DIRECTION ( 'NONE',  ( 0.000000000000000000, 1.000000000000000000, 0.000000000000000000 ) ) ;
#6463 = CARTESIAN_POINT ( 'NONE',  ( 162.4304911582253794, 9.999999999999998224, 26.47698183340407141 ) ) ;
#6464 = DIRECTION ( 'NONE',  ( 0.000000000000000000, 0.000000000000000000, -1.000000000000000000 ) ) ;
#6465 = CARTESIAN_POINT ( 'NONE',  ( 148.6019753026347416, 13.00000000000000178, 26.36592293333921688 ) ) ;
#6466 = CARTESIAN_POINT ( 'NONE',  ( 114.6586108007461746, 10.00000000000000000, 51.72071116967914861 ) ) ;
#6467 = AXIS2_PLACEMENT_3D ( 'NONE', #6680, #3973, #6171 ) ;
#6468 = CARTESIAN_POINT ( 'NONE',  ( 66.66666666666668561, 20.00000000000000000, 96.43724644492834841 ) ) ;
#6469 = VERTEX_POINT ( 'NONE', #3993 ) ;
#6470 = CARTESIAN_POINT ( 'NONE',  ( 63.63681007277763513, 9.999999999999996447, 42.75280354557251883 ) ) ;
#6471 = VECTOR ( 'NONE', #1250, 1000.000000000000000 ) ;
#6472 = CARTESIAN_POINT ( 'NONE',  ( 159.8943375311535249, 13.00000000000000178, 56.25557824647759020 ) ) ;
#6473 = VECTOR ( 'NONE', #3300, 1000.000000000000000 ) ;
#6474 = CARTESIAN_POINT ( 'NONE',  ( 100.0000000000000142, 20.00000000000000000, 96.43724644492834841 ) ) ;
#6475 = CARTESIAN_POINT ( 'NONE',  ( 246.5985363273537416, 13.00000000000000178, 25.04080161315634001 ) ) ;
#6476 = CARTESIAN_POINT ( 'NONE',  ( 171.9061096303393867, 10.00000000000000000, 44.36981161685031338 ) ) ;
#6477 = EDGE_CURVE ( 'NONE', #1341, #965, #5459, .T. ) ;
#6478 = CARTESIAN_POINT ( 'NONE',  ( 52.28015483884585279, 13.00000000000000178, 55.67865516955451000 ) ) ;
#6479 = CARTESIAN_POINT ( 'NONE',  ( 0.000000000000000000, 13.00000000000000178, 0.000000000000000000 ) ) ;
#6480 = CARTESIAN_POINT ( 'NONE',  ( 193.0493856080766193, 13.00000000000000178, 9.524809015708360249 ) ) ;
#6481 = VECTOR ( 'NONE', #1938, 1000.000000000000000 ) ;
#6482 = CARTESIAN_POINT ( 'NONE',  ( 145.3723749355607140, 9.999999999999998224, 30.21982703765839418 ) ) ;
#6483 = CARTESIAN_POINT ( 'NONE',  ( 210.8925821990177099, 13.00000000000000178, 13.10347703733617841 ) ) ;
#6484 = CIRCLE ( 'NONE', #6839, 1.650000000000000355 ) ;
#6485 = CARTESIAN_POINT ( 'NONE',  ( 259.0476973630586031, 13.00000000000000178, 34.78570640082932641 ) ) ;
#6486 = EDGE_CURVE ( 'NONE', #4461, #6281, #4485, .T. ) ;
#6487 = CARTESIAN_POINT ( 'NONE',  ( 237.7613811538903121, 10.00000000000000533, 52.16757358478884044 ) ) ;
#6488 = CARTESIAN_POINT ( 'NONE',  ( 244.2208578653574023, 12.99999999999999467, 28.48231285482656716 ) ) ;
#6489 = DIRECTION ( 'NONE',  ( 0.000000000000000000, 4.155770843005473360E-14, 1.000000000000000000 ) ) ;
#6490 = ORIENTED_EDGE ( 'NONE', *, *, #97, .T. ) ;
#6491 = CARTESIAN_POINT ( 'NONE',  ( 169.0286698256967952, 10.00000000000000355, 30.07482484030007086 ) ) ;
#6492 = SHAPE_DEFINITION_REPRESENTATION ( #4042, #3629 ) ;
#6493 = CARTESIAN_POINT ( 'NONE',  ( 149.0383198186070501, 9.999999999999992895, 32.08673713101787683 ) ) ;
#6494 = ORIENTED_EDGE ( 'NONE', *, *, #4906, .F. ) ;
#6495 = ADVANCED_FACE ( 'NONE', ( #1107 ), #7302, .F. ) ;
#6496 = CARTESIAN_POINT ( 'NONE',  ( 265.1473342709342660, 10.00000000000000355, 35.25191261899429662 ) ) ;
#6497 = ORIENTED_EDGE ( 'NONE', *, *, #5856, .T. ) ;
#6498 = CARTESIAN_POINT ( 'NONE',  ( 113.1264005353043558, 13.00000000000000533, 23.10395399350282375 ) ) ;
#6499 = ORIENTED_EDGE ( 'NONE', *, *, #5452, .T. ) ;
#6500 = CARTESIAN_POINT ( 'NONE',  ( 203.4755229162111902, 10.00000000000000000, 13.10338393650626010 ) ) ;
#6501 = ORIENTED_EDGE ( 'NONE', *, *, #2053, .F. ) ;
#6502 = CARTESIAN_POINT ( 'NONE',  ( 46.40369510248755347, 10.00000000000000000, 32.68987437362772397 ) ) ;
#6503 = CARTESIAN_POINT ( 'NONE',  ( 232.2052510873186293, 13.00000000000000178, 51.83375009761790153 ) ) ;
#6504 = CARTESIAN_POINT ( 'NONE',  ( 153.3350953831264576, 9.999999999999996447, 50.60091485706211500 ) ) ;
#6505 = CARTESIAN_POINT ( 'NONE',  ( 262.2801548388458173, 13.00000000000000178, 30.68165997724681660 ) ) ;
#6506 = CARTESIAN_POINT ( 'NONE',  ( 70.92991914362805517, 10.00000000000000178, 22.94896581885100062 ) ) ;
#6507 = CARTESIAN_POINT ( 'NONE',  ( 210.8936700793861121, 10.00000000000000000, 11.73640158686757395 ) ) ;
#6508 = CARTESIAN_POINT ( 'NONE',  ( 250.7180416316992648, 10.00000000000000000, 49.54738520409396330 ) ) ;
#6509 = ORIENTED_EDGE ( 'NONE', *, *, #4093, .T. ) ;
#6510 = CARTESIAN_POINT ( 'NONE',  ( 169.0951658749542332, 12.99999999999999822, 48.60309960312774535 ) ) ;
#6511 = LINE ( 'NONE', #4779, #2264 ) ;
#6512 = B_SPLINE_SURFACE_WITH_KNOTS ( 'NONE', 3, 1, ( 
 ( #4864, #5414 ),
 ( #6520, #1955 ),
 ( #6483, #2029 ),
 ( #1407, #1442 ),
 ( #5934, #5970 ),
 ( #844, #3553 ),
 ( #5376, #885 ),
 ( #5824, #732 ),
 ( #5263, #184 ),
 ( #6965, #770 ),
 ( #6628, #3847 ) ),
 .UNSPECIFIED., .F., .F., .F.,
 ( 4, 1, 1, 1, 1, 1, 1, 1, 4 ),
 ( 2, 2 ),
 ( 0.000000000000000000, 0.1201621349925903887, 0.2375463202768770266, 0.3574970509273563413, 0.4849171224652675249, 0.6133292680851244461, 0.7401503701286907821, 0.8673012545632607928, 1.000000000000000000 ),
 ( 0.000000000000000000, 1.000000000000000000 ),
 .UNSPECIFIED. ) ;
#6513 = CARTESIAN_POINT ( 'NONE',  ( 176.8579900962084537, 13.00000000000000178, 40.98330159229981717 ) ) ;
#6514 = CARTESIAN_POINT ( 'NONE',  ( 172.4613222248009663, 10.00000000000000000, 42.75250554432709293 ) ) ;
#6515 = CARTESIAN_POINT ( 'NONE',  ( 272.8893095844219943, 13.00000000000000178, 24.85803738660894524 ) ) ;
#6516 = FACE_OUTER_BOUND ( 'NONE', #4573, .T. ) ;
#6517 = CARTESIAN_POINT ( 'NONE',  ( 172.3366914462222610, 10.00000000000000000, 35.50213883103626245 ) ) ;
#6518 = CARTESIAN_POINT ( 'NONE',  ( 259.7471019542304589, 10.00000000000000000, 35.91002536186220340 ) ) ;
#6519 = ADVANCED_FACE ( 'NONE', ( #5067 ), #4148, .T. ) ;
#6520 = CARTESIAN_POINT ( 'NONE',  ( 210.9200875092296883, 13.00000000000000178, 12.65454450143313636 ) ) ;
#6521 = CARTESIAN_POINT ( 'NONE',  ( 269.1686978408969821, 9.999999999999996447, 42.66002056024557021 ) ) ;
#6522 = CARTESIAN_POINT ( 'NONE',  ( 260.5859361830338798, 13.00000000000000178, 24.66765543367463920 ) ) ;
#6523 = ORIENTED_EDGE ( 'NONE', *, *, #2555, .T. ) ;
#6524 = ORIENTED_EDGE ( 'NONE', *, *, #5592, .T. ) ;
#6525 = CARTESIAN_POINT ( 'NONE',  ( 159.8763086849996853, 10.00000000000000355, 26.25557824647759020 ) ) ;
#6526 = EDGE_CURVE ( 'NONE', #5794, #1645, #2660, .T. ) ;
#6527 = LINE ( 'NONE', #705, #4768 ) ;
#6528 = CIRCLE ( 'NONE', #6645, 1.500000000000001332 ) ;
#6529 = CARTESIAN_POINT ( 'NONE',  ( 264.1272171776011533, 10.00000000000000178, 34.43061005958961118 ) ) ;
#6530 = ORIENTED_EDGE ( 'NONE', *, *, #4139, .F. ) ;
#6531 = CARTESIAN_POINT ( 'NONE',  ( 63.24169330038431269, 10.00000000000000000, 39.35353497724682370 ) ) ;
#6532 = VERTEX_POINT ( 'NONE', #7266 ) ;
#6533 = CARTESIAN_POINT ( 'NONE',  ( 269.1202166154707811, 13.00000000000000178, 37.62948183099720723 ) ) ;
#6534 = ORIENTED_EDGE ( 'NONE', *, *, #383, .F. ) ;
#6535 = CARTESIAN_POINT ( 'NONE',  ( 37.13676812629830692, 12.99999999999999822, 34.89302946121215854 ) ) ;
#6536 = DIRECTION ( 'NONE',  ( 0.000000000000000000, 1.000000000000000000, 0.000000000000000000 ) ) ;
#6537 = CARTESIAN_POINT ( 'NONE',  ( 209.8362344528934216, 13.00000000000000178, 9.950942365596013417 ) ) ;
#6538 = CARTESIAN_POINT ( 'NONE',  ( 63.71044330038431980, 10.00000000000000355, 27.66182824647758665 ) ) ;
#6539 = CARTESIAN_POINT ( 'NONE',  ( 264.8482262384876549, 13.00000000000000178, 52.18665365117152533 ) ) ;
#6540 = CARTESIAN_POINT ( 'NONE',  ( 232.5067568425311890, 9.999999999999998224, 22.51535757367995316 ) ) ;
#6541 = EDGE_LOOP ( 'NONE', ( #6639, #149, #7244, #5427, #308, #5228, #4319, #5268, #5278 ) ) ;
#6542 = ORIENTED_EDGE ( 'NONE', *, *, #1312, .F. ) ;
#6543 = EDGE_CURVE ( 'NONE', #1516, #5197, #1823, .T. ) ;
#6544 = CARTESIAN_POINT ( 'NONE',  ( 69.68124922928032561, 13.00000000000000178, 50.60091485706210790 ) ) ;
#6545 = DIRECTION ( 'NONE',  ( -0.000000000000000000, -1.000000000000000000, -0.000000000000000000 ) ) ;
#6546 = VECTOR ( 'NONE', #6144, 1000.000000000000000 ) ;
#6547 = CARTESIAN_POINT ( 'NONE',  ( 203.4744383486179231, 13.00000000000000178, 11.73649776086060470 ) ) ;
#6548 = CARTESIAN_POINT ( 'NONE',  ( 142.9001142675031417, 10.00000000000000000, 37.68610094412793643 ) ) ;
#6549 = DIRECTION ( 'NONE',  ( -0.000000000000000000, -1.000000000000000000, -0.000000000000000000 ) ) ;
#6550 = CARTESIAN_POINT ( 'NONE',  ( 172.8570779157689401, 13.00000000000000178, 39.35353497724682370 ) ) ;
#6551 = FACE_OUTER_BOUND ( 'NONE', #736, .T. ) ;
#6552 = CARTESIAN_POINT ( 'NONE',  ( 268.0944577234612325, 13.00000000000000178, 37.05485709263143690 ) ) ;
#6553 = CARTESIAN_POINT ( 'NONE',  ( 101.3186163773073929, 13.00000000000000178, 9.524809015708360249 ) ) ;
#6554 = DIRECTION ( 'NONE',  ( 0.000000000000000000, -0.000000000000000000, 1.000000000000000000 ) ) ;
#6555 = CARTESIAN_POINT ( 'NONE',  ( 274.7170418432817200, 10.00000000000000000, 42.81076168300216978 ) ) ;
#6556 = CARTESIAN_POINT ( 'NONE',  ( 246.8379376583712599, 10.00000000000000000, 30.65744539108066391 ) ) ;
#6557 = LINE ( 'NONE', #4231, #4710 ) ;
#6558 = VERTEX_POINT ( 'NONE', #3810 ) ;
#6559 = ORIENTED_EDGE ( 'NONE', *, *, #2512, .T. ) ;
#6560 = DIRECTION ( 'NONE',  ( 0.000000000000000000, 0.000000000000000000, 1.000000000000000000 ) ) ;
#6561 = CARTESIAN_POINT ( 'NONE',  ( 47.64966138879052693, 13.00000000000000178, 23.07489736494541077 ) ) ;
#6562 = CARTESIAN_POINT ( 'NONE',  ( 266.6666666666666856, 10.00000000000000000, 96.43724644492834841 ) ) ;
#6563 = EDGE_CURVE ( 'NONE', #5502, #6234, #3627, .T. ) ;
#6564 = ORIENTED_EDGE ( 'NONE', *, *, #6301, .F. ) ;
#6565 = CARTESIAN_POINT ( 'NONE',  ( 148.8204670421877438, 13.00000000000000178, 52.38323673833290428 ) ) ;
#6566 = VERTEX_POINT ( 'NONE', #5601 ) ;
#6567 = CARTESIAN_POINT ( 'NONE',  ( 273.0537545244974922, 13.00000000000000178, 40.52065502565540100 ) ) ;
#6568 = CARTESIAN_POINT ( 'NONE',  ( 100.0000000000000142, 10.00000000000000000, 96.43724644492834841 ) ) ;
#6569 = B_SPLINE_SURFACE_WITH_KNOTS ( 'NONE', 3, 1, ( 
 ( #3565, #1380 ),
 ( #159, #5910 ),
 ( #3037, #5838 ),
 ( #1344, #3600 ),
 ( #5317, #624 ),
 ( #2811, #1256 ),
 ( #5184, #1700 ),
 ( #3437, #5785 ),
 ( #3511, #2405 ),
 ( #107, #6196 ),
 ( #35, #698 ),
 ( #5709, #3404 ),
 ( #2876, #4566 ),
 ( #5745, #4607 ),
 ( #4001, #2292 ) ),
 .UNSPECIFIED., .F., .F., .F.,
 ( 4, 1, 1, 1, 1, 1, 1, 1, 1, 1, 1, 1, 4 ),
 ( 2, 2 ),
 ( 0.000000000000000000, 0.08052524235254079898, 0.1599654769449858072, 0.2403213612945771793, 0.3225285276294004855, 0.4050235832074836062, 0.4865966363996184763, 0.5678654736293196059, 0.6513327733845224454, 0.7362375672940281168, 0.8215290690095373716, 0.9090049060738446540, 1.000000000000000000 ),
 ( 0.000000000000000000, 1.000000000000000000 ),
 .UNSPECIFIED. ) ;
#6570 = CARTESIAN_POINT ( 'NONE',  ( 265.7056356080765909, 10.00000000000000000, 52.21711670801605010 ) ) ;
#6571 = DIRECTION ( 'NONE',  ( 0.000000000000000000, 0.000000000000000000, -1.000000000000000000 ) ) ;
#6572 = CARTESIAN_POINT ( 'NONE',  ( 76.24049137730740711, 10.00000000000000000, 22.21711670801605010 ) ) ;
#6573 = ADVANCED_FACE ( 'NONE', ( #4863 ), #7119, .T. ) ;
#6574 = CARTESIAN_POINT ( 'NONE',  ( 266.6666666666666856, 20.00000000000000000, 96.43724644492834841 ) ) ;
#6575 = CARTESIAN_POINT ( 'NONE',  ( 238.3946932500159051, 10.00000000000000000, 56.13681186778541843 ) ) ;
#6576 = ORIENTED_EDGE ( 'NONE', *, *, #550, .F. ) ;
#6577 = VERTEX_POINT ( 'NONE', #4248 ) ;
#6578 = CARTESIAN_POINT ( 'NONE',  ( 75.64094719776298348, 13.00000000000000178, 52.20036783345464215 ) ) ;
#6579 = CARTESIAN_POINT ( 'NONE',  ( 160.5113681819954081, 13.00000000000000178, 22.23025530837256269 ) ) ;
#6580 = CARTESIAN_POINT ( 'NONE',  ( 205.7370729712422701, 10.00000000000000000, 9.181031969797093240 ) ) ;
#6581 = CARTESIAN_POINT ( 'NONE',  ( 256.5109240696150437, 13.00000000000000178, 51.80245324647758309 ) ) ;
#6582 = CARTESIAN_POINT ( 'NONE',  ( 234.9852740452518560, 13.00000000000000178, 22.23630461204677644 ) ) ;
#6583 = CARTESIAN_POINT ( 'NONE',  ( 151.6745786315708244, 13.00000000000000178, 29.17857966628769262 ) ) ;
#6584 = CARTESIAN_POINT ( 'NONE',  ( 263.5129453464281823, 9.999999999999998224, 39.28512083444119440 ) ) ;
#6585 = CARTESIAN_POINT ( 'NONE',  ( 172.8570779157689401, 13.00000000000000178, 39.35353497724682370 ) ) ;
#6586 = VECTOR ( 'NONE', #2058, 1000.000000000000000 ) ;
#6587 = CARTESIAN_POINT ( 'NONE',  ( 133.9896360360827146, 12.99999999999999822, 31.22238557397200154 ) ) ;
#6588 = VECTOR ( 'NONE', #5259, 1000.000000000000000 ) ;
#6589 = CARTESIAN_POINT ( 'NONE',  ( 101.3186163773073929, 10.00000000000000000, 9.524809015708360249 ) ) ;
#6590 = VECTOR ( 'NONE', #2107, 1000.000000000000000 ) ;
#6591 = PLANE ( 'NONE',  #1978 ) ;
#6592 = CARTESIAN_POINT ( 'NONE',  ( 92.60146919891232642, 9.999999999999994671, 44.17462687267799737 ) ) ;
#6593 = VECTOR ( 'NONE', #3247, 1000.000000000000000 ) ;
#6594 = CARTESIAN_POINT ( 'NONE',  ( 59.24078112477113223, 9.999999999999998224, 40.98330158503264187 ) ) ;
#6595 = ORIENTED_EDGE ( 'NONE', *, *, #1533, .F. ) ;
#6596 = B_SPLINE_CURVE_WITH_KNOTS ( 'NONE', 3,
 ( #3887, #3132, #5407, #4875, #933, #7275, #380, #2636, #2182, #6709, #7166 ),
 .UNSPECIFIED., .F., .F.,
 ( 4, 1, 1, 1, 1, 1, 1, 1, 4 ),
 ( 0.000000000000000000, 0.1057142614175138468, 0.2134116126389964396, 0.3261267300734695951, 0.4444516715568714860, 0.5690610798550849170, 0.7027122044812185164, 0.8463179465861979667, 1.000000000000000000 ),
 .UNSPECIFIED. ) ;
#6597 = VERTEX_POINT ( 'NONE', #4356 ) ;
#6598 = CARTESIAN_POINT ( 'NONE',  ( 160.3096044755128844, 13.00000000000000178, 26.26821605790786762 ) ) ;
#6599 = CARTESIAN_POINT ( 'NONE',  ( 203.6950581404549325, 13.00000000000000178, 13.74893021016607797 ) ) ;
#6600 = VECTOR ( 'NONE', #6325, 1000.000000000000000 ) ;
#6601 = CARTESIAN_POINT ( 'NONE',  ( 0.000000000000000000, 0.000000000000000000, 0.000000000000000000 ) ) ;
#6602 = ORIENTED_EDGE ( 'NONE', *, *, #2594, .T. ) ;
#6603 = DIRECTION ( 'NONE',  ( 0.9999706738812844664, 0.000000000000000000, 0.007658418727755816717 ) ) ;
#6604 = VERTEX_POINT ( 'NONE', #3077 ) ;
#6605 = CARTESIAN_POINT ( 'NONE',  ( 75.62347544612336492, 13.00000000000000178, 22.23054663170285750 ) ) ;
#6606 = ORIENTED_EDGE ( 'NONE', *, *, #5947, .F. ) ;
#6607 = CARTESIAN_POINT ( 'NONE',  ( 148.6019753026347416, 13.00000000000000178, 26.36592293333921688 ) ) ;
#6608 = EDGE_CURVE ( 'NONE', #4249, #2488, #7134, .T. ) ;
#6609 = CARTESIAN_POINT ( 'NONE',  ( 235.9940971465381949, 13.00000000000000178, 52.21711670801605720 ) ) ;
#6610 = LINE ( 'NONE', #3117, #4465 ) ;
#6611 = CARTESIAN_POINT ( 'NONE',  ( 109.1224195061270592, 10.00000000000000000, 29.96179481901007335 ) ) ;
#6612 = DIRECTION ( 'NONE',  ( -0.000000000000000000, -1.000000000000000000, -0.000000000000000000 ) ) ;
#6613 = CARTESIAN_POINT ( 'NONE',  ( 244.9815670832624903, 10.00000000000000000, 54.27548991795875111 ) ) ;
#6614 = ORIENTED_EDGE ( 'NONE', *, *, #2256, .T. ) ;
#6615 = ORIENTED_EDGE ( 'NONE', *, *, #4923, .F. ) ;
#6616 = CARTESIAN_POINT ( 'NONE',  ( 207.1659721465381665, 10.00000000000000178, 8.947885938785283599 ) ) ;
#6617 = EDGE_CURVE ( 'NONE', #6448, #2118, #3866, .T. ) ;
#6618 = CARTESIAN_POINT ( 'NONE',  ( 27.47246253115355330, 13.00000000000000178, 15.29403978493913030 ) ) ;
#6619 = CARTESIAN_POINT ( 'NONE',  ( 43.61538289293413584, 10.00000000000000178, 11.53393302615286231 ) ) ;
#6620 = CARTESIAN_POINT ( 'NONE',  ( 263.2278837816181181, 13.00000000000000178, 33.42983740612231003 ) ) ;
#6621 = CARTESIAN_POINT ( 'NONE',  ( 230.1527899054623845, 12.99999999999999822, 23.08526769261056799 ) ) ;
#6622 = CARTESIAN_POINT ( 'NONE',  ( 108.1885279258014094, 12.99999999999999822, 25.87996802900597970 ) ) ;
#6623 = CARTESIAN_POINT ( 'NONE',  ( 275.5493856080766477, 13.00000000000000178, 46.75437632340067040 ) ) ;
#6624 = CARTESIAN_POINT ( 'NONE',  ( 105.3570779157689259, 10.00000000000000000, 55.67865516955451000 ) ) ;
#6625 = EDGE_CURVE ( 'NONE', #3725, #304, #6686, .T. ) ;
#6626 = ADVANCED_FACE ( 'NONE', ( #4881, #1523 ), #3186, .T. ) ;
#6627 = CARTESIAN_POINT ( 'NONE',  ( 224.7098990450724045, 10.00000000000000178, 47.19694099238370910 ) ) ;
#6628 = CARTESIAN_POINT ( 'NONE',  ( 207.1659721465381381, 13.00000000000000178, 15.87096286186220873 ) ) ;
#6629 = CARTESIAN_POINT ( 'NONE',  ( 274.0169336849996853, 13.00000000000000178, 41.67024170801604299 ) ) ;
#6630 = CARTESIAN_POINT ( 'NONE',  ( 45.44706790711226319, 13.00000000000000178, 12.26780878191730828 ) ) ;
#6631 = ORIENTED_EDGE ( 'NONE', *, *, #5747, .F. ) ;
#6632 = CARTESIAN_POINT ( 'NONE',  ( 112.9358451560206760, 10.00000000000000178, 55.38712994231157438 ) ) ;
#6633 = CARTESIAN_POINT ( 'NONE',  ( 44.85666987098823455, 10.00000000000000355, 28.46158892490672443 ) ) ;
#6634 = CARTESIAN_POINT ( 'NONE',  ( 46.37591012596498530, 10.00000000000000178, 18.65633638221967772 ) ) ;
#6635 = CARTESIAN_POINT ( 'NONE',  ( 81.17141253502838083, 13.00000000000000533, 27.18829004263529470 ) ) ;
#6636 = ORIENTED_EDGE ( 'NONE', *, *, #3935, .F. ) ;
#6637 = CARTESIAN_POINT ( 'NONE',  ( 105.3570779157689259, 13.00000000000000178, 28.76158786186220340 ) ) ;
#6638 = ORIENTED_EDGE ( 'NONE', *, *, #6890, .F. ) ;
#6639 = ORIENTED_EDGE ( 'NONE', *, *, #338, .F. ) ;
#6640 = CARTESIAN_POINT ( 'NONE',  ( 158.0615550430262601, 13.00000000000000178, 22.25700891777281498 ) ) ;
#6641 = CARTESIAN_POINT ( 'NONE',  ( 59.24078112477113223, 9.999999999999996447, 40.98330158503264187 ) ) ;
#6642 = CARTESIAN_POINT ( 'NONE',  ( 259.1882077234611756, 13.00000000000000178, 48.75557824647759020 ) ) ;
#6643 = CARTESIAN_POINT ( 'NONE',  ( 107.9738709085763873, 13.00000000000000178, 31.20610792422282387 ) ) ;
#6644 = CARTESIAN_POINT ( 'NONE',  ( 70.92991914362805517, 13.00000000000000178, 22.94896581885100062 ) ) ;
#6645 = AXIS2_PLACEMENT_3D ( 'NONE', #5815, #3540, #174 ) ;
#6646 = CARTESIAN_POINT ( 'NONE',  ( 224.8676866677028272, 10.00000000000000000, 25.70860383139527627 ) ) ;
#6647 = VERTEX_POINT ( 'NONE', #5353 ) ;
#6648 = VERTEX_POINT ( 'NONE', #4318 ) ;
#6649 = CARTESIAN_POINT ( 'NONE',  ( 247.7290339019961891, 9.999999999999996447, 25.80863165541087056 ) ) ;
#6650 = DIRECTION ( 'NONE',  ( -0.000000000000000000, -1.000000000000000000, -0.000000000000000000 ) ) ;
#6651 = DIRECTION ( 'NONE',  ( 0.000000000000000000, 0.000000000000000000, 1.000000000000000000 ) ) ;
#6652 = CARTESIAN_POINT ( 'NONE',  ( 263.2278837816181181, 10.00000000000000000, 33.42983740612231003 ) ) ;
#6653 = CARTESIAN_POINT ( 'NONE',  ( 51.70323176192278680, 13.00000000000000178, 22.71290997724682015 ) ) ;
#6654 = DIRECTION ( 'NONE',  ( -0.000000000000000000, -1.000000000000000000, -0.000000000000000000 ) ) ;
#6655 = EDGE_CURVE ( 'NONE', #6469, #2488, #3751, .T. ) ;
#6656 = CARTESIAN_POINT ( 'NONE',  ( 69.37256084901133590, 12.99999999999999822, 23.55839006919240219 ) ) ;
#6657 = AXIS2_PLACEMENT_3D ( 'NONE', #5895, #2024, #4750 ) ;
#6658 = CARTESIAN_POINT ( 'NONE',  ( 270.5737436589831759, 9.999999999999994671, 44.02037009113725219 ) ) ;
#6659 = CARTESIAN_POINT ( 'NONE',  ( 266.2683420793418918, 10.00000000000000000, 26.26939804190523375 ) ) ;
#6660 = CARTESIAN_POINT ( 'NONE',  ( 209.2032317619227513, 10.00000000000000000, 55.67865516955451000 ) ) ;
#6661 = CARTESIAN_POINT ( 'NONE',  ( 274.2510690374403453, 10.00000000000000000, 42.05166284009401778 ) ) ;
#6662 = CARTESIAN_POINT ( 'NONE',  ( 245.5710046196215330, 10.00000000000000355, 29.48731767756924782 ) ) ;
#6663 = DIRECTION ( 'NONE',  ( 0.000000000000000000, 0.000000000000000000, 1.000000000000000000 ) ) ;
#6664 = ADVANCED_FACE ( 'NONE', ( #938 ), #4621, .T. ) ;
#6665 = CARTESIAN_POINT ( 'NONE',  ( 51.56603814805654906, 12.99999999999999822, 20.59677456878081259 ) ) ;
#6666 = VERTEX_POINT ( 'NONE', #3860 ) ;
#6667 = PLANE ( 'NONE',  #983 ) ;
#6668 = ORIENTED_EDGE ( 'NONE', *, *, #141, .T. ) ;
#6669 = DIRECTION ( 'NONE',  ( 1.224646799147353454E-16, 0.000000000000000000, 1.000000000000000000 ) ) ;
#6670 = CARTESIAN_POINT ( 'NONE',  ( 43.95591088987214334, 10.00000000000000000, 16.49887755034813352 ) ) ;
#6671 = CARTESIAN_POINT ( 'NONE',  ( 263.2595544974179234, 10.00000000000000000, 22.81391939510950095 ) ) ;
#6672 = EDGE_CURVE ( 'NONE', #6952, #5456, #489, .T. ) ;
#6673 = ORIENTED_EDGE ( 'NONE', *, *, #5460, .F. ) ;
#6674 = CARTESIAN_POINT ( 'NONE',  ( 169.7739870391189356, 10.00000000000000178, 25.24562575570682554 ) ) ;
#6675 = EDGE_LOOP ( 'NONE', ( #6787, #3789 ) ) ;
#6676 = CARTESIAN_POINT ( 'NONE',  ( 63.26235246141245483, 10.00000000000000000, 39.92891818358809530 ) ) ;
#6677 = ORIENTED_EDGE ( 'NONE', *, *, #2728, .F. ) ;
#6678 = CARTESIAN_POINT ( 'NONE',  ( 118.6713808003843127, 12.99999999999999822, 26.25557824647759020 ) ) ;
#6679 = CARTESIAN_POINT ( 'NONE',  ( 61.04161329092845989, 13.00000000000000178, 47.15415927008318420 ) ) ;
#6680 = CARTESIAN_POINT ( 'NONE',  ( 189.0109240696151005, 13.00000000000000178, 55.67865516955451000 ) ) ;
#6681 = CARTESIAN_POINT ( 'NONE',  ( 135.2625233354148406, 12.99999999999999822, 34.25919660438683678 ) ) ;
#6682 = CARTESIAN_POINT ( 'NONE',  ( 263.1590028889793302, 13.00000000000000178, 51.74484640086457432 ) ) ;
#6683 = CARTESIAN_POINT ( 'NONE',  ( 176.2896941747619621, 13.00000000000000178, 34.51639376932214986 ) ) ;
#6684 = CARTESIAN_POINT ( 'NONE',  ( 220.8702349542796242, 10.00000000000000000, 29.78678034267614194 ) ) ;
#6685 = ORIENTED_EDGE ( 'NONE', *, *, #784, .T. ) ;
#6686 = B_SPLINE_CURVE_WITH_KNOTS ( 'NONE', 3,
 ( #975, #2005, #1421, #5949, #823, #861, #2076, #4205, #3111, #6605, #4803 ),
 .UNSPECIFIED., .F., .F.,
 ( 4, 1, 1, 1, 1, 1, 1, 1, 4 ),
 ( 0.000000000000000000, 0.1284975211375116444, 0.2527129855154521820, 0.3748191325670455210, 0.4964364263727290005, 0.6179105567458510473, 0.7412876173092887155, 0.8687004007446071929, 1.000000000000000000 ),
 .UNSPECIFIED. ) ;
#6687 = VERTEX_POINT ( 'NONE', #5643 ) ;
#6688 = CARTESIAN_POINT ( 'NONE',  ( 251.3186163773073361, 13.00000000000000178, 29.92444843878528005 ) ) ;
#6689 = FACE_OUTER_BOUND ( 'NONE', #4798, .T. ) ;
#6690 = CARTESIAN_POINT ( 'NONE',  ( 44.86754911323026107, 10.00000000000000000, 17.09351352478084962 ) ) ;
#6691 = CARTESIAN_POINT ( 'NONE',  ( 135.9181039003970284, 13.00000000000000178, 39.87416295205541417 ) ) ;
#6692 = CARTESIAN_POINT ( 'NONE',  ( 219.1983424029278922, 12.99999999999999822, 32.82096245303630155 ) ) ;
#6693 = CARTESIAN_POINT ( 'NONE',  ( 262.6830507921871458, 10.00000000000000178, 38.71082730283889362 ) ) ;
#6694 = CARTESIAN_POINT ( 'NONE',  ( 210.9200875092296883, 10.00000000000000000, 12.65454450143313636 ) ) ;
#6695 = CARTESIAN_POINT ( 'NONE',  ( 271.5109240696151005, 9.999999999999998224, 46.92565036186220340 ) ) ;
#6696 = CARTESIAN_POINT ( 'NONE',  ( 266.5529913773073645, 10.00000000000000178, 26.25557824647759020 ) ) ;
#6697 = CARTESIAN_POINT ( 'NONE',  ( 0.000000000000000000, 10.00000000000000000, 0.000000000000000000 ) ) ;
#6698 = EDGE_CURVE ( 'NONE', #3907, #1681, #855, .T. ) ;
#6699 = CARTESIAN_POINT ( 'NONE',  ( 135.9340009926920061, 10.00000000000000178, 39.29944843878528360 ) ) ;
#6700 = B_SPLINE_CURVE_WITH_KNOTS ( 'NONE', 3,
 ( #6699, #478, #6116, #2214, #2627, #5565, #3288, #3811, #3248, #1034, #3324, #2737, #5603, #5523, #1583, #926, #514, #4900, #1513 ),
 .UNSPECIFIED., .F., .F.,
 ( 4, 1, 1, 1, 1, 1, 1, 1, 1, 1, 1, 1, 1, 1, 1, 1, 4 ),
 ( 0.000000000000000000, 0.06401525239330971284, 0.1262279962525581223, 0.1872887630524866509, 0.2478694726159619277, 0.3085112057878219849, 0.3697268830978143184, 0.4325358014028972131, 0.4971982300414929945, 0.5619230290139897166, 0.6251330703809985234, 0.6868547425652855587, 0.7481170910764592952, 0.8095301916518806706, 0.8714874851012563983, 0.9349814827971771880, 1.000000000000000000 ),
 .UNSPECIFIED. ) ;
#6701 = CARTESIAN_POINT ( 'NONE',  ( 241.2037512512108037, 9.999999999999996447, 27.03041740925283776 ) ) ;
#6702 = LINE ( 'NONE', #4453, #6590 ) ;
#6703 = CARTESIAN_POINT ( 'NONE',  ( 50.29830831076985476, 12.99999999999999822, 16.85380939046093118 ) ) ;
#6704 = ORIENTED_EDGE ( 'NONE', *, *, #413, .T. ) ;
#6705 = CARTESIAN_POINT ( 'NONE',  ( 88.68284529237611480, 9.999999999999996447, 35.50213883103625534 ) ) ;
#6706 = AXIS2_PLACEMENT_3D ( 'NONE', #2206, #6254, #2793 ) ;
#6707 = DESIGN_CONTEXT ( 'detailed design', #4630, 'design' ) ;
#6708 = EDGE_CURVE ( 'NONE', #189, #3139, #5538, .T. ) ;
#6709 = CARTESIAN_POINT ( 'NONE',  ( 274.6271368565988382, 10.00000000000000178, 26.52274089998386586 ) ) ;
#6710 = VECTOR ( 'NONE', #881, 1000.000000000000000 ) ;
#6711 = CARTESIAN_POINT ( 'NONE',  ( 23.43400099269201675, 13.00000000000000178, 55.67865516955451000 ) ) ;
#6712 = B_SPLINE_CURVE_WITH_KNOTS ( 'NONE', 3,
 ( #6014, #929, #376, #2629, #964, #3213, #5901, #5491, #811, #3061, #5342 ),
 .UNSPECIFIED., .F., .F.,
 ( 4, 1, 1, 1, 1, 1, 1, 1, 4 ),
 ( 0.000000000000000000, 0.1340420464623744423, 0.2618956736507359051, 0.3878360446911218173, 0.5176862058208254735, 0.6445086536782145270, 0.7647182630567269657, 0.8802907821585008730, 1.000000000000000000 ),
 .UNSPECIFIED. ) ;
#6713 = ORIENTED_EDGE ( 'NONE', *, *, #3085, .F. ) ;
#6714 = CARTESIAN_POINT ( 'NONE',  ( 88.98055937376294366, 10.00000000000000711, 36.74274507341617380 ) ) ;
#6715 = CARTESIAN_POINT ( 'NONE',  ( 30.75371253115355330, 13.00000000000000178, 34.90942440032374350 ) ) ;
#6716 = CARTESIAN_POINT ( 'NONE',  ( 205.1647702234612041, 10.00000000000000000, 55.67865516955451000 ) ) ;
#6717 = B_SPLINE_CURVE_WITH_KNOTS ( 'NONE', 3,
 ( #7013, #2378, #1343, #6937, #746, #3483, #2998, #3599, #3523, #5758, #1927, #6350, #1856, #820, #1271, #5871, #6457, #5316, #234 ),
 .UNSPECIFIED., .F., .F.,
 ( 4, 1, 1, 1, 1, 1, 1, 1, 1, 1, 1, 1, 1, 1, 1, 1, 4 ),
 ( 0.000000000000000000, 0.07878023558213927136, 0.1537206442085843616, 0.2267135303087810527, 0.2991911660659364869, 0.3711899968376684567, 0.4430064143534094279, 0.5166891732948806215, 0.5932172166234125354, 0.6338729178078459370, 0.6769891422899794176, 0.7228995063258274456, 0.7719586105061445602, 0.8242113233348360435, 0.8793786506272024406, 0.9379481193304185505, 1.000000000000000000 ),
 .UNSPECIFIED. ) ;
#6718 = VECTOR ( 'NONE', #6612, 1000.000000000000000 ) ;
#6719 = ORIENTED_EDGE ( 'NONE', *, *, #3904, .T. ) ;
#6720 = CARTESIAN_POINT ( 'NONE',  ( 274.0169336849996853, 10.00000000000000000, 41.67024170801604299 ) ) ;
#6721 = CARTESIAN_POINT ( 'NONE',  ( 59.20323176192279391, 10.00000000000000000, 39.32649170801605720 ) ) ;
#6722 = ADVANCED_FACE ( 'NONE', ( #3409 ), #5577, .T. ) ;
#6723 = CARTESIAN_POINT ( 'NONE',  ( 166.6666666666666288, 10.00000000000000000, 94.93724644492834841 ) ) ;
#6724 = CARTESIAN_POINT ( 'NONE',  ( 143.4973020859146118, 12.99999999999999822, 44.17462676927347331 ) ) ;
#6725 = CARTESIAN_POINT ( 'NONE',  ( 89.20323176192279391, 13.00000000000000178, 39.35353497724683081 ) ) ;
#6726 = ORIENTED_EDGE ( 'NONE', *, *, #2512, .F. ) ;
#6727 = ORIENTED_EDGE ( 'NONE', *, *, #54, .F. ) ;
#6728 = CARTESIAN_POINT ( 'NONE',  ( 89.60636881441105572, 12.99999999999999467, 49.91281092058346758 ) ) ;
#6729 = CARTESIAN_POINT ( 'NONE',  ( 130.9207007750429455, 13.00000000000000178, 44.25142267753992797 ) ) ;
#6730 = CARTESIAN_POINT ( 'NONE',  ( 111.1895069002915335, 10.00000000000000178, 50.12789691214565835 ) ) ;
#6731 = DIRECTION ( 'NONE',  ( 1.445602896647337931E-16, 0.000000000000000000, 1.000000000000000000 ) ) ;
#6732 = LINE ( 'NONE', #3352, #4827 ) ;
#6733 = CARTESIAN_POINT ( 'NONE',  ( 176.8955394542304589, 10.00000000000000000, 39.32649170801605010 ) ) ;
#6734 = CARTESIAN_POINT ( 'NONE',  ( 131.4711571851063923, 9.999999999999998224, 42.63586737386241765 ) ) ;
#6735 = DIRECTION ( 'NONE',  ( 0.000000000000000000, -0.000000000000000000, 1.000000000000000000 ) ) ;
#6736 = CARTESIAN_POINT ( 'NONE',  ( 222.8805463544048848, 12.99999999999999467, 34.17025989916627537 ) ) ;
#6737 = CARTESIAN_POINT ( 'NONE',  ( 226.9123863086220751, 10.00000000000000000, 29.11695864696411107 ) ) ;
#6738 = CARTESIAN_POINT ( 'NONE',  ( 88.73448176192277970, 9.999999999999998224, 27.63478497724682015 ) ) ;
#6739 = FACE_BOUND ( 'NONE', #1124, .T. ) ;
#6740 = DIRECTION ( 'NONE',  ( 0.007658418727755817584, 0.000000000000000000, -0.9999706738812845774 ) ) ;
#6741 = APPROVAL ( #4123, 'UNSPECIFIED' ) ;
#6742 = ORIENTED_EDGE ( 'NONE', *, *, #5039, .F. ) ;
#6743 = CARTESIAN_POINT ( 'NONE',  ( 3.535533905932737309, 0.000000000000000000, 3.535533905932737309 ) ) ;
#6744 = DIRECTION ( 'NONE',  ( 1.000000000000000000, 0.000000000000000000, 0.000000000000000000 ) ) ;
#6745 = ORIENTED_EDGE ( 'NONE', *, *, #502, .T. ) ;
#6746 = CARTESIAN_POINT ( 'NONE',  ( 89.16666605864905648, 12.99999999999999822, 38.03183376247472580 ) ) ;
#6747 = LOCAL_TIME ( 17, 47, 23.00000000000000000, #1302 ) ;
#6748 = EDGE_CURVE ( 'NONE', #6604, #747, #5167, .T. ) ;
#6749 = ORIENTED_EDGE ( 'NONE', *, *, #2930, .T. ) ;
#6750 = CARTESIAN_POINT ( 'NONE',  ( 113.5421163577157415, 12.99999999999999822, 27.18744184376283712 ) ) ;
#6751 = LINE ( 'NONE', #630, #2451 ) ;
#6752 = CARTESIAN_POINT ( 'NONE',  ( 265.7056356080765909, 9.999999999999998224, 52.21711670801605010 ) ) ;
#6753 = PLANE ( 'NONE',  #3090 ) ;
#6754 = CARTESIAN_POINT ( 'NONE',  ( 74.42473393002853754, 12.99999999999999822, 56.20912576598384192 ) ) ;
#6755 = CARTESIAN_POINT ( 'NONE',  ( 176.8528708615640426, 13.00000000000000533, 37.68007837632379875 ) ) ;
#6756 = CARTESIAN_POINT ( 'NONE',  ( 146.4924166026479782, 9.999999999999996447, 49.91278953776419058 ) ) ;
#6757 = EDGE_CURVE ( 'NONE', #5572, #3971, #3372, .T. ) ;
#6758 = ORIENTED_EDGE ( 'NONE', *, *, #3618, .T. ) ;
#6759 = ORIENTED_EDGE ( 'NONE', *, *, #2268, .T. ) ;
#6760 = CARTESIAN_POINT ( 'NONE',  ( 193.0493856080766193, 13.00000000000000178, 22.79403978493913030 ) ) ;
#6761 = CARTESIAN_POINT ( 'NONE',  ( 262.2801548388458173, 10.00000000000000000, 30.68165997724681660 ) ) ;
#6762 = LINE ( 'NONE', #1173, #3983 ) ;
#6763 = CARTESIAN_POINT ( 'NONE',  ( 129.5898344202340127, 12.99999999999999822, 52.46556451436724444 ) ) ;
#6764 = DIRECTION ( 'NONE',  ( -1.000000000000000000, -1.051669361989051976E-14, 0.000000000000000000 ) ) ;
#6765 = AXIS2_PLACEMENT_3D ( 'NONE', #7021, #4209, #2535 ) ;
#6766 = CARTESIAN_POINT ( 'NONE',  ( 272.2320779157689117, 13.00000000000000178, 29.71711670801605010 ) ) ;
#6767 = EDGE_CURVE ( 'NONE', #276, #3784, #2225, .T. ) ;
#6768 = CARTESIAN_POINT ( 'NONE',  ( 225.8409190461949265, 10.00000000000000000, 25.06393394748854320 ) ) ;
#6769 = CARTESIAN_POINT ( 'NONE',  ( 119.3512469401546241, 10.00000000000000178, 22.23306249895388831 ) ) ;
#6770 = CARTESIAN_POINT ( 'NONE',  ( 3.505202749622875924, 0.000000000000000000, 85.13552925583975650 ) ) ;
#6771 = CARTESIAN_POINT ( 'NONE',  ( 198.8186163773073929, 13.00000000000000178, 26.83250132340066685 ) ) ;
#6772 = CARTESIAN_POINT ( 'NONE',  ( 230.4192597983677899, 9.999999999999996447, 27.16768610790549587 ) ) ;
#6773 = DIRECTION ( 'NONE',  ( -0.000000000000000000, -1.000000000000000000, -0.000000000000000000 ) ) ;
#6774 = CARTESIAN_POINT ( 'NONE',  ( 267.6083864737630051, 12.99999999999999822, 22.25997905858050174 ) ) ;
#6775 = CARTESIAN_POINT ( 'NONE',  ( 151.9257403806274169, 10.00000000000000178, 49.69216112844424771 ) ) ;
#6776 = CARTESIAN_POINT ( 'NONE',  ( 44.55331231344702303, 12.99999999999999822, 11.87412789388539913 ) ) ;
#6777 = VECTOR ( 'NONE', #1517, 1000.000000000000000 ) ;
#6778 = VERTEX_POINT ( 'NONE', #6165 ) ;
#6779 = CARTESIAN_POINT ( 'NONE',  ( 84.40663738479717892, 9.999999999999998224, 29.17823151293043438 ) ) ;
#6780 = CARTESIAN_POINT ( 'NONE',  ( 23.43400099269201675, 13.00000000000000178, 10.67865516955451177 ) ) ;
#6781 = CARTESIAN_POINT ( 'NONE',  ( 116.6661422007914410, 9.999999999999994671, 56.20073752020287827 ) ) ;
#6782 = DIRECTION ( 'NONE',  ( 0.000000000000000000, 0.000000000000000000, 1.000000000000000000 ) ) ;
#6783 = ORIENTED_EDGE ( 'NONE', *, *, #413, .F. ) ;
#6784 = CARTESIAN_POINT ( 'NONE',  ( 172.3883279157689117, 10.00000000000000000, 27.63478497724682015 ) ) ;
#6785 = CARTESIAN_POINT ( 'NONE',  ( 107.0283081417104825, 13.00000000000000533, 32.60118251859611149 ) ) ;
#6786 = CARTESIAN_POINT ( 'NONE',  ( 259.0476973630586031, 10.00000000000000178, 34.78570640082932641 ) ) ;
#6787 = ORIENTED_EDGE ( 'NONE', *, *, #6230, .T. ) ;
#6788 = EDGE_CURVE ( 'NONE', #1261, #74, #3229, .T. ) ;
#6789 = DIRECTION ( 'NONE',  ( 0.000000000000000000, 0.000000000000000000, -1.000000000000000000 ) ) ;
#6790 = CARTESIAN_POINT ( 'NONE',  ( 88.50060314180306875, 13.00000000000000533, 51.19854884097163250 ) ) ;
#6791 = B_SPLINE_CURVE_WITH_KNOTS ( 'NONE', 3,
 ( #1507, #4299, #2137, #6584, #6693, #994, #7154, #3242, #439, #3169, #1616 ),
 .UNSPECIFIED., .F., .F.,
 ( 4, 1, 1, 1, 1, 1, 1, 1, 4 ),
 ( 0.000000000000000000, 0.1577616635135440926, 0.3059502132085372694, 0.4437754990007271028, 0.5728243624015391111, 0.6921541564432470706, 0.8022957069908466243, 0.9055643918329945308, 0.9999999999999998890 ),
 .UNSPECIFIED. ) ;
#6792 = CARTESIAN_POINT ( 'NONE',  ( 63.24169330038431269, 13.00000000000000178, 39.35353497724682370 ) ) ;
#6793 = ORIENTED_EDGE ( 'NONE', *, *, #4083, .F. ) ;
#6794 = B_SPLINE_CURVE_WITH_KNOTS ( 'NONE', 3,
 ( #6996, #1911, #4672, #5335, #2943, #2396, #1835, #2511, #3546, #253, #5818, #3617, #4783, #1401, #1949, #2978, #4108, #5853, #138 ),
 .UNSPECIFIED., .F., .F.,
 ( 4, 1, 1, 1, 1, 1, 1, 1, 1, 1, 1, 1, 1, 1, 1, 1, 4 ),
 ( 0.000000000000000000, 0.06454812556425044978, 0.1271991327555120344, 0.1885973380874242933, 0.2486395150940126642, 0.3095246994640579175, 0.3700369910533500839, 0.4318892436070740359, 0.4957042857252940138, 0.5595193278435126594, 0.6213715803972368334, 0.6823971072916417135, 0.7435684819321664030, 0.8054984835712127866, 0.8686397008205244408, 0.9330662250811625480, 0.9999999999999998890 ),
 .UNSPECIFIED. ) ;
#6795 = DIRECTION ( 'NONE',  ( 0.000000000000000000, 0.000000000000000000, 1.000000000000000000 ) ) ;
#6796 = VERTEX_POINT ( 'NONE', #5152 ) ;
#6797 = CARTESIAN_POINT ( 'NONE',  ( 260.6492000753209481, 12.99999999999999822, 55.09867071647092018 ) ) ;
#6798 = CARTESIAN_POINT ( 'NONE',  ( 63.27827159737377372, 10.00000000000000000, 38.03184166138065336 ) ) ;
#6799 = CARTESIAN_POINT ( 'NONE',  ( 40.93388383638481542, 12.99999999999999467, 15.59026498107813019 ) ) ;
#6800 = EDGE_CURVE ( 'NONE', #7131, #2257, #2959, .T. ) ;
#6801 = CARTESIAN_POINT ( 'NONE',  ( 122.0794282128132124, 9.999999999999996447, 55.97938366380669351 ) ) ;
#6802 = CARTESIAN_POINT ( 'NONE',  ( 23.43400099269201675, 13.00000000000000178, 10.67865516955451177 ) ) ;
#6803 = CARTESIAN_POINT ( 'NONE',  ( 268.6756971030876002, 12.99999999999999822, 26.73583078065466978 ) ) ;
#6804 = CARTESIAN_POINT ( 'NONE',  ( 218.4537060156363850, 10.00000000000000000, 34.97052748497538488 ) ) ;
#6805 = CARTESIAN_POINT ( 'NONE',  ( 117.9762146592812257, 12.99999999999999822, 56.23705614050965806 ) ) ;
#6806 = CARTESIAN_POINT ( 'NONE',  ( 46.96587941924143195, 13.00000000000000178, 25.90071833011228009 ) ) ;
#6807 = DIRECTION ( 'NONE',  ( 0.000000000000000000, 0.000000000000000000, 1.000000000000000000 ) ) ;
#6808 = ADVANCED_FACE ( 'NONE', ( #1679 ), #3474, .T. ) ;
#6809 = DIRECTION ( 'NONE',  ( 0.000000000000000000, 0.000000000000000000, -1.000000000000000000 ) ) ;
#6810 = CARTESIAN_POINT ( 'NONE',  ( 269.7245174926487152, 13.00000000000000178, 22.86219213334891975 ) ) ;
#6811 = CARTESIAN_POINT ( 'NONE',  ( 146.8955394542304589, 9.999999999999996447, 39.35353497724682370 ) ) ;
#6812 = FACE_OUTER_BOUND ( 'NONE', #5648, .T. ) ;
#6813 = ORIENTED_EDGE ( 'NONE', *, *, #3254, .F. ) ;
#6814 = CARTESIAN_POINT ( 'NONE',  ( 63.35129057693675492, 13.00000000000000178, 28.07641428828480556 ) ) ;
#6815 = CARTESIAN_POINT ( 'NONE',  ( 131.4837190247380931, 13.00000000000000178, 35.94474511040634468 ) ) ;
#6816 = CARTESIAN_POINT ( 'NONE',  ( 108.0490270362396501, 9.999999999999998224, 52.60938074043662027 ) ) ;
#6817 = VECTOR ( 'NONE', #3430, 1000.000000000000000 ) ;
#6818 = CARTESIAN_POINT ( 'NONE',  ( 130.1057442839220073, 13.00000000000000178, 32.77204436954694700 ) ) ;
#6819 = VERTEX_POINT ( 'NONE', #1711 ) ;
#6820 = CARTESIAN_POINT ( 'NONE',  ( 87.72337289248592640, 10.00000000000000355, 33.17030944754939981 ) ) ;
#6821 = ORIENTED_EDGE ( 'NONE', *, *, #1504, .F. ) ;
#6822 = CARTESIAN_POINT ( 'NONE',  ( 105.7401696811096912, 13.00000000000000178, 35.71514701681962123 ) ) ;
#6823 = CARTESIAN_POINT ( 'NONE',  ( 105.7401696811096912, 10.00000000000000000, 35.71514701681962123 ) ) ;
#6824 = CARTESIAN_POINT ( 'NONE',  ( 176.2553153527584868, 9.999999999999996447, 44.17462687267801869 ) ) ;
#6825 = DIRECTION ( 'NONE',  ( 1.000000000000000000, 0.000000000000000000, -0.000000000000000000 ) ) ;
#6826 = AXIS2_PLACEMENT_3D ( 'NONE', #6697, #6260, #545 ) ;
#6827 = VECTOR ( 'NONE', #507, 1000.000000000000000 ) ;
#6828 = CARTESIAN_POINT ( 'NONE',  ( 189.0109240696151005, 13.00000000000000178, 22.79403978493913030 ) ) ;
#6829 = CARTESIAN_POINT ( 'NONE',  ( 90.58186103493318342, 13.00000000000000533, 48.56085492135777315 ) ) ;
#6830 = VECTOR ( 'NONE', #6305, 1000.000000000000000 ) ;
#6831 = CARTESIAN_POINT ( 'NONE',  ( 79.62910578213507051, 10.00000000000000355, 51.83634526286679289 ) ) ;
#6832 = ORIENTED_EDGE ( 'NONE', *, *, #1542, .F. ) ;
#6833 = DIRECTION ( 'NONE',  ( -0.000000000000000000, -1.000000000000000000, -0.000000000000000000 ) ) ;
#6834 = ORIENTED_EDGE ( 'NONE', *, *, #6436, .F. ) ;
#6835 = EDGE_CURVE ( 'NONE', #3258, #4563, #2126, .T. ) ;
#6836 = CARTESIAN_POINT ( 'NONE',  ( 240.7337100994547257, 13.00000000000000178, 55.77083921006921230 ) ) ;
#6837 = CARTESIAN_POINT ( 'NONE',  ( 63.46431754618246401, 10.00000000000000000, 36.74271487803988379 ) ) ;
#6838 = CARTESIAN_POINT ( 'NONE',  ( 38.16127003010635121, 10.00000000000000000, 15.33293204673645249 ) ) ;
#6839 = AXIS2_PLACEMENT_3D ( 'NONE', #2, #2253, #6782 ) ;
#6840 = CARTESIAN_POINT ( 'NONE',  ( 112.2877374402553983, 9.999999999999996447, 50.77865078533805843 ) ) ;
#6841 = CARTESIAN_POINT ( 'NONE',  ( 47.83648981677112033, 12.99999999999999822, 13.86217964167699179 ) ) ;
#6842 = CARTESIAN_POINT ( 'NONE',  ( 65.89169293627674051, 13.00000000000000178, 47.32828161099948971 ) ) ;
#6843 = CARTESIAN_POINT ( 'NONE',  ( 271.9956285846947139, 13.00000000000000178, 29.44309054085457333 ) ) ;
#6844 = CARTESIAN_POINT ( 'NONE',  ( 219.1983424029278922, 9.999999999999996447, 32.82096245303630155 ) ) ;
#6845 = EDGE_CURVE ( 'NONE', #2088, #1042, #1618, .T. ) ;
#6846 = CARTESIAN_POINT ( 'NONE',  ( 101.3186163773073929, 10.00000000000000000, 55.67865516955451000 ) ) ;
#6847 = LINE ( 'NONE', #1763, #5471 ) ;
#6848 = CARTESIAN_POINT ( 'NONE',  ( 193.0493856080766193, 10.00000000000000000, 26.83250132340066685 ) ) ;
#6849 = DIRECTION ( 'NONE',  ( 0.000000000000000000, -0.000000000000000000, 1.000000000000000000 ) ) ;
#6850 = CARTESIAN_POINT ( 'NONE',  ( 89.09424974275785303, 10.00000000000000000, 28.04896479453953617 ) ) ;
#6851 = CARTESIAN_POINT ( 'NONE',  ( 267.9478933729419055, 10.00000000000000000, 51.85240741024863098 ) ) ;
#6852 = CARTESIAN_POINT ( 'NONE',  ( 264.4328390870320504, 13.00000000000000178, 39.84975615204832167 ) ) ;
#6853 = EDGE_CURVE ( 'NONE', #1042, #6647, #6151, .T. ) ;
#6854 = CARTESIAN_POINT ( 'NONE',  ( 47.64966138879052693, 13.00000000000000178, 23.07489736494541077 ) ) ;
#6855 = CARTESIAN_POINT ( 'NONE',  ( 146.9078643122339543, 13.00000000000000178, 38.90819761102306273 ) ) ;
#6856 = CARTESIAN_POINT ( 'NONE',  ( 108.0490270362396501, 13.00000000000000178, 52.60938074043662027 ) ) ;
#6857 = CARTESIAN_POINT ( 'NONE',  ( 260.6737682823209070, 13.00000000000000533, 37.03539971429201927 ) ) ;
#6858 = CARTESIAN_POINT ( 'NONE',  ( 127.9859363698049037, 13.00000000000000178, 30.01421387329537893 ) ) ;
#6859 = ORIENTED_EDGE ( 'NONE', *, *, #5000, .T. ) ;
#6860 = B_SPLINE_SURFACE_WITH_KNOTS ( 'NONE', 3, 1, ( 
 ( #4736, #1349 ),
 ( #792, #3648 ),
 ( #6945, #1864 ),
 ( #4697, #1388 ),
 ( #242, #715 ),
 ( #4173, #279 ),
 ( #5805, #5358 ),
 ( #2932, #3606 ),
 ( #2499, #680 ),
 ( #6394, #5917 ),
 ( #5878, #206 ) ),
 .UNSPECIFIED., .F., .F., .F.,
 ( 4, 1, 1, 1, 1, 1, 1, 1, 4 ),
 ( 2, 2 ),
 ( 0.000000000000000000, 0.1249584925460641704, 0.2459006286062657143, 0.3691660295860723640, 0.4985108411773572779, 0.6285038663666056014, 0.7510283288509922439, 0.8737241742784331855, 1.000000000000000000 ),
 ( 0.000000000000000000, 1.000000000000000000 ),
 .UNSPECIFIED. ) ;
#6861 = CARTESIAN_POINT ( 'NONE',  ( 63.71044330038431980, 10.00000000000000000, 27.66182824647758665 ) ) ;
#6862 = EDGE_CURVE ( 'NONE', #4536, #1970, #5598, .T. ) ;
#6863 = ORIENTED_EDGE ( 'NONE', *, *, #3211, .T. ) ;
#6864 = FACE_OUTER_BOUND ( 'NONE', #6452, .T. ) ;
#6865 = CARTESIAN_POINT ( 'NONE',  ( 258.5949306193400048, 9.999999999999998224, 33.53457169998817733 ) ) ;
#6866 = ORIENTED_EDGE ( 'NONE', *, *, #1190, .F. ) ;
#6867 = CARTESIAN_POINT ( 'NONE',  ( 271.5109240696151574, 9.999999999999998224, 46.92565036186221050 ) ) ;
#6868 = CARTESIAN_POINT ( 'NONE',  ( 156.3206746020041749, 9.999999999999992895, 55.97156070231797287 ) ) ;
#6869 = EDGE_LOOP ( 'NONE', ( #1345, #5715 ) ) ;
#6870 = ORIENTED_EDGE ( 'NONE', *, *, #2544, .F. ) ;
#6871 = CARTESIAN_POINT ( 'NONE',  ( 250.0491150187189078, 13.00000000000000533, 50.37595241841441407 ) ) ;
#6872 = CARTESIAN_POINT ( 'NONE',  ( 63.27827159737377372, 13.00000000000000178, 38.03184166138065336 ) ) ;
#6873 = CARTESIAN_POINT ( 'NONE',  ( 107.4950874483106134, 10.00000000000000355, 46.51881670650020340 ) ) ;
#6874 = CARTESIAN_POINT ( 'NONE',  ( 50.29830831076985476, 12.99999999999999822, 16.85380939046093118 ) ) ;
#6875 = CARTESIAN_POINT ( 'NONE',  ( 204.5768635329085043, 12.99999999999999822, 9.927459187397476015 ) ) ;
#6876 = CARTESIAN_POINT ( 'NONE',  ( 246.5985363273537416, 13.00000000000000178, 25.04080161315634001 ) ) ;
#6877 = CARTESIAN_POINT ( 'NONE',  ( 223.1048280022138499, 12.99999999999999822, 27.17810217494732683 ) ) ;
#6878 = CARTESIAN_POINT ( 'NONE',  ( 230.4643351058429346, 10.00000000000000178, 55.60238027904905067 ) ) ;
#6879 = CARTESIAN_POINT ( 'NONE',  ( 147.3642894542304589, 13.00000000000000178, 27.66182824647758665 ) ) ;
#6880 = LINE ( 'NONE', #1146, #783 ) ;
#6881 = CARTESIAN_POINT ( 'NONE',  ( 274.9724625311535533, 13.00000000000000178, 26.89560228493913030 ) ) ;
#6882 = EDGE_CURVE ( 'NONE', #7169, #4461, #2209, .T. ) ;
#6883 = CARTESIAN_POINT ( 'NONE',  ( 271.4907367073034834, 9.999999999999998224, 47.27387468061781561 ) ) ;
#6884 = CARTESIAN_POINT ( 'NONE',  ( 260.6737682823209070, 10.00000000000000355, 37.03539971429201927 ) ) ;
#6885 = B_SPLINE_CURVE_WITH_KNOTS ( 'NONE', 3,
 ( #1995, #4791, #6413, #298, #4157, #1476, #4269, #7004, #2558, #6522, #1335, #1444, #5267, #3589, #5861, #3705, #773, #887, #223 ),
 .UNSPECIFIED., .F., .F.,
 ( 4, 1, 1, 1, 1, 1, 1, 1, 1, 1, 1, 1, 1, 1, 1, 1, 4 ),
 ( 0.000000000000000000, 0.06797848961925517797, 0.1330435352439082730, 0.1965074380533953502, 0.2586134167685747443, 0.3197283376065477301, 0.3808728540495684434, 0.4426356023162049125, 0.5050793035048795065, 0.5678805200585778090, 0.6288138541554865180, 0.6889100905404388353, 0.7487650058898495109, 0.8093857829631169176, 0.8708843357532255469, 0.9340374630737058315, 1.000000000000000000 ),
 .UNSPECIFIED. ) ;
#6886 = AXIS2_PLACEMENT_3D ( 'NONE', #4915, #3188, #6168 ) ;
#6887 = CARTESIAN_POINT ( 'NONE',  ( 60.30583119668577297, 12.99999999999999822, 33.03760189942122594 ) ) ;
#6888 = CARTESIAN_POINT ( 'NONE',  ( 131.8228233722805385, 13.00000000000000178, 37.61166940343871090 ) ) ;
#6889 = CARTESIAN_POINT ( 'NONE',  ( 109.5782630967875662, 12.99999999999999822, 53.76596753035745735 ) ) ;
#6890 = EDGE_CURVE ( 'NONE', #6778, #2713, #5986, .T. ) ;
#6891 = CARTESIAN_POINT ( 'NONE',  ( 123.8113457521181857, 9.999999999999998224, 22.89269101052000721 ) ) ;
#6892 = VERTEX_POINT ( 'NONE', #1939 ) ;
#6893 = LINE ( 'NONE', #5306, #3279 ) ;
#6894 = VERTEX_POINT ( 'NONE', #3537 ) ;
#6895 = CALENDAR_DATE ( 2026, 1, 9 ) ;
#6897 = VECTOR ( 'NONE', #3392, 1000.000000000000000 ) ;
#6896 = CARTESIAN_POINT ( 'NONE',  ( 176.6221435997519222, 9.999999999999996447, 42.60355058100880399 ) ) ;
#6898 = CARTESIAN_POINT ( 'NONE',  ( 146.2953973539385970, 12.99999999999999822, 28.89569817435986465 ) ) ;
#6899 = ORIENTED_EDGE ( 'NONE', *, *, #6862, .T. ) ;
#6900 = EDGE_CURVE ( 'NONE', #1558, #6687, #327, .T. ) ;
#6901 = CARTESIAN_POINT ( 'NONE',  ( 275.5401344590210897, 10.00000000000000000, 47.07926534654830419 ) ) ;
#6902 = FACE_OUTER_BOUND ( 'NONE', #1609, .T. ) ;
#6903 = PLANE ( 'NONE',  #978 ) ;
#6904 = VERTEX_POINT ( 'NONE', #5365 ) ;
#6905 = CARTESIAN_POINT ( 'NONE',  ( 258.2416933003842701, 10.00000000000000355, 30.84391959263143335 ) ) ;
#6906 = EDGE_LOOP ( 'NONE', ( #2165, #1381, #4276, #4142 ) ) ;
#6907 = CARTESIAN_POINT ( 'NONE',  ( 261.9141313078315534, 10.00000000000000355, 55.60930415564675400 ) ) ;
#6908 = CARTESIAN_POINT ( 'NONE',  ( 72.43607923448288943, 10.00000000000000000, 26.77372474248330647 ) ) ;
#6909 = CARTESIAN_POINT ( 'NONE',  ( 146.8955394542304589, 13.00000000000000178, 39.35353497724682370 ) ) ;
#6910 = CARTESIAN_POINT ( 'NONE',  ( 40.93388383638481542, 12.99999999999999467, 15.59026498107813019 ) ) ;
#6911 = LINE ( 'NONE', #4098, #4591 ) ;
#6912 = CARTESIAN_POINT ( 'NONE',  ( 247.9382077234612325, 13.00000000000000178, 46.44788593878527649 ) ) ;
#6913 = CARTESIAN_POINT ( 'NONE',  ( 131.8955394542304589, 9.999999999999998224, 39.29944843878527649 ) ) ;
#6914 = CARTESIAN_POINT ( 'NONE',  ( 129.6469948906675427, 10.00000000000000000, 26.02025264189557774 ) ) ;
#6915 = CARTESIAN_POINT ( 'NONE',  ( 274.9724625311535533, 13.00000000000000178, 26.89560228493913030 ) ) ;
#6916 = CARTESIAN_POINT ( 'NONE',  ( 189.0109240696151005, 13.00000000000000178, 55.67865516955451000 ) ) ;
#6917 = CARTESIAN_POINT ( 'NONE',  ( 172.8364732697704653, 13.00000000000000178, 39.92894361021894412 ) ) ;
#6918 = B_SPLINE_SURFACE_WITH_KNOTS ( 'NONE', 3, 1, ( 
 ( #5744, #5706 ),
 ( #2873, #6299 ),
 ( #2912, #5182 ),
 ( #1803, #6375 ),
 ( #5782, #5222 ),
 ( #143, #1295 ),
 ( #182, #4155 ),
 ( #6410, #1330 ),
 ( #3587, #5858 ),
 ( #958, #1440 ),
 ( #1915, #884 ) ),
 .UNSPECIFIED., .F., .F., .F.,
 ( 4, 1, 1, 1, 1, 1, 1, 1, 4 ),
 ( 2, 2 ),
 ( 0.000000000000000000, 0.1340420464623744423, 0.2618956736507359051, 0.3878360446911218173, 0.5176862058208254735, 0.6445086536782145270, 0.7647182630567269657, 0.8802907821585008730, 1.000000000000000000 ),
 ( 0.000000000000000000, 1.000000000000000000 ),
 .UNSPECIFIED. ) ;
#6919 = FACE_OUTER_BOUND ( 'NONE', #3310, .T. ) ;
#6920 = DIRECTION ( 'NONE',  ( -1.000000000000000000, 0.000000000000000000, 0.000000000000000000 ) ) ;
#6921 = CARTESIAN_POINT ( 'NONE',  ( 267.6083864737630051, 12.99999999999999822, 22.25997905858050174 ) ) ;
#6922 = CARTESIAN_POINT ( 'NONE',  ( 266.8570450479048191, 9.999999999999998224, 52.16505573634634629 ) ) ;
#6923 = CARTESIAN_POINT ( 'NONE',  ( 265.4171740696150437, 13.00000000000000178, 40.39920805416989680 ) ) ;
#6924 = CARTESIAN_POINT ( 'NONE',  ( 59.24626811365698842, 13.00000000000000178, 37.68610094412792932 ) ) ;
#6925 = ADVANCED_FACE ( 'NONE', ( #4400 ), #2541, .T. ) ;
#6926 = CARTESIAN_POINT ( 'NONE',  ( 271.5109240696151574, 13.00000000000000178, 46.92565036186221050 ) ) ;
#6927 = CARTESIAN_POINT ( 'NONE',  ( 259.7471019542304589, 13.00000000000000178, 35.91002536186220340 ) ) ;
#6928 = CARTESIAN_POINT ( 'NONE',  ( 118.7705394542304731, 10.00000000000000178, 22.21711670801605010 ) ) ;
#6929 = ORIENTED_EDGE ( 'NONE', *, *, #4371, .F. ) ;
#6930 = CARTESIAN_POINT ( 'NONE',  ( 76.22246253115355330, 10.00000000000000355, 26.25557824647759020 ) ) ;
#6931 = ORIENTED_EDGE ( 'NONE', *, *, #1797, .F. ) ;
#6932 = PERSON_AND_ORGANIZATION ( #371, #368 ) ;
#6933 = EDGE_CURVE ( 'NONE', #482, #3526, #3906, .T. ) ;
#6934 = CARTESIAN_POINT ( 'NONE',  ( 152.7087100018162289, 12.99999999999999822, 28.39901308298622240 ) ) ;
#6935 = VERTEX_POINT ( 'NONE', #1714 ) ;
#6936 = CARTESIAN_POINT ( 'NONE',  ( 266.9111384130679880, 10.00000000000000000, 56.22870775773573371 ) ) ;
#6937 = CARTESIAN_POINT ( 'NONE',  ( 51.30388250734647215, 10.00000000000000355, 26.18039338463257337 ) ) ;
#6938 = ORIENTED_EDGE ( 'NONE', *, *, #4327, .T. ) ;
#6939 = VECTOR ( 'NONE', #3331, 1000.000000000000000 ) ;
#6940 = ORIENTED_EDGE ( 'NONE', *, *, #6270, .F. ) ;
#6941 = ADVANCED_FACE ( 'NONE', ( #6247 ), #1239, .T. ) ;
#6942 = CARTESIAN_POINT ( 'NONE',  ( 51.64749098323243715, 9.999999999999996447, 24.48246776651973278 ) ) ;
#6943 = CARTESIAN_POINT ( 'NONE',  ( 76.22246253115355330, 13.00000000000000178, 26.25557824647759020 ) ) ;
#6944 = VECTOR ( 'NONE', #4187, 1000.000000000000000 ) ;
#6945 = CARTESIAN_POINT ( 'NONE',  ( 265.7081925458780916, 13.00000000000000178, 26.29659344346320538 ) ) ;
#6946 = VECTOR ( 'NONE', #6807, 1000.000000000000000 ) ;
#6947 = CARTESIAN_POINT ( 'NONE',  ( 42.34226989330288404, 13.00000000000000178, 15.88592311631937370 ) ) ;
#6948 = CARTESIAN_POINT ( 'NONE',  ( 93.22734856839613826, 13.00000000000000533, 38.77298486588564685 ) ) ;
#6949 = CARTESIAN_POINT ( 'NONE',  ( 105.3570779157689259, 10.00000000000000000, 39.17324651570835670 ) ) ;
#6950 = B_SPLINE_CURVE_WITH_KNOTS ( 'NONE', 3,
 ( #5496, #4941, #7205, #4385, #7238, #6634, #6091, #3256, #6670, #1591, #3855, #864, #1277, #4598, #3314, #6838, #4017, #6336, #5223 ),
 .UNSPECIFIED., .F., .F.,
 ( 4, 1, 1, 1, 1, 1, 1, 1, 1, 1, 1, 1, 1, 1, 1, 1, 4 ),
 ( 0.000000000000000000, 0.06881429582430950709, 0.1363648245522150748, 0.2040193535112468648, 0.2730637386246115850, 0.3429133195614897933, 0.4109654441389579138, 0.4791687665134468643, 0.5493080065097825093, 0.5876515764176500900, 0.6306466687627908518, 0.6788787856966489453, 0.7319342992295831962, 0.7911114229480469273, 0.8552831895130774686, 0.9250859386773849780, 1.000000000000000000 ),
 .UNSPECIFIED. ) ;
#6951 = DIRECTION ( 'NONE',  ( -1.000000000000000000, 0.000000000000000000, 0.000000000000000000 ) ) ;
#6952 = VERTEX_POINT ( 'NONE', #3527 ) ;
#6953 = CARTESIAN_POINT ( 'NONE',  ( 135.9184430496081006, 10.00000000000000178, 38.71567544425733587 ) ) ;
#6954 = EDGE_LOOP ( 'NONE', ( #7329, #6938 ) ) ;
#6955 = CARTESIAN_POINT ( 'NONE',  ( 205.0963148191009964, 12.99999999999999822, 9.507744589110700417 ) ) ;
#6956 = AXIS2_PLACEMENT_3D ( 'NONE', #5151, #1118, #3408 ) ;
#6957 = CARTESIAN_POINT ( 'NONE',  ( 267.2582015176233199, 12.99999999999999467, 26.28844505435575485 ) ) ;
#6958 = CARTESIAN_POINT ( 'NONE',  ( 160.4577905712841357, 10.00000000000000000, 52.20027024743833977 ) ) ;
#6959 = CARTESIAN_POINT ( 'NONE',  ( 236.2645298388458173, 10.00000000000000000, 22.21711670801605010 ) ) ;
#6960 = CARTESIAN_POINT ( 'NONE',  ( 166.4091065566516363, 9.999999999999998224, 50.60172692682643003 ) ) ;
#6961 = CARTESIAN_POINT ( 'NONE',  ( 169.9288899515292712, 12.99999999999999822, 31.04365736471353898 ) ) ;
#6962 = CARTESIAN_POINT ( 'NONE',  ( 3.505202749622875924, 0.000000000000000000, 85.13552925583975650 ) ) ;
#6963 = CARTESIAN_POINT ( 'NONE',  ( 152.7087100018162289, 9.999999999999996447, 28.39901308298622240 ) ) ;
#6964 = CARTESIAN_POINT ( 'NONE',  ( 43.87526538685452238, 12.99999999999999822, 29.06028819383645967 ) ) ;
#6965 = CARTESIAN_POINT ( 'NONE',  ( 207.4165728040570684, 13.00000000000000178, 15.85933683266941685 ) ) ;
#6966 = CARTESIAN_POINT ( 'NONE',  ( 224.2943114517068466, 9.999999999999996447, 52.54010181768143184 ) ) ;
#6967 = CARTESIAN_POINT ( 'NONE',  ( 106.6999735527939066, 10.00000000000000178, 27.21515209880041652 ) ) ;
#6968 = APPROVAL ( #6382, 'UNSPECIFIED' ) ;
#6969 = EDGE_LOOP ( 'NONE', ( #3689, #6193, #2073, #2519 ) ) ;
#6970 = CARTESIAN_POINT ( 'NONE',  ( 59.24626811365698842, 13.00000000000000178, 37.68610094412792932 ) ) ;
#6971 = VERTEX_POINT ( 'NONE', #4656 ) ;
#6972 = CARTESIAN_POINT ( 'NONE',  ( 221.8955394542304589, 10.00000000000000178, 39.14620324647759020 ) ) ;
#6973 = ORIENTED_EDGE ( 'NONE', *, *, #2878, .F. ) ;
#6974 = CARTESIAN_POINT ( 'NONE',  ( 269.7011859578911981, 13.00000000000000178, 55.57680496823707017 ) ) ;
#6975 = EDGE_CURVE ( 'NONE', #499, #7161, #1785, .T. ) ;
#6976 = CARTESIAN_POINT ( 'NONE',  ( 142.8946272786172926, 9.999999999999996447, 40.98330158503264897 ) ) ;
#6977 = PLANE ( 'NONE',  #1092 ) ;
#6978 = ORIENTED_EDGE ( 'NONE', *, *, #1512, .F. ) ;
#6979 = CARTESIAN_POINT ( 'NONE',  ( 259.4424244617297859, 9.999999999999998224, 49.03013950469220816 ) ) ;
#6980 = B_SPLINE_CURVE_WITH_KNOTS ( 'NONE', 3,
 ( #5820, #6442, #330, #728, #2588, #4859, #1364, #7114, #3620, #805, #4153, #6373, #5337, #255, #1293, #1878, #2980, #5260, #180 ),
 .UNSPECIFIED., .F., .F.,
 ( 4, 1, 1, 1, 1, 1, 1, 1, 1, 1, 1, 1, 1, 1, 1, 1, 4 ),
 ( 0.000000000000000000, 0.06955854372741354652, 0.1363352505575722295, 0.2010957661175477584, 0.2644499547795246541, 0.3270049911572457391, 0.3893913874403779340, 0.4519764903030329961, 0.5156699828847830513, 0.5789732464632431075, 0.6401670288004244203, 0.6997398434247558141, 0.7586849854260633297, 0.8178204012911092224, 0.8769839874813283309, 0.9376342848620924375, 0.9999999999999998890 ),
 .UNSPECIFIED. ) ;
#6981 = VERTEX_POINT ( 'NONE', #4578 ) ;
#6982 = CARTESIAN_POINT ( 'NONE',  ( 42.00856045494897728, 12.99999999999999822, 34.33486914100114262 ) ) ;
#6983 = B_SPLINE_SURFACE_WITH_KNOTS ( 'NONE', 3, 1, ( 
 ( #6212, #3419 ),
 ( #1204, #4694 ),
 ( #1132, #88 ),
 ( #5691, #1822 ),
 ( #1683, #6907 ),
 ( #6797, #639 ),
 ( #2894, #4094 ),
 ( #5201, #1716 ),
 ( #3453, #5762 ),
 ( #3382, #5243 ),
 ( #2384, #5656 ) ),
 .UNSPECIFIED., .F., .F., .F.,
 ( 4, 1, 1, 1, 1, 1, 1, 1, 4 ),
 ( 2, 2 ),
 ( 0.000000000000000000, 0.1267425189618498760, 0.2517239612496096623, 0.3772186880262466402, 0.5046935492516293476, 0.6314582385934848219, 0.7554010672029484175, 0.8777005336014761516, 1.000000000000000000 ),
 ( 0.000000000000000000, 1.000000000000000000 ),
 .UNSPECIFIED. ) ;
#6984 = CARTESIAN_POINT ( 'NONE',  ( 267.2554533475340008, 9.999999999999998224, 36.59674768702765135 ) ) ;
#6985 = FACE_OUTER_BOUND ( 'NONE', #1152, .T. ) ;
#6986 = CARTESIAN_POINT ( 'NONE',  ( 46.94576747071209866, 12.99999999999999822, 19.58416547497010640 ) ) ;
#6987 = CARTESIAN_POINT ( 'NONE',  ( 93.19902470771788217, 9.999999999999998224, 37.68007837632379875 ) ) ;
#6988 = EDGE_CURVE ( 'NONE', #5435, #1236, #5198, .T. ) ;
#6989 = CARTESIAN_POINT ( 'NONE',  ( 106.8366697457079226, 12.99999999999999822, 45.43243853591649639 ) ) ;
#6990 = FACE_OUTER_BOUND ( 'NONE', #1356, .T. ) ;
#6991 = VERTEX_POINT ( 'NONE', #6905 ) ;
#6992 = CARTESIAN_POINT ( 'NONE',  ( 171.1405086526396246, 13.00000000000000178, 45.90346757233245256 ) ) ;
#6993 = CARTESIAN_POINT ( 'NONE',  ( 271.5397821102559988, 9.999999999999994671, 28.91480035015274908 ) ) ;
#6994 = CARTESIAN_POINT ( 'NONE',  ( 88.73448176192277970, 9.999999999999998224, 27.63478497724682015 ) ) ;
#6995 = CARTESIAN_POINT ( 'NONE',  ( 244.0094220608220326, 10.00000000000000000, 23.73442181293232522 ) ) ;
#6996 = CARTESIAN_POINT ( 'NONE',  ( 275.5493856080766477, 13.00000000000000178, 46.75437632340067040 ) ) ;
#6997 = ADVANCED_FACE ( 'NONE', ( #5799 ), #1884, .T. ) ;
#6998 = CARTESIAN_POINT ( 'NONE',  ( 171.9256277958131136, 13.00000000000000178, 34.30832736025863028 ) ) ;
#6999 = CARTESIAN_POINT ( 'NONE',  ( 261.8459543756197263, 10.00000000000000000, 23.59655316437897454 ) ) ;
#7000 = CARTESIAN_POINT ( 'NONE',  ( 170.7032888496189571, 13.00000000000000533, 32.08992724252957629 ) ) ;
#7001 = DIRECTION ( 'NONE',  ( 0.000000000000000000, 0.000000000000000000, 1.000000000000000000 ) ) ;
#7002 = CARTESIAN_POINT ( 'NONE',  ( 172.1544492956492149, 10.00000000000000355, 51.19854884097163250 ) ) ;
#7003 = CARTESIAN_POINT ( 'NONE',  ( 218.1549872692018823, 13.00000000000000178, 42.86073662931383410 ) ) ;
#7004 = CARTESIAN_POINT ( 'NONE',  ( 259.5569698373928418, 13.00000000000000178, 25.97572893483764034 ) ) ;
#7005 = ORIENTED_EDGE ( 'NONE', *, *, #1797, .T. ) ;
#7006 = AXIS2_PLACEMENT_3D ( 'NONE', #6568, #1561, #2643 ) ;
#7007 = CARTESIAN_POINT ( 'NONE',  ( 193.0493856080766193, 10.00000000000000000, 22.79403978493913030 ) ) ;
#7008 = ORIENTED_EDGE ( 'NONE', *, *, #2736, .F. ) ;
#7009 = CARTESIAN_POINT ( 'NONE',  ( 66.16204764956705731, 13.00000000000000178, 31.04725823106805649 ) ) ;
#7010 = CARTESIAN_POINT ( 'NONE',  ( 154.9142573923529369, 13.00000000000000178, 27.19291975153880969 ) ) ;
#7011 = ORIENTED_EDGE ( 'NONE', *, *, #2184, .F. ) ;
#7012 = CARTESIAN_POINT ( 'NONE',  ( 274.0094030514002839, 13.00000000000000178, 52.05183572214823329 ) ) ;
#7013 = CARTESIAN_POINT ( 'NONE',  ( 51.70323176192278680, 10.00000000000000000, 22.71290997724682015 ) ) ;
#7014 = CIRCLE ( 'NONE', #4780, 1.500000000000001332 ) ;
#7015 = DIRECTION ( 'NONE',  ( 0.5485103219760292248, 0.000000000000000000, -0.8361437835000347096 ) ) ;
#7016 = EDGE_LOOP ( 'NONE', ( #114, #2303, #7005, #3147 ) ) ;
#7017 = CARTESIAN_POINT ( 'NONE',  ( 273.0537545244974922, 9.999999999999998224, 40.52065502565540100 ) ) ;
#7018 = EDGE_LOOP ( 'NONE', ( #1821, #4657, #4247, #2444 ) ) ;
#7019 = CARTESIAN_POINT ( 'NONE',  ( 268.6756971030876002, 9.999999999999998224, 26.73583078065466978 ) ) ;
#7020 = EDGE_CURVE ( 'NONE', #6532, #566, #5154, .T. ) ;
#7021 = CARTESIAN_POINT ( 'NONE',  ( 296.4644660940673475, 0.000000000000000000, 3.535533905932737309 ) ) ;
#7022 = CARTESIAN_POINT ( 'NONE',  ( 165.9486976088024051, 10.00000000000000000, 27.73711313570966297 ) ) ;
#7023 = CARTESIAN_POINT ( 'NONE',  ( 244.2208578653574023, 9.999999999999994671, 28.48231285482656716 ) ) ;
#7024 = CARTESIAN_POINT ( 'NONE',  ( 147.3642894542304589, 13.00000000000000178, 27.66182824647758665 ) ) ;
#7025 = CARTESIAN_POINT ( 'NONE',  ( 259.7471019542304589, 13.00000000000000178, 35.91002536186220340 ) ) ;
#7026 = CARTESIAN_POINT ( 'NONE',  ( 88.25226347649326897, 13.00000000000000178, 44.36981161685033470 ) ) ;
#7027 = CARTESIAN_POINT ( 'NONE',  ( 135.2625233354148406, 9.999999999999998224, 34.25919660438683678 ) ) ;
#7028 = ORIENTED_EDGE ( 'NONE', *, *, #4670, .F. ) ;
#7029 = DIRECTION ( 'NONE',  ( 0.000000000000000000, 1.000000000000000000, 0.000000000000000000 ) ) ;
#7030 = ADVANCED_FACE ( 'NONE', ( #6864 ), #2941, .T. ) ;
#7031 = DIRECTION ( 'NONE',  ( -0.000000000000000000, -1.000000000000000000, -0.000000000000000000 ) ) ;
#7032 = CARTESIAN_POINT ( 'NONE',  ( 171.1405086526396246, 13.00000000000000178, 45.90346757233245256 ) ) ;
#7033 = CARTESIAN_POINT ( 'NONE',  ( 166.7034654335570849, 13.00000000000000533, 55.01393715378532789 ) ) ;
#7034 = LINE ( 'NONE', #1290, #198 ) ;
#7035 = DIRECTION ( 'NONE',  ( -0.000000000000000000, -1.000000000000000000, -0.000000000000000000 ) ) ;
#7036 = PLANE ( 'NONE',  #4947 ) ;
#7037 = CARTESIAN_POINT ( 'NONE',  ( 169.9288899515292712, 10.00000000000000000, 31.04365736471353898 ) ) ;
#7038 = CARTESIAN_POINT ( 'NONE',  ( 135.8878398827912122, 12.99999999999999822, 37.56736796952410629 ) ) ;
#7039 = ADVANCED_FACE ( 'NONE', ( #1706 ), #2104, .F. ) ;
#7040 = CARTESIAN_POINT ( 'NONE',  ( 166.7034654335570849, 10.00000000000000355, 55.01393715378532789 ) ) ;
#7041 = CARTESIAN_POINT ( 'NONE',  ( 219.8423497245663327, 10.00000000000000000, 47.44231698191050128 ) ) ;
#7042 = CARTESIAN_POINT ( 'NONE',  ( 242.6514054945408816, 9.999999999999994671, 50.80574183780144892 ) ) ;
#7043 = CARTESIAN_POINT ( 'NONE',  ( 247.9382077234612325, 13.00000000000000178, 32.02480901570835670 ) ) ;
#7044 = B_SPLINE_SURFACE_WITH_KNOTS ( 'NONE', 3, 1, ( 
 ( #2134, #435 ),
 ( #951, #5478 ),
 ( #399, #2692 ),
 ( #4961, #5556 ),
 ( #5403, #7186 ),
 ( #4370, #7223 ),
 ( #4994, #7258 ),
 ( #2168, #6690 ),
 ( #1612, #5623 ),
 ( #504, #1134 ),
 ( #51, #7294 ),
 ( #5027, #2238 ),
 ( #6799, #2790 ),
 ( #2828, #5094 ),
 ( #3910, #91 ),
 ( #3350, #5060 ),
 ( #538, #6285 ),
 ( #7334, #5729 ),
 ( #4513, #6179 ) ),
 .UNSPECIFIED., .F., .F., .F.,
 ( 4, 1, 1, 1, 1, 1, 1, 1, 1, 1, 1, 1, 1, 1, 1, 1, 4 ),
 ( 2, 2 ),
 ( 0.000000000000000000, 0.06881429582430950709, 0.1363648245522150748, 0.2040193535112468648, 0.2730637386246115850, 0.3429133195614897933, 0.4109654441389579138, 0.4791687665134468643, 0.5493080065097825093, 0.5876515764176500900, 0.6306466687627908518, 0.6788787856966489453, 0.7319342992295831962, 0.7911114229480469273, 0.8552831895130774686, 0.9250859386773849780, 1.000000000000000000 ),
 ( 0.000000000000000000, 1.000000000000000000 ),
 .UNSPECIFIED. ) ;
#7045 = LINE ( 'NONE', #6078, #674 ) ;
#7046 = ORIENTED_EDGE ( 'NONE', *, *, #1760, .T. ) ;
#7047 = CARTESIAN_POINT ( 'NONE',  ( 105.3570779157689259, 13.00000000000000178, 55.67865516955451000 ) ) ;
#7048 = PERSON_AND_ORGANIZATION ( #371, #368 ) ;
#7049 = CARTESIAN_POINT ( 'NONE',  ( 151.6745786315708244, 13.00000000000000178, 29.17857966628769262 ) ) ;
#7050 = ORIENTED_EDGE ( 'NONE', *, *, #2534, .F. ) ;
#7051 = CARTESIAN_POINT ( 'NONE',  ( 273.0537545244974922, 13.00000000000000178, 40.52065502565540100 ) ) ;
#7052 = VERTEX_POINT ( 'NONE', #190 ) ;
#7053 = CARTESIAN_POINT ( 'NONE',  ( 158.0785800838746979, 13.00000000000000178, 56.20912576598387034 ) ) ;
#7054 = ORIENTED_EDGE ( 'NONE', *, *, #3854, .T. ) ;
#7055 = CARTESIAN_POINT ( 'NONE',  ( 217.8570779157689401, 13.00000000000000178, 39.50678016955452421 ) ) ;
#7056 = ORIENTED_EDGE ( 'NONE', *, *, #955, .T. ) ;
#7057 = FACE_OUTER_BOUND ( 'NONE', #2996, .T. ) ;
#7058 = CARTESIAN_POINT ( 'NONE',  ( 223.7009073169143676, 13.00000000000000178, 45.74930185323014342 ) ) ;
#7059 = B_SPLINE_CURVE_WITH_KNOTS ( 'NONE', 3,
 ( #942, #3828, #6100, #5468, #4361, #2158, #3792, #3266, #5544, #461, #4432 ),
 .UNSPECIFIED., .F., .F.,
 ( 4, 1, 1, 1, 1, 1, 1, 1, 4 ),
 ( 0.000000000000000000, 0.1317514273024040505, 0.2583323505141578158, 0.3821339760925441809, 0.5038043916000845002, 0.6246929865409320826, 0.7468705897275771388, 0.8715135042348155503, 1.000000000000000000 ),
 .UNSPECIFIED. ) ;
#7060 = CARTESIAN_POINT ( 'NONE',  ( 151.9257403806274169, 13.00000000000000178, 49.69216112844424771 ) ) ;
#7061 = DIRECTION ( 'NONE',  ( 0.8361437835000347096, 0.000000000000000000, 0.5485103219760291138 ) ) ;
#7062 = FACE_OUTER_BOUND ( 'NONE', #1117, .T. ) ;
#7063 = CARTESIAN_POINT ( 'NONE',  ( 210.3280444245058334, 9.999999999999994671, 10.47229235292908456 ) ) ;
#7064 = VECTOR ( 'NONE', #3758, 1000.000000000000000 ) ;
#7065 = ADVANCED_FACE ( 'NONE', ( #4161 ), #780, .F. ) ;
#7066 = CARTESIAN_POINT ( 'NONE',  ( 251.1182030630773170, 13.00000000000000178, 48.95974336179072850 ) ) ;
#7067 = ORIENTED_EDGE ( 'NONE', *, *, #1850, .T. ) ;
#7068 = CARTESIAN_POINT ( 'NONE',  ( 262.2801548388458173, 13.00000000000000178, 30.68165997724681660 ) ) ;
#7069 = AXIS2_PLACEMENT_3D ( 'NONE', #584, #1731, #5668 ) ;
#7070 = CARTESIAN_POINT ( 'NONE',  ( 245.4826170213578393, 9.999999999999998224, 48.98148443719539813 ) ) ;
#7071 = VECTOR ( 'NONE', #7035, 1000.000000000000000 ) ;
#7072 = CARTESIAN_POINT ( 'NONE',  ( 42.63472214653817360, 10.00000000000000000, 11.29163593878528005 ) ) ;
#7073 = CARTESIAN_POINT ( 'NONE',  ( 246.5985363273537416, 10.00000000000000000, 25.04080161315634001 ) ) ;
#7074 = CARTESIAN_POINT ( 'NONE',  ( 265.4171740696150437, 13.00000000000000178, 40.39920805416989680 ) ) ;
#7075 = CARTESIAN_POINT ( 'NONE',  ( 273.9591271167238915, 9.999999999999996447, 25.80146514458407481 ) ) ;
#7076 = CARTESIAN_POINT ( 'NONE',  ( 263.2595544974179234, 10.00000000000000178, 22.81391939510950095 ) ) ;
#7077 = EDGE_CURVE ( 'NONE', #1336, #1997, #5312, .T. ) ;
#7078 = CARTESIAN_POINT ( 'NONE',  ( 172.6344055276090614, 13.00000000000000178, 36.74274507341615248 ) ) ;
#7079 = VECTOR ( 'NONE', #583, 1000.000000000000000 ) ;
#7080 = CARTESIAN_POINT ( 'NONE',  ( 119.1986072282641800, 12.99999999999999822, 52.19611290801866943 ) ) ;
#7081 = CARTESIAN_POINT ( 'NONE',  ( 183.2416933003842985, 13.00000000000000178, 26.83250132340066685 ) ) ;
#7082 = CARTESIAN_POINT ( 'NONE',  ( 270.0743177426065245, 9.999999999999996447, 43.41940427758031973 ) ) ;
#7083 = DIRECTION ( 'NONE',  ( -0.000000000000000000, -1.000000000000000000, -0.000000000000000000 ) ) ;
#7084 = EDGE_CURVE ( 'NONE', #1629, #156, #6012, .T. ) ;
#7085 = CARTESIAN_POINT ( 'NONE',  ( 237.7883752435052713, 12.99999999999999822, 26.30354593070030234 ) ) ;
#7086 = EDGE_CURVE ( 'NONE', #230, #5197, #372, .T. ) ;
#7087 = ORIENTED_EDGE ( 'NONE', *, *, #1775, .T. ) ;
#7088 = DIRECTION ( 'NONE',  ( 0.000000000000000000, 1.000000000000000000, 0.000000000000000000 ) ) ;
#7089 = VERTEX_POINT ( 'NONE', #6589 ) ;
#7090 = LINE ( 'NONE', #3709, #610 ) ;
#7091 = ORIENTED_EDGE ( 'NONE', *, *, #6076, .F. ) ;
#7092 = CARTESIAN_POINT ( 'NONE',  ( 88.98055937376294366, 13.00000000000000533, 36.74274507341617380 ) ) ;
#7093 = EDGE_CURVE ( 'NONE', #703, #3223, #6045, .T. ) ;
#7094 = ORIENTED_EDGE ( 'NONE', *, *, #681, .F. ) ;
#7095 = DIRECTION ( 'NONE',  ( -1.000000000000000000, 0.000000000000000000, 0.000000000000000000 ) ) ;
#7096 = EDGE_LOOP ( 'NONE', ( #1515, #3370, #3346, #1309 ) ) ;
#7097 = CARTESIAN_POINT ( 'NONE',  ( 205.0963991700023143, 10.00000000000000178, 15.31105218964902903 ) ) ;
#7098 = EDGE_LOOP ( 'NONE', ( #3183, #4012, #2963, #4804 ) ) ;
#7099 = CARTESIAN_POINT ( 'NONE',  ( 49.96545639499984759, 10.00000000000000000, 29.23206134606567375 ) ) ;
#7100 = DIRECTION ( 'NONE',  ( 1.000000000000000000, 0.000000000000000000, 0.000000000000000000 ) ) ;
#7101 = CARTESIAN_POINT ( 'NONE',  ( 207.1659721465381665, 10.00000000000000000, 8.947885938785283599 ) ) ;
#7102 = CARTESIAN_POINT ( 'NONE',  ( 118.6713808003843127, 13.00000000000000178, 26.25557824647759020 ) ) ;
#7103 = CARTESIAN_POINT ( 'NONE',  ( 263.9978750719834579, 13.00000000000000178, 52.01379975113110277 ) ) ;
#7104 = CARTESIAN_POINT ( 'NONE',  ( 249.3275743253719838, 9.999999999999996447, 51.15151690515788374 ) ) ;
#7105 = CARTESIAN_POINT ( 'NONE',  ( 270.5436734047505638, 10.00000000000000000, 55.18767910082815575 ) ) ;
#7106 = EDGE_LOOP ( 'NONE', ( #3577, #4756 ) ) ;
#7107 = CARTESIAN_POINT ( 'NONE',  ( 76.22246253115355330, 13.00000000000000178, 52.21711670801605010 ) ) ;
#7108 = CARTESIAN_POINT ( 'NONE',  ( 166.8015758161954238, 12.99999999999999822, 23.53445264849421648 ) ) ;
#7109 = CARTESIAN_POINT ( 'NONE',  ( 51.68498198902405960, 10.00000000000000178, 21.64027281985967477 ) ) ;
#7110 = B_SPLINE_SURFACE_WITH_KNOTS ( 'NONE', 3, 1, ( 
 ( #790, #2606 ),
 ( #5952, #1385 ),
 ( #350, #6942 ),
 ( #3041, #826 ),
 ( #3646, #3079 ),
 ( #2460, #7099 ),
 ( #5356, #5389 ),
 ( #2533, #5322 ),
 ( #4133, #6502 ),
 ( #1423, #3002 ),
 ( #4734, #863 ),
 ( #3569, #1457 ),
 ( #6982, #4845 ),
 ( #311, #4769 ),
 ( #3113, #2572 ),
 ( #2007, #4284 ),
 ( #6535, #3717 ),
 ( #1896, #1932 ),
 ( #5984, #1862 ) ),
 .UNSPECIFIED., .F., .F., .F.,
 ( 4, 1, 1, 1, 1, 1, 1, 1, 1, 1, 1, 1, 1, 1, 1, 1, 4 ),
 ( 2, 2 ),
 ( 0.000000000000000000, 0.07878023558213927136, 0.1537206442085843616, 0.2267135303087810527, 0.2991911660659364869, 0.3711899968376684567, 0.4430064143534094279, 0.5166891732948806215, 0.5932172166234125354, 0.6338729178078459370, 0.6769891422899794176, 0.7228995063258274456, 0.7719586105061445602, 0.8242113233348360435, 0.8793786506272024406, 0.9379481193304185505, 1.000000000000000000 ),
 ( 0.000000000000000000, 1.000000000000000000 ),
 .UNSPECIFIED. ) ;
#7111 = DIRECTION ( 'NONE',  ( 1.000000000000000000, 0.000000000000000000, 0.000000000000000000 ) ) ;
#7112 = CARTESIAN_POINT ( 'NONE',  ( 203.4476435349086216, 10.00000000000000355, 12.19434232301398779 ) ) ;
#7113 = CARTESIAN_POINT ( 'NONE',  ( 269.7245174926487152, 13.00000000000000178, 22.86219213334891975 ) ) ;
#7114 = CARTESIAN_POINT ( 'NONE',  ( 225.7090602570890780, 12.99999999999999822, 53.53976768786175455 ) ) ;
#7115 = LOCAL_TIME ( 17, 47, 23.00000000000000000, #1374 ) ;
#7116 = CARTESIAN_POINT ( 'NONE',  ( 59.21584895763181322, 13.00000000000000178, 39.88320673285893747 ) ) ;
#7117 = DIRECTION ( 'NONE',  ( -0.000000000000000000, -1.000000000000000000, -0.000000000000000000 ) ) ;
#7118 = DIRECTION ( 'NONE',  ( 0.000000000000000000, 1.000000000000000000, 0.000000000000000000 ) ) ;
#7119 = PLANE ( 'NONE',  #443 ) ;
#7120 = EDGE_CURVE ( 'NONE', #2630, #1961, #1202, .T. ) ;
#7121 = CARTESIAN_POINT ( 'NONE',  ( 163.4528640129408643, 9.999999999999998224, 55.97063351189586200 ) ) ;
#7122 = CARTESIAN_POINT ( 'NONE',  ( 93.24169330038432690, 10.00000000000000000, 39.32649170801605720 ) ) ;
#7123 = CARTESIAN_POINT ( 'NONE',  ( 241.1035593871445997, 13.00000000000000533, 51.43764019556537193 ) ) ;
#7124 = DIRECTION ( 'NONE',  ( 0.000000000000000000, 1.000000000000000000, 0.000000000000000000 ) ) ;
#7125 = VERTEX_POINT ( 'NONE', #1621 ) ;
#7126 = CARTESIAN_POINT ( 'NONE',  ( 236.2645298388458457, 13.00000000000000178, 22.21711670801605365 ) ) ;
#7127 = CARTESIAN_POINT ( 'NONE',  ( 204.5221390929668246, 13.00000000000000178, 14.87100123842479782 ) ) ;
#7128 = ADVANCED_FACE ( 'NONE', ( #3952 ), #2734, .T. ) ;
#7129 = VECTOR ( 'NONE', #6545, 1000.000000000000000 ) ;
#7130 = CARTESIAN_POINT ( 'NONE',  ( 82.29485145495625886, 12.99999999999999822, 27.73711313570967718 ) ) ;
#7131 = VERTEX_POINT ( 'NONE', #1943 ) ;
#7132 = CARTESIAN_POINT ( 'NONE',  ( 144.6954594447745137, 12.99999999999999467, 47.15415927008314867 ) ) ;
#7133 = EDGE_LOOP ( 'NONE', ( #7091, #5619, #3942, #1128 ) ) ;
#7134 = LINE ( 'NONE', #4912, #2211 ) ;
#7135 = VERTEX_POINT ( 'NONE', #366 ) ;
#7136 = CARTESIAN_POINT ( 'NONE',  ( 149.9821732305688329, 13.00000000000000533, 25.26621905222125619 ) ) ;
#7137 = EDGE_CURVE ( 'NONE', #4013, #7240, #4665, .T. ) ;
#7138 = CARTESIAN_POINT ( 'NONE',  ( 35.90996253115355330, 13.00000000000000178, 15.29403978493913030 ) ) ;
#7139 = B_SPLINE_CURVE_WITH_KNOTS ( 'NONE', 3,
 ( #6238, #2336, #2922, #4614, #4650, #1747, #5155, #1673, #6898, #1123, #5646 ),
 .UNSPECIFIED., .F., .F.,
 ( 4, 1, 1, 1, 1, 1, 1, 1, 4 ),
 ( 0.000000000000000000, 0.1289191318119614349, 0.2552377249249067059, 0.3786785959785508027, 0.5010878871851330851, 0.6227136794297769562, 0.7462407949383831340, 0.8715890472316694115, 0.9999999999999998890 ),
 .UNSPECIFIED. ) ;
#7140 = CARTESIAN_POINT ( 'NONE',  ( 105.4187456522481057, 13.00000000000000178, 37.41462103465290312 ) ) ;
#7141 = VECTOR ( 'NONE', #1003, 1000.000000000000000 ) ;
#7142 = DIRECTION ( 'NONE',  ( 0.000000000000000000, 0.000000000000000000, 1.000000000000000000 ) ) ;
#7143 = CARTESIAN_POINT ( 'NONE',  ( 219.1983424029278922, 9.999999999999998224, 32.82096245303630155 ) ) ;
#7144 = ORIENTED_EDGE ( 'NONE', *, *, #1667, .T. ) ;
#7145 = CARTESIAN_POINT ( 'NONE',  ( 266.9111384130679880, 10.00000000000000000, 56.22870775773573371 ) ) ;
#7146 = VERTEX_POINT ( 'NONE', #5266 ) ;
#7147 = DIRECTION ( 'NONE',  ( -0.000000000000000000, -1.000000000000000000, -0.000000000000000000 ) ) ;
#7148 = CARTESIAN_POINT ( 'NONE',  ( 245.9490562539961047, 9.999999999999998224, 53.75332441820584251 ) ) ;
#7149 = VECTOR ( 'NONE', #4620, 1000.000000000000000 ) ;
#7150 = CARTESIAN_POINT ( 'NONE',  ( 204.5224560441957635, 13.00000000000000178, 9.948043036141879014 ) ) ;
#7151 = CARTESIAN_POINT ( 'NONE',  ( 142.8715204774586027, 13.00000000000000178, 38.77599326082142284 ) ) ;
#7152 = CARTESIAN_POINT ( 'NONE',  ( 30.75371253115355330, 13.00000000000000178, 34.90942440032374350 ) ) ;
#7153 = CARTESIAN_POINT ( 'NONE',  ( 156.0899253883289930, 13.00000000000000178, 26.77372474248329937 ) ) ;
#7154 = CARTESIAN_POINT ( 'NONE',  ( 261.2525447605273712, 9.999999999999998224, 37.60082151887352353 ) ) ;
#7155 = LINE ( 'NONE', #4340, #4423 ) ;
#7156 = CARTESIAN_POINT ( 'NONE',  ( 105.3570779157689259, 13.00000000000000178, 39.17324651570835670 ) ) ;
#7157 = CARTESIAN_POINT ( 'NONE',  ( 63.25401815838782227, 10.00000000000000000, 38.90819761102306273 ) ) ;
#7158 = CARTESIAN_POINT ( 'NONE',  ( 237.7883752435052713, 12.99999999999999822, 26.30354593070030234 ) ) ;
#7159 = FACE_BOUND ( 'NONE', #4546, .T. ) ;
#7160 = B_SPLINE_CURVE_WITH_KNOTS ( 'NONE', 3,
 ( #3083, #6432, #6397, #3573, #6363, #5360, #3608, #2425, #5880, #753, #794, #5248, #3046, #1936, #244, #282, #2501, #4774, #2934 ),
 .UNSPECIFIED., .F., .F.,
 ( 4, 1, 1, 1, 1, 1, 1, 1, 1, 1, 1, 1, 1, 1, 1, 1, 4 ),
 ( 0.000000000000000000, 0.06952164132604521374, 0.1369209822612549032, 0.2019692428653316607, 0.2654615503849171443, 0.3282478845128380396, 0.3908167166700973194, 0.4535501756793823835, 0.5175419816323165723, 0.5807383719174793457, 0.6419215091741667933, 0.7015967244089308386, 0.7603128802455011437, 0.8187565130146952086, 0.8777180795361955168, 0.9380940530276961065, 1.000000000000000000 ),
 .UNSPECIFIED. ) ;
#7161 = VERTEX_POINT ( 'NONE', #6339 ) ;
#7162 = EDGE_CURVE ( 'NONE', #817, #3754, #7316, .T. ) ;
#7163 = VERTEX_POINT ( 'NONE', #3512 ) ;
#7164 = CARTESIAN_POINT ( 'NONE',  ( 274.7170418432817200, 10.00000000000000178, 42.81076168300216978 ) ) ;
#7165 = CARTESIAN_POINT ( 'NONE',  ( 207.1659721465381381, 10.00000000000000000, 15.87096286186220873 ) ) ;
#7166 = CARTESIAN_POINT ( 'NONE',  ( 274.9724625311535533, 10.00000000000000000, 26.89560228493913030 ) ) ;
#7167 = VECTOR ( 'NONE', #169, 1000.000000000000000 ) ;
#7168 = CARTESIAN_POINT ( 'NONE',  ( 267.2554533475340008, 10.00000000000000178, 36.59674768702765135 ) ) ;
#7169 = VERTEX_POINT ( 'NONE', #5786 ) ;
#7170 = DIRECTION ( 'NONE',  ( 0.000000000000000000, 0.000000000000000000, 1.000000000000000000 ) ) ;
#7171 = EDGE_CURVE ( 'NONE', #5456, #6981, #6596, .T. ) ;
#7172 = EDGE_LOOP ( 'NONE', ( #1965, #4873, #4742, #2015 ) ) ;
#7173 = CARTESIAN_POINT ( 'NONE',  ( 203.4479491197367054, 10.00000000000000000, 12.65451322681737700 ) ) ;
#7174 = ORIENTED_EDGE ( 'NONE', *, *, #7271, .F. ) ;
#7175 = CARTESIAN_POINT ( 'NONE',  ( 270.0805521944698739, 9.999999999999996447, 38.21717801897731448 ) ) ;
#7176 = FACE_OUTER_BOUND ( 'NONE', #1059, .T. ) ;
#7177 = CARTESIAN_POINT ( 'NONE',  ( 105.3570779157689259, 13.00000000000000178, 9.524809015708360249 ) ) ;
#7178 = CARTESIAN_POINT ( 'NONE',  ( 92.13846914496305374, 12.99999999999999822, 33.02014799734765660 ) ) ;
#7179 = FACE_OUTER_BOUND ( 'NONE', #4166, .T. ) ;
#7180 = EDGE_CURVE ( 'NONE', #3562, #5720, #6950, .T. ) ;
#7181 = VERTEX_POINT ( 'NONE', #7055 ) ;
#7182 = CARTESIAN_POINT ( 'NONE',  ( 271.3438869411630208, 9.999999999999998224, 54.71743762255405130 ) ) ;
#7183 = EDGE_LOOP ( 'NONE', ( #4497, #3381, #4387, #4353 ) ) ;
#7184 = CARTESIAN_POINT ( 'NONE',  ( 242.5598240180543712, 10.00000000000000000, 23.19617481080147670 ) ) ;
#7185 = CARTESIAN_POINT ( 'NONE',  ( 131.8770831515002442, 13.00000000000000178, 39.86334237215995557 ) ) ;
#7186 = CARTESIAN_POINT ( 'NONE',  ( 46.94576747071209866, 9.999999999999996447, 19.58416547497010640 ) ) ;
#7187 = VECTOR ( 'NONE', #4137, 1000.000000000000000 ) ;
#7188 = CARTESIAN_POINT ( 'NONE',  ( 142.9001142675031417, 13.00000000000000178, 37.68610094412793643 ) ) ;
#7189 = CARTESIAN_POINT ( 'NONE',  ( 224.8676866677028272, 13.00000000000000178, 25.70860383139527627 ) ) ;
#7190 = CARTESIAN_POINT ( 'NONE',  ( 109.7494566781209784, 10.00000000000000000, 24.74786474942435177 ) ) ;
#7191 = CARTESIAN_POINT ( 'NONE',  ( 209.2630086068790547, 9.999999999999998224, 15.31116528254609577 ) ) ;
#7192 = CARTESIAN_POINT ( 'NONE',  ( 33.33333333333334991, 20.00000000000000000, 94.93724644492834841 ) ) ;
#7193 = CARTESIAN_POINT ( 'NONE',  ( 126.7149960962572521, 9.999999999999994671, 49.62998143236193727 ) ) ;
#7194 = AXIS2_PLACEMENT_3D ( 'NONE', #4808, #126, #5281 ) ;
#7195 = CARTESIAN_POINT ( 'NONE',  ( 221.9638595182215397, 10.00000000000000178, 40.86525990566887856 ) ) ;
#7196 = AXIS2_PLACEMENT_3D ( 'NONE', #6479, #5855, #4264 ) ;
#7197 = CARTESIAN_POINT ( 'NONE',  ( 68.02073247772466402, 10.00000000000000178, 29.17857966628769262 ) ) ;
#7198 = DIRECTION ( 'NONE',  ( 0.000000000000000000, 0.000000000000000000, 1.000000000000000000 ) ) ;
#7199 = CARTESIAN_POINT ( 'NONE',  ( 59.21584895763181322, 10.00000000000000000, 39.88320673285893747 ) ) ;
#7200 = CARTESIAN_POINT ( 'NONE',  ( 51.36770078471574408, 13.00000000000000533, 19.59534718228816530 ) ) ;
#7201 = ORIENTED_EDGE ( 'NONE', *, *, #5769, .T. ) ;
#7202 = CARTESIAN_POINT ( 'NONE',  ( 296.5030604351463808, 0.000000000000000000, 85.13552925583971387 ) ) ;
#7203 = CARTESIAN_POINT ( 'NONE',  ( 47.36589154639974453, 9.999999999999996447, 24.87965072590409576 ) ) ;
#7204 = VECTOR ( 'NONE', #1307, 1000.000000000000000 ) ;
#7205 = CARTESIAN_POINT ( 'NONE',  ( 47.61868654063859907, 10.00000000000000000, 21.62488796606365682 ) ) ;
#7206 = CARTESIAN_POINT ( 'NONE',  ( 267.8075044326048442, 10.00000000000000000, 36.89817614401901125 ) ) ;
#7207 = ORIENTED_EDGE ( 'NONE', *, *, #2626, .F. ) ;
#7208 = CARTESIAN_POINT ( 'NONE',  ( 198.8186163773073929, 13.00000000000000178, 22.79403978493913030 ) ) ;
#7209 = ORIENTED_EDGE ( 'NONE', *, *, #7214, .T. ) ;
#7210 = CARTESIAN_POINT ( 'NONE',  ( 64.94789869609790856, 10.00000000000000000, 45.90535232193055037 ) ) ;
#7211 = ORIENTED_EDGE ( 'NONE', *, *, #3721, .T. ) ;
#7212 = CARTESIAN_POINT ( 'NONE',  ( 266.5529913773073645, 10.00000000000000178, 26.25557824647759020 ) ) ;
#7213 = CARTESIAN_POINT ( 'NONE',  ( 65.16662088834154076, 13.00000000000000178, 52.38323673833289718 ) ) ;
#7214 = EDGE_CURVE ( 'NONE', #6904, #4851, #527, .T. ) ;
#7215 = CARTESIAN_POINT ( 'NONE',  ( 209.2630921728809881, 13.00000000000000533, 9.507632182588430680 ) ) ;
#7216 = CARTESIAN_POINT ( 'NONE',  ( 105.3778839498104531, 9.999999999999996447, 38.57990510715021770 ) ) ;
#7217 = LINE ( 'NONE', #3233, #6718 ) ;
#7218 = CARTESIAN_POINT ( 'NONE',  ( 217.8570779157689401, 10.00000000000000000, 39.50678016955452421 ) ) ;
#7219 = ORIENTED_EDGE ( 'NONE', *, *, #6477, .F. ) ;
#7220 = ORIENTED_EDGE ( 'NONE', *, *, #1804, .T. ) ;
#7221 = LINE ( 'NONE', #2759, #2983 ) ;
#7222 = CARTESIAN_POINT ( 'NONE',  ( 171.9705018152318416, 10.00000000000000000, 27.20171998063747054 ) ) ;
#7223 = CARTESIAN_POINT ( 'NONE',  ( 46.37591012596498530, 10.00000000000000000, 18.65633638221967772 ) ) ;
#7224 = EDGE_CURVE ( 'NONE', #4281, #4610, #3723, .T. ) ;
#7225 = CARTESIAN_POINT ( 'NONE',  ( 135.9340009926919777, 13.00000000000000178, 39.29944843878527649 ) ) ;
#7226 = LINE ( 'NONE', #3840, #664 ) ;
#7227 = CARTESIAN_POINT ( 'NONE',  ( 106.6999735527939066, 13.00000000000000178, 27.21515209880041652 ) ) ;
#7228 = CARTESIAN_POINT ( 'NONE',  ( 207.1659721465381381, 10.00000000000000355, 15.87096286186220873 ) ) ;
#7229 = FACE_OUTER_BOUND ( 'NONE', #1275, .T. ) ;
#7230 = EDGE_CURVE ( 'NONE', #1997, #5685, #341, .T. ) ;
#7231 = CARTESIAN_POINT ( 'NONE',  ( 75.78612181415969928, 10.00000000000000178, 26.26798013943248833 ) ) ;
#7232 = CARTESIAN_POINT ( 'NONE',  ( 93.22907610629701480, 10.00000000000000178, 39.88320673530081706 ) ) ;
#7233 = CARTESIAN_POINT ( 'NONE',  ( 1.224646799147353533E-14, 0.000000000000000000, 100.0000000000000000 ) ) ;
#7234 = CARTESIAN_POINT ( 'NONE',  ( 265.7274799021346894, 10.00000000000000000, 40.56601720523219257 ) ) ;
#7235 = EDGE_LOOP ( 'NONE', ( #3439, #3197 ) ) ;
#7236 = CARTESIAN_POINT ( 'NONE',  ( 88.73448176192277970, 13.00000000000000178, 27.63478497724682015 ) ) ;
#7237 = CARTESIAN_POINT ( 'NONE',  ( 206.9182371801087470, 13.00000000000000178, 15.85978074472628130 ) ) ;
#7238 = CARTESIAN_POINT ( 'NONE',  ( 46.94576747071209866, 9.999999999999998224, 19.58416547497010640 ) ) ;
#7239 = CARTESIAN_POINT ( 'NONE',  ( 268.6672316658102204, 13.00000000000000178, 22.48762365207000613 ) ) ;
#7240 = VERTEX_POINT ( 'NONE', #4049 ) ;
#7241 = PLANE ( 'NONE',  #213 ) ;
#7242 = ORIENTED_EDGE ( 'NONE', *, *, #4824, .F. ) ;
#7243 = DIRECTION ( 'NONE',  ( -0.000000000000000000, -1.000000000000000000, -0.000000000000000000 ) ) ;
#7244 = ORIENTED_EDGE ( 'NONE', *, *, #923, .F. ) ;
#7245 = CARTESIAN_POINT ( 'NONE',  ( 158.0615550430262601, 10.00000000000000000, 22.25700891777281498 ) ) ;
#7246 = CARTESIAN_POINT ( 'NONE',  ( 76.24049137730740711, 10.00000000000000000, 56.25557824647759020 ) ) ;
#7247 = DIRECTION ( 'NONE',  ( -0.000000000000000000, -1.000000000000000000, -0.000000000000000000 ) ) ;
#7248 = CARTESIAN_POINT ( 'NONE',  ( 125.3706040804814279, 9.999999999999998224, 23.43130474450449796 ) ) ;
#7249 = CARTESIAN_POINT ( 'NONE',  ( 259.4424244617297859, 13.00000000000000178, 49.03013950469220816 ) ) ;
#7250 = VECTOR ( 'NONE', #2080, 1000.000000000000000 ) ;
#7251 = CARTESIAN_POINT ( 'NONE',  ( 176.6221435997519222, 10.00000000000000000, 42.60355058100880399 ) ) ;
#7252 = ORIENTED_EDGE ( 'NONE', *, *, #6543, .F. ) ;
#7253 = CARTESIAN_POINT ( 'NONE',  ( 259.0476973630586031, 10.00000000000000000, 34.78570640082932641 ) ) ;
#7254 = ORIENTED_EDGE ( 'NONE', *, *, #6123, .F. ) ;
#7255 = ADVANCED_FACE ( 'NONE', ( #602 ), #4713, .T. ) ;
#7256 = CARTESIAN_POINT ( 'NONE',  ( 189.0109240696151005, 13.00000000000000178, 55.67865516955451000 ) ) ;
#7257 = CARTESIAN_POINT ( 'NONE',  ( 166.8015758161954238, 12.99999999999999822, 23.53445264849421648 ) ) ;
#7258 = CARTESIAN_POINT ( 'NONE',  ( 45.68163527644686894, 9.999999999999996447, 17.81411977837750982 ) ) ;
#7259 = DIRECTION ( 'NONE',  ( -0.000000000000000000, -1.000000000000000000, -0.000000000000000000 ) ) ;
#7260 = CARTESIAN_POINT ( 'NONE',  ( 218.7807998514012979, 13.00000000000000533, 33.88274518408433522 ) ) ;
#7261 = CARTESIAN_POINT ( 'NONE',  ( 3.535533905932737309, 0.000000000000000000, 1.885533905932736509 ) ) ;
#7262 = CARTESIAN_POINT ( 'NONE',  ( 147.3642894542304589, 10.00000000000000000, 27.66182824647758665 ) ) ;
#7263 = EDGE_CURVE ( 'NONE', #587, #7169, #404, .T. ) ;
#7264 = AXIS2_PLACEMENT_3D ( 'NONE', #4999, #6114, #6735 ) ;
#7265 = CARTESIAN_POINT ( 'NONE',  ( 271.4969574281161613, 13.00000000000000178, 46.63881240763541314 ) ) ;
#7266 = CARTESIAN_POINT ( 'NONE',  ( 133.3333333333333428, 20.00000000000000000, 94.93724644492834841 ) ) ;
#7267 = CARTESIAN_POINT ( 'NONE',  ( 275.2063624120012264, 10.00000000000000000, 44.06071289298131433 ) ) ;
#7268 = CARTESIAN_POINT ( 'NONE',  ( 92.96829744590573341, 10.00000000000000178, 42.60355058100879688 ) ) ;
#7269 = FACE_BOUND ( 'NONE', #2917, .T. ) ;
#7270 = CARTESIAN_POINT ( 'NONE',  ( 143.1304737516075818, 10.00000000000000355, 42.60355060907562574 ) ) ;
#7271 = EDGE_CURVE ( 'NONE', #6894, #5607, #1945, .T. ) ;
#7272 = ORIENTED_EDGE ( 'NONE', *, *, #5220, .T. ) ;
#7273 = CARTESIAN_POINT ( 'NONE',  ( 78.06736833976000867, 13.00000000000000178, 22.25601689275960737 ) ) ;
#7274 = CARTESIAN_POINT ( 'NONE',  ( 206.4360534351737613, 13.00000000000000178, 15.83801621469398135 ) ) ;
#7275 = CARTESIAN_POINT ( 'NONE',  ( 270.7829605636611632, 10.00000000000000178, 23.37951513341387155 ) ) ;
#7276 = LINE ( 'NONE', #2776, #3746 ) ;
#7277 = ORIENTED_EDGE ( 'NONE', *, *, #2184, .T. ) ;
#7278 = CARTESIAN_POINT ( 'NONE',  ( 77.51408887658348590, 12.99999999999999822, 26.29325073383914457 ) ) ;
#7279 = ORIENTED_EDGE ( 'NONE', *, *, #3274, .F. ) ;
#7280 = CARTESIAN_POINT ( 'NONE',  ( 166.6666666666666288, 20.00000000000000000, 96.43724644492834841 ) ) ;
#7281 = ORIENTED_EDGE ( 'NONE', *, *, #1098, .T. ) ;
#7282 = CARTESIAN_POINT ( 'NONE',  ( 269.1202166154707811, 10.00000000000000178, 37.62948183099720723 ) ) ;
#7283 = CARTESIAN_POINT ( 'NONE',  ( 59.84345593206846559, 13.00000000000000178, 44.17462676927348753 ) ) ;
#7284 = VECTOR ( 'NONE', #6218, 1000.000000000000000 ) ;
#7285 = DIRECTION ( 'NONE',  ( -0.000000000000000000, -1.000000000000000000, -0.000000000000000000 ) ) ;
#7286 = CARTESIAN_POINT ( 'NONE',  ( 135.9184430496081006, 10.00000000000000178, 38.71567544425733587 ) ) ;
#7287 = CARTESIAN_POINT ( 'NONE',  ( 147.5981129568405379, 9.999999999999996447, 51.19863183340621049 ) ) ;
#7288 = CARTESIAN_POINT ( 'NONE',  ( 174.3743714555274948, 9.999999999999996447, 30.19945250396719416 ) ) ;
#7289 = CARTESIAN_POINT ( 'NONE',  ( 235.8345657658584855, 10.00000000000000178, 22.22356585556766717 ) ) ;
#7290 = ORIENTED_EDGE ( 'NONE', *, *, #923, .T. ) ;
#7291 = ORIENTED_EDGE ( 'NONE', *, *, #646, .T. ) ;
#7292 = CARTESIAN_POINT ( 'NONE',  ( 79.79901785909474654, 13.00000000000000178, 55.97063351189585489 ) ) ;
#7293 = CARTESIAN_POINT ( 'NONE',  ( 256.7945415436331587, 10.00000000000000000, 52.13746481522456833 ) ) ;
#7294 = CARTESIAN_POINT ( 'NONE',  ( 42.34226989330288404, 10.00000000000000000, 15.88592311631937370 ) ) ;
#7295 = CARTESIAN_POINT ( 'NONE',  ( 42.63472214653817360, 13.00000000000000178, 11.29163593878528005 ) ) ;
#7296 = CARTESIAN_POINT ( 'NONE',  ( 67.00366950782941444, 13.00000000000000178, 48.59691498126267106 ) ) ;
#7297 = ADVANCED_FACE ( 'NONE', ( #5681 ), #5, .T. ) ;
#7298 = CARTESIAN_POINT ( 'NONE',  ( 207.1659721465381665, 13.00000000000000178, 8.947885938785283599 ) ) ;
#7299 = CARTESIAN_POINT ( 'NONE',  ( 251.0683215237443733, 13.00000000000000533, 29.52218688597317353 ) ) ;
#7300 = LINE ( 'NONE', #6113, #5658 ) ;
#7301 = CARTESIAN_POINT ( 'NONE',  ( 296.5030604351463808, 0.000000000000000000, 91.13552925583975650 ) ) ;
#7302 = PLANE ( 'NONE',  #6826 ) ;
#7303 = DIRECTION ( 'NONE',  ( -0.000000000000000000, -1.000000000000000000, -0.000000000000000000 ) ) ;
#7304 = CARTESIAN_POINT ( 'NONE',  ( 64.17249168221790967, 10.00000000000000533, 34.30791858351527424 ) ) ;
#7305 = CARTESIAN_POINT ( 'NONE',  ( 45.11246104041235583, 12.99999999999999822, 33.36426757693273260 ) ) ;
#7306 = EDGE_CURVE ( 'NONE', #7163, #1870, #4463, .T. ) ;
#7307 = CARTESIAN_POINT ( 'NONE',  ( 89.20323176192279391, 10.00000000000000355, 39.35353497724683081 ) ) ;
#7308 = CYLINDRICAL_SURFACE ( 'NONE', #4182, 1.500000000000001332 ) ;
#7309 = VECTOR ( 'NONE', #7342, 1000.000000000000000 ) ;
#7310 = ORIENTED_EDGE ( 'NONE', *, *, #1769, .F. ) ;
#7311 = CARTESIAN_POINT ( 'NONE',  ( 87.49350242807891220, 13.00000000000000178, 26.34854481581942665 ) ) ;
#7312 = VECTOR ( 'NONE', #3487, 1000.000000000000000 ) ;
#7313 = EDGE_CURVE ( 'NONE', #1645, #2882, #2817, .T. ) ;
#7314 = EDGE_CURVE ( 'NONE', #2219, #4349, #3363, .T. ) ;
#7315 = CARTESIAN_POINT ( 'NONE',  ( 258.8095981426772596, 10.00000000000000000, 27.44349477142490201 ) ) ;
#7316 = B_SPLINE_CURVE_WITH_KNOTS ( 'NONE', 3,
 ( #3964, #2252, #4530, #1158, #3405, #592, #4608, #6857, #1257, #4036, #5226 ),
 .UNSPECIFIED., .F., .F.,
 ( 4, 1, 1, 1, 1, 1, 1, 1, 4 ),
 ( 0.000000000000000000, 0.1577616635135440926, 0.3059502132085372694, 0.4437754990007271028, 0.5728243624015391111, 0.6921541564432470706, 0.8022957069908466243, 0.9055643918329945308, 0.9999999999999998890 ),
 .UNSPECIFIED. ) ;
#7317 = ORIENTED_EDGE ( 'NONE', *, *, #1760, .F. ) ;
#7318 = CARTESIAN_POINT ( 'NONE',  ( 89.20323176192277970, 10.00000000000000355, 39.35353497724682370 ) ) ;
#7319 = ORIENTED_EDGE ( 'NONE', *, *, #3578, .F. ) ;
#7320 = CARTESIAN_POINT ( 'NONE',  ( 42.38879359960798610, 12.99999999999999822, 11.24095848870819836 ) ) ;
#7321 = CARTESIAN_POINT ( 'NONE',  ( 111.9441338053309352, 10.00000000000000000, 27.94513061913676566 ) ) ;
#7322 = AXIS2_PLACEMENT_3D ( 'NONE', #2528, #3073, #3640 ) ;
#7323 = CARTESIAN_POINT ( 'NONE',  ( 52.28015483884585279, 13.00000000000000178, 55.67865516955451000 ) ) ;
#7324 = FACE_OUTER_BOUND ( 'NONE', #7098, .T. ) ;
#7325 = EDGE_CURVE ( 'NONE', #2603, #703, #6751, .T. ) ;
#7326 = CARTESIAN_POINT ( 'NONE',  ( 233.3333333333332860, 20.00000000000000000, 96.43724644492834841 ) ) ;
#7327 = CARTESIAN_POINT ( 'NONE',  ( 159.8943375311535249, 9.999999999999996447, 56.25557824647759020 ) ) ;
#7328 = CARTESIAN_POINT ( 'NONE',  ( 175.7923152988092852, 10.00000000000000000, 33.02014799734767792 ) ) ;
#7329 = ORIENTED_EDGE ( 'NONE', *, *, #2085, .T. ) ;
#7330 = ORIENTED_EDGE ( 'NONE', *, *, #690, .F. ) ;
#7331 = CARTESIAN_POINT ( 'NONE',  ( 76.85123125178793657, 10.00000000000000000, 56.23992967380382879 ) ) ;
#7332 = B_SPLINE_CURVE_WITH_KNOTS ( 'NONE', 3,
 ( #495, #1166, #1749, #6279, #5583, #1054, #3936, #5721, #6755, #633, #5087 ),
 .UNSPECIFIED., .F., .F.,
 ( 4, 1, 1, 1, 1, 1, 1, 1, 4 ),
 ( 0.000000000000000000, 0.1281572795931868181, 0.2538343627967356575, 0.3765056225222094821, 0.4985336856679098982, 0.6213677287324640419, 0.7445647449043583110, 0.8706337982552829757, 1.000000000000000000 ),
 .UNSPECIFIED. ) ;
#7333 = CARTESIAN_POINT ( 'NONE',  ( 131.8955394542304589, 13.00000000000000178, 39.29944843878527649 ) ) ;
#7334 = CARTESIAN_POINT ( 'NONE',  ( 36.30362231142861873, 13.00000000000000178, 15.29496550833773227 ) ) ;
#7335 = CARTESIAN_POINT ( 'NONE',  ( 42.96395017115464299, 10.00000000000000000, 11.37298006491403513 ) ) ;
#7336 = CARTESIAN_POINT ( 'NONE',  ( 33.33333333333334991, 10.00000000000000000, 96.43724644492834841 ) ) ;
#7337 = CARTESIAN_POINT ( 'NONE',  ( 236.5900923742565851, 13.00000000000000178, 52.20040888692626879 ) ) ;
#7338 = CARTESIAN_POINT ( 'NONE',  ( 221.5629936674940836, 12.99999999999999822, 28.86423322548643000 ) ) ;
#7339 = CARTESIAN_POINT ( 'NONE',  ( 131.4711571851063923, 9.999999999999994671, 42.63586737386241765 ) ) ;
#7340 = CARTESIAN_POINT ( 'NONE',  ( 262.2801548388458173, 10.00000000000000000, 30.68165997724681660 ) ) ;
#7341 = CARTESIAN_POINT ( 'NONE',  ( 235.9670538773073645, 13.00000000000000178, 26.25557824647759020 ) ) ;
#7342 = DIRECTION ( 'NONE',  ( -0.000000000000000000, -1.000000000000000000, -0.000000000000000000 ) ) ;
#7343 = CARTESIAN_POINT ( 'NONE',  ( 44.85666987098823455, 10.00000000000000355, 28.46158892490672443 ) ) ;
#7344 = B_SPLINE_CURVE_WITH_KNOTS ( 'NONE', 3,
 ( #94, #3949, #5170, #3353, #4554, #2349, #4626, #5626, #6876, #1137, #1244, #2935, #5770, #7299, #3388 ),
 .UNSPECIFIED., .F., .F.,
 ( 4, 1, 1, 1, 1, 1, 1, 1, 1, 1, 1, 1, 4 ),
 ( 0.000000000000000000, 0.09126880443432745793, 0.1820814045527847369, 0.2719096545272049470, 0.3620494585053553038, 0.4500663484251181123, 0.5339764739707174579, 0.6136024537413251601, 0.6901976142648826862, 0.7654128769004133748, 0.8414365506928791483, 0.9197327486057736978, 1.000000000000000000 ),
 .UNSPECIFIED. ) ;
#7345 = CARTESIAN_POINT ( 'NONE',  ( 269.6621789263352298, 10.00000000000000178, 43.05393897793086921 ) ) ;
#7346 = B_SPLINE_CURVE_WITH_KNOTS ( 'NONE', 3,
 ( #717, #2969, #168, #943, #3685, #7178, #1979, #1428, #5956, #1528, #2577 ),
 .UNSPECIFIED., .F., .F.,
 ( 4, 1, 1, 1, 1, 1, 1, 1, 4 ),
 ( 0.000000000000000000, 0.1281572795931862352, 0.2538343627967346028, 0.3765056225222090380, 0.4985336856679095652, 0.6213677287324633758, 0.7445647449043578670, 0.8706337982552828647, 1.000000000000000000 ),
 .UNSPECIFIED. ) ;
#7347 = ORIENTED_EDGE ( 'NONE', *, *, #721, .F. ) ;
#7348 = CARTESIAN_POINT ( 'NONE',  ( 76.85752202814927614, 12.99999999999999822, 22.23025530837256269 ) ) ;
#7349 = DIRECTION ( 'NONE',  ( -0.6227882322439380891, 0.000000000000000000, -0.7823904509760268855 ) ) ;
#7350 = ADVANCED_FACE ( 'NONE', ( #5153 ), #4571, .F. ) ;
ENDSEC;
END-ISO-10303-21;
